;FLAVOR:Marlin
;TIME:668
;Filament used: 0.225117m
;Layer height: 0.12
;MINX:118.551
;MINY:118.55
;MINZ:0.2
;MAXX:137.448
;MAXY:137.444
;MAXZ:2.84
;TARGET_MACHINE.NAME:Creality Ender-3
;Generated with Cura_SteamEngine 5.13.0
M140 S60
M105
M190 S60
M104 S200
M105
M109 S200
; Ender 3 Custom Start G-code
G92 E0 ; Reset Extruder
G28 ; Home all axes
G1 Z2.0 F3000 ; Move Z Axis up little to prevent scratching of Heat Bed
G1 X0.1 Y20 Z0.3 F5000.0 ; Move to start position
G1 X0.1 Y200.0 Z0.3 F1500.0 E15 ; Draw the first line
G1 X0.4 Y200.0 Z0.3 F5000.0 ; Move to side a little
G1 X0.4 Y20 Z0.3 F1500.0 E30 ; Draw the second line
G92 E0 ; Reset Extruder
G1 Z2.0 F3000 ; Move Z Axis up little to prevent scratching of Heat Bed
G1 X5 Y20 Z0.3 F5000.0 ; Move over to prevent blob squish
M82 ;absolute extrusion mode
G92 E0
G92 E0
G1 F2700 E-5
;LAYER_COUNT:23
;LAYER:0
M107
G0 F6000 X119.827 Y119.402 Z0.2
;TYPE:SKIRT
G1 F2700 E0
G1 F1200 X120.87 Y118.821 E0.03971
G1 X121.771 Y118.552 E0.07098
G1 X133.701 Y118.55 E0.46778
G1 X134.47 Y118.617 E0.49345
G1 X135.242 Y118.869 E0.52046
G1 X136.003 Y119.321 E0.5499
G1 X136.729 Y120.019 E0.5834
G1 X137.301 Y121.096 E0.62396
G1 X137.431 Y121.963 E0.65312
G1 X137.448 Y127.34 E0.83196
G1 X137.333 Y127.816 E0.84824
G1 X137.253 Y128.002 E0.85498
G1 X137.353 Y128.24 E0.86356
G1 X137.444 Y128.784 E0.88191
G1 X137.447 Y134.104 E1.05885
G1 X137.232 Y135.036 E1.09067
G1 X136.699 Y136.024 E1.128
G1 X135.939 Y136.722 E1.16232
G1 X134.959 Y137.292 E1.20003
G1 X134.039 Y137.429 E1.23097
G1 X121.927 Y137.444 E1.63382
G1 X120.969 Y137.252 E1.66631
G1 X119.983 Y136.666 E1.70446
G1 X119.388 Y136.054 E1.73285
G1 X118.859 Y135.329 E1.7627
G1 X118.551 Y134.121 E1.80417
G1 X118.551 Y128.652 E1.98606
G1 X118.666 Y128.18 E2.00222
G1 X118.746 Y127.994 E2.00896
G1 X118.648 Y127.757 E2.01749
G1 X118.551 Y127.148 E2.038
G1 X118.553 Y121.752 E2.21747
G1 X118.836 Y120.823 E2.24977
G1 X119.239 Y120.138 E2.2762
G1 X119.827 Y119.402 E2.30754
G0 F6000 X120.092 Y119.712
G1 F1200 X121.026 Y119.192 E2.34309
G1 X121.829 Y118.952 E2.37097
G1 X133.701 Y118.95 E2.76583
G1 X134.389 Y119.011 E2.7888
G1 X135.075 Y119.235 E2.81281
G1 X135.76 Y119.642 E2.83931
G1 X136.405 Y120.262 E2.86906
G1 X136.915 Y121.222 E2.90522
G1 X137.035 Y122.022 E2.93213
G1 X137.048 Y127.292 E3.10741
G1 X136.944 Y127.722 E3.12212
G1 X136.809 Y128.007 E3.13261
G1 X136.958 Y128.306 E3.14372
G1 X137.049 Y128.85 E3.16207
G1 X137.047 Y134.057 E3.33525
G1 X136.854 Y134.894 E3.36382
G1 X136.379 Y135.775 E3.39711
G1 X135.701 Y136.397 E3.42771
G1 X134.825 Y136.907 E3.46143
G1 X133.98 Y137.033 E3.48984
G1 X121.965 Y137.044 E3.88946
G1 X121.115 Y136.874 E3.91829
G1 X120.234 Y136.35 E3.95239
G1 X119.675 Y135.775 E3.97906
G1 X119.228 Y135.157 E4.00443
G1 X118.951 Y134.069 E4.04177
G1 X118.951 Y128.702 E4.22028
G1 X119.055 Y128.275 E4.23489
G1 X119.191 Y127.99 E4.2454
G1 X119.042 Y127.691 E4.25651
G1 X118.951 Y127.148 E4.27482
G1 X118.953 Y121.813 E4.45226
G1 X119.206 Y120.984 E4.48109
G1 X119.552 Y120.388 E4.50401
G1 X120.092 Y119.712 E4.53279
G0 F6000 X120.357 Y120.022
G1 F1200 X121.183 Y119.562 E4.56424
G1 X121.886 Y119.352 E4.58864
G1 X133.701 Y119.35 E4.98161
G1 X134.308 Y119.405 E5.00188
G1 X134.908 Y119.601 E5.02287
G1 X135.517 Y119.963 E5.04644
G1 X136.081 Y120.505 E5.07245
G1 X136.529 Y121.348 E5.1042
G1 X136.639 Y122.081 E5.12886
G1 X136.648 Y127.244 E5.30058
G1 X136.555 Y127.628 E5.31372
G1 X136.351 Y128.02 E5.32842
G1 X136.564 Y128.377 E5.34224
G1 X136.649 Y128.85 E5.35823
G1 X136.647 Y134.01 E5.52985
G1 X136.476 Y134.752 E5.55518
G1 X136.06 Y135.524 E5.58434
G1 X135.461 Y136.074 E5.61139
G1 X134.691 Y136.522 E5.64102
G1 X133.921 Y136.637 E5.66692
G1 X122.003 Y136.644 E6.06331
G1 X121.263 Y136.496 E6.08841
G1 X120.483 Y136.032 E6.1186
G1 X119.999 Y135.54 E6.14155
G1 X119.597 Y134.985 E6.16434
G1 X119.351 Y134.017 E6.19756
G1 X119.351 Y128.752 E6.37268
G1 X119.444 Y128.37 E6.38575
G1 X119.648 Y127.977 E6.40048
G1 X119.436 Y127.62 E6.41429
G1 X119.351 Y127.148 E6.43024
G1 X119.353 Y121.874 E6.60566
G1 X119.576 Y121.143 E6.63108
G1 X119.865 Y120.638 E6.65043
G1 X120.357 Y120.022 E6.67665
G0 F6000 X120.622 Y120.332
G1 F1200 X121.34 Y119.932 E6.70399
G1 X121.943 Y119.752 E6.72492
G1 X133.701 Y119.75 E7.11599
G1 X134.227 Y119.799 E7.13356
G1 X134.739 Y119.966 E7.15147
G1 X135.276 Y120.286 E7.17226
G1 X135.757 Y120.748 E7.19445
G1 X136.143 Y121.474 E7.22179
G1 X136.243 Y122.14 E7.24419
G1 X136.248 Y127.196 E7.41236
G1 X136.178 Y127.486 E7.42228
G1 X136.041 Y127.749 E7.43214
G1 X135.735 Y127.988 E7.44506
G1 X135.989 Y128.195 E7.45595
G1 X136.184 Y128.522 E7.46862
G1 X136.249 Y128.85 E7.47974
G1 X136.247 Y133.963 E7.6498
G1 X136.098 Y134.611 E7.67191
G1 X135.74 Y135.275 E7.697
G1 X135.223 Y135.749 E7.72033
G1 X134.557 Y136.137 E7.74597
G1 X133.862 Y136.241 E7.76934
G1 X122.042 Y136.244 E8.16248
G1 X121.409 Y136.117 E8.18395
G1 X120.73 Y135.714 E8.21021
G1 X120.323 Y135.306 E8.22938
G1 X119.967 Y134.814 E8.24958
G1 X119.751 Y133.965 E8.27871
G1 X119.751 Y128.801 E8.45047
G1 X119.821 Y128.512 E8.46036
G1 X119.958 Y128.249 E8.47022
G1 X120.264 Y128.01 E8.48314
G1 X120.011 Y127.803 E8.49401
G1 X119.816 Y127.476 E8.50667
G1 X119.751 Y127.148 E8.51779
G1 X119.753 Y121.935 E8.69118
G1 X119.947 Y121.298 E8.71333
G1 X120.178 Y120.888 E8.72898
G1 X120.622 Y120.332 E8.75264
G0 F6000 X121.148 Y120.954
G1 F1200 X120.837 Y121.337 E8.76905
G1 X120.688 Y121.611 E8.77943
G1 X120.553 Y122.055 E8.79486
G1 X120.551 Y127.148 E8.96426
G1 X120.632 Y127.309 E8.97025
G1 X120.751 Y127.348 E8.97441
G1 X135.248 Y127.348 E9.45659
G1 X135.409 Y127.267 E9.46258
G1 X135.448 Y127.148 E9.46675
G1 X135.447 Y122.199 E9.63135
G1 X135.372 Y121.727 E9.64725
G1 X135.112 Y121.238 E9.66567
G1 X134.788 Y120.928 E9.68058
G1 X134.399 Y120.696 E9.69565
G1 X134.065 Y120.587 E9.70733
G1 X133.701 Y120.55 E9.7195
G1 X122.057 Y120.552 E10.10678
G1 X121.654 Y120.672 E10.12077
G1 X121.148 Y120.954 E10.14003
G1 F2700 E5.14003
G0 F6000 X120.789 Y120.659
G0 X120.459 Y121.06
G0 X120.247 Y121.452
G0 X120.089 Y121.99
G0 X120.098 Y127.801
G0 X120.751 Y128.185
G0 X120.751 Y128.65
G1 F2700 E10.14003
G1 F1200 X135.249 Y128.65 E10.62224
G1 X135.368 Y128.689 E10.6264
G1 X135.449 Y128.85 E10.6324
G1 X135.447 Y133.869 E10.79933
G1 X135.341 Y134.33 E10.81506
G1 X135.101 Y134.776 E10.83191
G1 X134.748 Y135.099 E10.84782
G1 X134.286 Y135.368 E10.8656
G1 X133.803 Y135.445 E10.88187
G1 X122.118 Y135.444 E11.27052
G1 X121.701 Y135.361 E11.28466
G1 X121.223 Y135.077 E11.30315
G1 X120.971 Y134.837 E11.31473
G1 X120.706 Y134.471 E11.32975
G1 X120.551 Y133.861 E11.35069
G1 X120.551 Y128.85 E11.51735
G1 X120.59 Y128.731 E11.52152
G1 X120.751 Y128.65 E11.52751
G0 F6000 X120.571 Y128.293
G1 F1200 X120.751 Y128.25 E11.53367
G1 X135.249 Y128.25 E12.01588
G1 X135.493 Y128.309 E12.02422
G1 X135.645 Y128.4 E12.03012
G1 X135.806 Y128.67 E12.04057
G1 X135.849 Y128.85 E12.04673
G1 X135.847 Y133.916 E12.21522
G1 X135.719 Y134.471 E12.23417
G1 X135.421 Y135.025 E12.25509
G1 X134.985 Y135.424 E12.27475
G1 X134.422 Y135.752 E12.29642
G1 X133.803 Y135.845 E12.31724
G1 X122.08 Y135.844 E12.70715
G1 X121.555 Y135.739 E12.72495
G1 X120.976 Y135.395 E12.74735
G1 X120.647 Y135.072 E12.76269
G1 X120.337 Y134.643 E12.78029
G1 X120.151 Y133.913 E12.80535
G1 X120.151 Y128.85 E12.97374
G1 X120.21 Y128.606 E12.98209
G1 X120.301 Y128.454 E12.98799
G1 X120.571 Y128.293 E12.99844
G0 F6000 X120.751 Y127.748
G1 F1200 X120.507 Y127.689 E13.00679
G1 X120.355 Y127.598 E13.01268
G1 X120.194 Y127.328 E13.02314
G1 X120.151 Y127.148 E13.02929
G1 X120.153 Y121.995 E13.20068
G1 X120.317 Y121.455 E13.21945
G1 X120.526 Y121.085 E13.23359
G1 X120.885 Y120.643 E13.25253
G1 X121.497 Y120.302 E13.27583
G1 X122 Y120.152 E13.29329
G1 X133.701 Y120.15 E13.68246
G1 X134.146 Y120.193 E13.69733
G1 X134.569 Y120.331 E13.71213
G1 X135.032 Y120.607 E13.73006
G1 X135.434 Y120.993 E13.7486
G1 X135.757 Y121.6 E13.77147
G1 X135.847 Y122.199 E13.79161
G1 X135.848 Y127.148 E13.95622
G1 X135.789 Y127.392 E13.96457
G1 X135.698 Y127.544 E13.97046
G1 X135.428 Y127.705 E13.98091
G1 X135.248 Y127.748 E13.98707
G1 X120.751 Y127.748 E14.46924
G1 F2700 E9.46924
;MESH:cockpit-door-lens-pp.3mf
G0 F6000 X121.175 Y126.724
G0 X121.749 Y126.148
;TYPE:WALL-INNER
G1 F2700 E14.46924
G1 F1200 X134.247 Y126.148 E14.88493
G1 X134.244 Y122.283 E15.01348
G1 X134.215 Y122.114 E15.01918
G1 X134.137 Y121.965 E15.02477
G1 X133.898 Y121.793 E15.03457
G1 X133.659 Y121.748 E15.04266
G1 X122.231 Y121.752 E15.42275
G1 X121.93 Y121.888 E15.43374
G1 X121.791 Y122.093 E15.44198
G1 X121.752 Y122.225 E15.44655
G1 X121.749 Y126.148 E15.57703
G0 F6000 X121.349 Y126.548
G1 F1200 X134.647 Y126.548 E16.01933
G1 X134.644 Y122.25 E16.16228
G1 X134.599 Y121.986 E16.17119
G1 X134.461 Y121.721 E16.18112
G1 X134.288 Y121.555 E16.1891
G1 X134.059 Y121.423 E16.19789
G1 X133.679 Y121.348 E16.21077
G1 X122.172 Y121.352 E16.5935
G1 X121.945 Y121.42 E16.60138
G1 X121.669 Y121.576 E16.61192
G1 X121.419 Y121.941 E16.62664
G1 X121.352 Y122.167 E16.63448
G1 X121.349 Y126.548 E16.78019
G0 F6000 X120.949 Y126.948
;TYPE:WALL-OUTER
G1 F1200 X135.047 Y126.948 E17.24909
G1 X135.044 Y122.217 E17.40645
G1 X134.983 Y121.857 E17.41859
G1 X134.785 Y121.478 E17.43281
G1 X134.53 Y121.233 E17.44457
G1 X134.219 Y121.053 E17.45653
G1 X133.956 Y120.974 E17.46566
G1 X133.698 Y120.948 E17.47428
G1 X122.114 Y120.952 E17.85957
G1 X121.787 Y121.05 E17.87092
G1 X121.407 Y121.264 E17.88543
G1 X121.18 Y121.54 E17.89731
G1 X121.047 Y121.789 E17.9067
G1 X120.952 Y122.109 E17.91781
G1 X120.949 Y126.948 E18.07875
G1 F2700 E13.07875
G0 F6000 X121.231 Y126.668
G0 X121.85 Y125.787
G0 X122.109 Y125.788
;TYPE:SKIN
G1 F2700 E18.07875
G1 F1200 X122.112 Y122.29 E18.1951
G1 X122.177 Y122.166 E18.19975
G1 X122.296 Y122.112 E18.2041
G1 X133.726 Y122.108 E18.58426
G1 X133.839 Y122.183 E18.58877
G1 X133.884 Y122.324 E18.5937
G1 X133.884 Y125.788 E18.70891
G1 X122.109 Y125.788 E19.10055
G0 F6000 X122.759 Y125.588
G1 F1200 X122.309 Y125.137 E19.12174
G0 F6000 X122.31 Y124.572
G1 F1200 X123.325 Y125.588 E19.1695
G0 F6000 X123.891 Y125.588
G1 F1200 X122.31 Y124.007 E19.24387
G0 F6000 X122.31 Y123.442
G1 F1200 X124.456 Y125.588 E19.34481
G0 F6000 X125.022 Y125.588
G1 F1200 X122.311 Y122.877 E19.47233
G0 F6000 X122.326 Y122.326
G1 F1200 X125.588 Y125.588 E19.62576
G0 F6000 X126.154 Y125.588
G1 F1200 X122.877 Y122.312 E19.77988
G0 F6000 X123.443 Y122.312
G1 F1200 X126.719 Y125.588 E19.93397
G0 F6000 X127.285 Y125.588
G1 F1200 X124.009 Y122.312 E20.08806
G0 F6000 X124.575 Y122.312
G1 F1200 X127.851 Y125.588 E20.24216
G0 F6000 X128.416 Y125.588
G1 F1200 X125.14 Y122.311 E20.39627
G0 F6000 X125.705 Y122.311
G1 F1200 X128.982 Y125.588 E20.55041
G0 F6000 X129.548 Y125.588
G1 F1200 X126.271 Y122.311 E20.70455
G0 F6000 X126.837 Y122.311
G1 F1200 X130.113 Y125.588 E20.85867
G0 F6000 X130.679 Y125.588
G1 F1200 X127.402 Y122.31 E21.01283
G0 F6000 X127.967 Y122.31
G1 F1200 X131.245 Y125.588 E21.16702
G0 F6000 X131.81 Y125.588
G1 F1200 X128.533 Y122.31 E21.32118
G0 F6000 X129.099 Y122.31
G1 F1200 X132.376 Y125.588 E21.47535
G0 F6000 X132.942 Y125.588
G1 F1200 X129.664 Y122.31 E21.62953
G0 F6000 X130.229 Y122.31
G1 F1200 X133.507 Y125.588 E21.78372
G0 F6000 X133.684 Y125.199
G1 F1200 X130.795 Y122.31 E21.91961
G0 F6000 X131.361 Y122.31
G1 F1200 X133.684 Y124.633 E22.02888
G0 F6000 X133.684 Y124.068
G1 F1200 X131.926 Y122.309 E22.11159
G0 F6000 X132.491 Y122.309
G1 F1200 X133.684 Y123.502 E22.16771
G0 F6000 X133.684 Y122.936
G1 F1200 X133.057 Y122.309 E22.1972
G0 F6000 X133.623 Y122.309
G1 F1200 X133.684 Y122.37 E22.20007
G1 F2700 E17.20007
G0 F6000 X134.145 Y122.37
G0 X134.075 Y125.976
G0 X126.778 Y126.718
G0 X126.778 Y127.813
G0 X126.778 Y128.185
G0 X126.778 Y129.28
G0 X121.92 Y130.02
G0 X121.91 Y133.715
G0 X122.047 Y133.984
G0 X126.778 Y134.246
;TYPE:WALL-INNER
G1 F2700 E22.20007
G1 F1200 X133.836 Y134.244 E22.43482
G1 X134.14 Y134.026 E22.44726
G1 X134.244 Y133.753 E22.45698
G1 X134.247 Y129.848 E22.58686
G1 X121.748 Y129.848 E23.00258
G1 X121.749 Y133.736 E23.13189
G1 X121.803 Y133.941 E23.13894
G1 X121.952 Y134.115 E23.14656
G1 X122.178 Y134.248 E23.15528
G1 X126.778 Y134.246 E23.30828
G0 F6000 X126.7 Y134.646
G1 F1200 X133.752 Y134.644 E23.54283
G1 X134.009 Y134.602 E23.55149
G1 X134.279 Y134.443 E23.56191
G1 X134.461 Y134.273 E23.5702
G1 X134.586 Y134.041 E23.57896
G1 X134.644 Y133.8 E23.58721
G1 X134.647 Y129.448 E23.73196
G1 X121.348 Y129.448 E24.17428
G1 X121.349 Y133.787 E24.3186
G1 X121.436 Y134.116 E24.32992
G1 X121.643 Y134.399 E24.34158
G1 X121.993 Y134.603 E24.35505
G1 X122.216 Y134.648 E24.36262
G1 X126.7 Y134.646 E24.51176
G0 F6000 X126.621 Y135.046
;TYPE:WALL-OUTER
G1 F1200 X133.784 Y135.044 E24.75
G1 X134.147 Y134.984 E24.76224
G1 X134.519 Y134.766 E24.77658
G1 X134.783 Y134.52 E24.78858
G1 X134.963 Y134.184 E24.80126
G1 X135.044 Y133.848 E24.81275
G1 X135.047 Y129.048 E24.9724
G1 X120.948 Y129.048 E25.44134
G1 X120.949 Y133.838 E25.60065
G1 X121.068 Y134.292 E25.61626
G1 X121.287 Y134.59 E25.62856
G1 X121.472 Y134.762 E25.63696
G1 X121.849 Y134.982 E25.65148
G1 X122.176 Y135.048 E25.66258
G1 X126.621 Y135.046 E25.81042
G0 F6000 X126.621 Y134.336
G0 X126.848 Y134.147
G0 X126.848 Y133.886
;TYPE:SKIN
G1 F1200 X122.275 Y133.888 E25.96252
G1 X122.108 Y133.756 E25.9696
G1 X122.108 Y130.208 E26.0876
G1 X133.884 Y130.208 E26.47928
G1 X133.884 Y133.699 E26.59539
G1 X133.846 Y133.8 E26.59898
G1 X133.728 Y133.884 E26.60379
G1 X126.848 Y133.886 E26.83262
G0 F6000 X126.848 Y134.147
G0 X122.373 Y134.148
G0 X122.373 Y133.687
G1 F1200 X122.311 Y133.625 E26.83554
G0 F6000 X122.31 Y133.058
G1 F1200 X122.939 Y133.687 E26.86513
G0 F6000 X123.505 Y133.687
G1 F1200 X122.31 Y132.492 E26.92134
G0 F6000 X122.309 Y131.926
G1 F1200 X124.07 Y133.687 E27.00417
G0 F6000 X124.635 Y133.686
G1 F1200 X122.308 Y131.359 E27.11362
G0 F6000 X122.308 Y130.793
G1 F1200 X125.201 Y133.686 E27.2497
G0 F6000 X125.767 Y133.686
G1 F1200 X122.489 Y130.408 E27.40389
G0 F6000 X123.054 Y130.408
G1 F1200 X126.332 Y133.686 E27.55807
G0 F6000 X126.897 Y133.686
G1 F1200 X123.62 Y130.408 E27.71224
G0 F6000 X124.186 Y130.408
G1 F1200 X127.463 Y133.686 E27.8664
G0 F6000 X128.029 Y133.686
G1 F1200 X124.751 Y130.408 E28.02059
G0 F6000 X125.317 Y130.408
G1 F1200 X128.594 Y133.686 E28.17475
G0 F6000 X129.159 Y133.685
G1 F1200 X125.883 Y130.408 E28.32887
G0 F6000 X126.448 Y130.408
G1 F1200 X129.725 Y133.685 E28.48301
G0 F6000 X130.291 Y133.685
G1 F1200 X127.014 Y130.408 E28.63715
G0 F6000 X127.58 Y130.408
G1 F1200 X130.856 Y133.685 E28.79127
G0 F6000 X131.421 Y133.684
G1 F1200 X128.145 Y130.408 E28.94536
G0 F6000 X128.711 Y130.408
G1 F1200 X131.987 Y133.684 E29.09945
G0 F6000 X132.553 Y133.684
G1 F1200 X129.277 Y130.408 E29.25354
G0 F6000 X129.842 Y130.408
G1 F1200 X133.119 Y133.684 E29.40766
G0 F6000 X133.681 Y133.681
G1 F1200 X130.408 Y130.408 E29.56161
G0 F6000 X130.974 Y130.408
G1 F1200 X133.681 Y133.115 E29.68894
G0 F6000 X133.681 Y132.55
G1 F1200 X131.54 Y130.408 E29.78967
G0 F6000 X132.105 Y130.408
G1 F1200 X133.682 Y131.985 E29.86385
G0 F6000 X133.683 Y131.42
G1 F1200 X132.671 Y130.408 E29.91145
G0 F6000 X133.237 Y130.408
G1 F1200 X133.683 Y130.855 E29.93245
G1 F2700 E24.93245
;MESH:NONMESH
G0 F300 Z0.32
G0 F6000 X134.145 Y130.856
G0 X134.074 Y130.02
G0 X121.749 Y129.28
G0 X121.749 Y128.185
G0 X121.749 Y127.813
G0 X121.749 Y126.718
G0 X121.749 Y126.148
;TIME_ELAPSED:58.212458
;LAYER:1
M106 S85
;TYPE:WALL-INNER
;MESH:cockpit-door-lens-pp.3mf
G1 F2700 E29.93245
G1 F1350 X134.247 Y126.148 E30.18186
G1 X134.244 Y122.267 E30.25931
G1 X134.193 Y122.071 E30.26335
G1 X134.058 Y121.881 E30.26801
G1 X133.762 Y121.752 E30.27445
G1 X128.599 Y121.741 E30.37748
G1 X128.108 Y121.748 E30.38728
G1 X127.883 Y121.741 E30.39177
G1 X127.612 Y121.748 E30.39718
G1 X125.202 Y121.741 E30.44528
G1 X122.17 Y121.752 E30.50579
G1 X121.932 Y121.888 E30.51126
G1 X121.789 Y122.111 E30.51654
G1 X121.752 Y122.291 E30.52021
G1 X121.749 Y126.148 E30.59718
G0 F7500 X121.349 Y126.548
G1 F1350 X134.647 Y126.548 E30.86256
G1 X134.644 Y122.217 E30.94899
G1 X134.548 Y121.847 E30.95661
G1 X134.324 Y121.575 E30.96365
G1 X134.133 Y121.457 E30.96813
G1 X133.83 Y121.352 E30.97453
G1 X128.593 Y121.341 E31.07904
G1 X128.121 Y121.348 E31.08846
G1 X127.883 Y121.341 E31.09321
G1 X127.612 Y121.348 E31.09862
G1 X125.196 Y121.341 E31.14683
G1 X122.255 Y121.352 E31.20552
G1 X121.993 Y121.393 E31.21082
G1 X121.671 Y121.576 E31.21821
G1 X121.518 Y121.76 E31.22298
G1 X121.408 Y121.979 E31.22787
G1 X121.352 Y122.25 E31.2334
G1 X121.349 Y126.548 E31.31917
G0 F7500 X120.949 Y126.948
;TYPE:WALL-OUTER
G1 F1350 X135.047 Y126.948 E31.60051
G1 X135.044 Y122.166 E31.69594
G1 X134.944 Y121.778 E31.70393
G1 X134.821 Y121.549 E31.70912
G1 X134.59 Y121.269 E31.71636
G1 X134.305 Y121.094 E31.72304
G1 X133.898 Y120.952 E31.73164
G1 X128.586 Y120.941 E31.83765
G1 X128.133 Y120.948 E31.84669
G1 X127.883 Y120.941 E31.85168
G1 X127.612 Y120.948 E31.85709
G1 X125.19 Y120.941 E31.90542
G1 X122.224 Y120.952 E31.96461
G1 X121.859 Y121.009 E31.97199
G1 X121.411 Y121.264 E31.98227
G1 X121.181 Y121.539 E31.98943
G1 X121.027 Y121.847 E31.9963
G1 X120.952 Y122.209 E32.00368
G1 X120.949 Y126.948 E32.09825
G1 F2700 E27.09825
G0 F7500 X121.231 Y126.668
G0 X121.85 Y125.787
G0 X122.109 Y125.788
;TYPE:SKIN
G1 F2700 E32.09825
G1 F1350 X122.112 Y122.34 E32.16706
G1 X122.187 Y122.155 E32.17104
G1 X122.262 Y122.112 E32.17277
G1 X125.198 Y122.101 E32.23136
G1 X128.099 Y122.108 E32.28925
G1 X128.59 Y122.101 E32.29905
G1 X133.696 Y122.112 E32.40095
G1 X133.82 Y122.164 E32.40363
G1 X133.884 Y122.316 E32.40692
G1 X133.884 Y125.788 E32.47621
G1 X122.109 Y125.788 E32.71119
G0 F7500 X121.85 Y125.787
G0 X121.913 Y122.304
G0 X122.032 Y122.018
G0 X122.631 Y121.85
G0 X122.632 Y122.31
G1 F1350 X122.313 Y122.629 E32.72019
G0 F7500 X122.312 Y123.196
G1 F1350 X123.2 Y122.308 E32.74526
G0 F7500 X123.767 Y122.306
G1 F1350 X122.311 Y123.762 E32.78635
G0 F7500 X122.31 Y124.328
G1 F1350 X124.335 Y122.304 E32.84348
G0 F7500 X124.903 Y122.302
G1 F1350 X122.31 Y124.894 E32.91665
G0 F7500 X122.31 Y125.461
G1 F1350 X125.469 Y122.301 E33.00582
G0 F7500 X126.033 Y122.303
G1 F1350 X122.747 Y125.589 E33.09855
G0 F7500 X123.313 Y125.589
G1 F1350 X126.598 Y122.304 E33.19126
G0 F7500 X127.162 Y122.305
G1 F1350 X123.879 Y125.589 E33.28393
G0 F7500 X124.444 Y125.589
G1 F1350 X127.726 Y122.307 E33.37656
G0 F7500 X128.293 Y122.305
G1 F1350 X125.01 Y125.589 E33.46922
G0 F7500 X125.576 Y125.589
G1 F1350 X128.863 Y122.301 E33.562
G0 F7500 X129.427 Y122.303
G1 F1350 X126.141 Y125.589 E33.65474
G0 F7500 X126.707 Y125.589
G1 F1350 X129.992 Y122.304 E33.74745
G0 F7500 X130.557 Y122.305
G1 F1350 X127.273 Y125.589 E33.84013
G0 F7500 X127.839 Y125.589
G1 F1350 X131.121 Y122.306 E33.93277
G0 F7500 X131.685 Y122.308
G1 F1350 X128.404 Y125.589 E34.02537
G0 F7500 X128.97 Y125.589
G1 F1350 X132.25 Y122.308 E34.11795
G0 F7500 X132.814 Y122.31
G1 F1350 X129.536 Y125.589 E34.21048
G0 F7500 X130.101 Y125.589
G1 F1350 X133.379 Y122.311 E34.30299
G0 F7500 X133.678 Y122.578
G1 F1350 X130.667 Y125.589 E34.38797
G0 F7500 X131.233 Y125.589
G1 F1350 X133.679 Y123.142 E34.45701
G0 F7500 X133.68 Y123.707
G1 F1350 X131.798 Y125.589 E34.51013
G0 F7500 X132.364 Y125.589
G1 F1350 X133.681 Y124.271 E34.54731
G0 F7500 X133.682 Y124.836
G1 F1350 X132.93 Y125.589 E34.56855
G0 F7500 X133.495 Y125.589
G1 F1350 X133.683 Y125.4 E34.57387
G1 F2700 E29.57387
G0 F7500 X134.147 Y125.4
G0 X134.075 Y125.976
G0 X126.778 Y126.718
G0 X126.778 Y127.813
G0 X126.778 Y128.185
G0 X126.778 Y129.28
G0 X121.92 Y130.02
G0 X121.909 Y133.707
G0 X122.052 Y133.987
G0 X126.778 Y134.246
;TYPE:WALL-INNER
G1 F2700 E34.57387
G1 F1350 X133.835 Y134.244 E34.7147
G1 X134.134 Y134.028 E34.72206
G1 X134.248 Y133.725 E34.72852
G1 X134.248 Y129.848 E34.80589
G1 X121.748 Y129.848 E35.05534
G1 X121.748 Y133.729 E35.13279
G1 X121.806 Y133.938 E35.13712
G1 X121.956 Y134.118 E35.14179
G1 X122.178 Y134.248 E35.14693
G1 X126.778 Y134.246 E35.23873
G0 F7500 X126.7 Y134.646
G1 F1350 X133.747 Y134.644 E35.37936
G1 X134.009 Y134.601 E35.38465
G1 X134.277 Y134.444 E35.39085
G1 X134.455 Y134.276 E35.39574
G1 X134.57 Y134.066 E35.40052
G1 X134.648 Y133.777 E35.40649
G1 X134.648 Y129.448 E35.49288
G1 X121.348 Y129.448 E35.7583
G1 X121.348 Y133.783 E35.8448
G1 X121.439 Y134.113 E35.85164
G1 X121.644 Y134.398 E35.85864
G1 X121.993 Y134.603 E35.86672
G1 X122.216 Y134.648 E35.87126
G1 X126.7 Y134.646 E35.96074
G0 F7500 X126.621 Y135.046
;TYPE:WALL-OUTER
G1 F1350 X133.779 Y135.044 E36.10359
G1 X134.147 Y134.984 E36.11103
G1 X134.519 Y134.766 E36.11963
G1 X134.775 Y134.524 E36.12666
G1 X134.944 Y134.216 E36.13367
G1 X135.048 Y133.829 E36.14167
G1 X135.048 Y129.048 E36.23708
G1 X120.948 Y129.048 E36.51846
G1 X120.948 Y133.837 E36.61403
G1 X121.072 Y134.288 E36.62337
G1 X121.284 Y134.583 E36.63062
G1 X121.473 Y134.762 E36.63581
G1 X121.849 Y134.982 E36.6445
G1 X122.176 Y135.048 E36.65116
G1 X126.621 Y135.046 E36.73987
G0 F7500 X126.621 Y134.336
G0 X126.848 Y134.147
G0 X126.848 Y133.886
;TYPE:SKIN
G1 F1350 X122.276 Y133.888 E36.83111
G1 X122.108 Y133.752 E36.83542
G1 X122.108 Y130.208 E36.90614
G1 X133.888 Y130.208 E37.14123
G1 X133.888 Y133.667 E37.21025
G1 X133.837 Y133.801 E37.21311
G1 X133.726 Y133.883 E37.21587
G1 X126.848 Y133.886 E37.35313
G0 F7500 X126.848 Y134.147
G0 X122.223 Y134.086
G0 X121.954 Y133.869
G0 X121.848 Y130.553
G0 X122.308 Y130.553
G1 F1350 X122.453 Y130.408 E37.35722
G0 F7500 X123.019 Y130.408
G1 F1350 X122.308 Y131.119 E37.37728
G0 F7500 X122.308 Y131.684
G1 F1350 X123.585 Y130.408 E37.41331
G0 F7500 X124.15 Y130.408
G1 F1350 X122.308 Y132.25 E37.4653
G0 F7500 X122.308 Y132.816
G1 F1350 X124.716 Y130.408 E37.53325
G0 F7500 X125.282 Y130.408
G1 F1350 X122.308 Y133.382 E37.61719
G0 F7500 X122.567 Y133.688
G1 F1350 X125.847 Y130.408 E37.70976
G0 F7500 X126.413 Y130.408
G1 F1350 X123.133 Y133.688 E37.80232
G0 F7500 X123.698 Y133.688
G1 F1350 X126.979 Y130.408 E37.89491
G0 F7500 X127.544 Y130.408
G1 F1350 X124.265 Y133.688 E37.98746
G0 F7500 X124.831 Y133.688
G1 F1350 X128.11 Y130.408 E38.08002
G0 F7500 X128.676 Y130.408
G1 F1350 X125.397 Y133.687 E38.17256
G0 F7500 X125.963 Y133.687
G1 F1350 X129.241 Y130.408 E38.26508
G0 F7500 X129.807 Y130.408
G1 F1350 X126.528 Y133.687 E38.35762
G0 F7500 X127.095 Y133.686
G1 F1350 X130.373 Y130.408 E38.45014
G0 F7500 X130.938 Y130.408
G1 F1350 X127.66 Y133.686 E38.54265
G0 F7500 X128.227 Y133.686
G1 F1350 X131.504 Y130.408 E38.63515
G0 F7500 X132.07 Y130.408
G1 F1350 X128.792 Y133.686 E38.72766
G0 F7500 X129.358 Y133.686
G1 F1350 X132.636 Y130.408 E38.82017
G0 F7500 X133.201 Y130.408
G1 F1350 X129.925 Y133.685 E38.91264
G0 F7500 X130.49 Y133.685
G1 F1350 X133.688 Y130.487 E39.0029
G0 F7500 X133.688 Y131.053
G1 F1350 X131.057 Y133.684 E39.07715
G0 F7500 X131.622 Y133.684
G1 F1350 X133.688 Y131.619 E39.13544
G0 F7500 X133.688 Y132.184
G1 F1350 X132.188 Y133.684 E39.17777
G0 F7500 X132.754 Y133.683
G1 F1350 X133.688 Y132.75 E39.20412
G0 F7500 X133.688 Y133.316
G1 F1350 X133.32 Y133.683 E39.21449
G1 F2700 E34.21449
;MESH:NONMESH
G0 F300 Z0.44
G0 F7500 X133.32 Y134.145
G0 X133.791 Y134.082
G0 X134.005 Y133.928
G0 X134.076 Y130.02
G0 X121.749 Y129.28
G0 X121.749 Y128.185
G0 X121.749 Y127.813
G0 X121.749 Y126.718
G0 X121.749 Y126.148
;TIME_ELAPSED:86.904124
;LAYER:2
M106 S170
;TYPE:WALL-INNER
;MESH:cockpit-door-lens-pp.3mf
G1 F2700 E39.21449
G1 F1500 X134.247 Y126.148 E39.4639
G1 X134.244 Y122.167 E39.54335
G1 X134.141 Y121.973 E39.54773
G1 X133.993 Y121.834 E39.55178
G1 X133.699 Y121.752 E39.55787
G1 X128.237 Y121.736 E39.66687
G1 X128.001 Y121.683 E39.6717
G1 X127.734 Y121.749 E39.67719
G1 X126.57 Y121.737 E39.70042
G1 X125.778 Y121.748 E39.71623
G1 X122.301 Y121.752 E39.78561
G1 X122.101 Y121.789 E39.78967
G1 X121.897 Y121.929 E39.79461
G1 X121.752 Y122.224 E39.80117
G1 X121.749 Y126.148 E39.87948
G0 F9000 X121.349 Y126.548
G1 F1500 X134.647 Y126.548 E40.14485
G1 X134.644 Y122.248 E40.23067
G1 X134.603 Y121.989 E40.2359
G1 X134.464 Y121.728 E40.2418
G1 X134.22 Y121.497 E40.2485
G1 X134.03 Y121.411 E40.25267
G1 X133.739 Y121.352 E40.25859
G1 X128.244 Y121.341 E40.36825
G1 X128.004 Y121.258 E40.37332
G1 X127.74 Y121.349 E40.37889
G1 X126.564 Y121.337 E40.40236
G1 X125.777 Y121.348 E40.41807
G1 X122.264 Y121.352 E40.48817
G1 X121.913 Y121.417 E40.4953
G1 X121.618 Y121.638 E40.50265
G1 X121.422 Y121.934 E40.50974
G1 X121.352 Y122.165 E40.51455
G1 X121.349 Y126.548 E40.60202
G0 F9000 X120.949 Y126.948
;TYPE:WALL-OUTER
G1 F1500 X135.047 Y126.948 E40.88336
G1 X135.044 Y122.216 E40.97779
G1 X134.987 Y121.861 E40.98497
G1 X134.786 Y121.483 E40.99351
G1 X134.446 Y121.161 E41.00286
G1 X134.154 Y121.028 E41.00926
G1 X133.779 Y120.952 E41.0169
G1 X128.288 Y120.936 E41.12648
G1 X128.073 Y120.857 E41.13105
G1 X127.902 Y120.86 E41.13446
G1 X127.696 Y120.943 E41.13889
G1 X126.558 Y120.937 E41.1616
G1 X125.777 Y120.948 E41.17719
G1 X122.227 Y120.952 E41.24803
G1 X121.857 Y121.021 E41.25555
G1 X121.647 Y121.117 E41.26015
G1 X121.34 Y121.346 E41.2678
G1 X121.172 Y121.552 E41.2731
G1 X121.05 Y121.781 E41.27828
G1 X120.952 Y122.106 E41.28505
G1 X120.949 Y126.948 E41.38168
G1 F2700 E36.38168
G0 F9000 X121.231 Y126.668
G0 X121.85 Y125.787
G0 X122.109 Y125.788
;TYPE:SKIN
G1 F2700 E41.38168
G1 F1500 X122.112 Y122.288 E41.45153
G1 X122.161 Y122.179 E41.45391
G1 X122.252 Y122.112 E41.45617
G1 X125.773 Y122.108 E41.52643
G1 X126.55 Y122.097 E41.54194
G1 X127.774 Y122.106 E41.56637
G1 X128.004 Y122.056 E41.57106
G1 X128.184 Y122.089 E41.57472
G1 X133.659 Y122.112 E41.68398
G1 X133.785 Y122.142 E41.68656
G1 X133.884 Y122.269 E41.68977
G1 X133.884 Y125.788 E41.76
G1 X122.109 Y125.788 E41.99498
G0 F9000 X122.759 Y125.588
G1 F1500 X122.31 Y125.138 E42.00767
G0 F9000 X122.311 Y124.574
G1 F1500 X123.325 Y125.588 E42.03629
G0 F9000 X123.891 Y125.588
G1 F1500 X122.313 Y124.01 E42.08082
G0 F9000 X122.314 Y123.445
G1 F1500 X124.456 Y125.588 E42.14129
G0 F9000 X125.022 Y125.588
G1 F1500 X122.315 Y122.881 E42.21768
G0 F9000 X122.318 Y122.318
G1 F1500 X125.588 Y125.588 E42.30997
G0 F9000 X126.154 Y125.588
G1 F1500 X122.882 Y122.317 E42.4023
G0 F9000 X123.447 Y122.315
G1 F1500 X126.719 Y125.588 E42.49466
G0 F9000 X127.285 Y125.588
G1 F1500 X124.011 Y122.314 E42.58706
G0 F9000 X124.575 Y122.312
G1 F1500 X127.851 Y125.588 E42.67951
G0 F9000 X128.416 Y125.588
G1 F1500 X125.139 Y122.31 E42.77201
G0 F9000 X125.703 Y122.309
G1 F1500 X128.982 Y125.588 E42.86455
G0 F9000 X129.548 Y125.588
G1 F1500 X126.262 Y122.302 E42.95729
G0 F9000 X126.825 Y122.299
G1 F1500 X130.113 Y125.588 E43.0501
G0 F9000 X130.679 Y125.588
G1 F1500 X127.393 Y122.302 E43.14283
G0 F9000 X127.933 Y122.276
G1 F1500 X131.245 Y125.588 E43.23631
G0 F9000 X131.81 Y125.588
G1 F1500 X128.517 Y122.294 E43.32926
G0 F9000 X129.084 Y122.296
G1 F1500 X132.376 Y125.588 E43.42216
G0 F9000 X132.942 Y125.588
G1 F1500 X129.652 Y122.298 E43.51501
G0 F9000 X130.22 Y122.3
G1 F1500 X133.507 Y125.588 E43.6078
G0 F9000 X133.684 Y125.199
G1 F1500 X130.788 Y122.303 E43.68953
G0 F9000 X131.356 Y122.305
G1 F1500 X133.684 Y124.633 E43.75523
G0 F9000 X133.684 Y124.068
G1 F1500 X131.923 Y122.306 E43.80494
G0 F9000 X132.491 Y122.308
G1 F1500 X133.684 Y123.502 E43.83862
G0 F9000 X133.684 Y122.936
G1 F1500 X133.058 Y122.31 E43.85629
G0 F9000 X133.626 Y122.313
G1 F1500 X133.684 Y122.37 E43.85791
G1 F2700 E38.85791
G0 F9000 X134.145 Y122.37
G0 X134.075 Y125.976
G0 X126.777 Y126.718
G0 X126.777 Y127.813
G0 X126.777 Y128.185
G0 X126.777 Y129.28
G0 X121.92 Y130.02
G0 X121.909 Y133.707
G0 X122.029 Y133.972
G0 X126.777 Y134.252
;TYPE:WALL-INNER
G1 F2700 E43.85791
G1 F1500 X127.758 Y134.253 E43.87749
G1 X127.998 Y134.311 E43.88242
G1 X128.238 Y134.253 E43.88735
G1 X133.792 Y134.244 E43.99818
G1 X134.043 Y134.117 E44.0038
G1 X134.196 Y133.918 E44.0088
G1 X134.248 Y133.725 E44.01279
G1 X134.248 Y129.848 E44.09016
G1 X121.748 Y129.848 E44.33961
G1 X121.748 Y133.725 E44.41698
G1 X121.8 Y133.921 E44.42103
G1 X121.927 Y134.101 E44.42543
G1 X122.177 Y134.248 E44.43121
G1 X126.777 Y134.252 E44.52301
G0 F9000 X126.699 Y134.65
G1 F1500 X127.714 Y134.651 E44.54327
G1 X127.989 Y134.739 E44.54903
G1 X128.282 Y134.651 E44.55514
G1 X133.749 Y134.644 E44.66424
G1 X133.938 Y134.614 E44.66805
G1 X134.262 Y134.476 E44.67508
G1 X134.549 Y134.145 E44.68382
G1 X134.648 Y133.777 E44.69143
G1 X134.648 Y129.448 E44.77782
G1 X121.348 Y129.448 E45.04324
G1 X121.348 Y133.777 E45.12963
G1 X121.426 Y134.069 E45.13566
G1 X121.663 Y134.411 E45.14396
G1 X121.991 Y134.602 E45.15153
G1 X122.219 Y134.648 E45.15618
G1 X126.699 Y134.65 E45.24558
G0 F9000 X126.621 Y135.05
;TYPE:WALL-OUTER
G1 F1500 X127.682 Y135.05 E45.26675
G1 X127.858 Y135.122 E45.27055
G1 X128.07 Y135.137 E45.27479
G1 X128.321 Y135.049 E45.2801
G1 X133.78 Y135.044 E45.38904
G1 X134.048 Y135.002 E45.39445
G1 X134.373 Y134.864 E45.4015
G1 X134.584 Y134.714 E45.40666
G1 X134.822 Y134.441 E45.41389
G1 X134.944 Y134.217 E45.41898
G1 X135.048 Y133.829 E45.427
G1 X135.048 Y129.048 E45.52241
G1 X120.948 Y129.048 E45.80379
G1 X120.948 Y133.829 E45.8992
G1 X121.052 Y134.217 E45.90721
G1 X121.175 Y134.448 E45.91244
G1 X121.4 Y134.721 E45.9195
G1 X121.848 Y134.982 E45.92984
G1 X122.18 Y135.048 E45.9366
G1 X126.621 Y135.05 E46.02522
G0 F9000 X126.621 Y134.338
G0 X126.848 Y134.148
G0 X126.848 Y133.89
;TYPE:SKIN
G1 F1500 X122.275 Y133.888 E46.11648
G1 X122.182 Y133.832 E46.11865
G1 X122.108 Y133.662 E46.12235
G1 X122.108 Y130.208 E46.19128
G1 X133.888 Y130.208 E46.42636
G1 X133.888 Y133.676 E46.49557
G1 X133.804 Y133.839 E46.49923
G1 X133.71 Y133.883 E46.5013
G1 X128.223 Y133.889 E46.6108
G1 X127.998 Y133.935 E46.61538
G1 X127.775 Y133.891 E46.61992
G1 X126.848 Y133.89 E46.63842
G0 F9000 X126.848 Y134.148
G0 X122.374 Y134.148
G0 X122.374 Y133.688
G1 F1500 X122.309 Y133.623 E46.64025
G0 F9000 X122.308 Y133.056
G1 F1500 X122.94 Y133.688 E46.65809
G0 F9000 X123.506 Y133.688
G1 F1500 X122.308 Y132.49 E46.6919
G0 F9000 X122.308 Y131.924
G1 F1500 X124.072 Y133.688 E46.74168
G0 F9000 X124.638 Y133.689
G1 F1500 X122.308 Y131.359 E46.80744
G0 F9000 X122.308 Y130.793
G1 F1500 X125.205 Y133.69 E46.8892
G0 F9000 X125.77 Y133.69
G1 F1500 X122.489 Y130.408 E46.98181
G0 F9000 X123.054 Y130.408
G1 F1500 X126.337 Y133.691 E47.07446
G0 F9000 X126.903 Y133.691
G1 F1500 X123.62 Y130.408 E47.16712
G0 F9000 X124.186 Y130.408
G1 F1500 X127.469 Y133.691 E47.25977
G0 F9000 X128.061 Y133.717
G1 F1500 X124.751 Y130.408 E47.35317
G0 F9000 X125.317 Y130.408
G1 F1500 X128.599 Y133.691 E47.44581
G0 F9000 X129.164 Y133.689
G1 F1500 X125.883 Y130.408 E47.53841
G0 F9000 X126.448 Y130.408
G1 F1500 X129.728 Y133.688 E47.63098
G0 F9000 X130.292 Y133.686
G1 F1500 X127.014 Y130.408 E47.72349
G0 F9000 X127.58 Y130.408
G1 F1500 X130.856 Y133.685 E47.81596
G0 F9000 X131.421 Y133.683
G1 F1500 X128.145 Y130.408 E47.9084
G0 F9000 X128.711 Y130.408
G1 F1500 X131.985 Y133.682 E48.0008
G0 F9000 X132.549 Y133.681
G1 F1500 X129.277 Y130.408 E48.09316
G0 F9000 X129.842 Y130.408
G1 F1500 X133.114 Y133.679 E48.18548
G0 F9000 X133.678 Y133.678
G1 F1500 X130.408 Y130.408 E48.27777
G0 F9000 X130.974 Y130.408
G1 F1500 X133.688 Y133.122 E48.35437
G0 F9000 X133.688 Y132.556
G1 F1500 X131.54 Y130.408 E48.41499
G0 F9000 X132.105 Y130.408
G1 F1500 X133.688 Y131.991 E48.45966
G0 F9000 X133.688 Y131.425
G1 F1500 X132.671 Y130.408 E48.48836
G0 F9000 X133.237 Y130.408
G1 F1500 X133.688 Y130.859 E48.50109
G1 F2700 E43.50109
;MESH:NONMESH
G0 F300 Z0.56
G0 F9000 X134.148 Y130.859
G0 X134.076 Y130.02
G0 X121.749 Y129.28
G0 X121.749 Y128.185
G0 X121.749 Y127.813
G0 X121.749 Y126.718
G0 X121.749 Y126.148
;TIME_ELAPSED:113.527537
;LAYER:3
M106 S255
;TYPE:WALL-INNER
;MESH:cockpit-door-lens-pp.3mf
G1 F2700 E48.50109
G1 F1500 X134.247 Y126.148 E48.7505
G1 X134.244 Y122.283 E48.82763
G1 X134.216 Y122.115 E48.83103
G1 X134.137 Y121.969 E48.83435
G1 X133.952 Y121.816 E48.83914
G1 X133.731 Y121.752 E48.84373
G1 X128.894 Y121.741 E48.94026
G1 X128.888 Y121.749 E48.94046
G1 X128.279 Y121.749 E48.95261
G1 X127.993 Y121.637 E48.95874
G1 X127.694 Y121.729 E48.96498
G1 X126.877 Y121.748 E48.98129
G1 X122.302 Y121.752 E49.07259
G1 X122.081 Y121.791 E49.07707
G1 X121.86 Y121.975 E49.08281
G1 X121.752 Y122.25 E49.0887
G1 X121.749 Y126.148 E49.16649
G0 F9000 X121.349 Y126.548
G1 F1500 X134.647 Y126.548 E49.43187
G1 X134.644 Y122.25 E49.51764
G1 X134.6 Y121.984 E49.52302
G1 X134.46 Y121.724 E49.52891
G1 X134.205 Y121.48 E49.53595
G1 X133.832 Y121.352 E49.54382
G1 X128.862 Y121.341 E49.64301
G1 X128.855 Y121.35 E49.64323
G1 X128.35 Y121.342 E49.65331
G1 X128.045 Y121.21 E49.65995
G1 X127.94 Y121.214 E49.66204
G1 X127.664 Y121.33 E49.66802
G1 X126.877 Y121.348 E49.68373
G1 X122.266 Y121.352 E49.77574
G1 X121.937 Y121.411 E49.78241
G1 X121.67 Y121.575 E49.78867
G1 X121.521 Y121.758 E49.79338
G1 X121.4 Y122.002 E49.79881
G1 X121.352 Y122.203 E49.80294
G1 X121.349 Y126.548 E49.88964
G0 F9000 X120.949 Y126.948
;TYPE:WALL-OUTER
G1 F1500 X135.047 Y126.948 E50.17099
G1 X135.044 Y122.217 E50.2654
G1 X134.984 Y121.854 E50.27274
G1 X134.782 Y121.479 E50.28124
G1 X134.524 Y121.231 E50.28838
G1 X134.3 Y121.09 E50.29366
G1 X133.901 Y120.952 E50.30209
G1 X128.829 Y120.941 E50.40331
G1 X128.821 Y120.952 E50.40358
G1 X128.393 Y120.949 E50.41212
G1 X128.191 Y120.83 E50.4168
G1 X127.985 Y120.793 E50.42098
G1 X127.783 Y120.84 E50.42511
G1 X127.62 Y120.935 E50.42888
G1 X126.877 Y120.948 E50.44371
G1 X122.23 Y120.952 E50.53644
G1 X121.793 Y121.031 E50.54531
G1 X121.402 Y121.269 E50.55444
G1 X121.182 Y121.541 E50.56142
G1 X121.022 Y121.865 E50.56863
G1 X120.952 Y122.156 E50.57461
G1 X120.949 Y126.948 E50.67024
G1 F2700 E45.67024
G0 F9000 X121.231 Y126.668
G0 X121.85 Y125.787
G0 X122.109 Y125.788
;TYPE:SKIN
G1 F2700 E50.67024
G1 F1500 X122.112 Y122.311 E50.73962
G1 X122.183 Y122.165 E50.74286
G1 X122.344 Y122.112 E50.74625
G1 X126.873 Y122.108 E50.83663
G1 X127.726 Y122.091 E50.85365
G1 X127.955 Y122.03 E50.85838
G1 X128.324 Y122.108 E50.86591
G1 X128.973 Y122.101 E50.87886
G1 X133.693 Y122.112 E50.97305
G1 X133.842 Y122.199 E50.9765
G1 X133.884 Y122.325 E50.97915
G1 X133.884 Y125.788 E51.04826
G1 X122.109 Y125.788 E51.28324
G0 F9000 X121.85 Y125.787
G0 X121.914 Y122.265
G0 X122.032 Y122.029
G0 X122.631 Y121.851
G0 X122.631 Y122.311
G1 F1500 X122.312 Y122.63 E51.29224
G0 F9000 X122.311 Y123.196
G1 F1500 X123.196 Y122.311 E51.31722
G0 F9000 X123.763 Y122.31
G1 F1500 X122.311 Y123.762 E51.3582
G0 F9000 X122.31 Y124.328
G1 F1500 X124.329 Y122.31 E51.41516
G0 F9000 X124.895 Y122.31
G1 F1500 X122.31 Y124.895 E51.48812
G0 F9000 X122.31 Y125.461
G1 F1500 X125.461 Y122.309 E51.57706
G0 F9000 X126.028 Y122.308
G1 F1500 X122.747 Y125.589 E51.66966
G0 F9000 X123.313 Y125.589
G1 F1500 X126.593 Y122.308 E51.76224
G0 F9000 X127.167 Y122.3
G1 F1500 X123.879 Y125.589 E51.85505
G0 F9000 X124.444 Y125.589
G1 F1500 X127.747 Y122.286 E51.94827
G0 F9000 X128.292 Y122.307
G1 F1500 X125.01 Y125.589 E52.04089
G0 F9000 X125.576 Y125.589
G1 F1500 X128.862 Y122.302 E52.13364
G0 F9000 X129.429 Y122.301
G1 F1500 X126.141 Y125.589 E52.22644
G0 F9000 X126.707 Y125.589
G1 F1500 X129.993 Y122.303 E52.31918
G0 F9000 X130.557 Y122.304
G1 F1500 X127.273 Y125.589 E52.41187
G0 F9000 X127.839 Y125.589
G1 F1500 X131.122 Y122.305 E52.50454
G0 F9000 X131.686 Y122.307
G1 F1500 X128.404 Y125.589 E52.59716
G0 F9000 X128.97 Y125.589
G1 F1500 X132.25 Y122.308 E52.68975
G0 F9000 X132.814 Y122.31
G1 F1500 X129.536 Y125.589 E52.78227
G0 F9000 X130.101 Y125.589
G1 F1500 X133.379 Y122.311 E52.87478
G0 F9000 X133.684 Y122.571
G1 F1500 X130.667 Y125.589 E52.95995
G0 F9000 X131.233 Y125.589
G1 F1500 X133.684 Y123.137 E53.02913
G0 F9000 X133.684 Y123.703
G1 F1500 X131.798 Y125.589 E53.08236
G0 F9000 X132.364 Y125.589
G1 F1500 X133.684 Y124.268 E53.11963
G0 F9000 X133.684 Y124.834
G1 F1500 X132.93 Y125.589 E53.14092
G0 F9000 X133.495 Y125.589
G1 F1500 X133.684 Y125.4 E53.14625
G1 F2700 E48.14625
G0 F9000 X134.147 Y125.4
G0 X134.075 Y125.976
G0 X126.778 Y126.718
G0 X126.778 Y127.813
G0 X126.778 Y128.185
G0 X126.778 Y129.28
G0 X121.92 Y130.02
G0 X121.909 Y133.707
G0 X122.028 Y133.973
G0 X126.778 Y134.248
;TYPE:WALL-INNER
G1 F2700 E53.14625
G1 F1500 X127.684 Y134.248 E53.16433
G1 X128 Y134.351 E53.17097
G1 X128.316 Y134.248 E53.1776
G1 X133.825 Y134.248 E53.28754
G1 X134.136 Y134.027 E53.29515
G1 X134.244 Y133.759 E53.30092
G1 X134.247 Y129.848 E53.37897
G1 X121.748 Y129.848 E53.6284
G1 X121.748 Y133.725 E53.70577
G1 X121.801 Y133.922 E53.70984
G1 X121.925 Y134.102 E53.7142
G1 X122.177 Y134.248 E53.72001
G1 X126.778 Y134.248 E53.81183
G0 F9000 X126.699 Y134.652
G1 F1500 X127.685 Y134.653 E53.83151
G1 X128.003 Y134.798 E53.83848
G1 X128.314 Y134.653 E53.84533
G1 X133.774 Y134.648 E53.95429
G1 X134.007 Y134.6 E53.95904
G1 X134.282 Y134.439 E53.9654
G1 X134.456 Y134.275 E53.97017
G1 X134.59 Y134.033 E53.97569
G1 X134.644 Y133.806 E53.98034
G1 X134.647 Y129.448 E54.06731
G1 X121.348 Y129.448 E54.33271
G1 X121.348 Y133.777 E54.4191
G1 X121.426 Y134.07 E54.42515
G1 X121.661 Y134.411 E54.43341
G1 X121.991 Y134.603 E54.44103
G1 X122.216 Y134.648 E54.44561
G1 X126.699 Y134.652 E54.53507
G0 F9000 X126.621 Y135.05
;TYPE:WALL-OUTER
G1 F1500 X127.59 Y135.05 E54.55441
G1 X127.897 Y135.191 E54.56115
G1 X128.119 Y135.188 E54.56558
G1 X128.4 Y135.049 E54.57184
G1 X133.815 Y135.048 E54.6799
G1 X134.151 Y134.978 E54.68675
G1 X134.523 Y134.762 E54.69534
G1 X134.776 Y134.523 E54.70228
G1 X134.967 Y134.179 E54.71013
G1 X135.044 Y133.852 E54.71684
G1 X135.047 Y129.048 E54.81271
G1 X120.948 Y129.048 E55.09407
G1 X120.948 Y133.829 E55.18948
G1 X121.052 Y134.218 E55.19751
G1 X121.176 Y134.448 E55.20273
G1 X121.397 Y134.721 E55.20974
G1 X121.848 Y134.982 E55.22014
G1 X122.176 Y135.048 E55.22681
G1 X126.621 Y135.05 E55.31552
G0 F9000 X126.621 Y134.338
G0 X126.848 Y134.148
G0 X126.848 Y133.891
;TYPE:SKIN
G1 F1500 X122.272 Y133.888 E55.40684
G1 X122.182 Y133.833 E55.40894
G1 X122.108 Y133.666 E55.41259
G1 X122.108 Y130.208 E55.48159
G1 X133.884 Y130.208 E55.7166
G1 X133.884 Y133.704 E55.78636
G1 X133.845 Y133.796 E55.78836
G1 X133.713 Y133.888 E55.79157
G1 X128.291 Y133.89 E55.89977
G1 X127.995 Y133.968 E55.90588
G1 X127.704 Y133.891 E55.91189
G1 X126.848 Y133.891 E55.92897
G0 F9000 X126.848 Y134.148
G0 X122.219 Y134.086
G0 X121.909 Y133.707
G0 X121.92 Y130.02
G0 X122.453 Y129.948
G0 X122.453 Y130.408
G1 F1500 X122.308 Y130.554 E55.93308
G0 F9000 X122.308 Y131.12
G1 F1500 X123.019 Y130.408 E55.95316
G0 F9000 X123.585 Y130.408
G1 F1500 X122.308 Y131.685 E55.9892
G0 F9000 X122.308 Y132.251
G1 F1500 X124.15 Y130.408 E56.04119
G0 F9000 X124.716 Y130.408
G1 F1500 X122.308 Y132.817 E56.10917
G0 F9000 X122.308 Y133.382
G1 F1500 X125.282 Y130.408 E56.1931
G0 F9000 X125.847 Y130.408
G1 F1500 X122.568 Y133.688 E56.28566
G0 F9000 X123.133 Y133.688
G1 F1500 X126.413 Y130.408 E56.37822
G0 F9000 X126.979 Y130.408
G1 F1500 X123.699 Y133.688 E56.47079
G0 F9000 X124.265 Y133.688
G1 F1500 X127.544 Y130.408 E56.56335
G0 F9000 X128.11 Y130.408
G1 F1500 X124.831 Y133.688 E56.6559
G0 F9000 X125.396 Y133.688
G1 F1500 X128.676 Y130.408 E56.74847
G0 F9000 X129.241 Y130.408
G1 F1500 X125.962 Y133.688 E56.84102
G0 F9000 X126.528 Y133.688
G1 F1500 X129.807 Y130.408 E56.93358
G0 F9000 X130.373 Y130.408
G1 F1500 X127.093 Y133.688 E57.02615
G0 F9000 X127.659 Y133.688
G1 F1500 X130.938 Y130.408 E57.1187
G0 F9000 X131.504 Y130.408
G1 F1500 X128.208 Y133.705 E57.21174
G0 F9000 X128.79 Y133.688
G1 F1500 X132.07 Y130.408 E57.30431
G0 F9000 X132.636 Y130.408
G1 F1500 X129.356 Y133.688 E57.39687
G0 F9000 X129.922 Y133.688
G1 F1500 X133.201 Y130.408 E57.48943
G0 F9000 X133.683 Y130.492
G1 F1500 X130.487 Y133.688 E57.57963
G0 F9000 X131.053 Y133.688
G1 F1500 X133.683 Y131.058 E57.65385
G0 F9000 X133.682 Y131.624
G1 F1500 X131.619 Y133.688 E57.71209
G0 F9000 X132.184 Y133.688
G1 F1500 X133.681 Y132.191 E57.75434
G0 F9000 X133.681 Y132.756
G1 F1500 X132.75 Y133.688 E57.78063
G0 F9000 X133.316 Y133.688
G1 F1500 X133.681 Y133.323 E57.79093
G1 F2700 E52.79093
;MESH:NONMESH
G0 F300 Z0.68
G0 F9000 X134.144 Y133.324
G0 X134.074 Y130.02
G0 X121.749 Y129.28
G0 X121.749 Y128.185
G0 X121.749 Y127.813
G0 X121.749 Y126.718
G0 X121.749 Y126.148
;TIME_ELAPSED:140.613926
;LAYER:4
;TYPE:WALL-INNER
;MESH:cockpit-door-lens-pp.3mf
G1 F2700 E57.79093
G1 F1500 X134.247 Y126.148 E58.04034
G1 X134.244 Y122.155 E58.12002
G1 X134.058 Y121.884 E58.12658
G1 X133.772 Y121.752 E58.13287
G1 X129.206 Y121.741 E58.22399
G1 X128.388 Y121.749 E58.24031
G1 X128 Y121.619 E58.24848
G1 X127.617 Y121.748 E58.25654
G1 X122.232 Y121.752 E58.36401
G1 X121.937 Y121.879 E58.37042
G1 X121.787 Y122.096 E58.37568
G1 X121.752 Y122.248 E58.37879
G1 X121.749 Y126.148 E58.45662
G0 F9000 X121.349 Y126.548
G1 F1500 X134.647 Y126.548 E58.722
G1 X134.644 Y122.247 E58.80783
G1 X134.603 Y121.988 E58.81306
G1 X134.488 Y121.778 E58.81784
G1 X134.326 Y121.58 E58.82295
G1 X134.126 Y121.454 E58.82766
G1 X133.843 Y121.352 E58.83367
G1 X129.202 Y121.341 E58.92628
G1 X128.364 Y121.35 E58.94301
G1 X128.021 Y121.174 E58.9507
G1 X127.942 Y121.179 E58.95228
G1 X127.646 Y121.348 E58.95908
G1 X122.168 Y121.352 E59.0684
G1 X121.874 Y121.449 E59.07458
G1 X121.67 Y121.574 E59.07935
G1 X121.43 Y121.868 E59.08693
G1 X121.352 Y122.202 E59.09377
G1 X121.349 Y126.548 E59.1805
G0 F9000 X120.949 Y126.948
;TYPE:WALL-OUTER
G1 F1500 X135.047 Y126.948 E59.46184
G1 X135.044 Y122.216 E59.55627
G1 X134.987 Y121.858 E59.56351
G1 X134.821 Y121.553 E59.57044
G1 X134.594 Y121.276 E59.57758
G1 X134.303 Y121.093 E59.58445
G1 X133.916 Y120.952 E59.59266
G1 X128.444 Y120.943 E59.70186
G1 X128.137 Y120.781 E59.70879
G1 X127.859 Y120.763 E59.71435
G1 X127.539 Y120.946 E59.72171
G1 X122.104 Y120.952 E59.83017
G1 X121.705 Y121.083 E59.83855
G1 X121.402 Y121.269 E59.84564
G1 X121.175 Y121.548 E59.85282
G1 X121.033 Y121.808 E59.85873
G1 X120.952 Y122.156 E59.86586
G1 X120.949 Y126.948 E59.96149
G1 F2700 E54.96149
G0 F9000 X121.231 Y126.668
G0 X121.85 Y125.787
G0 X122.109 Y125.788
;TYPE:SKIN
G1 F2700 E59.96149
G1 F1500 X122.112 Y122.252 E60.03206
G1 X122.175 Y122.163 E60.03424
G1 X122.296 Y122.112 E60.03686
G1 X127.671 Y122.105 E60.14412
G1 X127.966 Y122.013 E60.15029
G1 X128.334 Y122.104 E60.15785
G1 X133.687 Y122.112 E60.26468
G1 X133.819 Y122.167 E60.26753
G1 X133.884 Y122.257 E60.26975
G1 X133.884 Y125.788 E60.34021
G1 X122.109 Y125.788 E60.57519
G0 F9000 X122.759 Y125.588
G1 F1500 X122.309 Y125.137 E60.58791
G0 F9000 X122.31 Y124.572
G1 F1500 X123.325 Y125.588 E60.61657
G0 F9000 X123.891 Y125.588
G1 F1500 X122.31 Y124.007 E60.66119
G0 F9000 X122.31 Y123.442
G1 F1500 X124.456 Y125.588 E60.72175
G0 F9000 X125.022 Y125.588
G1 F1500 X122.311 Y122.877 E60.79826
G0 F9000 X122.312 Y122.312
G1 F1500 X125.588 Y125.588 E60.89072
G0 F9000 X126.154 Y125.588
G1 F1500 X122.877 Y122.311 E60.9832
G0 F9000 X123.442 Y122.31
G1 F1500 X126.719 Y125.588 E61.0757
G0 F9000 X127.285 Y125.588
G1 F1500 X124.006 Y122.309 E61.16824
G0 F9000 X124.571 Y122.308
G1 F1500 X127.851 Y125.588 E61.26081
G0 F9000 X128.416 Y125.588
G1 F1500 X125.135 Y122.307 E61.35341
G0 F9000 X125.7 Y122.306
G1 F1500 X128.982 Y125.588 E61.44603
G0 F9000 X129.548 Y125.588
G1 F1500 X126.265 Y122.305 E61.53868
G0 F9000 X126.83 Y122.304
G1 F1500 X130.113 Y125.588 E61.63135
G0 F9000 X130.679 Y125.588
G1 F1500 X127.394 Y122.303 E61.72406
G0 F9000 X127.9 Y122.243
G1 F1500 X131.245 Y125.588 E61.81846
G0 F9000 X131.81 Y125.588
G1 F1500 X128.529 Y122.306 E61.91108
G0 F9000 X129.091 Y122.303
G1 F1500 X132.376 Y125.588 E62.00378
G0 F9000 X132.942 Y125.588
G1 F1500 X129.657 Y122.303 E62.09649
G0 F9000 X130.224 Y122.304
G1 F1500 X133.507 Y125.588 E62.18916
G0 F9000 X133.684 Y125.199
G1 F1500 X130.791 Y122.305 E62.27082
G0 F9000 X131.358 Y122.307
G1 F1500 X133.684 Y124.633 E62.33647
G0 F9000 X133.684 Y124.068
G1 F1500 X131.925 Y122.308 E62.38612
G0 F9000 X132.492 Y122.31
G1 F1500 X133.684 Y123.502 E62.41977
G0 F9000 X133.684 Y122.936
G1 F1500 X133.059 Y122.311 E62.4374
G0 F9000 X133.626 Y122.313
G1 F1500 X133.684 Y122.37 E62.43903
G1 F2700 E57.43903
G0 F9000 X134.145 Y122.37
G0 X134.075 Y125.976
G0 X126.778 Y126.718
G0 X126.778 Y127.813
G0 X126.778 Y128.185
G0 X126.778 Y129.28
G0 X121.92 Y130.02
G0 X121.909 Y133.707
G0 X122.028 Y133.973
G0 X126.778 Y134.248
;TYPE:WALL-INNER
G1 F2700 E62.43903
G1 F1500 X127.613 Y134.248 E62.45569
G1 X127.998 Y134.379 E62.46381
G1 X128.383 Y134.248 E62.47192
G1 X133.735 Y134.248 E62.57873
G1 X133.869 Y134.221 E62.58145
G1 X134.134 Y134.032 E62.58795
G1 X134.248 Y133.742 E62.59417
G1 X134.248 Y129.848 E62.67188
G1 X121.748 Y129.848 E62.92133
G1 X121.748 Y133.725 E62.9987
G1 X121.801 Y133.922 E63.00277
G1 X121.925 Y134.102 E63.00713
G1 X122.177 Y134.248 E63.01294
G1 X126.778 Y134.248 E63.10476
G0 F9000 X126.699 Y134.648
G1 F1500 X127.635 Y134.648 E63.12344
G1 X128.01 Y134.838 E63.13183
G1 X128.357 Y134.648 E63.13972
G1 X133.775 Y134.648 E63.24785
G1 X134.014 Y134.599 E63.25272
G1 X134.279 Y134.444 E63.25884
G1 X134.454 Y134.28 E63.26363
G1 X134.587 Y134.033 E63.26923
G1 X134.648 Y133.79 E63.27423
G1 X134.648 Y129.448 E63.36088
G1 X121.348 Y129.448 E63.62629
G1 X121.348 Y133.777 E63.71268
G1 X121.426 Y134.07 E63.71873
G1 X121.661 Y134.411 E63.727
G1 X121.991 Y134.603 E63.73462
G1 X122.216 Y134.648 E63.73919
G1 X126.699 Y134.648 E63.82866
G0 F9000 X126.621 Y135.05
;TYPE:WALL-OUTER
G1 F1500 X127.56 Y135.051 E63.8474
G1 X127.872 Y135.219 E63.85447
G1 X128.209 Y135.19 E63.86122
G1 X128.461 Y135.05 E63.86697
G1 X133.815 Y135.048 E63.97382
G1 X134.159 Y134.978 E63.98082
G1 X134.519 Y134.766 E63.98916
G1 X134.775 Y134.528 E63.99613
G1 X134.963 Y134.179 E64.00404
G1 X135.048 Y133.839 E64.01104
G1 X135.048 Y129.048 E64.10665
G1 X120.948 Y129.048 E64.38803
G1 X120.948 Y133.829 E64.48344
G1 X121.052 Y134.218 E64.49147
G1 X121.176 Y134.448 E64.49669
G1 X121.397 Y134.721 E64.5037
G1 X121.848 Y134.982 E64.5141
G1 X122.176 Y135.048 E64.52077
G1 X126.621 Y135.05 E64.60948
G0 F9000 X126.621 Y134.338
G0 X126.847 Y134.148
G0 X126.847 Y133.892
;TYPE:SKIN
G1 F1500 X122.272 Y133.888 E64.70078
G1 X122.182 Y133.833 E64.70288
G1 X122.108 Y133.666 E64.70653
G1 X122.108 Y130.208 E64.77554
G1 X133.888 Y130.208 E65.01062
G1 X133.888 Y133.681 E65.07993
G1 X133.839 Y133.803 E65.08255
G1 X133.72 Y133.888 E65.08547
G1 X128.308 Y133.893 E65.19347
G1 X128.03 Y133.98 E65.19928
G1 X127.672 Y133.893 E65.20664
G1 X126.847 Y133.892 E65.2231
G0 F9000 X126.847 Y134.148
G0 X122.374 Y134.148
G0 X122.374 Y133.688
G1 F1500 X122.308 Y133.621 E65.22498
G0 F9000 X122.308 Y133.056
G1 F1500 X122.94 Y133.688 E65.24281
G0 F9000 X123.506 Y133.688
G1 F1500 X122.308 Y132.49 E65.27662
G0 F9000 X122.308 Y131.924
G1 F1500 X124.072 Y133.689 E65.32642
G0 F9000 X124.639 Y133.69
G1 F1500 X122.308 Y131.359 E65.39221
G0 F9000 X122.308 Y130.793
G1 F1500 X125.205 Y133.691 E65.47398
G0 F9000 X125.772 Y133.691
G1 F1500 X122.489 Y130.408 E65.56663
G0 F9000 X123.054 Y130.408
G1 F1500 X126.338 Y133.692 E65.65932
G0 F9000 X126.904 Y133.693
G1 F1500 X123.62 Y130.408 E65.75201
G0 F9000 X124.186 Y130.408
G1 F1500 X127.471 Y133.693 E65.84472
G0 F9000 X128.094 Y133.751
G1 F1500 X124.751 Y130.408 E65.93907
G0 F9000 X125.317 Y130.408
G1 F1500 X128.602 Y133.693 E66.03178
G0 F9000 X129.167 Y133.693
G1 F1500 X125.883 Y130.408 E66.12447
G0 F9000 X126.448 Y130.408
G1 F1500 X129.732 Y133.692 E66.21715
G0 F9000 X130.298 Y133.692
G1 F1500 X127.014 Y130.408 E66.30984
G0 F9000 X127.58 Y130.408
G1 F1500 X130.863 Y133.691 E66.40249
G0 F9000 X131.428 Y133.691
G1 F1500 X128.145 Y130.408 E66.49514
G0 F9000 X128.711 Y130.408
G1 F1500 X131.993 Y133.69 E66.58777
G0 F9000 X132.558 Y133.689
G1 F1500 X129.277 Y130.408 E66.68037
G0 F9000 X129.842 Y130.408
G1 F1500 X133.123 Y133.688 E66.77295
G0 F9000 X133.67 Y133.67
G1 F1500 X130.408 Y130.408 E66.86501
G0 F9000 X130.974 Y130.408
G1 F1500 X133.688 Y133.123 E66.94162
G0 F9000 X133.688 Y132.557
G1 F1500 X131.54 Y130.408 E67.00225
G0 F9000 X132.105 Y130.408
G1 F1500 X133.688 Y131.991 E67.04693
G0 F9000 X133.688 Y131.426
G1 F1500 X132.671 Y130.408 E67.07564
G0 F9000 X133.237 Y130.408
G1 F1500 X133.688 Y130.86 E67.08839
G1 F2700 E62.08839
;MESH:NONMESH
G0 F300 Z0.8
G0 F9000 X134.148 Y130.86
G0 X134.076 Y130.02
G0 X121.749 Y129.28
G0 X121.749 Y128.185
G0 X121.749 Y127.813
G0 X121.749 Y126.718
G0 X121.749 Y126.148
;TIME_ELAPSED:167.307643
;LAYER:5
;TYPE:WALL-INNER
;MESH:cockpit-door-lens-pp.3mf
G1 F2700 E67.08839
G1 F1500 X134.247 Y126.148 E67.3378
G1 X134.244 Y122.161 E67.41736
G1 X134.143 Y121.974 E67.4216
G1 X133.959 Y121.82 E67.42639
G1 X133.76 Y121.751 E67.4306
G1 X129.596 Y121.741 E67.51369
G1 X128.393 Y121.749 E67.5377
G1 X128.148 Y121.683 E67.54276
G1 X127.996 Y121.602 E67.5462
G1 X127.844 Y121.683 E67.54964
G1 X127.601 Y121.748 E67.55466
G1 X122.262 Y121.748 E67.6612
G1 X122.066 Y121.804 E67.66527
G1 X121.857 Y121.979 E67.67071
G1 X121.752 Y122.25 E67.67651
G1 X121.749 Y126.148 E67.7543
G0 F9000 X121.349 Y126.548
G1 F1500 X134.647 Y126.548 E68.01968
G1 X134.644 Y122.247 E68.10551
G1 X134.602 Y121.983 E68.11084
G1 X134.463 Y121.726 E68.11667
G1 X134.198 Y121.48 E68.12389
G1 X133.827 Y121.352 E68.13172
G1 X129.532 Y121.342 E68.21743
G1 X128.436 Y121.348 E68.2393
G1 X128.29 Y121.309 E68.24232
G1 X128.035 Y121.154 E68.24828
G1 X127.935 Y121.168 E68.25029
G1 X127.702 Y121.309 E68.25573
G1 X127.557 Y121.348 E68.25872
G1 X122.217 Y121.348 E68.36529
G1 X121.862 Y121.457 E68.3727
G1 X121.555 Y121.689 E68.38038
G1 X121.4 Y122.002 E68.38735
G1 X121.352 Y122.203 E68.39147
G1 X121.349 Y126.548 E68.47818
G0 F9000 X120.949 Y126.948
;TYPE:WALL-OUTER
G1 F1500 X135.047 Y126.948 E68.75952
G1 X135.044 Y122.216 E68.85395
G1 X134.987 Y121.853 E68.86129
G1 X134.783 Y121.477 E68.86982
G1 X134.495 Y121.209 E68.87767
G1 X134.299 Y121.091 E68.88224
G1 X133.894 Y120.952 E68.89078
G1 X128.465 Y120.945 E68.99913
G1 X128.082 Y120.757 E69.00764
G1 X127.84 Y120.756 E69.01247
G1 X127.52 Y120.946 E69.0199
G1 X122.171 Y120.948 E69.12664
G1 X121.741 Y121.047 E69.13545
G1 X121.34 Y121.35 E69.14548
G1 X121.181 Y121.542 E69.15045
G1 X121.022 Y121.865 E69.15764
G1 X120.952 Y122.156 E69.16361
G1 X120.949 Y126.948 E69.25924
G1 F2700 E64.25924
G0 F9000 X121.231 Y126.668
G0 X121.851 Y125.787
G0 X122.109 Y125.788
;TYPE:SKIN
G1 F2700 E69.25924
G1 F1500 X122.112 Y122.304 E69.32877
G1 X122.164 Y122.178 E69.33149
G1 X122.261 Y122.108 E69.33387
G1 X127.651 Y122.105 E69.44144
G1 X127.994 Y122.008 E69.44855
G1 X128.332 Y122.104 E69.45556
G1 X133.693 Y122.108 E69.56255
G1 X133.842 Y122.189 E69.56593
G1 X133.884 Y122.316 E69.5686
G1 X133.884 Y125.788 E69.63789
G1 X122.109 Y125.788 E69.87287
G0 F9000 X121.851 Y125.787
G0 X121.852 Y122.629
G0 X122.312 Y122.63
G1 F1500 X122.635 Y122.307 E69.88199
G0 F9000 X123.201 Y122.306
G1 F1500 X122.311 Y123.196 E69.9071
G0 F9000 X122.311 Y123.762
G1 F1500 X123.768 Y122.305 E69.94822
G0 F9000 X124.334 Y122.305
G1 F1500 X122.31 Y124.328 E70.00533
G0 F9000 X122.31 Y124.895
G1 F1500 X124.9 Y122.305 E70.07843
G0 F9000 X125.466 Y122.304
G1 F1500 X122.31 Y125.461 E70.16751
G0 F9000 X122.747 Y125.589
G1 F1500 X126.033 Y122.303 E70.26025
G0 F9000 X126.599 Y122.303
G1 F1500 X123.313 Y125.589 E70.35299
G0 F9000 X123.879 Y125.589
G1 F1500 X127.165 Y122.302 E70.44574
G0 F9000 X127.747 Y122.286
G1 F1500 X124.444 Y125.589 E70.53896
G0 F9000 X125.01 Y125.589
G1 F1500 X128.298 Y122.3 E70.63176
G0 F9000 X128.86 Y122.305
G1 F1500 X125.576 Y125.589 E70.72445
G0 F9000 X126.141 Y125.589
G1 F1500 X129.429 Y122.301 E70.81724
G0 F9000 X129.994 Y122.302
G1 F1500 X126.707 Y125.589 E70.91001
G0 F9000 X127.273 Y125.589
G1 F1500 X130.558 Y122.303 E71.00273
G0 F9000 X131.122 Y122.305
G1 F1500 X127.839 Y125.589 E71.0954
G0 F9000 X128.404 Y125.589
G1 F1500 X131.686 Y122.307 E71.18802
G0 F9000 X132.25 Y122.308
G1 F1500 X128.97 Y125.589 E71.28061
G0 F9000 X129.536 Y125.589
G1 F1500 X132.814 Y122.31 E71.37313
G0 F9000 X133.379 Y122.311
G1 F1500 X130.101 Y125.589 E71.46564
G0 F9000 X130.667 Y125.589
G1 F1500 X133.684 Y122.571 E71.55081
G0 F9000 X133.684 Y123.137
G1 F1500 X131.233 Y125.589 E71.61999
G0 F9000 X131.798 Y125.589
G1 F1500 X133.684 Y123.703 E71.67322
G0 F9000 X133.684 Y124.268
G1 F1500 X132.364 Y125.589 E71.71049
G0 F9000 X132.93 Y125.589
G1 F1500 X133.684 Y124.834 E71.73178
G0 F9000 X133.684 Y125.4
G1 F1500 X133.495 Y125.589 E71.73711
G1 F2700 E66.73711
G0 F9000 X133.495 Y126.048
G0 X126.778 Y126.718
G0 X126.778 Y127.813
G0 X126.778 Y128.185
G0 X126.778 Y129.28
G0 X121.92 Y130.02
G0 X121.91 Y133.722
G0 X122.033 Y133.976
G0 X126.778 Y134.248
;TYPE:WALL-INNER
G1 F2700 E71.73711
G1 F1500 X127.605 Y134.248 E71.75362
G1 X127.847 Y134.312 E71.75861
G1 X128 Y134.394 E71.76208
G1 X128.153 Y134.312 E71.76554
G1 X128.395 Y134.248 E71.77054
G1 X133.735 Y134.248 E71.8771
G1 X133.869 Y134.221 E71.87983
G1 X134.135 Y134.03 E71.88637
G1 X134.248 Y133.725 E71.89286
G1 X134.248 Y129.848 E71.97023
G1 X121.748 Y129.848 E72.21968
G1 X121.749 Y133.741 E72.29737
G1 X121.797 Y133.913 E72.30093
G1 X121.93 Y134.104 E72.30557
G1 X122.177 Y134.248 E72.31128
G1 X126.778 Y134.248 E72.4031
G0 F9000 X126.699 Y134.648
G1 F1500 X127.56 Y134.648 E72.42028
G1 X127.705 Y134.686 E72.42327
G1 X127.953 Y134.835 E72.42904
G1 X128.073 Y134.821 E72.43146
G1 X128.295 Y134.686 E72.43664
G1 X128.44 Y134.648 E72.43963
G1 X133.775 Y134.648 E72.5461
G1 X134.014 Y134.599 E72.55097
G1 X134.279 Y134.444 E72.55709
G1 X134.455 Y134.279 E72.56191
G1 X134.57 Y134.068 E72.5667
G1 X134.648 Y133.777 E72.57272
G1 X134.648 Y129.448 E72.65911
G1 X121.348 Y129.448 E72.92452
G1 X121.349 Y133.795 E73.01127
G1 X121.424 Y134.064 E73.01684
G1 X121.665 Y134.412 E73.02529
G1 X121.992 Y134.603 E73.03285
G1 X122.216 Y134.648 E73.03741
G1 X126.699 Y134.648 E73.12687
G0 F9000 X126.621 Y135.05
;TYPE:WALL-OUTER
G1 F1500 X127.549 Y135.051 E73.14539
G1 X127.754 Y135.186 E73.15029
G1 X127.906 Y135.235 E73.15348
G1 X128.108 Y135.232 E73.15751
G1 X128.452 Y135.05 E73.16527
G1 X133.815 Y135.048 E73.2723
G1 X134.159 Y134.978 E73.2793
G1 X134.519 Y134.766 E73.28764
G1 X134.775 Y134.527 E73.29463
G1 X134.944 Y134.217 E73.30168
G1 X135.048 Y133.829 E73.30969
G1 X135.048 Y129.048 E73.4051
G1 X120.948 Y129.048 E73.68648
G1 X120.949 Y133.849 E73.78229
G1 X121.051 Y134.216 E73.78989
G1 X121.175 Y134.444 E73.79507
G1 X121.401 Y134.721 E73.80221
G1 X121.848 Y134.982 E73.81254
G1 X122.176 Y135.048 E73.81921
G1 X126.621 Y135.05 E73.90792
G0 F9000 X126.621 Y134.338
G0 X126.847 Y134.148
G0 X126.847 Y133.893
;TYPE:SKIN
G1 F1500 X122.274 Y133.888 E73.99918
G1 X122.183 Y133.834 E74.00129
G1 X122.108 Y133.675 E74.0048
G1 X122.108 Y130.208 E74.07399
G1 X133.888 Y130.208 E74.30907
G1 X133.888 Y133.672 E74.3782
G1 X133.841 Y133.801 E74.38094
G1 X133.719 Y133.888 E74.38393
G1 X128.341 Y133.891 E74.49125
G1 X128.002 Y133.984 E74.49826
G1 X127.672 Y133.894 E74.50509
G1 X126.847 Y133.893 E74.52155
G0 F9000 X126.847 Y134.148
G0 X122.221 Y134.086
G0 X121.91 Y133.722
G0 X121.92 Y130.02
G0 X122.453 Y129.948
G0 X122.453 Y130.408
G1 F1500 X122.308 Y130.554 E74.52566
G0 F9000 X122.308 Y131.12
G1 F1500 X123.019 Y130.408 E74.54574
G0 F9000 X123.585 Y130.408
G1 F1500 X122.308 Y131.685 E74.58178
G0 F9000 X122.308 Y132.251
G1 F1500 X124.15 Y130.408 E74.63378
G0 F9000 X124.716 Y130.408
G1 F1500 X122.308 Y132.817 E74.70175
G0 F9000 X122.308 Y133.382
G1 F1500 X125.282 Y130.408 E74.78569
G0 F9000 X125.847 Y130.408
G1 F1500 X122.566 Y133.689 E74.87828
G0 F9000 X123.131 Y133.69
G1 F1500 X126.413 Y130.408 E74.97091
G0 F9000 X126.979 Y130.408
G1 F1500 X123.696 Y133.691 E75.06356
G0 F9000 X124.262 Y133.691
G1 F1500 X127.544 Y130.408 E75.1562
G0 F9000 X128.11 Y130.408
G1 F1500 X124.827 Y133.691 E75.24885
G0 F9000 X125.392 Y133.692
G1 F1500 X128.676 Y130.408 E75.34154
G0 F9000 X129.241 Y130.408
G1 F1500 X125.957 Y133.693 E75.43423
G0 F9000 X126.522 Y133.693
G1 F1500 X129.807 Y130.408 E75.52694
G0 F9000 X130.373 Y130.408
G1 F1500 X127.087 Y133.694 E75.61968
G0 F9000 X127.653 Y133.694
G1 F1500 X130.938 Y130.408 E75.7124
G0 F9000 X131.504 Y130.408
G1 F1500 X128.188 Y133.724 E75.80599
G0 F9000 X128.784 Y133.694
G1 F1500 X132.07 Y130.408 E75.89873
G0 F9000 X132.636 Y130.408
G1 F1500 X129.35 Y133.693 E75.99145
G0 F9000 X129.917 Y133.693
G1 F1500 X133.201 Y130.408 E76.08414
G0 F9000 X133.688 Y130.487
G1 F1500 X130.483 Y133.692 E76.1746
G0 F9000 X131.05 Y133.691
G1 F1500 X133.688 Y131.053 E76.24905
G0 F9000 X133.688 Y131.619
G1 F1500 X131.616 Y133.691 E76.30752
G0 F9000 X132.182 Y133.69
G1 F1500 X133.688 Y132.184 E76.35003
G0 F9000 X133.688 Y132.75
G1 F1500 X132.749 Y133.689 E76.37653
G0 F9000 X133.315 Y133.688
G1 F1500 X133.688 Y133.316 E76.38704
G1 F2700 E71.38704
;MESH:NONMESH
G0 F300 Z0.92
G0 F9000 X134.148 Y133.316
G0 X134.076 Y130.02
G0 X121.749 Y129.28
G0 X121.749 Y128.185
G0 X121.749 Y127.813
G0 X121.749 Y126.718
G0 X121.749 Y126.148
;TIME_ELAPSED:194.287908
;LAYER:6
;TYPE:WALL-INNER
;MESH:cockpit-door-lens-pp.3mf
G1 F2700 E76.38704
G1 F1500 X134.246 Y126.148 E76.63643
G1 X134.24 Y122.255 E76.71412
G1 X134.138 Y121.969 E76.72018
G1 X134.009 Y121.85 E76.72368
G1 X133.791 Y121.752 E76.72845
G1 X128.389 Y121.749 E76.83625
G1 X128 Y121.617 E76.84445
G1 X127.615 Y121.748 E76.85257
G1 X122.308 Y121.748 E76.95847
G1 X122.086 Y121.789 E76.96298
G1 X121.935 Y121.882 E76.96652
G1 X121.791 Y122.086 E76.9715
G1 X121.752 Y122.222 E76.97432
G1 X121.749 Y126.148 E77.05267
G0 F9000 X121.349 Y126.548
G1 F1500 X134.647 Y126.548 E77.31805
G1 X134.64 Y122.206 E77.4047
G1 X134.572 Y121.93 E77.41037
G1 X134.459 Y121.721 E77.41511
G1 X134.25 Y121.528 E77.42079
G1 X133.931 Y121.38 E77.42781
G1 X133.753 Y121.352 E77.4314
G1 X128.362 Y121.349 E77.53899
G1 X127.991 Y121.152 E77.54737
G1 X127.7 Y121.316 E77.55403
G1 X127.568 Y121.348 E77.55675
G1 X122.272 Y121.348 E77.66243
G1 X121.94 Y121.41 E77.66917
G1 X121.67 Y121.576 E77.6755
G1 X121.443 Y121.848 E77.68257
G1 X121.352 Y122.165 E77.68915
G1 X121.349 Y126.548 E77.77662
G0 F9000 X120.949 Y126.948
;TYPE:WALL-OUTER
G1 F1500 X135.047 Y126.948 E78.05796
G1 X135.04 Y122.157 E78.15357
G1 X134.948 Y121.785 E78.16121
G1 X134.779 Y121.473 E78.1683
G1 X134.413 Y121.133 E78.17826
G1 X134.033 Y120.991 E78.18636
G1 X133.784 Y120.952 E78.19139
G1 X128.449 Y120.949 E78.29786
G1 X128.152 Y120.781 E78.30467
G1 X128.019 Y120.76 E78.30735
G1 X127.754 Y120.819 E78.31277
G1 X127.535 Y120.946 E78.31782
G1 X122.235 Y120.948 E78.42359
G1 X121.794 Y121.03 E78.43254
G1 X121.405 Y121.27 E78.44166
G1 X121.175 Y121.546 E78.44883
G1 X121.047 Y121.781 E78.45417
G1 X120.952 Y122.109 E78.46099
G1 X120.949 Y126.948 E78.55755
G1 F2700 E73.55755
G0 F9000 X121.231 Y126.668
G0 X121.851 Y125.787
G0 X122.109 Y125.788
;TYPE:SKIN
G1 F2700 E78.55755
G1 F1500 X122.112 Y122.291 E78.62734
G1 X122.179 Y122.166 E78.63017
G1 X122.353 Y122.108 E78.63383
G1 X127.659 Y122.105 E78.73972
G1 X127.998 Y122.023 E78.74668
G1 X128.324 Y122.102 E78.75337
G1 X133.686 Y122.112 E78.86038
G1 X133.836 Y122.184 E78.8637
G1 X133.88 Y122.31 E78.86636
G1 X133.883 Y125.788 E78.93577
G1 X122.109 Y125.788 E79.17073
G0 F9000 X122.759 Y125.588
G1 F1500 X122.31 Y125.138 E79.18342
G0 F9000 X122.312 Y124.575
G1 F1500 X123.325 Y125.588 E79.21201
G0 F9000 X123.891 Y125.588
G1 F1500 X122.313 Y124.01 E79.25654
G0 F9000 X122.315 Y123.446
G1 F1500 X124.456 Y125.588 E79.31698
G0 F9000 X125.022 Y125.588
G1 F1500 X122.316 Y122.882 E79.39335
G0 F9000 X122.317 Y122.317
G1 F1500 X125.588 Y125.588 E79.48566
G0 F9000 X126.154 Y125.588
G1 F1500 X122.874 Y122.308 E79.57823
G0 F9000 X123.439 Y122.308
G1 F1500 X126.719 Y125.588 E79.6708
G0 F9000 X127.285 Y125.588
G1 F1500 X124.004 Y122.307 E79.7634
G0 F9000 X124.569 Y122.306
G1 F1500 X127.851 Y125.588 E79.85602
G0 F9000 X128.416 Y125.588
G1 F1500 X125.134 Y122.305 E79.94866
G0 F9000 X125.699 Y122.305
G1 F1500 X128.982 Y125.588 E80.04131
G0 F9000 X129.548 Y125.588
G1 F1500 X126.264 Y122.304 E80.134
G0 F9000 X126.829 Y122.303
G1 F1500 X130.113 Y125.588 E80.22669
G0 F9000 X130.679 Y125.588
G1 F1500 X127.394 Y122.303 E80.3194
G0 F9000 X127.907 Y122.25
G1 F1500 X131.245 Y125.588 E80.41361
G0 F9000 X131.81 Y125.588
G1 F1500 X128.525 Y122.303 E80.50632
G0 F9000 X129.092 Y122.304
G1 F1500 X132.376 Y125.588 E80.599
G0 F9000 X132.942 Y125.588
G1 F1500 X129.659 Y122.305 E80.69165
G0 F9000 X130.226 Y122.307
G1 F1500 X133.507 Y125.588 E80.78425
G0 F9000 X133.683 Y125.197
G1 F1500 X130.793 Y122.308 E80.8658
G0 F9000 X131.36 Y122.309
G1 F1500 X133.682 Y124.631 E80.93133
G0 F9000 X133.682 Y124.065
G1 F1500 X131.927 Y122.31 E80.98086
G0 F9000 X132.494 Y122.312
G1 F1500 X133.681 Y123.499 E81.01436
G0 F9000 X133.681 Y122.933
G1 F1500 X133.061 Y122.313 E81.03186
G1 F2700 E76.03186
G0 F9000 X133.062 Y121.852
G0 X133.88 Y121.96
G0 X134.079 Y122.274
G0 X134.074 Y125.976
G0 X126.778 Y126.718
G0 X126.778 Y127.813
G0 X126.778 Y128.185
G0 X126.778 Y129.28
G0 X121.92 Y130.02
G0 X121.91 Y133.797
G0 X122.173 Y134.062
G0 X126.778 Y134.248
;TYPE:WALL-INNER
G1 F2700 E81.03186
G1 F1500 X127.606 Y134.248 E81.04838
G1 X127.998 Y134.376 E81.05661
G1 X128.39 Y134.248 E81.06484
G1 X133.736 Y134.248 E81.17152
G1 X133.881 Y134.218 E81.17448
G1 X134.044 Y134.117 E81.1783
G1 X134.211 Y133.891 E81.18391
G1 X134.248 Y133.74 E81.18701
G1 X134.248 Y129.848 E81.26468
G1 X121.748 Y129.848 E81.51413
G1 X121.748 Y133.738 E81.59176
G1 X121.778 Y133.882 E81.5947
G1 X121.901 Y134.071 E81.5992
G1 X122.127 Y134.221 E81.60461
G1 X122.257 Y134.248 E81.60726
G1 X126.778 Y134.248 E81.69748
G0 F9000 X126.699 Y134.648
G1 F1500 X127.634 Y134.648 E81.71614
G1 X127.96 Y134.819 E81.72349
G1 X128.039 Y134.825 E81.72507
G1 X128.359 Y134.648 E81.73237
G1 X133.776 Y134.648 E81.84047
G1 X134.015 Y134.6 E81.84533
G1 X134.314 Y134.416 E81.85234
G1 X134.565 Y134.127 E81.85998
G1 X134.648 Y133.788 E81.86694
G1 X134.648 Y129.448 E81.95355
G1 X121.348 Y129.448 E82.21897
G1 X121.348 Y133.779 E82.3054
G1 X121.397 Y134.014 E82.31019
G1 X121.611 Y134.353 E82.31819
G1 X121.99 Y134.601 E82.32723
G1 X122.217 Y134.648 E82.33186
G1 X126.699 Y134.648 E82.4213
G0 F9000 X126.62 Y135.052
;TYPE:WALL-OUTER
G1 F1500 X127.563 Y135.053 E82.44012
G1 X127.84 Y135.211 E82.44648
G1 X128.146 Y135.233 E82.4526
G1 X128.465 Y135.05 E82.45994
G1 X133.816 Y135.048 E82.56673
G1 X134.231 Y134.964 E82.57518
G1 X134.584 Y134.714 E82.58381
G1 X134.822 Y134.441 E82.59104
G1 X134.963 Y134.183 E82.5969
G1 X135.048 Y133.836 E82.60403
G1 X135.048 Y129.048 E82.69958
G1 X120.948 Y129.048 E82.98096
G1 X120.948 Y133.819 E83.07617
G1 X121.034 Y134.239 E83.08473
G1 X121.321 Y134.635 E83.09449
G1 X121.585 Y134.839 E83.10115
G1 X121.853 Y134.981 E83.1072
G1 X122.177 Y135.048 E83.1138
G1 X126.62 Y135.052 E83.20247
G0 F9000 X126.62 Y134.338
G0 X126.848 Y134.148
G0 X126.848 Y133.891
;TYPE:SKIN
G1 F1500 X122.268 Y133.888 E83.29387
G1 X122.109 Y133.734 E83.29828
G1 X122.108 Y130.208 E83.36865
G1 X133.888 Y130.208 E83.60373
G1 X133.888 Y133.728 E83.67398
G1 X133.733 Y133.888 E83.67842
G1 X128.337 Y133.891 E83.78611
G1 X127.987 Y133.971 E83.79327
G1 X127.657 Y133.891 E83.80005
G1 X126.848 Y133.891 E83.81619
G0 F9000 X126.848 Y134.148
G0 X122.209 Y134.086
G0 X121.848 Y133.622
G0 X122.308 Y133.622
G1 F1500 X122.374 Y133.688 E83.81805
G0 F9000 X122.94 Y133.688
G1 F1500 X122.308 Y133.056 E83.83589
G0 F9000 X122.308 Y132.491
G1 F1500 X123.507 Y133.689 E83.86971
G0 F9000 X124.072 Y133.689
G1 F1500 X122.308 Y131.924 E83.91951
G0 F9000 X122.308 Y131.359
G1 F1500 X124.639 Y133.69 E83.9853
G0 F9000 X125.205 Y133.691
G1 F1500 X122.308 Y130.793 E84.06707
G0 F9000 X122.489 Y130.408
G1 F1500 X125.772 Y133.691 E84.15973
G0 F9000 X126.338 Y133.692
G1 F1500 X123.054 Y130.408 E84.25241
G0 F9000 X123.62 Y130.408
G1 F1500 X126.904 Y133.693 E84.3451
G0 F9000 X127.471 Y133.693
G1 F1500 X124.186 Y130.408 E84.43781
G0 F9000 X124.751 Y130.408
G1 F1500 X128.088 Y133.745 E84.53199
G0 F9000 X128.602 Y133.693
G1 F1500 X125.317 Y130.408 E84.6247
G0 F9000 X125.883 Y130.408
G1 F1500 X129.167 Y133.693 E84.7174
G0 F9000 X129.732 Y133.692
G1 F1500 X126.448 Y130.408 E84.81008
G0 F9000 X127.014 Y130.408
G1 F1500 X130.297 Y133.691 E84.90273
G0 F9000 X130.862 Y133.691
G1 F1500 X127.58 Y130.408 E84.99537
G0 F9000 X128.145 Y130.408
G1 F1500 X131.427 Y133.69 E85.08799
G0 F9000 X131.992 Y133.689
G1 F1500 X128.711 Y130.408 E85.18059
G0 F9000 X129.277 Y130.408
G1 F1500 X132.557 Y133.688 E85.27316
G0 F9000 X133.122 Y133.688
G1 F1500 X129.842 Y130.408 E85.36573
G0 F9000 X130.408 Y130.408
G1 F1500 X133.688 Y133.688 E85.4583
G0 F9000 X133.688 Y133.122
G1 F1500 X130.974 Y130.408 E85.53489
G0 F9000 X131.54 Y130.408
G1 F1500 X133.688 Y132.556 E85.59551
G0 F9000 X133.688 Y131.991
G1 F1500 X132.105 Y130.408 E85.64019
G0 F9000 X132.671 Y130.408
G1 F1500 X133.688 Y131.425 E85.66889
G0 F9000 X133.688 Y130.859
G1 F1500 X133.237 Y130.408 E85.68162
G1 F2700 E80.68162
;MESH:NONMESH
G0 F300 Z1.04
G0 F9000 X133.237 Y129.948
G0 X121.749 Y129.28
G0 X121.749 Y128.185
G0 X121.749 Y127.813
G0 X121.749 Y126.718
G0 X121.749 Y126.148
;TIME_ELAPSED:220.954487
;LAYER:7
;TYPE:WALL-INNER
;MESH:cockpit-door-lens-pp.3mf
G1 F2700 E85.68162
G1 F1500 X134.244 Y126.148 E85.93097
G1 X134.244 Y122.258 E86.0086
G1 X134.207 Y122.095 E86.01194
G1 X134.067 Y121.894 E86.01682
G1 X133.781 Y121.752 E86.0232
G1 X128.373 Y121.749 E86.13112
G1 X128.006 Y121.635 E86.13879
G1 X127.644 Y121.748 E86.14636
G1 X122.313 Y121.748 E86.25274
G1 X122.085 Y121.79 E86.25737
G1 X121.935 Y121.881 E86.26087
G1 X121.845 Y121.99 E86.26369
G1 X121.752 Y122.227 E86.26877
G1 X121.749 Y126.148 E86.34702
G0 F9000 X121.349 Y126.548
G1 F1500 X134.644 Y126.548 E86.61233
G1 X134.644 Y122.213 E86.69884
G1 X134.585 Y121.955 E86.70413
G1 X134.33 Y121.585 E86.71309
G1 X134.04 Y121.413 E86.71982
G1 X133.841 Y121.352 E86.72398
G1 X128.349 Y121.349 E86.83357
G1 X128.012 Y121.192 E86.84099
G1 X127.631 Y121.342 E86.84917
G1 X122.276 Y121.348 E86.95603
G1 X121.941 Y121.41 E86.96283
G1 X121.67 Y121.573 E86.96914
G1 X121.51 Y121.767 E86.97416
G1 X121.352 Y122.168 E86.98276
G1 X121.349 Y126.548 E87.07017
G0 F9000 X120.949 Y126.948
;TYPE:WALL-OUTER
G1 F1500 X135.044 Y126.948 E87.35145
G1 X135.044 Y122.167 E87.44686
G1 X134.963 Y121.815 E87.45407
G1 X134.825 Y121.552 E87.45999
G1 X134.592 Y121.275 E87.46722
G1 X134.202 Y121.045 E87.47625
G1 X133.901 Y120.952 E87.48254
G1 X128.428 Y120.949 E87.59176
G1 X128.126 Y120.803 E87.59845
G1 X127.831 Y120.815 E87.60434
G1 X127.588 Y120.948 E87.60987
G1 X122.239 Y120.948 E87.71662
G1 X121.797 Y121.03 E87.72559
G1 X121.405 Y121.266 E87.73472
G1 X121.176 Y121.544 E87.74191
G1 X121.051 Y121.781 E87.74725
G1 X120.952 Y122.11 E87.75411
G1 X120.949 Y126.948 E87.85066
G1 F2700 E82.85066
G0 F9000 X121.231 Y126.668
G0 X121.851 Y125.787
G0 X122.109 Y125.788
;TYPE:SKIN
G1 F2700 E87.85066
G1 F1500 X122.112 Y122.294 E87.92039
G1 X122.179 Y122.165 E87.92329
G1 X122.356 Y122.108 E87.927
G1 X127.701 Y122.106 E88.03366
G1 X128.005 Y122.017 E88.03998
G1 X128.311 Y122.106 E88.04634
G1 X133.711 Y122.112 E88.15411
G1 X133.884 Y122.253 E88.15856
G1 X133.884 Y125.788 E88.2291
G1 X122.109 Y125.788 E88.46409
G0 F9000 X121.851 Y125.787
G0 X121.914 Y122.247
G0 X122.634 Y121.848
G0 X122.634 Y122.308
G1 F1500 X122.317 Y122.624 E88.47302
G0 F9000 X122.316 Y123.191
G1 F1500 X123.199 Y122.308 E88.49794
G0 F9000 X123.765 Y122.308
G1 F1500 X122.315 Y123.759 E88.53888
G0 F9000 X122.313 Y124.326
G1 F1500 X124.331 Y122.308 E88.59583
G0 F9000 X124.896 Y122.308
G1 F1500 X122.311 Y124.893 E88.66878
G0 F9000 X122.31 Y125.461
G1 F1500 X125.462 Y122.308 E88.75775
G0 F9000 X126.028 Y122.308
G1 F1500 X122.747 Y125.589 E88.85035
G0 F9000 X123.313 Y125.589
G1 F1500 X126.593 Y122.308 E88.94293
G0 F9000 X127.159 Y122.308
G1 F1500 X123.879 Y125.589 E89.03552
G0 F9000 X124.444 Y125.589
G1 F1500 X127.725 Y122.308 E89.12811
G0 F9000 X128.291 Y122.308
G1 F1500 X125.01 Y125.589 E89.22071
G0 F9000 X125.576 Y125.589
G1 F1500 X128.857 Y122.308 E89.31331
G0 F9000 X129.422 Y122.308
G1 F1500 X126.141 Y125.589 E89.4059
G0 F9000 X126.707 Y125.589
G1 F1500 X129.987 Y122.309 E89.49847
G0 F9000 X130.552 Y122.309
G1 F1500 X127.273 Y125.589 E89.59103
G0 F9000 X127.839 Y125.589
G1 F1500 X131.117 Y122.31 E89.68355
G0 F9000 X131.682 Y122.31
G1 F1500 X128.404 Y125.589 E89.77608
G0 F9000 X128.97 Y125.589
G1 F1500 X132.247 Y122.311 E89.86858
G0 F9000 X132.813 Y122.311
G1 F1500 X129.536 Y125.589 E89.96108
G0 F9000 X130.101 Y125.589
G1 F1500 X133.378 Y122.312 E90.05356
G0 F9000 X133.684 Y122.571
G1 F1500 X130.667 Y125.589 E90.13872
G0 F9000 X131.233 Y125.589
G1 F1500 X133.684 Y123.137 E90.20791
G0 F9000 X133.684 Y123.703
G1 F1500 X131.798 Y125.589 E90.26113
G0 F9000 X132.364 Y125.589
G1 F1500 X133.684 Y124.268 E90.2984
G0 F9000 X133.684 Y124.834
G1 F1500 X132.93 Y125.589 E90.31969
G0 F9000 X133.495 Y125.589
G1 F1500 X133.684 Y125.4 E90.32503
G1 F2700 E85.32503
G0 F9000 X134.144 Y125.4
G0 X134.072 Y125.976
G0 X126.778 Y126.718
G0 X126.778 Y127.813
G0 X126.778 Y128.185
G0 X126.778 Y129.28
G0 X121.92 Y130.02
G0 X121.911 Y133.802
G0 X122.189 Y134.067
G0 X126.778 Y134.248
;TYPE:WALL-INNER
G1 F2700 E90.32503
G1 F1500 X127.646 Y134.248 E90.34235
G1 X127.999 Y134.357 E90.34972
G1 X128.349 Y134.248 E90.35704
G1 X133.792 Y134.244 E90.46566
G1 X134.04 Y134.118 E90.47121
G1 X134.2 Y133.909 E90.47646
G1 X134.248 Y133.735 E90.48007
G1 X134.248 Y129.848 E90.55763
G1 X121.748 Y129.848 E90.80709
G1 X121.748 Y133.74 E90.88475
G1 X121.778 Y133.882 E90.88765
G1 X121.882 Y134.05 E90.89159
G1 X122.172 Y134.248 E90.8986
G1 X126.778 Y134.248 E90.99052
G0 F9000 X126.699 Y134.652
G1 F1500 X127.673 Y134.653 E91.00996
G1 X128 Y134.8 E91.01711
G1 X128.367 Y134.653 E91.025
G1 X133.743 Y134.644 E91.13228
G1 X133.936 Y134.614 E91.13618
G1 X134.253 Y134.481 E91.14304
G1 X134.551 Y134.143 E91.15204
G1 X134.648 Y133.788 E91.15938
G1 X134.648 Y129.448 E91.24599
G1 X121.348 Y129.448 E91.5114
G1 X121.348 Y133.781 E91.59787
G1 X121.397 Y134.012 E91.60259
G1 X121.581 Y134.316 E91.60968
G1 X121.716 Y134.442 E91.61336
G1 X121.992 Y134.603 E91.61974
G1 X122.216 Y134.648 E91.6243
G1 X126.699 Y134.652 E91.71376
G0 F9000 X126.621 Y135.05
;TYPE:WALL-OUTER
G1 F1500 X127.579 Y135.05 E91.73288
G1 X127.907 Y135.198 E91.74006
G1 X128.22 Y135.157 E91.74636
G1 X128.423 Y135.049 E91.75095
G1 X133.773 Y135.044 E91.85771
G1 X134.045 Y135.002 E91.86321
G1 X134.373 Y134.864 E91.87031
G1 X134.58 Y134.714 E91.87541
G1 X134.823 Y134.44 E91.88272
G1 X134.948 Y134.209 E91.88796
G1 X135.048 Y133.841 E91.89557
G1 X135.048 Y129.048 E91.99122
G1 X120.948 Y129.048 E92.2726
G1 X120.948 Y133.823 E92.36789
G1 X121.015 Y134.142 E92.3744
G1 X121.125 Y134.369 E92.37943
G1 X121.279 Y134.582 E92.38467
G1 X121.476 Y134.766 E92.39005
G1 X121.848 Y134.982 E92.39864
G1 X122.176 Y135.048 E92.40532
G1 X126.621 Y135.05 E92.49402
G0 F9000 X126.621 Y134.338
G0 X126.848 Y134.148
G0 X126.848 Y133.89
;TYPE:SKIN
G1 F1500 X122.272 Y133.888 E92.58534
G1 X122.108 Y133.732 E92.58986
G1 X122.108 Y130.208 E92.66018
G1 X133.888 Y130.208 E92.89526
G1 X133.888 Y133.682 E92.96459
G1 X133.856 Y133.775 E92.96655
G1 X133.711 Y133.883 E92.97016
G1 X128.291 Y133.89 E93.07832
G1 X127.995 Y133.972 E93.08445
G1 X127.689 Y133.89 E93.09078
G1 X126.848 Y133.89 E93.10756
G0 F9000 X126.848 Y134.148
G0 X122.221 Y134.086
G0 X121.938 Y133.837
G0 X121.848 Y130.553
G0 X122.308 Y130.553
G1 F1500 X122.453 Y130.408 E93.11165
G0 F9000 X123.019 Y130.408
G1 F1500 X122.308 Y131.119 E93.13172
G0 F9000 X122.308 Y131.684
G1 F1500 X123.585 Y130.408 E93.16774
G0 F9000 X124.15 Y130.408
G1 F1500 X122.308 Y132.25 E93.21973
G0 F9000 X122.308 Y132.816
G1 F1500 X124.716 Y130.408 E93.28769
G0 F9000 X125.282 Y130.408
G1 F1500 X122.308 Y133.382 E93.37162
G0 F9000 X122.566 Y133.689
G1 F1500 X125.847 Y130.408 E93.46422
G0 F9000 X126.413 Y130.408
G1 F1500 X123.132 Y133.689 E93.55681
G0 F9000 X123.697 Y133.69
G1 F1500 X126.979 Y130.408 E93.64944
G0 F9000 X127.544 Y130.408
G1 F1500 X124.262 Y133.691 E93.74208
G0 F9000 X124.828 Y133.691
G1 F1500 X128.11 Y130.408 E93.83472
G0 F9000 X128.676 Y130.408
G1 F1500 X125.393 Y133.691 E93.92737
G0 F9000 X125.958 Y133.692
G1 F1500 X129.241 Y130.408 E94.02004
G0 F9000 X129.807 Y130.408
G1 F1500 X126.523 Y133.692 E94.11272
G0 F9000 X127.088 Y133.693
G1 F1500 X130.373 Y130.408 E94.20543
G0 F9000 X130.938 Y130.408
G1 F1500 X127.654 Y133.693 E94.29812
G0 F9000 X128.205 Y133.708
G1 F1500 X131.504 Y130.408 E94.39124
G0 F9000 X132.07 Y130.408
G1 F1500 X128.786 Y133.692 E94.48393
G0 F9000 X129.352 Y133.691
G1 F1500 X132.636 Y130.408 E94.57659
G0 F9000 X133.201 Y130.408
G1 F1500 X129.92 Y133.69 E94.6692
G0 F9000 X130.486 Y133.689
G1 F1500 X133.688 Y130.487 E94.75957
G0 F9000 X133.688 Y131.053
G1 F1500 X131.053 Y133.688 E94.83394
G0 F9000 X131.619 Y133.687
G1 F1500 X133.688 Y131.619 E94.89231
G0 F9000 X133.688 Y132.184
G1 F1500 X132.187 Y133.686 E94.93469
G0 F9000 X132.753 Y133.685
G1 F1500 X133.688 Y132.75 E94.96108
G0 F9000 X133.688 Y133.316
G1 F1500 X133.32 Y133.683 E94.97145
G1 F2700 E89.97145
;MESH:NONMESH
G0 F300 Z1.16
G0 F9000 X133.32 Y134.145
G0 X133.903 Y134.018
G0 X134.087 Y133.715
G0 X134.076 Y130.02
G0 X121.749 Y129.28
G0 X121.749 Y128.185
G0 X121.749 Y127.813
G0 X121.749 Y126.718
G0 X121.749 Y126.148
;TIME_ELAPSED:248.029799
;LAYER:8
;TYPE:WALL-INNER
;MESH:cockpit-door-lens-pp.3mf
G1 F2700 E94.97145
G1 F1500 X134.244 Y126.148 E95.2208
G1 X134.244 Y122.253 E95.29853
G1 X134.209 Y122.096 E95.30174
G1 X134.059 Y121.882 E95.30695
G1 X133.76 Y121.752 E95.31346
G1 X128.252 Y121.739 E95.42338
G1 X128.002 Y121.672 E95.42854
G1 X127.744 Y121.748 E95.43391
G1 X122.322 Y121.748 E95.54211
G1 X122.086 Y121.791 E95.5469
G1 X121.845 Y121.99 E95.55314
G1 X121.751 Y122.228 E95.55824
G1 X121.749 Y126.148 E95.63647
G0 F9000 X121.349 Y126.548
G1 F1500 X134.644 Y126.548 E95.90179
G1 X134.644 Y122.21 E95.98836
G1 X134.568 Y121.87 E95.99531
G1 X134.325 Y121.576 E96.00292
G1 X134.127 Y121.455 E96.00755
G1 X133.827 Y121.352 E96.01388
G1 X128.295 Y121.341 E96.12428
G1 X128.007 Y121.245 E96.13034
G1 X127.704 Y121.344 E96.1367
G1 X122.286 Y121.348 E96.24482
G1 X121.942 Y121.411 E96.2518
G1 X121.669 Y121.577 E96.25818
G1 X121.51 Y121.767 E96.26312
G1 X121.352 Y122.169 E96.27174
G1 X121.349 Y126.548 E96.35913
G0 F9000 X120.949 Y126.948
;TYPE:WALL-OUTER
G1 F1500 X135.044 Y126.948 E96.64041
G1 X135.044 Y122.166 E96.73584
G1 X134.966 Y121.815 E96.74301
G1 X134.825 Y121.553 E96.74895
G1 X134.591 Y121.27 E96.75628
G1 X134.298 Y121.091 E96.76313
G1 X133.894 Y120.952 E96.77166
G1 X128.307 Y120.938 E96.88315
G1 X128.01 Y120.839 E96.8894
G1 X127.687 Y120.941 E96.89616
G1 X122.25 Y120.948 E97.00466
G1 X121.797 Y121.031 E97.01385
G1 X121.405 Y121.27 E97.02301
G1 X121.176 Y121.544 E97.03014
G1 X121.051 Y121.784 E97.03554
G1 X120.952 Y122.11 E97.04234
G1 X120.949 Y126.948 E97.13889
G1 F2700 E92.13889
G0 F9000 X121.231 Y126.668
G0 X122.922 Y126.068
;TYPE:FILL
G1 F2700 E97.13889
G1 F3000 X134.164 Y123.056 E97.37115
G0 F9000 X132.945 Y121.83
G1 F3000 X131.809 Y126.068 E97.45871
G0 F9000 X132.884 Y126.068
G1 F3000 X128.642 Y121.825 E97.57844
G1 X128.805 Y121.824
G1 X127.668 Y126.069 E97.66614
G0 F9000 X127.228 Y126.068
G1 F3000 X122.988 Y121.828 E97.7858
G0 F9000 X123.291 Y121.828
G1 F3000 X121.839 Y122.217 E97.8158
G0 F9000 X124.664 Y121.827
G1 F3000 X123.527 Y126.068 E97.90342
G0 F9000 X123.527 Y125.938
G1 F2700 E92.90342
G0 F9000 X126.777 Y126.718
G0 X126.777 Y127.813
G0 X126.777 Y128.185
G0 X126.777 Y129.28
G0 X126.777 Y134.252
;TYPE:WALL-INNER
G1 F2700 E97.90342
G1 F1500 X127.747 Y134.254 E97.92278
G1 X128 Y134.321 E97.928
G1 X128.253 Y134.254 E97.93322
G1 X133.705 Y134.244 E98.04202
G1 X133.938 Y134.194 E98.04678
G1 X134.136 Y134.032 E98.05189
G1 X134.248 Y133.737 E98.05818
G1 X134.248 Y129.848 E98.13579
G1 X121.749 Y129.849 E98.38522
G1 X121.748 Y133.739 E98.46285
G1 X121.776 Y133.875 E98.46562
G1 X121.927 Y134.101 E98.47105
G1 X122.171 Y134.244 E98.47669
G1 X126.777 Y134.252 E98.56861
G0 F9000 X126.699 Y134.65
G1 F1500 X127.701 Y134.651 E98.58861
G1 X127.996 Y134.753 E98.59483
G1 X128.299 Y134.651 E98.60121
G1 X133.737 Y134.644 E98.70974
G1 X134.118 Y134.556 E98.71754
G1 X134.457 Y134.278 E98.72629
G1 X134.574 Y134.064 E98.73116
G1 X134.648 Y133.789 E98.73684
G1 X134.648 Y129.448 E98.82347
G1 X121.349 Y129.449 E99.08886
G1 X121.348 Y133.779 E99.17527
G1 X121.395 Y134.011 E99.18
G1 X121.663 Y134.411 E99.18961
G1 X121.99 Y134.601 E99.19715
G1 X122.209 Y134.644 E99.20161
G1 X126.699 Y134.65 E99.29121
G0 F9000 X126.621 Y135.048
;TYPE:WALL-OUTER
G1 F1500 X127.661 Y135.049 E99.31196
G1 X127.893 Y135.144 E99.31697
G1 X128.159 Y135.128 E99.32228
G1 X128.339 Y135.049 E99.32621
G1 X133.768 Y135.044 E99.43455
G1 X134.045 Y135 E99.44015
G1 X134.298 Y134.918 E99.44545
G1 X134.552 Y134.74 E99.45164
G1 X134.779 Y134.524 E99.4579
G1 X134.948 Y134.213 E99.46496
G1 X135.048 Y133.841 E99.47265
G1 X135.048 Y129.048 E99.5683
G1 X120.949 Y129.049 E99.84966
G1 X120.948 Y133.819 E99.94485
G1 X121.015 Y134.147 E99.95153
G1 X121.172 Y134.444 E99.95823
G1 X121.4 Y134.721 E99.96539
G1 X121.848 Y134.981 E99.97573
G1 X122.171 Y135.044 E99.9823
G1 X126.621 Y135.048 E100.0711
G0 F9000 X126.622 Y134.338
G0 X125.498 Y134.167
;TYPE:FILL
G1 F3000 X126.634 Y129.928 E100.15868
G0 F9000 X125.432 Y129.929
G1 F3000 X129.669 Y134.166 E100.27826
G1 X129.639 Y134.168
G1 X130.775 Y129.928 E100.36586
G0 F9000 X131.088 Y129.929
G1 F3000 X134.168 Y133.008 E100.45277
G0 F9000 X134.168 Y132.721
G1 F3000 X133.786 Y134.148 E100.48225
G0 F9000 X134.167 Y131.337
G1 F3000 X123.613 Y134.165 E100.70029
G0 F9000 X124.01 Y134.164
G1 F3000 X121.828 Y131.982 E100.76187
G0 F9000 X121.829 Y132.407
G1 F3000 X122.493 Y129.929 E100.81307
G0 F9000 X121.83 Y130.502
G1 F3000 X123.97 Y129.928 E100.85728
G0 F9000 X123.97 Y130.06
G1 F2700 E95.85728
;MESH:NONMESH
G0 F300 Z1.28
G0 F9000 X121.749 Y129.28
G0 X121.749 Y128.185
G0 X121.749 Y127.813
G0 X121.749 Y126.718
G0 X121.749 Y126.148
;TIME_ELAPSED:262.969020
;LAYER:9
;TYPE:WALL-INNER
;MESH:cockpit-door-lens-pp.3mf
G1 F2700 E100.85728
G1 F1500 X134.244 Y126.148 E101.10664
G1 X134.244 Y122.253 E101.18436
G1 X134.209 Y122.096 E101.18757
G1 X134.059 Y121.882 E101.19279
G1 X133.761 Y121.752 E101.19928
G1 X129.377 Y121.745 E101.28677
G1 X129.277 Y121.737 E101.28877
G1 X128.131 Y121.747 E101.31164
G1 X122.328 Y121.748 E101.42744
G1 X122.082 Y121.791 E101.43243
G1 X121.845 Y121.991 E101.43862
G1 X121.753 Y122.228 E101.44369
G1 X121.749 Y126.148 E101.52192
G0 F9000 X121.349 Y126.548
G1 F1500 X134.644 Y126.548 E101.78723
G1 X134.644 Y122.21 E101.8738
G1 X134.568 Y121.87 E101.88075
G1 X134.325 Y121.576 E101.88837
G1 X134.127 Y121.455 E101.893
G1 X133.828 Y121.352 E101.89931
G1 X129.408 Y121.347 E101.98751
G1 X129.291 Y121.337 E101.98986
G1 X128.143 Y121.347 E102.01277
G1 X122.293 Y121.348 E102.12951
G1 X121.938 Y121.411 E102.13671
G1 X121.67 Y121.576 E102.14299
G1 X121.511 Y121.767 E102.14795
G1 X121.353 Y122.169 E102.15657
G1 X121.349 Y126.548 E102.24395
G0 F9000 X120.949 Y126.948
;TYPE:WALL-OUTER
G1 F1500 X135.044 Y126.948 E102.52523
G1 X135.044 Y122.166 E102.62066
G1 X134.966 Y121.815 E102.62784
G1 X134.825 Y121.553 E102.63378
G1 X134.591 Y121.27 E102.64111
G1 X134.298 Y121.091 E102.64796
G1 X133.894 Y120.952 E102.65648
G1 X129.44 Y120.948 E102.74537
G1 X129.305 Y120.937 E102.74807
G1 X128.175 Y120.948 E102.77062
G1 X128.054 Y120.919 E102.77311
G1 X127.817 Y120.948 E102.77787
G1 X122.258 Y120.948 E102.88881
G1 X121.793 Y121.031 E102.89823
G1 X121.405 Y121.27 E102.90733
G1 X121.176 Y121.544 E102.91445
G1 X121.051 Y121.784 E102.91985
G1 X120.953 Y122.11 E102.92665
G1 X120.949 Y126.948 E103.02319
G1 F2700 E98.02319
G0 F9000 X121.231 Y126.668
G0 X123.251 Y126.068
;TYPE:FILL
G1 F2700 E103.02319
G1 F3000 X134.164 Y123.144 E103.24866
G0 F9000 X132.857 Y121.83
G1 F3000 X131.721 Y126.069 E103.33624
G0 F9000 X133.005 Y126.068
G1 F3000 X128.756 Y121.819 E103.45615
G1 X128.719 Y121.818
G1 X127.58 Y126.068 E103.54396
G0 F9000 X127.348 Y126.068
G1 F3000 X123.107 Y121.827 E103.66365
G0 F9000 X123.626 Y121.826
G1 F3000 X121.834 Y122.307 E103.70067
G0 F9000 X124.577 Y121.824
G1 F3000 X123.439 Y126.068 E103.78836
G0 F9000 X123.439 Y125.938
G1 F2700 E98.78836
G0 F9000 X126.777 Y126.718
G0 X126.777 Y127.813
G0 X126.777 Y128.185
G0 X126.777 Y129.28
G0 X126.777 Y134.251
;TYPE:WALL-INNER
G1 F2700 E103.78836
G1 F1500 X128.133 Y134.253 E103.81542
G1 X133.789 Y134.244 E103.92829
G1 X134.04 Y134.118 E103.9339
G1 X134.195 Y133.92 E103.93892
G1 X134.248 Y133.719 E103.94306
G1 X134.248 Y129.848 E104.02031
G1 X121.749 Y129.849 E104.26974
G1 X121.749 Y133.74 E104.34739
G1 X121.776 Y133.876 E104.35016
G1 X121.925 Y134.101 E104.35555
G1 X122.172 Y134.244 E104.36124
G1 X126.777 Y134.251 E104.45314
G0 F9000 X126.699 Y134.65
G1 F1500 X128.153 Y134.652 E104.48216
G1 X133.738 Y134.644 E104.59361
G1 X133.936 Y134.613 E104.59761
G1 X134.252 Y134.481 E104.60444
G1 X134.549 Y134.146 E104.61338
G1 X134.648 Y133.77 E104.62114
G1 X134.648 Y129.448 E104.70739
G1 X121.349 Y129.449 E104.97278
G1 X121.349 Y133.78 E105.05921
G1 X121.395 Y134.012 E105.06393
G1 X121.663 Y134.411 E105.07353
G1 X121.993 Y134.602 E105.08113
G1 X122.287 Y134.644 E105.08706
G1 X126.699 Y134.65 E105.17511
G0 F9000 X126.621 Y135.047
;TYPE:WALL-OUTER
G1 F1500 X127.812 Y135.048 E105.19888
G1 X128.016 Y135.08 E105.203
G1 X128.156 Y135.053 E105.20584
G1 X133.768 Y135.044 E105.31783
G1 X134.045 Y135.001 E105.32343
G1 X134.373 Y134.864 E105.33052
G1 X134.58 Y134.714 E105.33562
G1 X134.823 Y134.44 E105.34293
G1 X134.944 Y134.217 E105.348
G1 X135.048 Y133.822 E105.35615
G1 X135.048 Y129.048 E105.45142
G1 X120.949 Y129.049 E105.73278
G1 X120.949 Y133.82 E105.82799
G1 X121.015 Y134.148 E105.83467
G1 X121.172 Y134.444 E105.84135
G1 X121.4 Y134.721 E105.84851
G1 X121.859 Y134.987 E105.8591
G1 X122.259 Y135.044 E105.86716
G1 X126.621 Y135.047 E105.95421
G0 F9000 X126.622 Y134.338
G0 X125.41 Y134.169
;TYPE:FILL
G1 F3000 X126.546 Y129.929 E106.04181
G0 F9000 X125.552 Y129.929
G1 F3000 X129.794 Y134.171 E106.16153
G0 F9000 X129.55 Y134.172
G1 F3000 X130.687 Y129.929 E106.24919
G0 F9000 X131.209 Y129.929
G1 F3000 X134.168 Y132.888 E106.3327
G0 F9000 X134.168 Y132.393
G1 F3000 X133.693 Y134.165 E106.36931
G0 F9000 X134.167 Y131.425
G1 F3000 X123.935 Y134.167 E106.5807
G1 X124.133 Y134.167
G1 X121.829 Y131.863 E106.64573
G0 F9000 X121.829 Y132.078
G1 F3000 X122.405 Y129.928 E106.69015
G0 F9000 X121.829 Y130.59
G1 F3000 X124.299 Y129.928 E106.74118
G0 F9000 X124.299 Y130.06
G1 F2700 E101.74118
;MESH:NONMESH
G0 F300 Z1.4
G0 F9000 X121.749 Y129.28
G0 X121.749 Y128.185
G0 X121.749 Y127.813
G0 X121.749 Y126.718
G0 X121.749 Y126.148
;TIME_ELAPSED:277.906166
;LAYER:10
;TYPE:WALL-INNER
;MESH:cockpit-door-lens-pp.3mf
G1 F2700 E106.74118
G1 F1500 X134.244 Y126.148 E106.99053
G1 X134.244 Y122.253 E107.06826
G1 X134.21 Y122.099 E107.0714
G1 X134.032 Y121.868 E107.07722
G1 X133.706 Y121.752 E107.08413
G1 X128.187 Y121.74 E107.19427
G1 X122.249 Y121.748 E107.31277
G1 X122.1 Y121.781 E107.31581
G1 X121.936 Y121.882 E107.31966
G1 X121.846 Y121.99 E107.32246
G1 X121.752 Y122.225 E107.32751
G1 X121.749 Y126.148 E107.4058
G0 F9000 X121.349 Y126.548
G1 F1500 X134.644 Y126.548 E107.67112
G1 X134.644 Y122.21 E107.75769
G1 X134.588 Y121.957 E107.76286
G1 X134.492 Y121.781 E107.76686
G1 X134.254 Y121.532 E107.77373
G1 X133.989 Y121.398 E107.77966
G1 X133.743 Y121.352 E107.78465
G1 X128.167 Y121.34 E107.89593
G1 X128.115 Y121.347 E107.89697
G1 X122.205 Y121.348 E108.01491
G1 X121.948 Y121.405 E108.02017
G1 X121.671 Y121.576 E108.02666
G1 X121.419 Y121.941 E108.03551
G1 X121.352 Y122.167 E108.04022
G1 X121.349 Y126.548 E108.12765
G0 F9000 X120.949 Y126.948
;TYPE:WALL-OUTER
G1 F1500 X135.044 Y126.948 E108.40893
G1 X135.044 Y122.166 E108.50436
G1 X134.966 Y121.815 E108.51153
G1 X134.825 Y121.557 E108.5174
G1 X134.568 Y121.243 E108.5255
G1 X134.119 Y121.016 E108.53554
G1 X133.781 Y120.952 E108.5424
G1 X128.709 Y120.948 E108.64362
G1 X128.63 Y120.94 E108.64521
G1 X128.135 Y120.94 E108.65508
G1 X128.087 Y120.948 E108.65605
G1 X122.162 Y120.948 E108.77429
G1 X121.796 Y121.029 E108.78177
G1 X121.405 Y121.27 E108.79094
G1 X121.179 Y121.541 E108.79798
G1 X121.047 Y121.789 E108.80359
G1 X120.952 Y122.109 E108.81025
G1 X120.949 Y126.948 E108.90682
G1 F2700 E103.90682
G0 F9000 X121.231 Y126.668
G0 X122.212 Y125.868
;TYPE:FILL
G1 F2700 E108.90682
G1 F750 X126.057 Y122.023 E108.97193
G0 F9000 X125.491 Y122.023
G1 F750 X122.03 Y125.484 E109.03053
G0 F9000 X122.03 Y124.918
G1 F750 X124.925 Y122.024 E109.07955
G0 F9000 X124.358 Y122.025
G1 F750 X122.031 Y124.352 E109.11895
G0 F9000 X122.031 Y123.786
G1 F750 X123.792 Y122.025 E109.14877
G0 F9000 X123.225 Y122.027
G1 F750 X122.032 Y123.22 E109.16897
G0 F9000 X122.032 Y122.654
G1 F750 X122.658 Y122.028 E109.17957
G0 F9000 X122.778 Y125.868
G1 F750 X126.624 Y122.022 E109.2447
G0 F9000 X127.19 Y122.021
G1 F750 X123.343 Y125.868 E109.30984
G0 F9000 X123.909 Y125.868
G1 F750 X127.757 Y122.02 E109.375
G0 F9000 X128.323 Y122.02
G1 F750 X124.475 Y125.868 E109.44016
G0 F9000 X125.041 Y125.868
G1 F750 X128.887 Y122.021 E109.50529
G0 F9000 X129.452 Y122.022
G1 F750 X125.606 Y125.868 E109.57042
G0 F9000 X126.172 Y125.868
G1 F750 X130.016 Y122.023 E109.63552
G0 F9000 X130.581 Y122.025
G1 F750 X126.738 Y125.868 E109.70059
G0 F9000 X127.303 Y125.868
G1 F750 X131.145 Y122.026 E109.76565
G0 F9000 X131.71 Y122.027
G1 F750 X127.869 Y125.868 E109.83069
G0 F9000 X128.435 Y125.868
G1 F750 X132.274 Y122.028 E109.89571
G0 F9000 X132.838 Y122.03
G1 F750 X129 Y125.868 E109.9607
G0 F9000 X129.566 Y125.868
G1 F750 X133.403 Y122.031 E110.02567
G0 F9000 X133.881 Y122.118
G1 F750 X130.132 Y125.868 E110.08916
G0 F9000 X130.697 Y125.868
G1 F750 X133.964 Y122.601 E110.14448
G0 F9000 X133.964 Y123.167
G1 F750 X131.263 Y125.868 E110.19022
G0 F9000 X131.829 Y125.868
G1 F750 X133.964 Y123.732 E110.22638
G0 F9000 X133.964 Y124.298
G1 F750 X132.394 Y125.868 E110.25296
G0 F9000 X132.96 Y125.868
G1 F750 X133.964 Y124.864 E110.26997
G0 F9000 X133.964 Y125.429
G1 F750 X133.526 Y125.868 E110.27739
G1 F2700 E105.27739
G0 F9000 X126.778 Y126.718
G0 X126.778 Y127.813
G0 X126.778 Y128.185
G0 X126.778 Y129.28
G0 X126.778 Y134.244
;TYPE:WALL-INNER
G1 F2700 E110.27739
G1 F1500 X133.7 Y134.244 E110.41553
G1 X133.878 Y134.215 E110.41913
G1 X134.142 Y134.023 E110.42564
G1 X134.248 Y133.76 E110.4313
G1 X134.248 Y129.848 E110.50937
G1 X121.748 Y129.848 E110.75882
G1 X121.748 Y133.743 E110.83655
G1 X121.834 Y133.982 E110.84162
G1 X121.958 Y134.118 E110.84529
G1 X122.251 Y134.244 E110.85165
G1 X126.778 Y134.244 E110.94199
G0 F9000 X126.7 Y134.644
G1 F1500 X133.732 Y134.644 E111.08233
G1 X134.008 Y134.599 E111.08791
G1 X134.21 Y134.49 E111.09249
G1 X134.459 Y134.277 E111.09903
G1 X134.574 Y134.062 E111.10389
G1 X134.648 Y133.819 E111.10896
G1 X134.648 Y129.448 E111.19619
G1 X121.348 Y129.448 E111.4616
G1 X121.348 Y133.854 E111.54953
G1 X121.481 Y134.176 E111.55648
G1 X121.719 Y134.442 E111.56361
G1 X121.944 Y134.574 E111.56881
G1 X122.197 Y134.644 E111.57405
G1 X126.7 Y134.644 E111.66391
G0 F9000 X126.622 Y135.044
;TYPE:WALL-OUTER
G1 F1500 X133.764 Y135.044 E111.80644
G1 X134.138 Y134.983 E111.814
G1 X134.438 Y134.822 E111.8208
G1 X134.777 Y134.532 E111.8297
G1 X134.946 Y134.215 E111.83687
G1 X135.048 Y133.878 E111.84389
G1 X135.048 Y129.048 E111.94028
G1 X120.948 Y129.048 E112.22166
G1 X120.948 Y133.932 E112.31913
G1 X121.129 Y134.37 E112.32859
G1 X121.275 Y134.579 E112.33367
G1 X121.48 Y134.766 E112.33921
G1 X121.787 Y134.946 E112.34631
G1 X122.143 Y135.044 E112.35368
G1 X126.622 Y135.044 E112.44307
G0 F9000 X126.622 Y134.336
G0 X126.561 Y133.964
;TYPE:FILL
G1 F750 X130.397 Y130.128 E112.50802
G0 F9000 X130.963 Y130.128
G1 F750 X127.126 Y133.964 E112.57299
G0 F9000 X127.692 Y133.964
G1 F750 X131.528 Y130.128 E112.63794
G0 F9000 X132.094 Y130.128
G1 F750 X128.258 Y133.964 E112.7029
G0 F9000 X128.824 Y133.964
G1 F750 X132.66 Y130.128 E112.76785
G0 F9000 X133.225 Y130.128
G1 F750 X129.389 Y133.964 E112.83281
G0 F9000 X129.955 Y133.964
G1 F750 X133.791 Y130.128 E112.89777
G0 F9000 X133.968 Y130.517
G1 F750 X130.521 Y133.964 E112.95614
G0 F9000 X131.086 Y133.964
G1 F750 X133.968 Y131.083 E113.00493
G0 F9000 X133.968 Y131.648
G1 F750 X131.652 Y133.964 E113.04415
G0 F9000 X132.218 Y133.964
G1 F750 X133.968 Y132.214 E113.07378
G0 F9000 X133.968 Y132.78
G1 F750 X132.783 Y133.964 E113.09384
G0 F9000 X133.349 Y133.964
G1 F750 X133.968 Y133.345 E113.10432
G0 F9000 X129.831 Y130.128
G1 F750 X125.995 Y133.964 E113.16928
G0 F9000 X125.429 Y133.964
G1 F750 X129.265 Y130.128 E113.23423
G0 F9000 X128.7 Y130.128
G1 F750 X124.864 Y133.964 E113.29919
G0 F9000 X124.298 Y133.964
G1 F750 X128.134 Y130.128 E113.36414
G0 F9000 X127.568 Y130.128
G1 F750 X123.732 Y133.964 E113.4291
G0 F9000 X123.167 Y133.964
G1 F750 X127.003 Y130.128 E113.49406
G0 F9000 X126.437 Y130.128
G1 F750 X122.601 Y133.964 E113.55901
G0 F9000 X122.124 Y133.876
G1 F750 X125.871 Y130.128 E113.62247
G0 F9000 X125.306 Y130.128
G1 F750 X122.028 Y133.406 E113.67798
G0 F9000 X122.028 Y132.841
G1 F750 X124.74 Y130.128 E113.72391
G0 F9000 X124.174 Y130.128
G1 F750 X122.028 Y132.275 E113.76026
G0 F9000 X122.028 Y131.709
G1 F750 X123.609 Y130.128 E113.78703
G0 F9000 X123.043 Y130.128
G1 F750 X122.028 Y131.144 E113.80422
G0 F9000 X122.028 Y130.578
G1 F750 X122.477 Y130.128 E113.81183
G1 F2700 E108.81183
;MESH:NONMESH
G0 F300 Z1.52
G0 F9000 X121.749 Y129.28
G0 X121.749 Y128.185
G0 X121.749 Y127.813
G0 X121.749 Y126.718
G0 X121.749 Y126.148
;TIME_ELAPSED:310.978642
;LAYER:11
;TYPE:WALL-INNER
;MESH:cockpit-door-lens-pp.3mf
G1 F2700 E113.81183
G1 F1500 X134.244 Y126.148 E114.06119
G1 X134.244 Y122.253 E114.13891
G1 X134.208 Y122.094 E114.14217
G1 X134.055 Y121.88 E114.14742
G1 X133.761 Y121.752 E114.15382
G1 X128.173 Y121.74 E114.26533
G1 X122.249 Y121.748 E114.38355
G1 X122.101 Y121.781 E114.38658
G1 X121.936 Y121.882 E114.39044
G1 X121.825 Y122.016 E114.39391
G1 X121.752 Y122.233 E114.39848
G1 X121.749 Y126.148 E114.47661
G0 F9000 X121.349 Y126.548
G1 F1500 X134.644 Y126.548 E114.74192
G1 X134.644 Y122.21 E114.82849
G1 X134.568 Y121.868 E114.83548
G1 X134.319 Y121.573 E114.84319
G1 X134.126 Y121.454 E114.84771
G1 X133.828 Y121.352 E114.854
G1 X129.253 Y121.347 E114.9453
G1 X129.188 Y121.34 E114.9466
G1 X128.152 Y121.34 E114.96728
G1 X128.107 Y121.347 E114.96819
G1 X122.206 Y121.348 E115.08595
G1 X121.949 Y121.405 E115.0912
G1 X121.671 Y121.576 E115.09771
G1 X121.47 Y121.818 E115.10399
G1 X121.352 Y122.167 E115.11134
G1 X121.349 Y126.548 E115.19877
G0 F9000 X120.949 Y126.948
;TYPE:WALL-OUTER
G1 F1500 X135.044 Y126.948 E115.48005
G1 X135.044 Y122.166 E115.57548
G1 X134.966 Y121.814 E115.58268
G1 X134.829 Y121.557 E115.58849
G1 X134.583 Y121.266 E115.59609
G1 X134.298 Y121.09 E115.60278
G1 X133.894 Y120.952 E115.6113
G1 X129.275 Y120.947 E115.70347
G1 X129.209 Y120.94 E115.7048
G1 X128.123 Y120.94 E115.72647
G1 X128.079 Y120.948 E115.72736
G1 X122.162 Y120.948 E115.84544
G1 X121.797 Y121.029 E115.8529
G1 X121.405 Y121.27 E115.86209
G1 X121.114 Y121.62 E115.87117
G1 X120.952 Y122.101 E115.8813
G1 X120.949 Y126.948 E115.97803
G1 F2700 E110.97803
G0 F9000 X121.231 Y126.668
G0 X121.851 Y125.786
G0 X122.109 Y125.787
;TYPE:SKIN
G1 F2700 E115.97803
G1 F1500 X122.113 Y122.305 E116.04751
G1 X122.186 Y122.16 E116.05075
G1 X122.306 Y122.109 E116.05336
G1 X133.697 Y122.112 E116.28068
G1 X133.817 Y122.161 E116.28326
G1 X133.884 Y122.251 E116.2855
G1 X133.884 Y125.788 E116.35609
G1 X122.109 Y125.787 E116.59107
G0 F9000 X121.851 Y125.786
G0 X121.914 Y122.256
G0 X122.042 Y122.006
G0 X122.633 Y121.847
G0 X122.633 Y122.309
G1 F1500 X122.313 Y122.629 E116.6001
G0 F9000 X122.313 Y123.195
G1 F1500 X123.199 Y122.309 E116.6251
G0 F9000 X123.764 Y122.309
G1 F1500 X122.312 Y123.761 E116.66608
G0 F9000 X122.311 Y124.328
G1 F1500 X124.33 Y122.309 E116.72306
G0 F9000 X124.895 Y122.31
G1 F1500 X122.31 Y124.894 E116.796
G0 F9000 X122.31 Y125.461
G1 F1500 X125.461 Y122.31 E116.88493
G0 F9000 X126.026 Y122.31
G1 F1500 X122.748 Y125.588 E116.97744
G0 F9000 X123.314 Y125.588
G1 F1500 X126.592 Y122.31 E117.06996
G0 F9000 X127.157 Y122.31
G1 F1500 X123.879 Y125.588 E117.16247
G0 F9000 X124.445 Y125.588
G1 F1500 X127.723 Y122.31 E117.25498
G0 F9000 X128.288 Y122.31
G1 F1500 X125.011 Y125.588 E117.34748
G0 F9000 X125.577 Y125.588
G1 F1500 X128.854 Y122.31 E117.43998
G0 F9000 X129.419 Y122.311
G1 F1500 X126.142 Y125.588 E117.53246
G0 F9000 X126.708 Y125.588
G1 F1500 X129.985 Y122.311 E117.62495
G0 F9000 X130.55 Y122.311
G1 F1500 X127.274 Y125.588 E117.71742
G0 F9000 X127.839 Y125.588
G1 F1500 X131.116 Y122.311 E117.8099
G0 F9000 X131.681 Y122.312
G1 F1500 X128.405 Y125.588 E117.90236
G0 F9000 X128.971 Y125.588
G1 F1500 X132.247 Y122.312 E117.99481
G0 F9000 X132.812 Y122.312
G1 F1500 X129.536 Y125.588 E118.08727
G0 F9000 X130.102 Y125.588
G1 F1500 X133.378 Y122.312 E118.17972
G0 F9000 X133.684 Y122.571
G1 F1500 X130.668 Y125.588 E118.26485
G0 F9000 X131.233 Y125.588
G1 F1500 X133.684 Y123.137 E118.33403
G0 F9000 X133.684 Y123.703
G1 F1500 X131.799 Y125.588 E118.38723
G0 F9000 X132.365 Y125.588
G1 F1500 X133.684 Y124.268 E118.42447
G0 F9000 X133.684 Y124.834
G1 F1500 X132.93 Y125.588 E118.44574
G0 F9000 X133.496 Y125.588
G1 F1500 X133.684 Y125.4 E118.45105
G1 F2700 E113.45105
G0 F9000 X134.144 Y125.4
G0 X134.072 Y125.976
G0 X126.778 Y126.718
G0 X126.778 Y127.813
G0 X126.778 Y128.185
G0 X126.778 Y129.28
G0 X121.92 Y130.02
G0 X121.922 Y133.283
G0 X122.45 Y133.738
G0 X123.132 Y134.05
G0 X126.778 Y134.244
;TYPE:WALL-INNER
G1 F2700 E118.45105
G1 F1500 X133.786 Y134.244 E118.5909
G1 X134.026 Y134.129 E118.59621
G1 X134.195 Y133.92 E118.60158
G1 X134.248 Y133.719 E118.60573
G1 X134.248 Y129.848 E118.68298
G1 X121.748 Y129.848 E118.93243
G1 X121.748 Y133.829 E119.01187
G1 X121.93 Y134.103 E119.01844
G1 X122.173 Y134.244 E119.02404
G1 X126.778 Y134.244 E119.11594
G0 F9000 X126.7 Y134.644
G1 F1500 X133.735 Y134.644 E119.25633
G1 X133.935 Y134.613 E119.26037
G1 X134.245 Y134.483 E119.26708
G1 X134.548 Y134.147 E119.27611
G1 X134.648 Y133.77 E119.28389
G1 X134.648 Y129.448 E119.37014
G1 X121.348 Y129.448 E119.63556
G1 X121.348 Y133.785 E119.72211
G1 X121.392 Y134.002 E119.72653
G1 X121.665 Y134.412 E119.73636
G1 X121.99 Y134.601 E119.74386
G1 X122.21 Y134.644 E119.74833
G1 X126.7 Y134.644 E119.83793
G0 F9000 X126.622 Y135.044
;TYPE:WALL-OUTER
G1 F1500 X133.765 Y135.044 E119.98048
G1 X134.045 Y135.001 E119.98613
G1 X134.37 Y134.864 E119.99317
G1 X134.558 Y134.733 E119.99774
G1 X134.823 Y134.439 E120.00564
G1 X134.944 Y134.217 E120.01069
G1 X135.048 Y133.822 E120.01884
G1 X135.048 Y129.048 E120.11411
G1 X120.948 Y129.048 E120.39549
G1 X120.948 Y133.824 E120.4908
G1 X121.011 Y134.139 E120.49721
G1 X121.176 Y134.444 E120.50413
G1 X121.401 Y134.721 E120.51125
G1 X121.848 Y134.981 E120.52157
G1 X122.172 Y135.044 E120.52816
G1 X126.622 Y135.044 E120.61697
G0 F9000 X126.622 Y134.336
G0 X126.849 Y134.144
G0 X126.849 Y133.884
;TYPE:SKIN
G1 F1500 X123.246 Y133.884 E120.68887
G1 X122.558 Y133.566 E120.70399
G1 X122.109 Y133.176 E120.71586
G1 X122.108 Y130.208 E120.77509
G1 X133.888 Y130.208 E121.01017
G1 X133.888 Y133.667 E121.0792
G1 X133.793 Y133.841 E121.08316
G1 X133.66 Y133.884 E121.08595
G1 X126.849 Y133.884 E121.22187
G0 F9000 X126.849 Y134.144
G0 X123.132 Y134.05
G0 X122.45 Y133.738
G0 X121.911 Y133.264
G0 X121.848 Y130.553
G0 X122.308 Y130.553
G1 F1500 X122.453 Y130.408 E121.22596
G0 F9000 X123.019 Y130.408
G1 F1500 X122.308 Y131.119 E121.24603
G0 F9000 X122.308 Y131.684
G1 F1500 X123.585 Y130.408 E121.28205
G0 F9000 X124.15 Y130.408
G1 F1500 X122.309 Y132.249 E121.33401
G0 F9000 X122.309 Y132.815
G1 F1500 X124.716 Y130.408 E121.40194
G0 F9000 X125.282 Y130.408
G1 F1500 X122.467 Y133.223 E121.48138
G0 F9000 X122.798 Y133.457
G1 F1500 X125.847 Y130.408 E121.56743
G0 F9000 X126.413 Y130.408
G1 F1500 X123.185 Y133.636 E121.65854
G0 F9000 X123.703 Y133.684
G1 F1500 X126.979 Y130.408 E121.75099
G0 F9000 X127.544 Y130.408
G1 F1500 X124.268 Y133.684 E121.84345
G0 F9000 X124.834 Y133.684
G1 F1500 X128.11 Y130.408 E121.9359
G0 F9000 X128.676 Y130.408
G1 F1500 X125.4 Y133.684 E122.02836
G0 F9000 X125.965 Y133.684
G1 F1500 X129.241 Y130.408 E122.12081
G0 F9000 X129.807 Y130.408
G1 F1500 X126.531 Y133.684 E122.21327
G0 F9000 X127.097 Y133.684
G1 F1500 X130.373 Y130.408 E122.30573
G0 F9000 X130.938 Y130.408
G1 F1500 X127.662 Y133.684 E122.39818
G0 F9000 X128.228 Y133.684
G1 F1500 X131.504 Y130.408 E122.49064
G0 F9000 X132.07 Y130.408
G1 F1500 X128.794 Y133.684 E122.58309
G0 F9000 X129.36 Y133.684
G1 F1500 X132.636 Y130.408 E122.67555
G0 F9000 X133.201 Y130.408
G1 F1500 X129.925 Y133.684 E122.768
G0 F9000 X130.491 Y133.684
G1 F1500 X133.688 Y130.487 E122.85823
G0 F9000 X133.688 Y131.053
G1 F1500 X131.057 Y133.684 E122.93248
G0 F9000 X131.622 Y133.684
G1 F1500 X133.688 Y131.619 E122.99078
G0 F9000 X133.688 Y132.184
G1 F1500 X132.188 Y133.684 E123.03311
G0 F9000 X132.754 Y133.684
G1 F1500 X133.688 Y132.75 E123.05947
G0 F9000 X133.688 Y133.316
G1 F1500 X133.319 Y133.684 E123.06987
G1 F2700 E118.06987
;MESH:NONMESH
G0 F300 Z1.64
G0 F9000 X133.319 Y134.144
G0 X133.905 Y134.017
G0 X134.087 Y133.698
G0 X134.076 Y130.02
G0 X121.749 Y129.28
G0 X121.749 Y128.185
G0 X121.749 Y127.813
G0 X121.749 Y126.718
G0 X121.749 Y126.148
;TIME_ELAPSED:337.896065
;LAYER:12
;TYPE:WALL-INNER
;MESH:cockpit-door-lens-pp.3mf
G1 F2700 E123.06987
G1 F1500 X134.244 Y126.148 E123.31922
G1 X134.244 Y122.247 E123.39707
G1 X134.157 Y122.002 E123.40226
G1 X134.059 Y121.885 E123.4053
G1 X133.761 Y121.752 E123.41182
G1 X129.863 Y121.749 E123.4896
G1 X129.728 Y121.74 E123.4923
G1 X122.254 Y121.748 E123.64146
G1 X122.094 Y121.782 E123.64472
G1 X121.943 Y121.876 E123.64827
G1 X121.784 Y122.127 E123.6542
G1 X121.752 Y122.293 E123.65757
G1 X121.749 Y126.148 E123.7345
G0 F9000 X121.349 Y126.548
G1 F1500 X134.644 Y126.548 E123.99982
G1 X134.644 Y122.193 E124.08673
G1 X134.547 Y121.844 E124.09396
G1 X134.325 Y121.579 E124.10086
G1 X134.124 Y121.454 E124.10558
G1 X133.828 Y121.352 E124.11183
G1 X129.821 Y121.347 E124.19179
G1 X129.761 Y121.34 E124.193
G1 X128.14 Y121.34 E124.22535
G1 X128.099 Y121.347 E124.22618
G1 X122.212 Y121.348 E124.34366
G1 X121.943 Y121.406 E124.34915
G1 X121.676 Y121.571 E124.35541
G1 X121.519 Y121.761 E124.36033
G1 X121.402 Y121.998 E124.36561
G1 X121.352 Y122.255 E124.37083
G1 X121.349 Y126.548 E124.4565
G0 F9000 X120.949 Y126.948
;TYPE:WALL-OUTER
G1 F1500 X135.044 Y126.948 E124.73778
G1 X135.044 Y122.139 E124.83375
G1 X134.944 Y121.779 E124.84121
G1 X134.825 Y121.553 E124.8463
G1 X134.591 Y121.273 E124.85359
G1 X134.297 Y121.09 E124.8605
G1 X133.894 Y120.952 E124.869
G1 X129.84 Y120.947 E124.9499
G1 X129.784 Y120.94 E124.95103
G1 X128.113 Y120.94 E124.98437
G1 X128.071 Y120.948 E124.98523
G1 X122.17 Y120.948 E125.10299
G1 X121.792 Y121.029 E125.1107
G1 X121.41 Y121.265 E125.11966
G1 X121.181 Y121.542 E125.12684
G1 X121.02 Y121.869 E125.13411
G1 X120.952 Y122.216 E125.14117
G1 X120.949 Y126.948 E125.2356
G1 F2700 E120.2356
G0 F9000 X121.231 Y126.668
G0 X121.851 Y125.786
G0 X122.109 Y125.787
;TYPE:SKIN
G1 F2700 E125.2356
G1 F1500 X122.112 Y122.273 E125.30572
G1 X122.184 Y122.158 E125.30843
G1 X122.307 Y122.109 E125.31107
G1 X133.695 Y122.112 E125.53833
G1 X133.806 Y122.16 E125.54075
G1 X133.884 Y122.312 E125.54416
G1 X133.884 Y125.788 E125.61352
G1 X122.109 Y125.787 E125.84851
G0 F9000 X122.759 Y125.587
G1 F1500 X122.309 Y125.137 E125.86121
G0 F9000 X122.31 Y124.572
G1 F1500 X123.324 Y125.587 E125.88984
G0 F9000 X123.89 Y125.587
G1 F1500 X122.31 Y124.007 E125.93443
G0 F9000 X122.31 Y123.442
G1 F1500 X124.456 Y125.587 E125.99498
G0 F9000 X125.021 Y125.587
G1 F1500 X122.311 Y122.877 E126.07146
G0 F9000 X122.311 Y122.311
G1 F1500 X125.587 Y125.587 E126.16392
G0 F9000 X126.153 Y125.587
G1 F1500 X122.875 Y122.31 E126.25641
G0 F9000 X123.441 Y122.31
G1 F1500 X126.718 Y125.587 E126.3489
G0 F9000 X127.284 Y125.587
G1 F1500 X124.007 Y122.31 E126.44138
G0 F9000 X124.573 Y122.31
G1 F1500 X127.85 Y125.587 E126.53387
G0 F9000 X128.416 Y125.587
G1 F1500 X125.14 Y122.311 E126.62632
G0 F9000 X125.705 Y122.311
G1 F1500 X128.981 Y125.587 E126.71878
G0 F9000 X129.547 Y125.587
G1 F1500 X126.272 Y122.312 E126.81121
G0 F9000 X126.837 Y122.312
G1 F1500 X130.113 Y125.587 E126.90365
G0 F9000 X130.678 Y125.587
G1 F1500 X127.404 Y122.313 E126.99605
G0 F9000 X127.969 Y122.313
G1 F1500 X131.244 Y125.587 E127.08846
G0 F9000 X131.81 Y125.587
G1 F1500 X128.535 Y122.313 E127.18087
G0 F9000 X129.101 Y122.313
G1 F1500 X132.375 Y125.587 E127.27327
G0 F9000 X132.941 Y125.587
G1 F1500 X129.667 Y122.313 E127.36567
G0 F9000 X130.234 Y122.314
G1 F1500 X133.507 Y125.587 E127.45804
G0 F9000 X133.684 Y125.199
G1 F1500 X130.799 Y122.314 E127.53946
G0 F9000 X131.366 Y122.315
G1 F1500 X133.684 Y124.633 E127.60488
G0 F9000 X133.684 Y124.068
G1 F1500 X131.931 Y122.315 E127.65436
G0 F9000 X132.498 Y122.315
G1 F1500 X133.684 Y123.502 E127.68784
G0 F9000 X133.684 Y122.936
G1 F1500 X133.063 Y122.315 E127.70537
G1 F2700 E122.70537
G0 F9000 X133.064 Y121.851
G0 X133.736 Y121.913
G0 X134.082 Y122.265
G0 X134.072 Y125.976
G0 X126.778 Y126.718
G0 X126.778 Y127.813
G0 X126.778 Y128.185
G0 X126.778 Y129.28
G0 X121.92 Y130.02
G0 X121.922 Y133.282
G0 X122.484 Y133.755
G0 X123.11 Y134.041
G0 X126.778 Y134.244
;TYPE:WALL-INNER
G1 F2700 E127.70537
G1 F1500 X133.7 Y134.244 E127.8435
G1 X133.878 Y134.215 E127.8471
G1 X134.142 Y134.022 E127.85363
G1 X134.248 Y133.719 E127.86004
G1 X134.248 Y129.848 E127.93729
G1 X121.748 Y129.848 E128.18674
G1 X121.748 Y133.829 E128.26618
G1 X121.929 Y134.102 E128.27272
G1 X122.174 Y134.244 E128.27837
G1 X126.778 Y134.244 E128.37025
G0 F9000 X126.7 Y134.644
G1 F1500 X133.732 Y134.644 E128.51058
G1 X134.008 Y134.599 E128.51616
G1 X134.21 Y134.49 E128.52074
G1 X134.46 Y134.277 E128.52729
G1 X134.569 Y134.072 E128.53193
G1 X134.648 Y133.77 E128.53816
G1 X134.648 Y129.448 E128.62441
G1 X121.348 Y129.448 E128.88982
G1 X121.348 Y133.785 E128.97637
G1 X121.392 Y134.002 E128.98079
G1 X121.665 Y134.411 E128.9906
G1 X121.987 Y134.599 E128.99805
G1 X122.212 Y134.644 E129.00262
G1 X126.7 Y134.644 E129.09219
G0 F9000 X126.622 Y135.044
;TYPE:WALL-OUTER
G1 F1500 X133.764 Y135.044 E129.23471
G1 X134.138 Y134.983 E129.24228
G1 X134.438 Y134.822 E129.24907
G1 X134.777 Y134.532 E129.25797
G1 X134.944 Y134.218 E129.26507
G1 X135.048 Y133.822 E129.27324
G1 X135.048 Y129.048 E129.36851
G1 X120.948 Y129.048 E129.64989
G1 X120.948 Y133.824 E129.7452
G1 X121.011 Y134.139 E129.75161
G1 X121.176 Y134.444 E129.75853
G1 X121.401 Y134.721 E129.76565
G1 X121.844 Y134.978 E129.77588
G1 X122.172 Y135.044 E129.78255
G1 X126.622 Y135.044 E129.87136
G0 F9000 X126.622 Y134.343
G0 X126.849 Y134.144
G0 X126.849 Y133.884
;TYPE:SKIN
G1 F1500 X123.359 Y133.884 E129.941
G1 X123.17 Y133.847 E129.94485
G1 X122.588 Y133.583 E129.9576
G1 X122.108 Y133.215 E129.96967
G1 X122.108 Y130.208 E130.02968
G1 X133.888 Y130.208 E130.26476
G1 X133.888 Y133.667 E130.33379
G1 X133.845 Y133.794 E130.33646
G1 X133.728 Y133.883 E130.3394
G1 X126.849 Y133.884 E130.47668
G0 F9000 X126.849 Y134.144
G0 X123.11 Y134.041
G0 X122.484 Y133.755
G0 X121.968 Y133.312
G0 X121.848 Y133.056
G0 X122.308 Y133.056
G1 F1500 X122.564 Y133.312 E130.4839
G0 F9000 X122.308 Y132.49
G1 F1500 X123.5 Y133.683 E130.51756
G0 F9000 X124.066 Y133.683
G1 F1500 X122.308 Y131.924 E130.56718
G0 F9000 X122.308 Y131.359
G1 F1500 X124.632 Y133.683 E130.63277
G0 F9000 X125.197 Y133.683
G1 F1500 X122.308 Y130.793 E130.71432
G0 F9000 X122.489 Y130.408
G1 F1500 X125.763 Y133.683 E130.80673
G0 F9000 X126.329 Y133.683
G1 F1500 X123.054 Y130.408 E130.89916
G0 F9000 X123.62 Y130.408
G1 F1500 X126.895 Y133.683 E130.99159
G0 F9000 X127.46 Y133.683
G1 F1500 X124.186 Y130.408 E131.084
G0 F9000 X124.751 Y130.408
G1 F1500 X128.026 Y133.683 E131.17643
G0 F9000 X128.592 Y133.683
G1 F1500 X125.317 Y130.408 E131.26886
G0 F9000 X125.883 Y130.408
G1 F1500 X129.157 Y133.683 E131.36127
G0 F9000 X129.723 Y133.683
G1 F1500 X126.448 Y130.408 E131.4537
G0 F9000 X127.014 Y130.408
G1 F1500 X130.289 Y133.683 E131.54613
G0 F9000 X130.854 Y133.683
G1 F1500 X127.58 Y130.408 E131.63854
G0 F9000 X128.145 Y130.408
G1 F1500 X131.42 Y133.683 E131.73097
G0 F9000 X131.986 Y133.683
G1 F1500 X128.711 Y130.408 E131.8234
G0 F9000 X129.277 Y130.408
G1 F1500 X132.551 Y133.683 E131.91581
G0 F9000 X133.117 Y133.683
G1 F1500 X129.842 Y130.408 E132.00824
G0 F9000 X130.408 Y130.408
G1 F1500 X133.669 Y133.669 E132.10027
G0 F9000 X133.688 Y133.122
G1 F1500 X130.974 Y130.408 E132.17686
G0 F9000 X131.54 Y130.408
G1 F1500 X133.688 Y132.556 E132.23749
G0 F9000 X133.688 Y131.991
G1 F1500 X132.105 Y130.408 E132.28216
G0 F9000 X132.671 Y130.408
G1 F1500 X133.688 Y131.425 E132.31086
G0 F9000 X133.688 Y130.859
G1 F1500 X133.237 Y130.408 E132.32359
G1 F2700 E127.32359
;MESH:NONMESH
G0 F300 Z1.76
G0 F9000 X133.237 Y129.948
G0 X121.749 Y129.28
G0 X121.749 Y128.185
G0 X121.749 Y127.813
G0 X121.749 Y126.718
G0 X121.749 Y126.147
;TIME_ELAPSED:364.361744
;LAYER:13
;TYPE:WALL-INNER
;MESH:cockpit-door-lens-pp.3mf
G1 F2700 E132.32359
G1 F1500 X134.244 Y126.148 E132.57294
G1 X134.244 Y122.246 E132.65081
G1 X134.142 Y121.971 E132.65666
G1 X134.026 Y121.861 E132.65985
G1 X133.793 Y121.752 E132.66499
G1 X122.251 Y121.749 E132.89532
G1 X122.098 Y121.782 E132.89844
G1 X121.942 Y121.878 E132.9021
G1 X121.785 Y122.127 E132.90797
G1 X121.752 Y122.293 E132.91135
G1 X121.749 Y126.147 E132.98826
G0 F9000 X121.349 Y126.547
G1 F1500 X134.644 Y126.548 E133.25358
G1 X134.644 Y122.193 E133.34049
G1 X134.57 Y121.923 E133.34607
G1 X134.464 Y121.725 E133.35056
G1 X134.271 Y121.542 E133.35586
G1 X133.87 Y121.352 E133.36472
G1 X122.209 Y121.349 E133.59743
G1 X121.947 Y121.405 E133.60277
G1 X121.676 Y121.572 E133.60913
G1 X121.52 Y121.761 E133.61402
G1 X121.402 Y121.998 E133.6193
G1 X121.352 Y122.255 E133.62452
G1 X121.349 Y126.547 E133.71018
G0 F9000 X120.949 Y126.947
;TYPE:WALL-OUTER
G1 F1500 X135.044 Y126.948 E133.99146
G1 X135.044 Y122.139 E134.08743
G1 X134.944 Y121.775 E134.09496
G1 X134.786 Y121.479 E134.10165
G1 X134.517 Y121.224 E134.10905
G1 X134.299 Y121.089 E134.11417
G1 X134.022 Y120.987 E134.12006
G1 X133.785 Y120.952 E134.12484
G1 X122.166 Y120.949 E134.35671
G1 X121.796 Y121.029 E134.36426
G1 X121.41 Y121.266 E134.3733
G1 X121.182 Y121.542 E134.38045
G1 X121.02 Y121.869 E134.38773
G1 X120.952 Y122.216 E134.39479
G1 X120.949 Y126.947 E134.4892
G1 F2700 E129.4892
G0 F9000 X121.231 Y126.668
G0 X121.851 Y125.783
G0 X122.109 Y125.784
;TYPE:SKIN
G1 F2700 E134.4892
G1 F1500 X122.112 Y122.276 E134.5592
G1 X122.185 Y122.156 E134.56201
G1 X122.304 Y122.109 E134.56456
G1 X133.707 Y122.112 E134.79212
G1 X133.847 Y122.198 E134.7954
G1 X133.884 Y122.303 E134.79762
G1 X133.884 Y125.787 E134.86715
G1 X122.109 Y125.784 E135.10213
G0 F9000 X121.851 Y125.783
G0 X121.914 Y122.221
G0 X122.05 Y122.001
G0 X122.634 Y121.85
G0 X122.633 Y122.309
G1 F1500 X122.312 Y122.63 E135.11119
G0 F9000 X122.311 Y123.196
G1 F1500 X123.199 Y122.309 E135.13624
G0 F9000 X123.764 Y122.309
G1 F1500 X122.311 Y123.762 E135.17724
G0 F9000 X122.31 Y124.328
G1 F1500 X124.33 Y122.309 E135.23424
G0 F9000 X124.896 Y122.309
G1 F1500 X122.31 Y124.895 E135.30722
G0 F9000 X122.31 Y125.461
G1 F1500 X125.461 Y122.31 E135.39615
G0 F9000 X126.026 Y122.31
G1 F1500 X122.751 Y125.585 E135.48858
G0 F9000 X123.317 Y125.585
G1 F1500 X126.592 Y122.31 E135.581
G0 F9000 X127.158 Y122.31
G1 F1500 X123.882 Y125.585 E135.67345
G0 F9000 X124.448 Y125.585
G1 F1500 X127.723 Y122.31 E135.76587
G0 F9000 X128.288 Y122.31
G1 F1500 X125.014 Y125.585 E135.85829
G0 F9000 X125.579 Y125.586
G1 F1500 X128.854 Y122.31 E135.95073
G0 F9000 X129.42 Y122.31
G1 F1500 X126.144 Y125.586 E136.04318
G0 F9000 X126.71 Y125.586
G1 F1500 X129.985 Y122.31 E136.13563
G0 F9000 X130.551 Y122.31
G1 F1500 X127.276 Y125.586 E136.22807
G0 F9000 X127.841 Y125.586
G1 F1500 X131.116 Y122.311 E136.3205
G0 F9000 X131.682 Y122.311
G1 F1500 X128.406 Y125.586 E136.41294
G0 F9000 X128.972 Y125.586
G1 F1500 X132.247 Y122.311 E136.50536
G0 F9000 X132.813 Y122.311
G1 F1500 X129.538 Y125.586 E136.59779
G0 F9000 X130.103 Y125.586
G1 F1500 X133.379 Y122.311 E136.69023
G0 F9000 X133.682 Y122.573
G1 F1500 X130.669 Y125.586 E136.77527
G0 F9000 X131.234 Y125.587
G1 F1500 X133.682 Y123.139 E136.84436
G0 F9000 X133.682 Y123.705
G1 F1500 X131.8 Y125.587 E136.89747
G0 F9000 X132.365 Y125.587
G1 F1500 X133.683 Y124.27 E136.93465
G0 F9000 X133.683 Y124.835
G1 F1500 X132.931 Y125.587 E136.95588
G0 F9000 X133.497 Y125.587
G1 F1500 X133.683 Y125.401 E136.96112
G1 F2700 E131.96112
G0 F9000 X134.144 Y125.401
G0 X134.072 Y125.976
G0 X126.778 Y126.718
G0 X126.778 Y127.813
G0 X126.778 Y128.185
G0 X126.778 Y129.28
G0 X121.92 Y130.02
G0 X121.924 Y133.286
G0 X122.485 Y133.755
G0 X123.11 Y134.041
G0 X126.778 Y134.246
;TYPE:WALL-INNER
G1 F2700 E136.96112
G1 F1500 X133.697 Y134.244 E137.0992
G1 X133.878 Y134.215 E137.10286
G1 X134.141 Y134.022 E137.10937
G1 X134.248 Y133.737 E137.11544
G1 X134.248 Y129.848 E137.19305
G1 X121.748 Y129.848 E137.4425
G1 X121.748 Y133.665 E137.51868
G1 X121.792 Y133.905 E137.52355
G1 X121.927 Y134.101 E137.5283
G1 X122.177 Y134.248 E137.53408
G1 X126.778 Y134.246 E137.6259
G0 F9000 X126.7 Y134.646
G1 F1500 X133.728 Y134.644 E137.76615
G1 X134.008 Y134.599 E137.77181
G1 X134.209 Y134.491 E137.77636
G1 X134.457 Y134.277 E137.7829
G1 X134.587 Y134.038 E137.78833
G1 X134.648 Y133.785 E137.79352
G1 X134.648 Y129.448 E137.88007
G1 X121.348 Y129.448 E138.14549
G1 X121.348 Y133.822 E138.23278
G1 X121.51 Y134.224 E138.24143
G1 X121.664 Y134.411 E138.24626
G1 X121.992 Y134.603 E138.25385
G1 X122.216 Y134.648 E138.25841
G1 X126.7 Y134.646 E138.34789
G0 F9000 X126.621 Y135.046
;TYPE:WALL-OUTER
G1 F1500 X133.76 Y135.044 E138.49036
G1 X134.138 Y134.983 E138.498
G1 X134.437 Y134.822 E138.50477
G1 X134.773 Y134.532 E138.51363
G1 X134.963 Y134.183 E138.52156
G1 X135.048 Y133.832 E138.52877
G1 X135.048 Y129.048 E138.62424
G1 X120.948 Y129.048 E138.90562
G1 X120.948 Y133.699 E138.99843
G1 X120.97 Y133.953 E139.00352
G1 X121.05 Y134.214 E139.00897
G1 X121.176 Y134.448 E139.01427
G1 X121.4 Y134.721 E139.02132
G1 X121.848 Y134.982 E139.03167
G1 X122.176 Y135.048 E139.03834
G1 X126.621 Y135.046 E139.12705
G0 F9000 X126.621 Y134.337
G0 X126.848 Y134.147
G0 X126.848 Y133.886
;TYPE:SKIN
G1 F1500 X123.379 Y133.888 E139.19628
G1 X123.17 Y133.848 E139.20052
G1 X122.588 Y133.583 E139.21328
G1 X122.108 Y133.215 E139.22535
G1 X122.108 Y130.208 E139.28536
G1 X133.888 Y130.208 E139.52045
G1 X133.888 Y133.684 E139.58981
G1 X133.847 Y133.792 E139.59212
G1 X133.731 Y133.883 E139.59506
G1 X126.848 Y133.886 E139.73242
G0 F9000 X126.848 Y134.147
G0 X123.361 Y134.087
G0 X123.11 Y134.041
G0 X122.485 Y133.755
G0 X121.91 Y133.263
G0 X121.92 Y130.02
G0 X122.453 Y129.948
G0 X122.453 Y130.408
G1 F1500 X122.308 Y130.554 E139.73652
G0 F9000 X122.308 Y131.12
G1 F1500 X123.019 Y130.408 E139.7566
G0 F9000 X123.585 Y130.408
G1 F1500 X122.308 Y131.685 E139.79264
G0 F9000 X122.308 Y132.251
G1 F1500 X124.15 Y130.408 E139.84464
G0 F9000 X124.716 Y130.408
G1 F1500 X122.308 Y132.817 E139.91262
G0 F9000 X122.457 Y133.232
G1 F1500 X125.282 Y130.408 E139.99233
G0 F9000 X125.847 Y130.408
G1 F1500 X122.797 Y133.459 E140.07842
G0 F9000 X123.185 Y133.636
G1 F1500 X126.413 Y130.408 E140.16952
G0 F9000 X126.979 Y130.408
G1 F1500 X123.699 Y133.688 E140.26209
G0 F9000 X124.265 Y133.688
G1 F1500 X127.544 Y130.408 E140.35465
G0 F9000 X128.11 Y130.408
G1 F1500 X124.831 Y133.688 E140.4472
G0 F9000 X125.397 Y133.687
G1 F1500 X128.676 Y130.408 E140.53974
G0 F9000 X129.241 Y130.408
G1 F1500 X125.963 Y133.687 E140.63227
G0 F9000 X126.529 Y133.686
G1 F1500 X129.807 Y130.408 E140.72478
G0 F9000 X130.373 Y130.408
G1 F1500 X127.095 Y133.686 E140.81729
G0 F9000 X127.66 Y133.686
G1 F1500 X130.938 Y130.408 E140.9098
G0 F9000 X131.504 Y130.408
G1 F1500 X128.227 Y133.686 E141.0023
G0 F9000 X128.792 Y133.686
G1 F1500 X132.07 Y130.408 E141.09481
G0 F9000 X132.636 Y130.408
G1 F1500 X129.359 Y133.685 E141.1873
G0 F9000 X129.925 Y133.685
G1 F1500 X133.201 Y130.408 E141.27977
G0 F9000 X133.688 Y130.487
G1 F1500 X130.49 Y133.685 E141.37002
G0 F9000 X131.057 Y133.684
G1 F1500 X133.688 Y131.053 E141.44428
G0 F9000 X133.688 Y131.619
G1 F1500 X131.622 Y133.684 E141.50257
G0 F9000 X132.188 Y133.684
G1 F1500 X133.688 Y132.184 E141.5449
G0 F9000 X133.688 Y132.75
G1 F1500 X132.754 Y133.683 E141.57125
G0 F9000 X133.32 Y133.683
G1 F1500 X133.688 Y133.316 E141.58162
G1 F2700 E136.58162
;MESH:NONMESH
G0 F300 Z1.88
G0 F9000 X134.148 Y133.316
G0 X134.076 Y130.02
G0 X121.749 Y129.28
G0 X121.749 Y128.185
G0 X121.749 Y127.813
G0 X121.749 Y126.718
G0 X121.749 Y126.147
;TIME_ELAPSED:391.252315
;LAYER:14
;TYPE:WALL-INNER
;MESH:cockpit-door-lens-pp.3mf
G1 F2700 E141.58162
G1 F1500 X134.244 Y126.148 E141.83097
G1 X134.244 Y122.247 E141.90882
G1 X134.145 Y121.982 E141.91446
G1 X133.935 Y121.813 E141.91984
G1 X133.76 Y121.752 E141.92354
G1 X122.251 Y121.749 E142.15322
G1 X122.098 Y121.782 E142.15634
G1 X121.942 Y121.878 E142.16
G1 X121.785 Y122.127 E142.16587
G1 X121.752 Y122.293 E142.16925
G1 X121.749 Y126.147 E142.24616
G0 F9000 X121.349 Y126.547
G1 F1500 X134.644 Y126.548 E142.51147
G1 X134.644 Y122.193 E142.59838
G1 X134.571 Y121.929 E142.60385
G1 X134.473 Y121.746 E142.60799
G1 X134.331 Y121.595 E142.61213
G1 X134.113 Y121.451 E142.61734
G1 X133.827 Y121.352 E142.62338
G1 X122.209 Y121.349 E142.85523
G1 X121.947 Y121.405 E142.86058
G1 X121.676 Y121.572 E142.86693
G1 X121.52 Y121.761 E142.87182
G1 X121.402 Y121.998 E142.8771
G1 X121.352 Y122.255 E142.88233
G1 X121.349 Y126.547 E142.96798
G0 F9000 X120.949 Y126.947
;TYPE:WALL-OUTER
G1 F1500 X135.044 Y126.948 E143.24926
G1 X135.044 Y122.139 E143.34523
G1 X134.945 Y121.779 E143.35268
G1 X134.8 Y121.51 E143.35878
G1 X134.59 Y121.287 E143.36489
G1 X134.291 Y121.089 E143.37205
G1 X133.894 Y120.952 E143.38043
G1 X122.166 Y120.949 E143.61448
G1 X121.796 Y121.029 E143.62203
G1 X121.41 Y121.266 E143.63107
G1 X121.182 Y121.542 E143.63821
G1 X121.02 Y121.869 E143.6455
G1 X120.952 Y122.216 E143.65255
G1 X120.949 Y126.947 E143.74696
G1 F2700 E138.74696
G0 F9000 X121.231 Y126.668
G0 X121.851 Y125.783
G0 X122.109 Y125.784
;TYPE:SKIN
G1 F2700 E143.74696
G1 F1500 X122.112 Y122.276 E143.81697
G1 X122.185 Y122.156 E143.81977
G1 X122.304 Y122.109 E143.82233
G1 X133.682 Y122.112 E144.04939
G1 X133.849 Y122.21 E144.05325
G1 X133.884 Y122.301 E144.0552
G1 X133.884 Y125.787 E144.12476
G1 X122.109 Y125.784 E144.35975
G0 F9000 X122.756 Y125.584
G1 F1500 X122.309 Y125.137 E144.37236
G0 F9000 X122.31 Y124.572
G1 F1500 X123.322 Y125.584 E144.40092
G0 F9000 X123.887 Y125.584
G1 F1500 X122.31 Y124.007 E144.44543
G0 F9000 X122.31 Y123.442
G1 F1500 X124.453 Y125.584 E144.50589
G0 F9000 X125.019 Y125.584
G1 F1500 X122.311 Y122.877 E144.58231
G0 F9000 X122.311 Y122.311
G1 F1500 X125.585 Y125.585 E144.67471
G0 F9000 X126.151 Y125.585
G1 F1500 X122.875 Y122.31 E144.76715
G0 F9000 X123.441 Y122.31
G1 F1500 X126.716 Y125.585 E144.85957
G0 F9000 X127.282 Y125.585
G1 F1500 X124.007 Y122.31 E144.952
G0 F9000 X124.572 Y122.31
G1 F1500 X127.848 Y125.585 E145.04444
G0 F9000 X128.414 Y125.586
G1 F1500 X125.138 Y122.31 E145.1369
G0 F9000 X125.704 Y122.31
G1 F1500 X128.98 Y125.586 E145.22936
G0 F9000 X129.545 Y125.586
G1 F1500 X126.27 Y122.31 E145.3218
G0 F9000 X126.836 Y122.31
G1 F1500 X130.111 Y125.586 E145.41424
G0 F9000 X130.677 Y125.586
G1 F1500 X127.402 Y122.31 E145.50668
G0 F9000 X127.967 Y122.31
G1 F1500 X131.243 Y125.586 E145.59914
G0 F9000 X131.809 Y125.586
G1 F1500 X128.534 Y122.311 E145.69156
G0 F9000 X129.099 Y122.311
G1 F1500 X132.375 Y125.586 E145.78401
G0 F9000 X132.94 Y125.586
G1 F1500 X129.665 Y122.311 E145.87643
G0 F9000 X130.231 Y122.311
G1 F1500 X133.506 Y125.586 E145.96886
G0 F9000 X133.684 Y125.199
G1 F1500 X130.796 Y122.311 E146.05037
G0 F9000 X131.363 Y122.312
G1 F1500 X133.684 Y124.633 E146.11587
G0 F9000 X133.684 Y124.068
G1 F1500 X131.928 Y122.312 E146.16543
G0 F9000 X132.494 Y122.312
G1 F1500 X133.684 Y123.502 E146.19901
G0 F9000 X133.684 Y122.936
G1 F1500 X133.06 Y122.312 E146.21662
G0 F9000 X133.626 Y122.312
G1 F1500 X133.684 Y122.37 E146.21826
G1 F2700 E141.21826
G0 F9000 X134.144 Y122.37
G0 X134.072 Y125.976
G0 X126.778 Y126.718
G0 X126.778 Y127.813
G0 X126.778 Y128.185
G0 X126.778 Y129.28
G0 X121.92 Y130.02
G0 X121.912 Y133.271
G0 X122.327 Y133.683
G0 X123.107 Y134.04
G0 X126.778 Y134.246
;TYPE:WALL-INNER
G1 F2700 E146.21826
G1 F1500 X133.701 Y134.244 E146.35642
G1 X133.878 Y134.217 E146.35999
G1 X134.138 Y134.023 E146.36646
G1 X134.248 Y133.761 E146.37213
G1 X134.248 Y129.848 E146.45022
G1 X121.748 Y129.848 E146.69967
G1 X121.748 Y133.756 E146.77766
G1 X121.802 Y133.938 E146.78145
G1 X121.943 Y134.134 E146.78627
G1 X122.261 Y134.248 E146.79301
G1 X126.778 Y134.246 E146.88315
G0 F9000 X126.7 Y134.646
G1 F1500 X133.731 Y134.644 E147.02346
G1 X134.008 Y134.602 E147.02905
G1 X134.207 Y134.493 E147.03358
G1 X134.456 Y134.278 E147.04015
G1 X134.576 Y134.055 E147.0452
G1 X134.648 Y133.821 E147.05009
G1 X134.648 Y129.448 E147.13735
G1 X121.348 Y129.448 E147.40277
G1 X121.348 Y133.818 E147.48998
G1 X121.438 Y134.118 E147.49623
G1 X121.618 Y134.366 E147.50234
G1 X121.819 Y134.512 E147.5073
G1 X122.149 Y134.648 E147.51442
G1 X126.7 Y134.646 E147.60524
G0 F9000 X126.621 Y135.046
;TYPE:WALL-OUTER
G1 F1500 X133.761 Y135.044 E147.74773
G1 X134.138 Y134.987 E147.75534
G1 X134.437 Y134.823 E147.76214
G1 X134.773 Y134.532 E147.77102
G1 X134.946 Y134.21 E147.77831
G1 X135.048 Y133.881 E147.78518
G1 X135.048 Y129.048 E147.88163
G1 X120.948 Y129.048 E148.16301
G1 X120.948 Y133.699 E148.25583
G1 X120.97 Y133.95 E148.26086
G1 X121.074 Y134.298 E148.2681
G1 X121.332 Y134.652 E148.27685
G1 X121.623 Y134.864 E148.28403
G1 X122.068 Y135.048 E148.29364
G1 X126.621 Y135.046 E148.3845
G0 F9000 X126.621 Y134.337
G0 X126.848 Y134.147
G0 X126.848 Y133.886
;TYPE:SKIN
G1 F1500 X123.379 Y133.888 E148.45373
G1 X123.161 Y133.847 E148.45815
G1 X122.443 Y133.518 E148.47392
G1 X122.108 Y133.185 E148.48334
G1 X122.108 Y130.208 E148.54275
G1 X133.888 Y130.208 E148.77783
G1 X133.888 Y133.694 E148.8474
G1 X133.844 Y133.794 E148.84958
G1 X133.731 Y133.883 E148.85245
G1 X126.848 Y133.886 E148.98981
G0 F9000 X126.848 Y134.147
G0 X123.36 Y134.087
G0 X122.966 Y133.955
G0 X122.327 Y133.683
G0 X121.99 Y133.349
G0 X121.848 Y133.056
G0 X122.308 Y133.056
G1 F1500 X122.639 Y133.387 E148.99915
G0 F9000 X123.505 Y133.687
G1 F1500 X122.308 Y132.49 E149.03293
G0 F9000 X122.308 Y131.924
G1 F1500 X124.07 Y133.687 E149.08267
G0 F9000 X124.636 Y133.687
G1 F1500 X122.308 Y131.359 E149.14838
G0 F9000 X122.308 Y130.793
G1 F1500 X125.201 Y133.686 E149.23002
G0 F9000 X125.767 Y133.686
G1 F1500 X122.489 Y130.408 E149.32253
G0 F9000 X123.054 Y130.408
G1 F1500 X126.332 Y133.686 E149.41505
G0 F9000 X126.897 Y133.686
G1 F1500 X123.62 Y130.408 E149.50754
G0 F9000 X124.186 Y130.408
G1 F1500 X127.462 Y133.685 E149.60001
G0 F9000 X128.028 Y133.685
G1 F1500 X124.751 Y130.408 E149.6925
G0 F9000 X125.317 Y130.408
G1 F1500 X128.593 Y133.684 E149.78495
G0 F9000 X129.159 Y133.684
G1 F1500 X125.883 Y130.408 E149.87741
G0 F9000 X126.448 Y130.408
G1 F1500 X129.724 Y133.684 E149.96987
G0 F9000 X130.289 Y133.683
G1 F1500 X127.014 Y130.408 E150.06229
G0 F9000 X127.58 Y130.408
G1 F1500 X130.855 Y133.683 E150.15472
G0 F9000 X131.42 Y133.683
G1 F1500 X128.145 Y130.408 E150.24715
G0 F9000 X128.711 Y130.408
G1 F1500 X131.986 Y133.683 E150.33958
G0 F9000 X132.551 Y133.682
G1 F1500 X129.277 Y130.408 E150.43198
G0 F9000 X129.842 Y130.408
G1 F1500 X133.116 Y133.682 E150.52438
G0 F9000 X133.682 Y133.682
G1 F1500 X130.408 Y130.408 E150.61677
G0 F9000 X130.974 Y130.408
G1 F1500 X133.688 Y133.122 E150.69337
G0 F9000 X133.688 Y132.556
G1 F1500 X131.54 Y130.408 E150.75399
G0 F9000 X132.105 Y130.408
G1 F1500 X133.688 Y131.991 E150.79867
G0 F9000 X133.688 Y131.425
G1 F1500 X132.671 Y130.408 E150.82737
G0 F9000 X133.237 Y130.408
G1 F1500 X133.688 Y130.859 E150.8401
G1 F2700 E145.8401
;MESH:NONMESH
G0 F300 Z2
G0 F9000 X134.148 Y130.859
G0 X134.076 Y130.02
G0 X121.749 Y129.28
G0 X121.749 Y128.185
G0 X121.749 Y127.813
G0 X121.749 Y126.718
G0 X121.749 Y126.147
;TIME_ELAPSED:417.780785
;LAYER:15
;TYPE:WALL-INNER
;MESH:cockpit-door-lens-pp.3mf
G1 F2700 E150.8401
G1 F1500 X134.244 Y126.148 E151.08945
G1 X134.244 Y122.238 E151.16748
G1 X134.199 Y122.08 E151.17075
G1 X134.056 Y121.882 E151.17563
G1 X133.912 Y121.791 E151.17903
G1 X133.705 Y121.752 E151.18323
G1 X122.251 Y121.749 E151.41181
G1 X122.099 Y121.78 E151.4149
G1 X121.942 Y121.877 E151.41859
G1 X121.785 Y122.127 E151.42448
G1 X121.752 Y122.293 E151.42786
G1 X121.749 Y126.147 E151.50477
G0 F9000 X121.349 Y126.547
G1 F1500 X134.644 Y126.548 E151.77008
G1 X134.644 Y122.183 E151.85719
G1 X134.551 Y121.853 E151.86403
G1 X134.323 Y121.577 E151.87118
G1 X134.06 Y121.413 E151.87736
G1 X133.743 Y121.352 E151.8838
G1 X122.21 Y121.349 E152.11396
G1 X121.949 Y121.403 E152.11928
G1 X121.676 Y121.571 E152.12567
G1 X121.52 Y121.761 E152.13058
G1 X121.402 Y121.998 E152.13586
G1 X121.352 Y122.255 E152.14109
G1 X121.349 Y126.547 E152.22674
G0 F9000 X120.949 Y126.947
;TYPE:WALL-OUTER
G1 F1500 X135.044 Y126.948 E152.50802
G1 X135.044 Y122.128 E152.60421
G1 X134.945 Y121.776 E152.61151
G1 X134.825 Y121.557 E152.61649
G1 X134.59 Y121.273 E152.62385
G1 X134.209 Y121.034 E152.63282
G1 X133.781 Y120.952 E152.64152
G1 X122.169 Y120.949 E152.87325
G1 X121.799 Y121.025 E152.88079
G1 X121.41 Y121.265 E152.88991
G1 X121.182 Y121.542 E152.89707
G1 X121.02 Y121.869 E152.90435
G1 X120.952 Y122.216 E152.91141
G1 X120.949 Y126.947 E153.00582
G1 F2700 E148.00582
G0 F9000 X121.231 Y126.668
G0 X121.851 Y125.783
G0 X122.109 Y125.784
;TYPE:SKIN
G1 F2700 E153.00582
G1 F1500 X122.112 Y122.276 E153.07582
G1 X122.185 Y122.156 E153.07863
G1 X122.304 Y122.109 E153.08118
G1 X133.741 Y122.112 E153.30942
G1 X133.884 Y122.253 E153.31343
G1 X133.884 Y125.787 E153.38395
G1 X122.109 Y125.784 E153.61893
G0 F9000 X121.851 Y125.783
G0 X121.914 Y122.221
G0 X122.051 Y122
G0 X122.634 Y121.85
G0 X122.633 Y122.309
G1 F1500 X122.312 Y122.63 E153.62799
G0 F9000 X122.311 Y123.196
G1 F1500 X123.199 Y122.309 E153.65304
G0 F9000 X123.764 Y122.309
G1 F1500 X122.311 Y123.762 E153.69405
G0 F9000 X122.31 Y124.328
G1 F1500 X124.329 Y122.31 E153.75101
G0 F9000 X124.895 Y122.31
G1 F1500 X122.31 Y124.895 E153.82397
G0 F9000 X122.31 Y125.461
G1 F1500 X125.461 Y122.31 E153.9129
G0 F9000 X126.026 Y122.31
G1 F1500 X122.751 Y125.585 E154.00532
G0 F9000 X123.317 Y125.585
G1 F1500 X126.591 Y122.31 E154.09774
G0 F9000 X127.157 Y122.31
G1 F1500 X123.882 Y125.585 E154.19016
G0 F9000 X124.448 Y125.585
G1 F1500 X127.722 Y122.311 E154.28256
G0 F9000 X128.288 Y122.311
G1 F1500 X125.014 Y125.585 E154.37496
G0 F9000 X125.579 Y125.586
G1 F1500 X128.853 Y122.312 E154.46736
G0 F9000 X129.418 Y122.312
G1 F1500 X126.144 Y125.586 E154.55976
G0 F9000 X126.71 Y125.586
G1 F1500 X129.984 Y122.312 E154.65216
G0 F9000 X130.549 Y122.313
G1 F1500 X127.276 Y125.586 E154.74453
G0 F9000 X127.841 Y125.586
G1 F1500 X131.115 Y122.313 E154.83692
G0 F9000 X131.68 Y122.313
G1 F1500 X128.406 Y125.586 E154.9293
G0 F9000 X128.972 Y125.586
G1 F1500 X132.245 Y122.313 E155.02167
G0 F9000 X132.811 Y122.313
G1 F1500 X129.538 Y125.586 E155.11404
G0 F9000 X130.103 Y125.586
G1 F1500 X133.377 Y122.313 E155.20643
G0 F9000 X133.683 Y122.572
G1 F1500 X130.669 Y125.586 E155.29149
G0 F9000 X131.234 Y125.587
G1 F1500 X133.683 Y123.138 E155.36061
G0 F9000 X133.683 Y123.703
G1 F1500 X131.8 Y125.587 E155.41376
G0 F9000 X132.365 Y125.587
G1 F1500 X133.683 Y124.269 E155.45096
G0 F9000 X133.683 Y124.835
G1 F1500 X132.931 Y125.587 E155.47218
G0 F9000 X133.497 Y125.587
G1 F1500 X133.683 Y125.4 E155.47745
G1 F2700 E150.47745
G0 F9000 X134.144 Y125.4
G0 X134.072 Y125.976
G0 X126.778 Y126.718
G0 X126.778 Y127.813
G0 X126.778 Y128.185
G0 X126.778 Y129.28
G0 X121.92 Y130.02
G0 X121.911 Y133.753
G0 X122.03 Y133.973
G0 X122.306 Y134.066
G0 X126.778 Y134.246
;TYPE:WALL-INNER
G1 F2700 E155.47745
G1 F1500 X133.701 Y134.244 E155.6156
G1 X133.878 Y134.217 E155.61918
G1 X134.14 Y134.022 E155.62569
G1 X134.248 Y133.762 E155.63131
G1 X134.248 Y129.848 E155.70942
G1 X121.748 Y129.848 E155.95887
G1 X121.749 Y133.768 E156.0371
G1 X121.925 Y134.099 E156.04458
G1 X122.113 Y134.211 E156.04895
G1 X122.359 Y134.248 E156.05391
G1 X126.778 Y134.246 E156.1421
G0 F9000 X126.7 Y134.646
G1 F1500 X133.731 Y134.644 E156.28241
G1 X134.008 Y134.602 E156.288
G1 X134.207 Y134.493 E156.29253
G1 X134.457 Y134.277 E156.29912
G1 X134.648 Y133.822 E156.30897
G1 X134.648 Y129.448 E156.39626
G1 X121.348 Y129.448 E156.66167
G1 X121.349 Y133.826 E156.74904
G1 X121.42 Y134.058 E156.75388
G1 X121.659 Y134.407 E156.76232
G1 X121.984 Y134.599 E156.76986
G1 X122.331 Y134.648 E156.77685
G1 X126.7 Y134.646 E156.86404
G0 F9000 X126.621 Y135.046
;TYPE:WALL-OUTER
G1 F1500 X133.761 Y135.044 E157.00652
G1 X134.138 Y134.987 E157.01413
G1 X134.437 Y134.823 E157.02094
G1 X134.773 Y134.532 E157.02981
G1 X134.946 Y134.214 E157.03703
G1 X135.048 Y133.882 E157.04396
G1 X135.048 Y129.048 E157.14043
G1 X120.948 Y129.048 E157.42181
G1 X120.949 Y133.684 E157.51433
G1 X120.97 Y133.954 E157.51973
G1 X121.05 Y134.214 E157.52516
G1 X121.175 Y134.444 E157.53039
G1 X121.393 Y134.714 E157.53731
G1 X121.848 Y134.983 E157.54786
G1 X122.303 Y135.048 E157.55703
G1 X126.621 Y135.046 E157.6432
G0 F9000 X126.621 Y134.337
G0 X126.848 Y134.147
G0 X126.848 Y133.886
;TYPE:SKIN
G1 F1500 X122.379 Y133.888 E157.73239
G1 X122.175 Y133.828 E157.73663
G1 X122.108 Y133.702 E157.73948
G1 X122.108 Y130.208 E157.8092
G1 X133.888 Y130.208 E158.04429
G1 X133.888 Y133.695 E158.11387
G1 X133.848 Y133.79 E158.11593
G1 X133.727 Y133.884 E158.11899
G1 X126.848 Y133.886 E158.25627
G0 F9000 X126.848 Y134.147
G0 X122.173 Y134.058
G0 X121.934 Y133.795
G0 X121.848 Y130.553
G0 X122.308 Y130.553
G1 F1500 X122.453 Y130.408 E158.26036
G0 F9000 X123.019 Y130.408
G1 F1500 X122.308 Y131.119 E158.28042
G0 F9000 X122.308 Y131.684
G1 F1500 X123.585 Y130.408 E158.31645
G0 F9000 X124.15 Y130.408
G1 F1500 X122.308 Y132.25 E158.36843
G0 F9000 X122.308 Y132.816
G1 F1500 X124.716 Y130.408 E158.43639
G0 F9000 X125.282 Y130.408
G1 F1500 X122.308 Y133.382 E158.52033
G0 F9000 X122.567 Y133.688
G1 F1500 X125.847 Y130.408 E158.6129
G0 F9000 X126.413 Y130.408
G1 F1500 X123.133 Y133.688 E158.70546
G0 F9000 X123.698 Y133.688
G1 F1500 X126.979 Y130.408 E158.79805
G0 F9000 X127.544 Y130.408
G1 F1500 X124.265 Y133.688 E158.8906
G0 F9000 X124.831 Y133.688
G1 F1500 X128.11 Y130.408 E158.98316
G0 F9000 X128.676 Y130.408
G1 F1500 X125.396 Y133.688 E159.07572
G0 F9000 X125.963 Y133.687
G1 F1500 X129.241 Y130.408 E159.16825
G0 F9000 X129.807 Y130.408
G1 F1500 X126.528 Y133.687 E159.26079
G0 F9000 X127.094 Y133.687
G1 F1500 X130.373 Y130.408 E159.35333
G0 F9000 X130.938 Y130.408
G1 F1500 X127.66 Y133.686 E159.44584
G0 F9000 X128.226 Y133.686
G1 F1500 X131.504 Y130.408 E159.53836
G0 F9000 X132.07 Y130.408
G1 F1500 X128.792 Y133.686 E159.63087
G0 F9000 X129.358 Y133.686
G1 F1500 X132.636 Y130.408 E159.72338
G0 F9000 X133.201 Y130.408
G1 F1500 X129.924 Y133.686 E159.81588
G0 F9000 X130.49 Y133.685
G1 F1500 X133.688 Y130.487 E159.90613
G0 F9000 X133.688 Y131.053
G1 F1500 X131.056 Y133.685 E159.98041
G0 F9000 X131.622 Y133.685
G1 F1500 X133.688 Y131.619 E160.03872
G0 F9000 X133.688 Y132.184
G1 F1500 X132.188 Y133.684 E160.08105
G0 F9000 X132.754 Y133.684
G1 F1500 X133.688 Y132.75 E160.10741
G0 F9000 X133.688 Y133.316
G1 F1500 X133.319 Y133.684 E160.11781
G1 F2700 E155.11781
;MESH:NONMESH
G0 F300 Z2.12
G0 F9000 X133.319 Y134.145
G0 X133.799 Y134.081
G0 X134.013 Y133.918
G0 X134.076 Y130.02
G0 X121.749 Y129.28
G0 X121.749 Y128.185
G0 X121.749 Y127.813
G0 X121.749 Y126.718
G0 X121.749 Y126.147
;TIME_ELAPSED:444.743882
;LAYER:16
;TYPE:WALL-INNER
;MESH:cockpit-door-lens-pp.3mf
G1 F2700 E160.11781
G1 F1500 X134.244 Y126.148 E160.36717
G1 X134.244 Y122.238 E160.44519
G1 X134.199 Y122.08 E160.44847
G1 X134.055 Y121.881 E160.45337
G1 X133.725 Y121.753 E160.46044
G1 X122.251 Y121.749 E160.68941
G1 X122.097 Y121.78 E160.69255
G1 X121.937 Y121.878 E160.69629
G1 X121.849 Y121.985 E160.69906
G1 X121.753 Y122.226 E160.70423
G1 X121.749 Y126.147 E160.78248
G0 F9000 X121.349 Y126.547
G1 F1500 X134.644 Y126.548 E161.0478
G1 X134.644 Y122.183 E161.13491
G1 X134.551 Y121.852 E161.14177
G1 X134.322 Y121.577 E161.14891
G1 X134.122 Y121.45 E161.15364
G1 X133.755 Y121.353 E161.16121
G1 X122.21 Y121.349 E161.39161
G1 X121.948 Y121.403 E161.39694
G1 X121.671 Y121.572 E161.40342
G1 X121.514 Y121.763 E161.40835
G1 X121.353 Y122.168 E161.41705
G1 X121.349 Y126.547 E161.50444
G0 F9000 X120.949 Y126.947
;TYPE:WALL-OUTER
G1 F1500 X135.044 Y126.948 E161.78572
G1 X135.044 Y122.128 E161.88191
G1 X134.945 Y121.776 E161.8892
G1 X134.825 Y121.557 E161.89419
G1 X134.59 Y121.273 E161.90154
G1 X134.299 Y121.089 E161.90842
G1 X134.018 Y120.987 E161.91438
G1 X133.785 Y120.953 E161.91908
G1 X122.169 Y120.949 E162.15089
G1 X121.799 Y121.025 E162.15843
G1 X121.405 Y121.266 E162.16764
G1 X121.18 Y121.54 E162.17472
G1 X121.047 Y121.792 E162.18041
G1 X120.953 Y122.11 E162.18702
G1 X120.949 Y126.947 E162.28355
G1 F2700 E157.28355
G0 F9000 X121.231 Y126.668
G0 X121.851 Y125.783
G0 X122.109 Y125.784
;TYPE:SKIN
G1 F2700 E162.28355
G1 F1500 X122.113 Y122.285 E162.35338
G1 X122.151 Y122.195 E162.35533
G1 X122.253 Y122.109 E162.35799
G1 X133.679 Y122.112 E162.58601
G1 X133.806 Y122.161 E162.58872
G1 X133.884 Y122.306 E162.59201
G1 X133.884 Y125.787 E162.66148
G1 X122.109 Y125.784 E162.89646
G0 F9000 X122.756 Y125.584
G1 F1500 X122.309 Y125.137 E162.90908
G0 F9000 X122.31 Y124.572
G1 F1500 X123.322 Y125.584 E162.93764
G0 F9000 X123.887 Y125.584
G1 F1500 X122.31 Y124.007 E162.98214
G0 F9000 X122.311 Y123.442
G1 F1500 X124.453 Y125.584 E163.04259
G0 F9000 X125.019 Y125.584
G1 F1500 X122.312 Y122.877 E163.11899
G0 F9000 X122.313 Y122.313
G1 F1500 X125.585 Y125.585 E163.21133
G0 F9000 X126.151 Y125.585
G1 F1500 X122.875 Y122.31 E163.30378
G0 F9000 X123.441 Y122.31
G1 F1500 X126.716 Y125.585 E163.3962
G0 F9000 X127.282 Y125.585
G1 F1500 X124.007 Y122.31 E163.48863
G0 F9000 X124.572 Y122.31
G1 F1500 X127.848 Y125.585 E163.58107
G0 F9000 X128.414 Y125.586
G1 F1500 X125.139 Y122.31 E163.67352
G0 F9000 X125.704 Y122.31
G1 F1500 X128.98 Y125.586 E163.76597
G0 F9000 X129.545 Y125.586
G1 F1500 X126.27 Y122.31 E163.85841
G0 F9000 X126.836 Y122.31
G1 F1500 X130.111 Y125.586 E163.95085
G0 F9000 X130.677 Y125.586
G1 F1500 X127.402 Y122.311 E164.04328
G0 F9000 X127.968 Y122.311
G1 F1500 X131.243 Y125.586 E164.13571
G0 F9000 X131.809 Y125.586
G1 F1500 X128.534 Y122.311 E164.22814
G0 F9000 X129.099 Y122.311
G1 F1500 X132.375 Y125.586 E164.32058
G0 F9000 X132.94 Y125.586
G1 F1500 X129.666 Y122.312 E164.41298
G0 F9000 X130.231 Y122.312
G1 F1500 X133.506 Y125.586 E164.50539
G0 F9000 X133.684 Y125.199
G1 F1500 X130.797 Y122.312 E164.58687
G0 F9000 X131.363 Y122.312
G1 F1500 X133.684 Y124.633 E164.65237
G0 F9000 X133.684 Y124.068
G1 F1500 X131.929 Y122.313 E164.7019
G0 F9000 X132.495 Y122.313
G1 F1500 X133.684 Y123.502 E164.73546
G0 F9000 X133.684 Y122.936
G1 F1500 X133.061 Y122.313 E164.75304
G0 F9000 X133.626 Y122.313
G1 F1500 X133.684 Y122.37 E164.75466
G1 F2700 E159.75466
G0 F9000 X134.144 Y122.37
G0 X134.072 Y125.976
G0 X126.778 Y126.718
G0 X126.778 Y127.813
G0 X126.778 Y128.185
G0 X126.778 Y129.28
G0 X121.92 Y130.02
G0 X121.91 Y133.747
G0 X122.069 Y134.004
G0 X126.778 Y134.248
;TYPE:WALL-INNER
G1 F2700 E164.75466
G1 F1500 X133.835 Y134.248 E164.89549
G1 X134.14 Y134.026 E164.90302
G1 X134.248 Y133.764 E164.90868
G1 X134.248 Y129.848 E164.98683
G1 X121.748 Y129.848 E165.23628
G1 X121.748 Y133.771 E165.31456
G1 X121.829 Y133.972 E165.31889
G1 X121.967 Y134.132 E165.32311
G1 X122.258 Y134.248 E165.32936
G1 X126.778 Y134.248 E165.41956
G0 F9000 X126.699 Y134.648
G1 F1500 X133.78 Y134.648 E165.56087
G1 X134.009 Y134.602 E165.56553
G1 X134.208 Y134.494 E165.57005
G1 X134.457 Y134.283 E165.57656
G1 X134.574 Y134.064 E165.58152
G1 X134.648 Y133.823 E165.58655
G1 X134.648 Y129.448 E165.67385
G1 X121.348 Y129.448 E165.93927
G1 X121.348 Y133.819 E166.0265
G1 X121.446 Y134.14 E166.0332
G1 X121.711 Y134.449 E166.04132
G1 X121.987 Y134.599 E166.04759
G1 X122.216 Y134.648 E166.05226
G1 X126.699 Y134.648 E166.14172
G0 F9000 X126.621 Y135.048
;TYPE:WALL-OUTER
G1 F1500 X133.82 Y135.048 E166.28539
G1 X134.147 Y134.982 E166.29205
G1 X134.434 Y134.826 E166.29856
G1 X134.773 Y134.539 E166.30743
G1 X134.946 Y134.218 E166.31471
G1 X135.048 Y133.882 E166.32171
G1 X135.048 Y129.048 E166.41818
G1 X120.948 Y129.048 E166.69956
G1 X120.948 Y133.683 E166.79206
G1 X120.97 Y133.954 E166.79748
G1 X121.089 Y134.339 E166.80553
G1 X121.456 Y134.765 E166.81675
G1 X121.847 Y134.978 E166.82563
G1 X122.174 Y135.048 E166.83231
G1 X126.621 Y135.048 E166.92105
G0 F9000 X126.621 Y134.338
G0 X126.848 Y134.148
G0 X126.848 Y133.888
;TYPE:SKIN
G1 F1500 X122.308 Y133.888 E167.01165
G1 X122.201 Y133.844 E167.01396
G1 X122.108 Y133.691 E167.01753
G1 X122.108 Y130.208 E167.08704
G1 X133.888 Y130.208 E167.32212
G1 X133.888 Y133.7 E167.39181
G1 X133.848 Y133.796 E167.39388
G1 X133.725 Y133.888 E167.39695
G1 X126.848 Y133.888 E167.53419
G0 F9000 X126.848 Y134.148
G0 X122.37 Y134.148
G0 X122.37 Y133.684
G1 F1500 X122.308 Y133.621 E167.53595
G0 F9000 X122.308 Y133.056
G1 F1500 X122.936 Y133.684 E167.55367
G0 F9000 X123.502 Y133.684
G1 F1500 X122.308 Y132.49 E167.58737
G0 F9000 X122.308 Y131.924
G1 F1500 X124.068 Y133.684 E167.63704
G0 F9000 X124.634 Y133.685
G1 F1500 X122.308 Y131.359 E167.70269
G0 F9000 X122.308 Y130.793
G1 F1500 X125.2 Y133.685 E167.78431
G0 F9000 X125.765 Y133.685
G1 F1500 X122.489 Y130.408 E167.87678
G0 F9000 X123.054 Y130.408
G1 F1500 X126.332 Y133.686 E167.96929
G0 F9000 X126.897 Y133.686
G1 F1500 X123.62 Y130.408 E168.06179
G0 F9000 X124.186 Y130.408
G1 F1500 X127.463 Y133.686 E168.15428
G0 F9000 X128.029 Y133.686
G1 F1500 X124.751 Y130.408 E168.2468
G0 F9000 X125.317 Y130.408
G1 F1500 X128.595 Y133.686 E168.33931
G0 F9000 X129.161 Y133.686
G1 F1500 X125.883 Y130.408 E168.43182
G0 F9000 X126.448 Y130.408
G1 F1500 X129.727 Y133.686 E168.52435
G0 F9000 X130.293 Y133.687
G1 F1500 X127.014 Y130.408 E168.61689
G0 F9000 X127.58 Y130.408
G1 F1500 X130.859 Y133.687 E168.70943
G0 F9000 X131.424 Y133.687
G1 F1500 X128.145 Y130.408 E168.80197
G0 F9000 X128.711 Y130.408
G1 F1500 X131.991 Y133.688 E168.89454
G0 F9000 X132.556 Y133.688
G1 F1500 X129.277 Y130.408 E168.98709
G0 F9000 X129.842 Y130.408
G1 F1500 X133.122 Y133.688 E169.07966
G0 F9000 X133.685 Y133.685
G1 F1500 X130.408 Y130.408 E169.17215
G0 F9000 X130.974 Y130.408
G1 F1500 X133.685 Y133.119 E169.24866
G0 F9000 X133.686 Y132.554
G1 F1500 X131.54 Y130.408 E169.30922
G0 F9000 X132.105 Y130.408
G1 F1500 X133.686 Y131.989 E169.35384
G0 F9000 X133.687 Y131.424
G1 F1500 X132.671 Y130.408 E169.38251
G0 F9000 X133.237 Y130.408
G1 F1500 X133.688 Y130.859 E169.39524
G1 F2700 E164.39524
;MESH:NONMESH
G0 F300 Z2.24
G0 F9000 X134.148 Y130.859
G0 X134.076 Y130.02
G0 X121.749 Y129.28
G0 X121.749 Y128.185
G0 X121.749 Y127.813
G0 X121.749 Y126.718
G0 X121.749 Y126.147
;TIME_ELAPSED:471.337885
;LAYER:17
;TYPE:WALL-INNER
;MESH:cockpit-door-lens-pp.3mf
G1 F2700 E169.39524
G1 F1500 X134.244 Y126.148 E169.64459
G1 X134.244 Y122.241 E169.72256
G1 X134.199 Y122.079 E169.72592
G1 X134.059 Y121.884 E169.73071
G1 X133.761 Y121.752 E169.73721
G1 X122.251 Y121.749 E169.96691
G1 X122.097 Y121.78 E169.97004
G1 X121.937 Y121.878 E169.97378
G1 X121.849 Y121.985 E169.97655
G1 X121.753 Y122.226 E169.98173
G1 X121.749 Y126.147 E170.05997
G0 F9000 X121.349 Y126.547
G1 F1500 X134.644 Y126.548 E170.32529
G1 X134.644 Y122.186 E170.41234
G1 X134.552 Y121.854 E170.41921
G1 X134.326 Y121.578 E170.42633
G1 X134.126 Y121.455 E170.43102
G1 X133.828 Y121.352 E170.43731
G1 X122.21 Y121.349 E170.66916
G1 X121.948 Y121.403 E170.6745
G1 X121.671 Y121.572 E170.68097
G1 X121.514 Y121.763 E170.68591
G1 X121.353 Y122.168 E170.69461
G1 X121.349 Y126.547 E170.78199
G0 F9000 X120.949 Y126.947
;TYPE:WALL-OUTER
G1 F1500 X135.044 Y126.948 E171.06327
G1 X135.044 Y122.132 E171.15938
G1 X134.945 Y121.776 E171.16676
G1 X134.825 Y121.557 E171.17174
G1 X134.594 Y121.273 E171.17905
G1 X134.298 Y121.091 E171.18598
G1 X133.894 Y120.952 E171.19451
G1 X122.169 Y120.949 E171.42849
G1 X121.799 Y121.025 E171.43603
G1 X121.405 Y121.266 E171.44525
G1 X121.18 Y121.54 E171.45232
G1 X121.047 Y121.792 E171.45801
G1 X120.953 Y122.11 E171.46462
G1 X120.949 Y126.947 E171.56115
G1 F2700 E166.56115
G0 F9000 X121.231 Y126.668
G0 X121.851 Y125.783
G0 X122.109 Y125.784
;TYPE:SKIN
G1 F2700 E171.56115
G1 F1500 X122.113 Y122.285 E171.63098
G1 X122.151 Y122.195 E171.63293
G1 X122.253 Y122.109 E171.63559
G1 X133.692 Y122.112 E171.86387
G1 X133.808 Y122.161 E171.86638
G1 X133.884 Y122.306 E171.86965
G1 X133.884 Y125.787 E171.93912
G1 X122.109 Y125.784 E172.1741
G0 F9000 X121.851 Y125.783
G0 X121.853 Y122.628
G0 X122.313 Y122.629
G1 F1500 X122.633 Y122.309 E172.18313
G0 F9000 X123.198 Y122.31
G1 F1500 X122.313 Y123.195 E172.20811
G0 F9000 X122.312 Y123.761
G1 F1500 X123.763 Y122.31 E172.24906
G0 F9000 X124.328 Y122.31
G1 F1500 X122.311 Y124.328 E172.30599
G0 F9000 X122.31 Y124.894
G1 F1500 X124.894 Y122.31 E172.37892
G0 F9000 X125.459 Y122.311
G1 F1500 X122.31 Y125.461 E172.46781
G0 F9000 X122.751 Y125.585
G1 F1500 X126.024 Y122.312 E172.56018
G0 F9000 X126.59 Y122.312
G1 F1500 X123.317 Y125.585 E172.65255
G0 F9000 X123.882 Y125.585
G1 F1500 X127.155 Y122.313 E172.74491
G0 F9000 X127.72 Y122.313
G1 F1500 X124.448 Y125.585 E172.83725
G0 F9000 X125.014 Y125.585
G1 F1500 X128.285 Y122.313 E172.92958
G0 F9000 X128.85 Y122.314
G1 F1500 X125.579 Y125.586 E173.02191
G0 F9000 X126.144 Y125.586
G1 F1500 X129.415 Y122.315 E173.11422
G0 F9000 X129.981 Y122.315
G1 F1500 X126.71 Y125.586 E173.20654
G0 F9000 X127.276 Y125.586
G1 F1500 X130.546 Y122.315 E173.29884
G0 F9000 X131.111 Y122.316
G1 F1500 X127.841 Y125.586 E173.39112
G0 F9000 X128.406 Y125.586
G1 F1500 X131.677 Y122.316 E173.48342
G0 F9000 X132.242 Y122.317
G1 F1500 X128.972 Y125.586 E173.5757
G0 F9000 X129.538 Y125.586
G1 F1500 X132.807 Y122.317 E173.66795
G0 F9000 X133.372 Y122.317
G1 F1500 X130.103 Y125.586 E173.76021
G0 F9000 X130.669 Y125.586
G1 F1500 X133.683 Y122.572 E173.84527
G0 F9000 X133.683 Y123.138
G1 F1500 X131.234 Y125.587 E173.91439
G0 F9000 X131.8 Y125.587
G1 F1500 X133.683 Y123.703 E173.96755
G0 F9000 X133.683 Y124.269
G1 F1500 X132.365 Y125.587 E174.00474
G0 F9000 X132.931 Y125.587
G1 F1500 X133.683 Y124.835 E174.02597
G0 F9000 X133.683 Y125.4
G1 F1500 X133.497 Y125.587 E174.03123
G1 F2700 E169.03123
G0 F9000 X133.496 Y126.047
G0 X126.778 Y126.718
G0 X126.778 Y127.813
G0 X126.778 Y128.185
G0 X126.778 Y129.28
G0 X121.92 Y130.02
G0 X121.91 Y133.753
G0 X122.033 Y133.976
G0 X126.778 Y134.248
;TYPE:WALL-INNER
G1 F2700 E174.03123
G1 F1500 X133.737 Y134.248 E174.1701
G1 X134.024 Y134.137 E174.17624
G1 X134.159 Y133.986 E174.18029
G1 X134.248 Y133.744 E174.18543
G1 X134.248 Y129.848 E174.26318
G1 X121.748 Y129.848 E174.51263
G1 X121.748 Y133.776 E174.59102
G1 X121.928 Y134.102 E174.59845
G1 X122.13 Y134.22 E174.60312
G1 X122.259 Y134.248 E174.60575
G1 X126.778 Y134.248 E174.69594
G0 F9000 X126.699 Y134.648
G1 F1500 X133.776 Y134.648 E174.83716
G1 X134.008 Y134.601 E174.84189
G1 X134.277 Y134.455 E174.848
G1 X134.489 Y134.217 E174.85436
G1 X134.588 Y134.033 E174.85853
G1 X134.648 Y133.794 E174.86344
G1 X134.648 Y129.448 E174.95017
G1 X121.348 Y129.448 E175.21559
G1 X121.348 Y133.823 E175.3029
G1 X121.446 Y134.143 E175.30958
G1 X121.664 Y134.411 E175.31647
G1 X121.984 Y134.597 E175.32386
G1 X122.216 Y134.648 E175.3286
G1 X126.699 Y134.648 E175.41806
G0 F9000 X126.621 Y135.048
;TYPE:WALL-OUTER
G1 F1500 X133.816 Y135.048 E175.56164
G1 X134.146 Y134.981 E175.56836
G1 X134.529 Y134.773 E175.57706
G1 X134.819 Y134.448 E175.58575
G1 X134.964 Y134.179 E175.59185
G1 X135.048 Y133.843 E175.59876
G1 X135.048 Y129.048 E175.69445
G1 X120.948 Y129.048 E175.97583
G1 X120.948 Y133.672 E176.06811
G1 X120.97 Y133.954 E176.07376
G1 X121.05 Y134.214 E176.07918
G1 X121.172 Y134.44 E176.08431
G1 X121.4 Y134.721 E176.09153
G1 X121.838 Y134.975 E176.10163
G1 X122.174 Y135.048 E176.1085
G1 X126.621 Y135.048 E176.19724
G0 F9000 X126.621 Y134.338
G0 X126.848 Y134.148
G0 X126.848 Y133.888
;TYPE:SKIN
G1 F1500 X122.313 Y133.888 E176.28774
G1 X122.174 Y133.822 E176.29081
G1 X122.109 Y133.701 E176.29355
G1 X122.108 Y130.208 E176.36326
G1 X133.888 Y130.208 E176.59834
G1 X133.888 Y133.691 E176.66785
G1 X133.801 Y133.84 E176.67129
G1 X133.684 Y133.888 E176.67382
G1 X126.848 Y133.888 E176.81024
G0 F9000 X126.848 Y134.148
G0 X122.272 Y134.087
G0 X122.033 Y133.976
G0 X121.848 Y130.553
G0 X122.308 Y130.553
G1 F1500 X122.453 Y130.408 E176.81433
G0 F9000 X123.019 Y130.408
G1 F1500 X122.308 Y131.119 E176.8344
G0 F9000 X122.308 Y131.684
G1 F1500 X123.585 Y130.408 E176.87042
G0 F9000 X124.15 Y130.408
G1 F1500 X122.309 Y132.249 E176.92238
G0 F9000 X122.309 Y132.815
G1 F1500 X124.716 Y130.408 E176.99031
G0 F9000 X125.282 Y130.408
G1 F1500 X122.309 Y133.381 E177.07421
G0 F9000 X122.568 Y133.688
G1 F1500 X125.847 Y130.408 E177.16677
G0 F9000 X126.413 Y130.408
G1 F1500 X123.133 Y133.688 E177.25934
G0 F9000 X123.699 Y133.688
G1 F1500 X126.979 Y130.408 E177.3519
G0 F9000 X127.544 Y130.408
G1 F1500 X124.265 Y133.688 E177.44446
G0 F9000 X124.831 Y133.688
G1 F1500 X128.11 Y130.408 E177.53701
G0 F9000 X128.676 Y130.408
G1 F1500 X125.396 Y133.688 E177.62958
G0 F9000 X125.962 Y133.688
G1 F1500 X129.241 Y130.408 E177.72214
G0 F9000 X129.807 Y130.408
G1 F1500 X126.528 Y133.688 E177.81469
G0 F9000 X127.093 Y133.688
G1 F1500 X130.373 Y130.408 E177.90726
G0 F9000 X130.938 Y130.408
G1 F1500 X127.659 Y133.688 E177.99982
G0 F9000 X128.225 Y133.688
G1 F1500 X131.504 Y130.408 E178.09237
G0 F9000 X132.07 Y130.408
G1 F1500 X128.79 Y133.688 E178.18494
G0 F9000 X129.356 Y133.688
G1 F1500 X132.636 Y130.408 E178.27751
G0 F9000 X133.201 Y130.408
G1 F1500 X129.922 Y133.688 E178.37006
G0 F9000 X130.487 Y133.688
G1 F1500 X133.688 Y130.487 E178.4604
G0 F9000 X133.688 Y131.053
G1 F1500 X131.053 Y133.688 E178.53477
G0 F9000 X131.619 Y133.688
G1 F1500 X133.688 Y131.619 E178.59316
G0 F9000 X133.688 Y132.184
G1 F1500 X132.184 Y133.688 E178.6356
G0 F9000 X132.75 Y133.688
G1 F1500 X133.688 Y132.75 E178.66208
G0 F9000 X133.688 Y133.316
G1 F1500 X133.316 Y133.688 E178.67257
;MESH:NONMESH
G0 F300 Z2.36
G0 F9000 X133.316 Y134.148
G0 X126.778 Y134.246
;TIME_ELAPSED:497.597146
;LAYER:18
;TYPE:WALL-INNER
;MESH:cockpit-door-lens-pp.3mf
G1 F1500 X133.751 Y134.244 E178.81173
G1 X134.03 Y134.134 E178.81771
G1 X134.21 Y133.893 E178.82372
G1 X134.248 Y133.743 E178.8268
G1 X134.244 Y122.245 E179.05626
G1 X134.198 Y122.077 E179.05974
G1 X134.053 Y121.876 E179.06468
G1 X133.773 Y121.753 E179.07078
G1 X122.217 Y121.752 E179.3014
G1 X121.955 Y121.866 E179.3071
G1 X121.84 Y121.989 E179.31046
G1 X121.752 Y122.286 E179.31664
G1 X121.748 Y133.763 E179.54568
G1 X121.881 Y134.052 E179.55203
G1 X122.072 Y134.192 E179.55675
G1 X122.271 Y134.248 E179.56088
G1 X126.778 Y134.246 E179.65082
G0 F9000 X126.7 Y134.646
G1 F1500 X133.789 Y134.644 E179.79229
G1 X134.01 Y134.6 E179.79678
G1 X134.283 Y134.451 E179.80299
G1 X134.492 Y134.214 E179.8093
G1 X134.587 Y134.038 E179.81329
G1 X134.648 Y133.791 E179.81837
G1 X134.644 Y122.19 E180.04988
G1 X134.547 Y121.844 E180.05705
G1 X134.318 Y121.569 E180.06419
G1 X134.061 Y121.413 E180.07019
G1 X133.822 Y121.353 E180.07511
G1 X122.086 Y121.352 E180.30931
G1 X121.711 Y121.54 E180.31768
G1 X121.501 Y121.766 E180.32384
G1 X121.404 Y121.986 E180.32864
G1 X121.352 Y122.247 E180.33395
G1 X121.348 Y133.824 E180.56498
G1 X121.418 Y134.047 E180.56964
G1 X121.574 Y134.321 E180.57594
G1 X121.88 Y134.555 E180.58362
G1 X122.217 Y134.648 E180.5906
G1 X126.7 Y134.646 E180.68006
G0 F9000 X126.621 Y135.046
;TYPE:WALL-OUTER
G1 F1500 X133.828 Y135.044 E180.82389
G1 X134.147 Y134.981 E180.83037
G1 X134.537 Y134.769 E180.83923
G1 X134.822 Y134.444 E180.84786
G1 X134.963 Y134.183 E180.85378
G1 X135.048 Y133.839 E180.86085
G1 X135.044 Y122.136 E181.0944
G1 X134.945 Y121.779 E181.10179
G1 X134.825 Y121.552 E181.10691
G1 X134.583 Y121.262 E181.11445
G1 X134.217 Y121.039 E181.123
G1 X133.871 Y120.953 E181.13012
G1 X122.121 Y120.952 E181.3646
G1 X121.87 Y121.013 E181.36976
G1 X121.467 Y121.215 E181.37875
G1 X121.162 Y121.544 E181.38771
G1 X121.02 Y121.865 E181.39471
G1 X120.952 Y122.208 E181.40169
G1 X120.948 Y133.885 E181.63472
G1 X121.049 Y134.207 E181.64145
G1 X121.266 Y134.589 E181.65022
G1 X121.7 Y134.921 E181.66112
G1 X122.163 Y135.048 E181.6707
G1 X126.621 Y135.046 E181.75967
G0 F9000 X126.621 Y134.337
G0 X126.848 Y134.147
G0 X126.848 Y133.886
;TYPE:SKIN
G1 F1500 X122.318 Y133.888 E181.85007
G1 X122.16 Y133.81 E181.85359
G1 X122.108 Y133.699 E181.85603
G1 X122.112 Y122.328 E182.08295
G1 X122.149 Y122.196 E182.08569
G1 X122.266 Y122.116 E182.08852
G1 X133.714 Y122.112 E182.31697
G1 X133.802 Y122.151 E182.3189
G1 X133.884 Y122.309 E182.32245
G1 X133.887 Y133.731 E182.55039
G1 X133.799 Y133.843 E182.55323
G1 X133.7 Y133.884 E182.55537
G1 X126.848 Y133.886 E182.69211
G0 F9000 X126.848 Y134.147
G0 X122.292 Y134.087
G0 X122.059 Y133.97
G0 X121.849 Y133.621
G0 X122.308 Y133.622
G1 F1500 X122.374 Y133.688 E182.69397
G0 F9000 X122.94 Y133.688
G1 F1500 X122.308 Y133.056 E182.7118
G0 F9000 X122.308 Y132.491
G1 F1500 X123.505 Y133.688 E182.74559
G0 F9000 X124.071 Y133.688
G1 F1500 X122.308 Y131.925 E182.79534
G0 F9000 X122.309 Y131.36
G1 F1500 X124.636 Y133.687 E182.86102
G0 F9000 X125.202 Y133.687
G1 F1500 X122.309 Y130.794 E182.94266
G0 F9000 X122.309 Y130.229
G1 F1500 X125.767 Y133.687 E183.04025
G0 F9000 X126.332 Y133.686
G1 F1500 X122.309 Y129.663 E183.15379
G0 F9000 X122.31 Y129.098
G1 F1500 X126.898 Y133.686 E183.28328
G0 F9000 X127.464 Y133.686
G1 F1500 X122.31 Y128.532 E183.42873
G0 F9000 X122.31 Y127.967
G1 F1500 X128.029 Y133.686 E183.59013
G0 F9000 X128.594 Y133.686
G1 F1500 X122.31 Y127.401 E183.7675
G0 F9000 X122.31 Y126.836
G1 F1500 X129.16 Y133.686 E183.96082
G0 F9000 X129.726 Y133.686
G1 F1500 X122.31 Y126.27 E184.17011
G0 F9000 X122.31 Y125.704
G1 F1500 X130.291 Y133.685 E184.39536
G0 F9000 X130.856 Y133.685
G1 F1500 X122.31 Y125.139 E184.63654
G0 F9000 X122.311 Y124.574
G1 F1500 X131.422 Y133.685 E184.89367
G0 F9000 X131.987 Y133.684
G1 F1500 X122.311 Y124.008 E185.16675
G0 F9000 X122.311 Y123.442
G1 F1500 X132.553 Y133.684 E185.4558
G0 F9000 X133.119 Y133.684
G1 F1500 X122.311 Y122.877 E185.76081
G0 F9000 X122.32 Y122.32
G1 F1500 X133.684 Y133.684 E186.08153
G0 F9000 X133.687 Y133.121
G1 F1500 X122.886 Y122.32 E186.38636
G0 F9000 X123.451 Y122.32
G1 F1500 X133.687 Y132.556 E186.67524
G0 F9000 X133.687 Y131.99
G1 F1500 X124.017 Y122.32 E186.94815
G0 F9000 X124.582 Y122.319
G1 F1500 X133.687 Y131.424 E187.20511
G0 F9000 X133.687 Y130.859
G1 F1500 X125.147 Y122.318 E187.44614
G0 F9000 X125.712 Y122.318
G1 F1500 X133.686 Y130.292 E187.67119
G0 F9000 X133.686 Y129.727
G1 F1500 X126.277 Y122.317 E187.8803
G0 F9000 X126.842 Y122.317
G1 F1500 X133.686 Y129.161 E188.07345
G0 F9000 X133.686 Y128.595
G1 F1500 X127.408 Y122.317 E188.25063
G0 F9000 X127.973 Y122.316
G1 F1500 X133.686 Y128.029 E188.41186
G0 F9000 X133.686 Y127.463
G1 F1500 X128.538 Y122.315 E188.55715
G0 F9000 X129.104 Y122.315
G1 F1500 X133.686 Y126.897 E188.68646
G0 F9000 X133.686 Y126.332
G1 F1500 X129.669 Y122.315 E188.79983
G0 F9000 X130.234 Y122.314
G1 F1500 X133.686 Y125.766 E188.89726
G0 F9000 X133.686 Y125.2
G1 F1500 X130.799 Y122.314 E188.97872
G0 F9000 X131.364 Y122.313
G1 F1500 X133.685 Y124.634 E189.04422
G0 F9000 X133.685 Y124.068
G1 F1500 X131.93 Y122.313 E189.09375
G0 F9000 X132.495 Y122.313
G1 F1500 X133.685 Y123.503 E189.12734
G0 F9000 X133.685 Y122.937
G1 F1500 X133.06 Y122.312 E189.14498
G0 F9000 X133.626 Y122.312
G1 F1500 X133.685 Y122.371 E189.14664
G1 F2700 E184.14664
;MESH:NONMESH
G0 F300 Z2.48
G0 F9000 X134.145 Y122.371
G0 X134.045 Y124.462
G0 X135.912 Y124.461
G0 X135.911 Y122.02
G0 X135.755 Y121.456
G0 X135.546 Y121.07
G0 X135.159 Y120.601
G0 X134.556 Y120.236
G0 X134.09 Y120.118
G0 X125.351 Y120.089
G0 X125.351 Y124.465
;TIME_ELAPSED:523.414836
;LAYER:19
;TYPE:WALL-OUTER
;MESH:cockpit-door-lens-pp.3mf
G1 F2700 E189.14664
G1 F1102.9 X125.317 Y124.524 E189.14849
G1 X125.249 Y124.524 E189.15033
G1 X125.215 Y124.465 E189.15218
G1 X125.249 Y124.406 E189.15403
G1 X125.317 Y124.406 E189.15588
G1 X125.351 Y124.465 E189.15772
G1 F2700 E184.15772
G0 F9000 X123.958 Y130.89
G0 X123.909 Y131.299
;TYPE:WALL-INNER
G1 F2700 E189.15772
G1 F914.6 X123.908 Y131.487 E189.16388
G0 F9000 X123.922 Y132.131
;TYPE:WALL-OUTER
G1 F1500 X124.133 Y132.086 E189.16818
G1 X124.294 Y131.96 E189.17226
G1 X124.432 Y131.658 E189.17889
G1 X124.439 Y131.262 E189.18679
G1 X124.394 Y130.977 E189.19255
G1 X124.214 Y130.755 E189.19825
G1 X124.016 Y130.665 E189.20259
G1 X123.721 Y130.687 E189.2085
G1 X123.613 Y130.748 E189.21097
G1 X123.465 Y130.935 E189.21573
G1 X123.38 Y131.21 E189.22148
G1 X123.381 Y131.568 E189.22862
G1 X123.469 Y131.846 E189.23444
G1 X123.616 Y132.038 E189.23927
G1 X123.922 Y132.131 E189.24565
G1 F2700 E184.24565
G0 F9000 X123.919 Y131.819
G0 X124.208 Y131.609
G0 X126.675 Y132.153
G1 F2700 E189.24565
G1 F1542.4 X126.673 Y131.633 E189.25574
G1 F1550.4 X126.875 Y131.636 E189.25964
G1 X127.049 Y131.773 E189.26392
G1 F1542.4 X127.045 Y132.029 E189.26888
G1 F1534.5 X126.88 Y132.153 E189.27291
G1 X126.675 Y132.153 E189.27691
G0 F9000 X126.675 Y133.27
G0 X126.952 Y133.765
G0 X126.932 Y133.457
;TYPE:WALL-INNER
G1 F1503.8 X126.905 Y133.459 E189.27745
G1 F1500 X125.824 Y133.46 E189.29902
G1 X125.495 Y133.363 E189.30587
G1 X125.331 Y133.204 E189.31043
G1 X125.259 Y133.039 E189.31402
G1 X125.12 Y133.153 E189.31761
G1 X124.736 Y133.359 E189.3263
G1 X124.344 Y133.471 E189.33444
G1 X123.895 Y133.504 E189.34342
G1 X123.314 Y133.432 E189.3551
G1 X122.797 Y133.194 E189.36646
G1 X122.399 Y132.85 E189.37696
G1 F1435.4 X122.064 Y132.368 E189.3892
G1 F1315.8 X121.856 Y131.746 E189.40412
G1 F1276.6 X121.844 Y131.236 E189.41608
G1 F1250 X121.888 Y130.8 E189.42658
G1 F1273.9 X122.14 Y130.242 E189.44097
G1 F1379.3 X122.442 Y129.862 E189.4515
G1 F1456.3 X122.856 Y129.536 E189.46233
G1 F1500 X123.07 Y129.429 E189.46711
G1 X123.5 Y129.311 E189.476
G1 X124.11 Y129.285 E189.48819
G1 X124.518 Y129.362 E189.49647
G1 X125.008 Y129.566 E189.50707
G1 X125.263 Y129.791 E189.51385
G1 X125.308 Y129.628 E189.51723
G1 X125.464 Y129.456 E189.52186
G1 X125.788 Y129.336 E189.52876
G1 X126.568 Y129.342 E189.54432
G1 X126.752 Y129.401 E189.54818
G1 X126.908 Y129.515 E189.55203
G1 F1257.9 X127.157 Y129.936 E189.56367
G1 F1083 X127.157 Y130.287 E189.57338
G1 X127.711 Y130.45 E189.58934
G1 X127.711 Y129.936 E189.60354
G1 F1257.9 X127.96 Y129.515 E189.61518
G1 F1500 X128.116 Y129.401 E189.61904
G1 X128.353 Y129.336 E189.62394
G1 X130.269 Y129.34 E189.66218
G1 X130.374 Y129.473 E189.66556
G1 X130.482 Y129.336 E189.66904
G1 X131.271 Y129.337 E189.68479
G1 X131.524 Y129.414 E189.69007
G1 X131.729 Y129.605 E189.69566
G1 X131.837 Y129.966 E189.70318
G1 X132.075 Y129.605 E189.71181
G1 X132.28 Y129.414 E189.7174
G1 X132.504 Y129.336 E189.72213
G1 X133.243 Y129.336 E189.73688
G1 X133.6 Y129.459 E189.74441
G1 X133.836 Y129.936 E189.75503
G1 X133.836 Y132.949 E189.81516
G1 X133.658 Y133.288 E189.8228
G1 X133.536 Y133.381 E189.82586
G1 X133.312 Y133.46 E189.8306
G1 X132.616 Y133.46 E189.84449
G1 X132.311 Y133.378 E189.8508
G1 X132.113 Y133.188 E189.85627
G1 X132.021 Y132.878 E189.86272
G1 X131.819 Y133.188 E189.87011
G1 X131.621 Y133.378 E189.87559
G1 X131.398 Y133.46 E189.88033
G1 X130.518 Y133.46 E189.89789
G1 X130.338 Y133.378 E189.90184
G1 X130.146 Y133.46 E189.906
G1 X128.388 Y133.46 E189.94108
G1 X128.105 Y133.39 E189.9469
G1 X127.892 Y133.197 E189.95264
G1 X127.801 Y133.259 E189.95484
G1 X127.378 Y133.421 E189.96387
G1 F1503.8 X126.932 Y133.457 E189.97278
G0 F9000 X126.778 Y134.244
G1 F1538.5 X126.948 Y134.244 E189.97609
G1 F1492.5 X127.445 Y134.233 E189.98606
G1 F1369.9 X127.792 Y134.207 E189.99366
G1 F1405.2 X128.388 Y134.245 E190.00639
G1 F1507.5 X130.338 Y134.238 E190.04511
G1 X130.608 Y134.246 E190.05047
G1 F1515.2 X131.523 Y134.244 E190.06855
G1 F1360.5 X131.966 Y134.202 E190.07834
G1 F1376.1 X132.616 Y134.247 E190.09251
G1 F1511.3 X133.443 Y134.244 E190.10889
G1 F1432 X133.723 Y134.226 E190.11476
G1 F1357.5 X133.912 Y134.169 E190.11911
G1 F1342.3 X134.083 Y134.052 E190.12373
G1 F1348.3 X134.226 Y133.723 E190.13169
G1 F1376.1 X134.235 Y133.035 E190.14666
G1 X133.954 Y133.589 E190.16017
G1 F1382.5 X133.695 Y133.79 E190.16727
G1 F1463.4 X133.364 Y133.856 E190.17417
G1 F1522.8 X132.616 Y133.856 E190.18888
G1 F1376.1 X132.087 Y133.757 E190.20058
G1 F1250 X131.966 Y133.67 E190.20415
G1 X131.845 Y133.757 E190.20772
G1 F1369.9 X131.457 Y133.855 E190.21647
G1 F1522.8 X130.608 Y133.855 E190.23316
G1 F1507.5 X130.338 Y133.822 E190.23856
G1 F1500 X130.205 Y133.855 E190.24129
G1 F1530.6 X128.388 Y133.855 E190.27683
G1 F1405.2 X127.901 Y133.771 E190.28735
G1 F1293.1 X127.819 Y133.718 E190.28961
G1 F1369.9 X127.41 Y133.824 E190.29885
G1 F1492.5 X126.934 Y133.853 E190.30841
G1 F1538.5 X125.824 Y133.854 E190.33001
G1 F1357.5 X125.25 Y133.737 E190.34293
G1 F1214.6 X125.153 Y133.642 E190.34627
G1 F1282.1 X124.957 Y133.748 E190.35148
G1 F1445.8 X124.412 Y133.859 E190.36299
G1 F1587.3 X123.895 Y133.887 E190.37276
G1 F1566.6 X123.346 Y133.839 E190.38329
G1 F1503.8 X123.061 Y133.756 E190.38919
G1 X122.586 Y133.538 E190.3996
G1 F1500 X122.101 Y133.122 E190.41235
G1 X121.749 Y132.616 E190.42465
G1 X121.748 Y133.761 E190.4475
G1 X121.799 Y133.928 E190.45098
G1 X122.033 Y134.173 E190.45775
G1 X122.216 Y134.235 E190.4616
G1 X123.32 Y134.237 E190.48363
G1 F1566.6 X123.895 Y134.254 E190.49463
G1 F1587.3 X124.445 Y134.245 E190.505
G1 F1357.5 X125.115 Y134.19 E190.51982
G1 X125.824 Y134.244 E190.5355
G1 F1542.4 X126.778 Y134.244 E190.55402
G1 F2700 E185.55402
G0 F9000 X134.075 Y133.698
G0 X134.074 Y127.128
G0 X131.374 Y126.951
G0 X126.377 Y126.875
G0 X124.3 Y126.95
G0 X121.922 Y127.128
G0 X121.935 Y129.56
G0 X124.135 Y128.723
G0 X125.131 Y129.001
G0 X127.305 Y129.118
G0 X127.571 Y130.081
G0 X127.551 Y129.098
G0 X127.773 Y129.162
G1 F2700 E190.55402
G1 F1500 X127.986 Y129.006 E190.55929
G1 X128.308 Y128.938 E190.56585
G1 X130.225 Y128.936 E190.60411
G1 X130.374 Y128.968 E190.60715
G1 X130.524 Y128.936 E190.61021
G1 X131.3 Y128.938 E190.6257
G1 X131.664 Y129.013 E190.63311
G1 X131.902 Y129.235 E190.63961
G1 X132.083 Y129.066 E190.64455
G1 X132.457 Y128.936 E190.65245
G1 X133.247 Y128.936 E190.66822
G1 X133.843 Y129.141 E190.6808
G1 F1477.8 X134.241 Y129.936 E190.6988
G1 X134.246 Y126.956 E190.75917
G1 F1500 X131.939 Y126.956 E190.8052
G1 X131.68 Y126.912 E190.81045
G1 X131.449 Y126.807 E190.81551
G1 X131.374 Y126.684 E190.81839
G1 X131.299 Y126.807 E190.82126
G1 X131.068 Y126.912 E190.82632
G1 X130.772 Y126.956 E190.8323
G1 X130.005 Y126.956 E190.8476
G1 X129.788 Y126.889 E190.85213
G1 X129.571 Y126.956 E190.85667
G1 X128.824 Y126.956 E190.87157
G1 X128.552 Y126.919 E190.87705
G1 X128.332 Y126.827 E190.88181
G1 X128.272 Y126.734 E190.88402
G1 X128.212 Y126.827 E190.88623
G1 X127.8 Y126.954 E190.89483
G1 X127.005 Y126.955 E190.9107
G1 X126.727 Y126.898 E190.91636
G1 X126.528 Y126.801 E190.92078
G1 X126.378 Y126.611 E190.92561
G1 X126.227 Y126.801 E190.93045
G1 X126.027 Y126.896 E190.93487
G1 X125.761 Y126.95 E190.94029
G1 X124.86 Y126.955 E190.95827
G1 X124.611 Y126.909 E190.96332
G1 X124.418 Y126.824 E190.96753
G1 X124.3 Y126.684 E190.97118
G1 X124.182 Y126.824 E190.97484
G1 X123.989 Y126.909 E190.97905
G1 X123.728 Y126.955 E190.98433
G1 X121.996 Y126.956 E191.0189
G1 X121.75 Y126.874 E191.02407
G1 X121.749 Y130.156 E191.08957
G1 X121.869 Y129.942 E191.09446
G1 X122.157 Y129.577 E191.10374
G1 X122.608 Y129.222 E191.1152
G1 X122.965 Y129.043 E191.12317
G1 X123.462 Y128.913 E191.13342
G1 X124.129 Y128.884 E191.14674
G1 X124.637 Y128.978 E191.15705
G1 X125.135 Y129.186 E191.16782
G1 X125.447 Y129.009 E191.17498
G1 X125.764 Y128.937 E191.18147
G1 X126.643 Y128.937 E191.19901
G1 X126.934 Y129.044 E191.2052
G1 X127.194 Y129.234 E191.21162
G1 X127.434 Y129.823 E191.22432
G1 X127.674 Y129.234 E191.23701
G1 X127.773 Y129.162 E191.23945
G0 F9000 X127.78 Y129.036
G0 X127.434 Y129.735
G0 X127.305 Y129.118
G0 X122.927 Y128.887
G0 X121.798 Y129.893
G0 X121.668 Y126.874
G0 X124.3 Y126.95
G0 X124.888 Y126.928
G0 X131.374 Y126.868
G0 X131.374 Y126.008
G1 F1477.8 X131.374 Y125.424 E191.25128
G1 F1273.9 X131.798 Y124.766 E191.26967
G1 F1123.6 X132.143 Y124.759 E191.27887
G1 F1129.9 X132.143 Y124 E191.29897
G1 X131.871 Y124.233 E191.30846
G1 F1115.2 X131.445 Y124.241 E191.3199
G1 F1098.9 X131.445 Y124.514 E191.32733
G1 F1263.2 X131.374 Y125.424 E191.34897
G1 F2700 E186.34897
G0 F9000 X131.653 Y124.544
G0 X132.295 Y124.006
G0 X132.295 Y122.596
G0 X129.468 Y122.124
G0 X129.468 Y122.246
G1 F2700 E191.34897
G1 F1373 X129.568 Y122.173 E191.35166
G1 F1538.5 X129.986 Y122.062 E191.36008
G1 F1754.4 X131.856 Y122.062 E191.39199
G1 F1648.4 X132.254 Y122.12 E191.39929
G1 F1542.4 X132.332 Y122.17 E191.40109
G1 X132.41 Y122.12 E191.40289
G1 F1639.3 X132.688 Y122.062 E191.40807
G1 F1729.1 X133.655 Y122.062 E191.42481
G1 F1690.1 X133.899 Y122.152 E191.42942
G1 F1666.7 X134.169 Y122.348 E191.43541
G1 X134.265 Y122.584 E191.43999
G1 X134.265 Y122.309 E191.44493
G1 X134.167 Y121.977 E191.45114
G1 F1690.1 X133.866 Y121.734 E191.45799
G1 F1739.1 X133.468 Y121.722 E191.46485
G1 F1744.2 X132.61 Y121.726 E191.47957
G1 F1626 X132.332 Y121.747 E191.48471
G1 F1648.4 X131.856 Y121.722 E191.49336
G1 F1744.2 X129.918 Y121.726 E191.52662
G1 F1526.7 X129.451 Y121.77 E191.53582
G1 F1481.5 X129.046 Y121.739 E191.54403
G1 F1171.9 X128.648 Y121.882 E191.55483
G1 X128.995 Y122.105 E191.56537
G1 F1481.5 X129.361 Y122.188 E191.57295
G1 F1373 X129.468 Y122.246 E191.5756
G0 F9000 X128.648 Y121.882
G1 F937.5 X128.128 Y121.866 E191.59221
G1 F941.9 X127.935 Y121.874 E191.59835
G0 F9000 X123.252 Y122.124
G0 X123.252 Y123.032
G1 F1481.5 X123.256 Y123.136 E191.60046
G1 F1276.6 X123.316 Y123.504 E191.6092
G1 F2700 E186.6092
G0 F9000 X123.091 Y122.596
G0 X121.632 Y122.154
G0 X121.374 Y123.032
G1 F2700 E191.6092
G1 F1333.3 X121.377 Y126.064 E191.67727
G1 F2700 E186.67727
G0 F9000 X121.632 Y126.838
G0 X121.559 Y126.396
G0 X121.559 Y122.596
G0 X121.776 Y122.068
G1 F2700 E191.67727
G1 F1764.7 X122.652 Y122.062 E191.69213
G1 F1578.9 X123.149 Y122.153 E191.70171
G1 F1432 X123.252 Y122.237 E191.70449
G1 X123.355 Y122.153 E191.70726
G1 F1570.7 X123.725 Y122.062 E191.71453
G1 F1754.4 X124.568 Y122.062 E191.72891
G1 F1507.5 X125.161 Y122.193 E191.74097
G1 F1318.7 X125.292 Y122.312 E191.74499
G1 X125.423 Y122.193 E191.749
G1 F1500 X125.883 Y122.062 E191.75855
G1 F1754.4 X126.732 Y122.062 E191.77303
G1 F1612.9 X127.178 Y122.135 E191.78142
G1 F1488.8 X127.26 Y122.186 E191.78336
G1 X127.523 Y122.085 E191.78903
G1 F1145 X127.935 Y121.874 E191.80113
G1 X127.489 Y121.753 E191.81321
G1 F1488.8 X127.267 Y121.753 E191.81767
G1 F1612.9 X126.732 Y121.722 E191.82762
G1 F1744.2 X125.818 Y121.726 E191.8433
G1 F1492.5 X125.292 Y121.779 E191.85391
G1 F1507.5 X124.568 Y121.722 E191.86833
G1 F1744.2 X123.654 Y121.726 E191.88401
G1 F1562.5 X123.252 Y121.761 E191.89175
G1 F1578.9 X122.652 Y121.722 E191.90314
G1 F1764.7 X122.208 Y121.722 E191.91068
G1 X121.938 Y121.836 E191.91565
G1 X121.776 Y122.068 E191.92045
G0 F9000 X121.374 Y123.032
G1 F1421.8 X121.748 Y122.485 E191.9344
G1 F1500 X121.929 Y122.435 E191.93814
G1 X122.652 Y122.432 E191.95257
G1 X122.948 Y122.509 E191.95868
G1 X123.102 Y122.634 E191.96264
G1 X123.252 Y123.032 E191.97112
G1 X123.402 Y122.634 E191.97961
G1 X123.556 Y122.509 E191.98357
G1 X123.77 Y122.432 E191.98811
G1 X124.568 Y122.432 E192.00403
G1 X124.915 Y122.541 E192.01129
G1 X125.021 Y122.638 E192.01416
G1 X125.213 Y123.083 E192.02383
G1 X125.368 Y123.083 E192.02692
G1 X125.563 Y122.638 E192.03662
G1 X125.669 Y122.541 E192.03949
G1 X125.931 Y122.432 E192.04515
G1 X126.732 Y122.432 E192.06113
G1 X127.064 Y122.509 E192.06794
G1 X127.185 Y122.703 E192.0725
G1 X127.499 Y122.5 E192.07996
G1 X128.079 Y122.377 E192.09179
G1 X128.653 Y122.409 E192.10326
G1 X129.23 Y122.574 E192.11524
G1 X129.549 Y122.848 E192.12363
G1 X129.663 Y122.637 E192.12842
G1 X129.793 Y122.526 E192.13183
G1 X130.032 Y122.432 E192.13695
G1 X131.856 Y122.432 E192.17335
G1 X132.097 Y122.481 E192.17826
G1 X132.251 Y122.58 E192.18192
G1 X132.332 Y122.759 E192.18584
G1 X132.413 Y122.58 E192.18976
G1 X132.731 Y122.432 E192.19676
G1 X133.579 Y122.432 E192.21368
G1 X133.876 Y122.57 E192.22022
G1 F1351.4 X134.112 Y123.032 E192.23171
G1 F1227 X134.112 Y124.78 E192.27435
G1 X134.342 Y124.781 E192.27996
G1 X134.601 Y125.056 E192.28918
G1 X134.601 Y123.032 E192.33856
G1 F1351.4 X134.644 Y122.264 E192.3556
G1 F1500 X134.585 Y121.987 E192.36125
G1 X134.49 Y121.766 E192.36605
G1 X134.324 Y121.588 E192.37091
G1 X134.058 Y121.41 E192.37729
G1 X133.823 Y121.353 E192.38212
G1 X122.076 Y121.352 E192.61654
G1 X121.712 Y121.536 E192.62468
G1 X121.508 Y121.757 E192.63068
G1 X121.35 Y122.121 E192.6386
G1 F1421.8 X121.374 Y123.032 E192.65779
G1 F2700 E187.65779
G0 F9000 X121.632 Y122.154
G0 X121.559 Y122.596
G0 X121.559 Y126.396
G0 X134.329 Y126.874
G0 X134.241 Y129.936
G1 F2700 E192.65779
G1 F1456.3 X134.242 Y132.86 E192.71789
G1 F1432 X134.235 Y133.035 E192.72155
G0 F9000 X134.075 Y133.698
G0 X126.702 Y134.331
G0 X126.701 Y134.639
G1 F1500 X133.777 Y134.644 E192.86276
G1 X134.069 Y134.566 E192.86879
G1 X134.412 Y134.329 E192.87711
G1 X134.577 Y134.033 E192.88388
G1 X134.648 Y133.781 E192.8891
G1 X134.646 Y126.269 E193.03901
G1 X134.304 Y126.556 E193.04792
G1 X131.916 Y126.554 E193.09558
G1 X131.66 Y126.467 E193.10097
G1 F1485.1 X131.374 Y126.008 E193.11187
G1 X131.088 Y126.467 E193.12277
G1 F1500 X130.843 Y126.556 E193.12797
G1 X129.951 Y126.556 E193.14578
G1 X129.788 Y126.35 E193.15102
G1 X129.649 Y126.526 E193.15549
G1 X129.526 Y126.556 E193.15802
G1 X128.713 Y126.556 E193.17424
G1 X128.528 Y126.479 E193.17824
G1 X128.272 Y126.08 E193.1877
G1 X128.016 Y126.479 E193.19716
G1 X127.768 Y126.555 E193.20234
G1 X126.976 Y126.55 E193.21815
G1 X126.742 Y126.463 E193.22313
G1 X126.497 Y126.153 E193.23101
G1 X126.464 Y125.955 E193.23502
G1 X126.464 Y125.582 E193.24246
G1 X126.262 Y126.153 E193.25455
G1 X126.015 Y126.461 E193.26243
G1 X125.735 Y126.551 E193.2683
G1 X124.855 Y126.554 E193.28586
G1 X124.617 Y126.477 E193.29085
G1 X124.351 Y126.162 E193.29908
G1 X124.282 Y125.968 E193.30319
G1 X124.249 Y126.162 E193.30711
G1 X123.983 Y126.477 E193.31534
G1 X123.71 Y126.556 E193.32101
G1 X121.996 Y126.556 E193.35522
G1 X121.635 Y126.436 E193.36281
G1 F1401.9 X121.377 Y126.064 E193.37248
G1 X121.35 Y126.579 E193.38349
G1 F1500 X121.35 Y130.224 E193.45623
G1 F1408.5 X121.375 Y130.582 E193.46386
G1 F1268.5 X121.397 Y130.763 E193.46816
G1 F1252.6 X121.381 Y131.253 E193.47987
G1 F1279.3 X121.385 Y131.787 E193.49237
G1 F1369.9 X121.349 Y132.332 E193.5043
G1 F1500 X121.348 Y133.82 E193.534
G1 X121.437 Y134.112 E193.54009
G1 X121.63 Y134.368 E193.54649
G1 X121.826 Y134.518 E193.55141
G1 X122.168 Y134.635 E193.55863
G1 X126.701 Y134.639 E193.64909
G0 F9000 X126.623 Y135.038
;TYPE:WALL-OUTER
G1 F1500 X133.829 Y135.044 E193.79289
G1 X134.217 Y134.94 E193.80091
G1 X134.44 Y134.82 E193.80596
G1 X134.724 Y134.592 E193.81323
G1 X134.949 Y134.187 E193.82248
G1 X135.048 Y133.836 E193.82975
G1 X135.046 Y126.898 E193.96821
G1 F1373 X135.009 Y126.037 E193.987
G1 F1271.2 X135.011 Y125.424 E194.00143
G1 F1376.1 X135.045 Y124.537 E194.02074
G1 F1500 X135.044 Y122.222 E194.06694
G1 X134.968 Y121.865 E194.07422
G1 X134.83 Y121.544 E194.0812
G1 X134.585 Y121.282 E194.08835
G1 X134.222 Y121.038 E194.09708
G1 X133.871 Y120.953 E194.10429
G1 X122.119 Y120.952 E194.33881
G1 X121.857 Y121.014 E194.34419
G1 X121.467 Y121.211 E194.35291
G1 X121.167 Y121.535 E194.36172
G1 X121.008 Y121.906 E194.36977
G1 X120.952 Y122.155 E194.37487
G1 X120.948 Y133.878 E194.60881
G1 X121.074 Y134.296 E194.61752
G1 X121.344 Y134.653 E194.62646
G1 X121.62 Y134.863 E194.63338
G1 X121.863 Y134.974 E194.63871
G1 X122.12 Y135.035 E194.64398
G1 X126.623 Y135.038 E194.73384
G0 F9000 X126.624 Y134.331
G0 X127.062 Y133.758
G0 X127.012 Y133.05
G1 F1500 X126.875 Y133.06 E194.73658
G1 X125.824 Y133.06 E194.75756
G1 X125.713 Y133.027 E194.75987
G1 X125.628 Y132.905 E194.76284
G1 X125.624 Y132.121 E194.77848
G1 F1330.4 X125.573 Y131.707 E194.78787
G1 X125.413 Y132.139 E194.79823
G1 F1500 X125.279 Y132.404 E194.80416
G1 X124.965 Y132.783 E194.81398
G1 X124.566 Y132.992 E194.82297
G1 X124.254 Y133.08 E194.82944
G1 X123.869 Y133.103 E194.83714
G1 X123.423 Y133.043 E194.84612
G1 X122.996 Y132.839 E194.85556
G1 X122.683 Y132.558 E194.86395
G1 X122.419 Y132.177 E194.8732
G1 X122.286 Y131.671 E194.88364
G1 X122.278 Y131.205 E194.89295
G1 X122.34 Y130.83 E194.90053
G1 X122.475 Y130.463 E194.90833
G1 X122.744 Y130.134 E194.91682
G1 X123.134 Y129.826 E194.92673
G1 X123.543 Y129.714 E194.93519
G1 X124.088 Y129.689 E194.94608
G1 X124.402 Y129.748 E194.95246
G1 X124.806 Y129.911 E194.96115
G1 X125.132 Y130.22 E194.97012
G1 X125.334 Y130.489 E194.97683
G1 F1271.2 X125.552 Y130.895 E194.98768
G1 X125.624 Y130.5 E194.99714
G1 F1500 X125.624 Y129.857 E195.00997
G1 X125.767 Y129.736 E195.01371
G1 X126.527 Y129.741 E195.02887
G1 X126.623 Y129.795 E195.03107
G1 X126.68 Y129.936 E195.03411
G1 X126.68 Y130.74 E195.05015
G1 X127.025 Y130.74 E195.05703
G1 X127.527 Y130.893 E195.06751
G1 X127.782 Y131.058 E195.07357
G1 F1477.8 X128.069 Y131.424 E195.08299
G1 F1379.3 X128.159 Y131.653 E195.08833
G1 F1382.5 X128.183 Y131.339 E195.09515
G1 F1477.8 X128.188 Y129.936 E195.12357
G1 F1500 X128.245 Y129.795 E195.1266
G1 X128.349 Y129.739 E195.12896
G1 X130.186 Y129.741 E195.16562
G1 F1382.5 X130.374 Y129.936 E195.17148
G1 X130.562 Y129.741 E195.17735
G1 F1500 X131.269 Y129.739 E195.19146
G1 X131.395 Y129.825 E195.1945
G1 X131.428 Y129.936 E195.19681
G1 X131.428 Y131.311 E195.22425
G1 X132.409 Y129.825 E195.25979
G1 X132.541 Y129.738 E195.26294
G1 X133.239 Y129.736 E195.27687
G1 X133.358 Y129.777 E195.27938
G1 X133.436 Y129.936 E195.28292
G1 X133.434 Y132.895 E195.34197
G1 X133.377 Y133.003 E195.3444
G1 X133.271 Y133.058 E195.34679
G1 X132.543 Y133.06 E195.36131
G1 X132.448 Y132.97 E195.36393
G1 X132.416 Y132.859 E195.36623
G1 X132.418 Y131.538 E195.39259
G1 X131.484 Y132.97 E195.42671
G1 X131.351 Y133.058 E195.42989
G1 X130.539 Y133.055 E195.4461
G1 F1273.9 X130.338 Y132.883 E195.45232
G1 X130.133 Y133.058 E195.45865
G1 F1500 X128.318 Y133.06 E195.49487
G1 X128.188 Y132.939 E195.49841
G1 X128.188 Y132.604 E195.5051
G1 F1411.8 X128.163 Y132.19 E195.51389
G1 F1369.9 X127.965 Y132.62 E195.52424
G1 F1456.3 X127.614 Y132.905 E195.53353
G1 F1500 X127.271 Y133.03 E195.54082
G1 X127.012 Y133.05 E195.546
G0 F9000 X127.062 Y133.758
G0 X127.979 Y132.881
G0 X128.163 Y132.19
G1 F1321.6 X128.159 Y131.653 E195.55816
G0 F9000 X129.366 Y131.994
G1 F882.4 X130.233 Y131.991 E195.58758
G1 F961.5 X130.338 Y132.32 E195.59833
G1 F1109.1 X130.338 Y132.883 E195.61352
G0 F9000 X130.227 Y131.974
G1 F873.4 X130.302 Y131.72 E195.6226
G1 F983.6 X130.304 Y131.136 E195.64037
G1 F879.8 X130.23 Y130.835 E195.65092
G0 F9000 X129.374 Y130.802
G1 F898.2 X130 Y130.802 E195.67178
G1 F842.7 X130.23 Y130.835 E195.68004
G1 F978.8 X130.373 Y130.508 E195.69095
G1 F1279.3 X130.374 Y129.936 E195.70434
G0 F9000 X130.374 Y129.026
G0 X127.563 Y129.118
G0 X127.434 Y129.735
G0 X127.305 Y129.118
G0 X122.927 Y128.887
G0 X121.798 Y129.893
G0 X121.668 Y126.874
G0 X124.3 Y126.95
G0 X124.888 Y126.928
G0 X129.788 Y126.868
G0 X129.788 Y125.984
G1 F921.7 X129.794 Y124.021 E195.76809
G1 F2700 E190.76809
G0 F9000 X128.407 Y124.145
G0 X126.921 Y123.402
G1 F2700 E195.76809
G1 F1001.7 X126.888 Y123.477 E195.77054
G1 F963.1 X126.75 Y123.958 E195.78609
G1 F2700 E190.78609
G0 F9000 X126.642 Y124.582
G0 X126.011 Y126.395
G0 X121.559 Y126.396
G0 X121.559 Y122.596
G0 X123.091 Y122.596
G0 X123.599 Y123.703
G0 X123.908 Y124.111
G1 F2700 E195.78609
G1 F949.4 X123.891 Y124.059 E195.78782
G1 F2700 E190.78782
G0 F9000 X123.599 Y123.703
G0 X123.091 Y122.596
G0 X121.559 Y122.596
G0 X121.559 Y126.396
G0 X121.996 Y126.868
G0 X121.996 Y126.156
G1 F2700 E195.78782
G1 F1500 X121.875 Y126.116 E195.79036
G1 X121.798 Y125.991 E195.79329
G1 X121.796 Y123.032 E195.85234
G1 X121.923 Y122.833 E195.85705
G1 X122.652 Y122.832 E195.8716
G1 X122.802 Y122.899 E195.87488
G1 X122.852 Y123.032 E195.87772
G1 X122.852 Y123.968 E195.89639
G1 X123.596 Y123.967 E195.91124
G1 F1165 X123.891 Y124.059 E195.91918
G1 X123.848 Y123.609 E195.9308
G1 F1500 X123.647 Y123.046 E195.94273
G1 X123.702 Y122.899 E195.94586
G1 X123.817 Y122.834 E195.94849
G1 X124.568 Y122.832 E195.96348
G1 X124.684 Y122.868 E195.9659
G1 X124.76 Y122.973 E195.96849
G1 X124.917 Y123.483 E195.97914
G1 X125.658 Y123.483 E195.99393
G1 X125.825 Y122.97 E196.00469
G1 X125.9 Y122.868 E196.00722
G1 X125.981 Y122.834 E196.00897
G1 X126.732 Y122.832 E196.02396
G1 X126.851 Y122.871 E196.02646
G1 F1330.4 X126.955 Y123.037 E196.03087
G1 F1085 X126.921 Y123.402 E196.04098
G1 F1158.3 X127.183 Y123.179 E196.04987
G1 F1442.3 X127.654 Y122.879 E196.06146
G1 F1500 X128.093 Y122.783 E196.07043
G1 X128.566 Y122.804 E196.07988
G1 X129.041 Y122.938 E196.08973
G1 X129.303 Y123.164 E196.09663
G1 X129.533 Y123.464 E196.10418
G1 F1149.4 X129.794 Y124.021 E196.1202
G1 X129.916 Y123.505 E196.134
G1 F1500 X129.916 Y122.99 E196.14428
G1 X129.965 Y122.9 E196.14633
G1 X130.081 Y122.834 E196.14899
G1 X131.856 Y122.832 E196.18441
G1 X131.988 Y122.881 E196.18722
G1 F1369.9 X132.094 Y123.032 E196.19125
G1 F1255.2 X132.093 Y123.609 E196.20501
G1 F1363.6 X131.861 Y123.768 E196.21119
G1 F1500 X130.972 Y123.768 E196.22893
G1 X130.972 Y125.974 E196.27295
G1 X130.861 Y126.154 E196.27717
G1 X130.066 Y126.154 E196.29304
G1 F1134.2 X129.788 Y125.984 E196.30164
G1 X129.51 Y126.154 E196.31024
G1 F1500 X128.786 Y126.156 E196.32469
G1 F1257.9 X128.548 Y125.98 E196.33173
G1 F1094.9 X128.546 Y124.123 E196.3825
G1 F1109.1 X128.437 Y123.867 E196.39001
G1 X128.212 Y123.83 E196.39616
G1 X128.099 Y123.879 E196.39949
G1 X128.02 Y124.013 E196.40369
G1 F1100.9 X127.994 Y124.283 E196.41106
G1 F1087 X127.996 Y125.98 E196.4578
G1 F1257.9 X127.748 Y126.155 E196.46502
G1 F1500 X127.052 Y126.156 E196.47891
G1 X126.956 Y126.125 E196.48092
G1 F1327.4 X126.867 Y126.012 E196.48417
G1 F1111.1 X126.761 Y123.944 E196.53995
G1 F1013.5 X126.705 Y124.017 E196.54267
G1 F1081.1 X126.334 Y124.909 E196.56942
G1 F1327.4 X125.963 Y125.801 E196.5912
G1 F1500 X125.885 Y126.019 E196.59583
G1 X125.803 Y126.122 E196.59845
G1 X125.709 Y126.152 E196.60042
G1 X124.867 Y126.151 E196.61722
G1 X124.727 Y126.025 E196.62098
G1 X124.654 Y125.822 E196.62529
G1 F1348.3 X124.399 Y125.253 E196.63913
G1 F1229.5 X124.372 Y125.173 E196.64119
G1 F1185.8 X124.263 Y124.929 E196.64793
G1 F1142.9 X124.162 Y124.651 E196.65568
G1 F1034.5 X123.908 Y124.111 E196.67295
G1 X123.858 Y124.704 E196.69017
G1 F1239.7 X123.799 Y124.883 E196.69472
G1 F1496.3 X122.832 Y124.884 E196.71407
G1 F1666.7 X122.832 Y125.244 E196.72053
G1 F1496.3 X123.86 Y125.242 E196.7411
G1 F1287.6 X123.927 Y125.38 E196.74466
G1 F1348.3 X123.873 Y126.025 E196.75903
G1 F1500 X123.764 Y126.154 E196.7624
G1 X121.996 Y126.156 E196.79769
G1 F2700 E191.79769
G0 F9000 X121.996 Y126.868
G0 X121.922 Y127.128
G0 X121.935 Y129.56
G0 X123.873 Y128.724
G0 X125.329 Y130.067
G0 X125.552 Y130.895
G1 F2700 E196.79769
G1 F1160.5 X125.579 Y131.243 E196.80669
G1 F1209.7 X125.573 Y131.707 E196.81817
G1 F2700 E191.81817
G0 F9000 X126.891 Y130.535
G0 X131.956 Y126.156
G1 F2700 E196.81817
G1 F1500 X131.87 Y126.127 E196.81998
G1 X131.776 Y125.974 E196.82357
G1 X131.776 Y125.424 E196.83454
G1 X131.921 Y125.231 E196.83936
G1 X132.608 Y125.224 E196.85307
G1 X132.608 Y124.499 E196.86754
G1 F1363.6 X132.569 Y123.65 E196.8862
G1 F1255.2 X132.57 Y123.032 E196.90093
G1 F1369.9 X132.676 Y122.881 E196.90496
G1 F1500 X132.773 Y122.834 E196.90712
G1 X133.518 Y122.838 E196.92198
G1 X133.612 Y122.892 E196.92415
G1 X133.668 Y123.032 E196.92716
G1 X133.668 Y125.224 E196.9709
G1 X134.316 Y125.224 E196.98383
G1 F1376.1 X134.539 Y125.424 E196.99035
G1 F1271.2 X134.538 Y125.997 E197.00384
G1 F1373 X134.304 Y126.156 E197.01001
G1 F1500 X131.956 Y126.156 E197.05686
G0 F9000 X131.956 Y126.868
G0 X126.377 Y126.875
G0 X124.3 Y126.95
G0 X121.668 Y126.874
G0 X121.798 Y129.893
G0 X124.15 Y129.084
G0 X125.131 Y129.001
G0 X127.305 Y129.118
G0 X127.434 Y129.735
G0 X127.563 Y129.118
G0 X127.949 Y128.935
G0 X127.865 Y128.687
;TYPE:SKIN
G1 F1500 X127.769 Y128.721 E197.0589
G1 X127.432 Y128.967 E197.06722
G1 X127.095 Y128.721 E197.07555
G1 X126.632 Y128.578 E197.08522
G1 X125.716 Y128.579 E197.1035
G1 X125.331 Y128.665 E197.11137
G1 X125.114 Y128.782 E197.11629
G1 X124.714 Y128.624 E197.12487
G1 X124.143 Y128.524 E197.13644
G1 X123.427 Y128.552 E197.15074
G1 X122.876 Y128.694 E197.1621
G1 X122.415 Y128.916 E197.17231
G1 X122.108 Y129.154 E197.18006
G1 X122.108 Y127.316 E197.21674
G1 X123.767 Y127.31 E197.24985
G1 X124.091 Y127.252 E197.25642
G1 X124.3 Y127.162 E197.26096
G1 X124.505 Y127.251 E197.26542
G1 X124.842 Y127.312 E197.27225
G1 X125.807 Y127.305 E197.29151
G1 X126.148 Y127.237 E197.29845
G1 X126.377 Y127.127 E197.30352
G1 X126.603 Y127.234 E197.30851
G1 X126.91 Y127.311 E197.31482
G1 X127.973 Y127.312 E197.33604
G1 X128.271 Y127.189 E197.34247
G1 X128.478 Y127.275 E197.34694
G1 X128.801 Y127.315 E197.35344
G1 X129.479 Y127.314 E197.36697
G1 X129.777 Y127.269 E197.37298
G1 X129.937 Y127.31 E197.37628
G1 X131.035 Y127.314 E197.39819
G1 X131.372 Y127.165 E197.40555
G1 X131.593 Y127.261 E197.41035
G1 X131.841 Y127.308 E197.41539
G1 X133.884 Y127.316 E197.45616
G1 X133.884 Y128.784 E197.48546
G1 X133.276 Y128.576 E197.49828
G1 X132.401 Y128.578 E197.51574
G1 X131.986 Y128.69 E197.52432
G1 X131.88 Y128.768 E197.52695
G1 X131.673 Y128.65 E197.5317
G1 X131.329 Y128.576 E197.53872
G1 X128.169 Y128.582 E197.60179
G1 X127.865 Y128.687 E197.6082
G0 F9000 X127.95 Y128.935
G0 X127.563 Y129.118
G0 X127.434 Y129.375
G0 X127.305 Y129.118
G0 X122.927 Y128.887
G0 X121.935 Y129.56
G0 X121.922 Y127.128
G0 X122.518 Y127.055
G0 X122.518 Y127.515
G1 F1500 X122.308 Y127.725 E197.61413
G0 F9000 X122.309 Y128.29
G1 F1500 X123.085 Y127.513 E197.63604
G0 F9000 X123.653 Y127.511
G1 F1500 X122.523 Y128.642 E197.66795
G0 F9000 X123.372 Y128.358
G1 F1500 X124.336 Y127.394 E197.69516
G0 F9000 X124.792 Y127.503
G1 F1500 X123.964 Y128.332 E197.71854
G0 F9000 X124.481 Y128.38
G1 F1500 X125.354 Y127.507 E197.74318
G0 F9000 X125.947 Y127.48
G1 F1500 X124.931 Y128.496 E197.77185
G0 F9000 X125.589 Y128.404
G1 F1500 X126.564 Y127.429 E197.79937
G0 F9000 X127.048 Y127.51
G1 F1500 X126.177 Y128.382 E197.82396
G0 F9000 X126.724 Y128.4
G1 F1500 X127.614 Y127.51 E197.84908
G0 F9000 X128.28 Y127.409
G1 F1500 X127.161 Y128.529 E197.88067
G0 F9000 X127.73 Y128.526
G1 F1500 X128.746 Y127.51 E197.90935
G0 F9000 X129.309 Y127.512
G1 F1500 X128.445 Y128.376 E197.93373
G0 F9000 X129.011 Y128.376
G1 F1500 X129.891 Y127.496 E197.95857
G0 F9000 X130.439 Y127.514
G1 F1500 X129.577 Y128.376 E197.9829
G0 F9000 X130.142 Y128.376
G1 F1500 X131.007 Y127.511 E198.00731
G0 F9000 X131.617 Y127.467
G1 F1500 X130.708 Y128.376 E198.03296
G0 F9000 X131.274 Y128.376
G1 F1500 X132.141 Y127.509 E198.05743
G0 F9000 X132.704 Y127.511
G1 F1500 X131.747 Y128.469 E198.08445
G0 F9000 X132.4 Y128.381
G1 F1500 X133.268 Y127.513 E198.10895
G0 F9000 X133.684 Y127.662
G1 F1500 X132.969 Y128.378 E198.12914
G0 F9000 X133.478 Y128.435
G1 F1500 X133.684 Y128.228 E198.13497
G0 F9000 X134.147 Y128.228
G0 X134.075 Y133.698
G0 X123.869 Y133.759
G0 X122.461 Y133.562
G0 X122.315 Y133.804
G1 F1158.3 X122.283 Y133.859 E198.13661
G1 X122.219 Y133.859 E198.13827
G1 X122.187 Y133.804 E198.13991
G1 X122.219 Y133.749 E198.14156
G1 X122.283 Y133.749 E198.14321
G1 X122.315 Y133.804 E198.14486
G1 F2700 E193.14486
;MESH:NONMESH
G0 F300 Z2.6
G0 F9000 X122.462 Y133.563
G0 X121.905 Y131.342
G0 X121.922 Y127.128
G0 X124.123 Y126.396
G0 X124.1 Y124.918
G0 X125.351 Y124.465
;TIME_ELAPSED:561.637554
;LAYER:20
;TYPE:WALL-OUTER
;MESH:cockpit-door-lens-pp.3mf
G1 F2700 E198.14486
G1 F1102.9 X125.317 Y124.524 E198.1467
G1 X125.249 Y124.524 E198.14855
G1 X125.215 Y124.465 E198.1504
G1 X125.249 Y124.406 E198.15225
G1 X125.317 Y124.406 E198.15409
G1 X125.351 Y124.465 E198.15594
G1 F2700 E193.15594
G0 F9000 X123.931 Y130.891
G0 X123.907 Y131.287
;TYPE:WALL-INNER
G1 F2700 E198.15594
G1 F920.2 X123.904 Y131.486 E198.16241
G0 F9000 X123.833 Y132.123
;TYPE:WALL-OUTER
G1 F1500 X124.048 Y132.124 E198.1667
G1 X124.294 Y131.96 E198.1726
G1 X124.404 Y131.724 E198.1778
G1 X124.443 Y131.388 E198.18455
G1 X124.419 Y131.082 E198.19068
G1 X124.361 Y130.939 E198.19376
G1 X124.217 Y130.759 E198.19836
G1 X123.962 Y130.658 E198.20383
G1 X123.796 Y130.667 E198.20715
G1 X123.604 Y130.754 E198.21135
G1 X123.465 Y130.931 E198.21584
G1 X123.38 Y131.21 E198.22166
G1 X123.38 Y131.565 E198.22875
G1 X123.469 Y131.85 E198.23471
G1 X123.607 Y132.027 E198.23919
G1 X123.833 Y132.123 E198.24409
G1 F2700 E193.24409
G0 F9000 X123.896 Y131.819
G0 X124.183 Y131.662
G0 X126.675 Y132.153
G1 F2700 E198.24409
G1 F1542.4 X126.673 Y131.633 E198.25418
G1 F1550.4 X126.88 Y131.636 E198.25818
G1 X127.049 Y131.77 E198.26234
G1 F1542.4 X127.045 Y132.029 E198.26737
G1 F1534.5 X126.88 Y132.153 E198.27139
G1 X126.675 Y132.153 E198.27539
G0 F9000 X126.675 Y133.27
G0 X126.952 Y133.765
G0 X126.932 Y133.456
;TYPE:WALL-INNER
G1 F1503.8 X126.901 Y133.459 E198.27601
G1 F1500 X125.824 Y133.46 E198.2975
G1 X125.495 Y133.363 E198.30435
G1 X125.3 Y133.154 E198.31005
G1 X125.262 Y133.018 E198.31287
G1 X125.03 Y133.2 E198.31876
G1 X124.737 Y133.359 E198.32541
G1 X124.344 Y133.471 E198.33356
G1 X123.788 Y133.511 E198.34469
G1 X123.3 Y133.427 E198.35457
G1 X122.874 Y133.228 E198.36395
G1 X122.561 Y133.012 E198.37154
G1 X122.212 Y132.599 E198.38233
G1 X122.039 Y132.253 E198.39005
G1 F1369.9 X121.856 Y131.742 E198.40191
G1 F1276.6 X121.844 Y131.24 E198.41369
G1 F1250 X121.888 Y130.802 E198.42423
G1 F1273.9 X122.14 Y130.243 E198.43864
G1 F1379.3 X122.445 Y129.86 E198.44926
G1 F1456.3 X122.857 Y129.536 E198.46004
G1 F1500 X123.068 Y129.429 E198.46476
G1 X123.649 Y129.273 E198.47676
G1 X124.383 Y129.317 E198.49144
G1 X124.879 Y129.508 E198.50204
G1 X125.256 Y129.759 E198.51108
G1 X125.399 Y129.511 E198.5168
G1 X125.606 Y129.376 E198.52173
G1 X125.788 Y129.336 E198.52545
G1 X126.569 Y129.342 E198.54103
G1 X126.752 Y129.401 E198.54487
G1 X126.908 Y129.515 E198.54873
G1 F1257.9 X127.157 Y129.936 E198.56037
G1 F1083 X127.157 Y130.287 E198.57007
G1 X127.711 Y130.45 E198.58603
G1 X127.711 Y129.936 E198.60023
G1 F1257.9 X127.96 Y129.515 E198.61187
G1 F1500 X128.116 Y129.401 E198.61573
G1 X128.34 Y129.337 E198.62038
G1 X130.269 Y129.34 E198.65887
G1 X130.374 Y129.473 E198.66226
G1 X130.482 Y129.336 E198.66574
G1 X131.271 Y129.337 E198.68148
G1 X131.524 Y129.414 E198.68676
G1 X131.729 Y129.604 E198.69234
G1 X131.838 Y129.964 E198.69984
G1 X132.075 Y129.604 E198.70845
G1 X132.28 Y129.414 E198.71402
G1 X132.504 Y129.336 E198.71876
G1 X133.243 Y129.336 E198.7335
G1 X133.6 Y129.459 E198.74104
G1 X133.836 Y129.936 E198.75166
G1 X133.836 Y132.949 E198.81179
G1 X133.658 Y133.288 E198.81943
G1 X133.46 Y133.417 E198.82414
G1 X133.313 Y133.46 E198.8272
G1 X132.616 Y133.46 E198.84111
G1 X132.311 Y133.378 E198.84741
G1 X132.112 Y133.186 E198.85293
G1 X132.02 Y132.875 E198.8594
G1 X131.82 Y133.186 E198.86678
G1 X131.621 Y133.378 E198.8723
G1 X131.398 Y133.46 E198.87704
G1 X130.518 Y133.46 E198.8946
G1 X130.338 Y133.378 E198.89855
G1 X130.146 Y133.46 E198.90272
G1 X128.388 Y133.46 E198.9378
G1 X128.105 Y133.39 E198.94362
G1 X127.899 Y133.198 E198.94924
G1 X127.725 Y133.293 E198.95319
G1 X127.369 Y133.421 E198.96074
G1 F1503.8 X126.932 Y133.456 E198.96947
G0 F9000 X126.778 Y134.244
G1 F1538.5 X126.944 Y134.244 E198.9727
G1 F1492.5 X127.441 Y134.233 E198.98267
G1 F1369.9 X127.792 Y134.207 E198.99036
G1 F1405.2 X128.388 Y134.245 E199.00308
G1 F1507.5 X130.338 Y134.238 E199.0418
G1 X130.608 Y134.246 E199.04717
G1 F1515.2 X131.523 Y134.244 E199.06524
G1 F1360.5 X131.966 Y134.202 E199.07504
G1 F1376.1 X132.616 Y134.247 E199.08921
G1 F1511.3 X133.443 Y134.244 E199.10559
G1 F1428.6 X133.725 Y134.226 E199.11151
G1 F1351.4 X133.933 Y134.164 E199.11632
G1 F1339.3 X134.128 Y133.996 E199.12207
G1 F1342.3 X134.225 Y133.722 E199.12855
G1 F1376.1 X134.235 Y133.035 E199.1435
G1 X133.955 Y133.589 E199.157
G1 F1379.3 X133.69 Y133.789 E199.1642
G1 F1463.4 X133.366 Y133.856 E199.17097
G1 F1522.8 X132.616 Y133.856 E199.18571
G1 F1376.1 X132.087 Y133.757 E199.19742
G1 F1250 X131.966 Y133.669 E199.201
G1 X131.845 Y133.757 E199.20459
G1 F1369.9 X131.457 Y133.855 E199.21333
G1 F1522.8 X130.608 Y133.855 E199.23002
G1 F1507.5 X130.338 Y133.822 E199.23542
G1 F1500 X130.205 Y133.855 E199.23816
G1 F1530.6 X128.388 Y133.855 E199.27369
G1 F1405.2 X127.901 Y133.771 E199.28422
G1 F1330.4 X127.838 Y133.73 E199.28591
G1 F1408.5 X127.406 Y133.824 E199.29531
G1 F1492.5 X126.93 Y133.853 E199.30487
G1 F1538.5 X125.824 Y133.854 E199.32639
G1 F1357.5 X125.25 Y133.737 E199.33931
G1 F1214.6 X125.144 Y133.646 E199.34275
G1 F1282.1 X124.958 Y133.748 E199.3477
G1 F1445.8 X124.412 Y133.859 E199.35924
G1 F1554.4 X123.764 Y133.893 E199.37174
G1 F1522.8 X123.31 Y133.835 E199.38073
G1 F1492.5 X123.057 Y133.755 E199.38605
G1 F1500 X122.706 Y133.591 E199.39379
G1 X122.29 Y133.313 E199.40377
G1 X121.95 Y132.908 E199.41432
G1 X121.748 Y132.562 E199.42232
G1 X121.749 Y133.706 E199.44515
G1 X121.809 Y133.937 E199.44991
G1 X121.942 Y134.11 E199.45427
G1 X122.211 Y134.236 E199.46019
G1 F1492.5 X123.276 Y134.235 E199.48155
G1 F1562.5 X123.827 Y134.255 E199.49212
G1 F1591.5 X124.445 Y134.245 E199.50374
G1 F1357.5 X125.115 Y134.19 E199.51857
G1 X125.824 Y134.244 E199.53425
G1 F1546.4 X126.778 Y134.244 E199.55271
G0 F9000 X123.224 Y133.664
G0 X122.689 Y133.42
G0 X122.379 Y133.184
G0 X122.002 Y132.738
G0 X121.776 Y132.279
G0 X121.64 Y131.75
G0 X121.629 Y131.19
G0 X121.705 Y130.686
G0 X121.901 Y130.15
G0 X122.269 Y129.684
G0 X122.84 Y129.239
G0 X123.62 Y129.021
G0 X127.319 Y129.098
G0 X127.571 Y130.081
G0 X127.551 Y129.098
G0 X127.773 Y129.163
G1 F1500 X127.935 Y129.044 E199.55672
G1 X128.308 Y128.938 E199.56446
G1 X130.225 Y128.936 E199.60272
G1 X130.374 Y128.968 E199.60576
G1 X130.524 Y128.936 E199.60882
G1 X131.3 Y128.938 E199.62431
G1 X131.664 Y129.013 E199.63172
G1 X131.902 Y129.234 E199.6382
G1 X132.083 Y129.066 E199.64313
G1 X132.457 Y128.936 E199.65103
G1 X133.247 Y128.936 E199.6668
G1 X133.843 Y129.141 E199.67938
G1 F1477.8 X134.241 Y129.936 E199.69739
G1 X134.246 Y126.956 E199.75775
G1 F1500 X131.939 Y126.956 E199.80379
G1 X131.68 Y126.912 E199.80903
G1 X131.449 Y126.807 E199.81409
G1 X131.374 Y126.684 E199.81697
G1 X131.299 Y126.807 E199.81984
G1 X131.068 Y126.912 E199.82491
G1 X130.772 Y126.956 E199.83088
G1 X130.007 Y126.956 E199.84614
G1 X129.79 Y126.89 E199.85067
G1 X129.573 Y126.956 E199.8552
G1 X128.824 Y126.956 E199.87014
G1 X128.548 Y126.918 E199.8757
G1 X128.33 Y126.826 E199.88043
G1 X128.269 Y126.731 E199.88268
G1 X128.209 Y126.825 E199.8849
G1 X127.8 Y126.95 E199.89344
G1 X127.005 Y126.955 E199.9093
G1 X126.727 Y126.898 E199.91497
G1 X126.528 Y126.801 E199.91939
G1 X126.378 Y126.612 E199.9242
G1 X126.227 Y126.801 E199.92903
G1 X126.027 Y126.896 E199.93345
G1 X125.761 Y126.95 E199.93886
G1 X124.84 Y126.954 E199.95724
G1 X124.419 Y126.824 E199.96604
G1 X124.3 Y126.683 E199.96972
G1 X124.181 Y126.824 E199.9734
G1 X123.761 Y126.953 E199.98217
G1 X121.996 Y126.956 E200.01739
G1 X121.748 Y126.874 E200.0226
G1 X121.747 Y130.159 E200.08816
G1 X121.869 Y129.94 E200.09316
G1 X122.161 Y129.576 E200.10247
G1 X122.61 Y129.221 E200.1139
G1 X122.962 Y129.043 E200.12177
G1 X123.61 Y128.871 E200.13515
G1 X124.489 Y128.923 E200.15272
G1 X125.16 Y129.191 E200.16714
G1 X125.461 Y129.003 E200.17422
G1 X125.764 Y128.937 E200.18041
G1 X126.539 Y128.937 E200.19588
G1 X126.933 Y129.044 E200.20402
G1 X127.193 Y129.234 E200.21045
G1 X127.434 Y129.823 E200.22315
G1 X127.675 Y129.234 E200.23585
G1 X127.773 Y129.163 E200.23826
G0 F9000 X127.78 Y129.036
G0 X127.434 Y129.736
G0 X127.304 Y129.118
G0 X123.085 Y129.208
G0 X121.794 Y129.894
G0 X121.665 Y126.874
G0 X124.3 Y126.95
G0 X124.888 Y126.928
G0 X131.374 Y126.868
G0 X131.374 Y126.008
G1 F1477.8 X131.374 Y125.424 E200.25009
G1 F1273.9 X131.798 Y124.766 E200.26849
G1 F1123.6 X132.143 Y124.759 E200.27768
G1 F1129.9 X132.143 Y124 E200.29779
G1 X131.871 Y124.233 E200.30728
G1 F1115.2 X131.445 Y124.241 E200.31871
G1 F1098.9 X131.445 Y124.514 E200.32615
G1 F1263.2 X131.374 Y125.424 E200.34778
G1 F2700 E195.34778
G0 F9000 X131.653 Y124.544
G0 X131.541 Y124.986
G0 X131.541 Y126.396
G0 X134.329 Y126.874
G0 X134.241 Y129.936
G1 F2700 E200.34778
G1 F1456.3 X134.242 Y132.86 E200.40788
G1 F1432 X134.235 Y133.035 E200.41154
G0 F9000 X134.075 Y133.698
G0 X126.702 Y134.332
G0 X126.701 Y134.639
G1 F1500 X133.778 Y134.644 E200.55277
G1 X134.116 Y134.555 E200.55975
G1 X134.328 Y134.404 E200.56494
G1 X134.487 Y134.231 E200.56963
G1 X134.648 Y133.864 E200.57763
G1 X134.646 Y126.269 E200.72919
G1 X134.304 Y126.556 E200.7381
G1 X131.916 Y126.554 E200.78576
G1 X131.66 Y126.467 E200.79115
G1 F1485.1 X131.374 Y126.008 E200.80205
G1 X131.088 Y126.467 E200.81296
G1 F1500 X130.843 Y126.556 E200.81816
G1 X129.951 Y126.556 E200.83596
G1 X129.79 Y126.352 E200.84114
G1 X129.629 Y126.556 E200.84633
G1 X128.713 Y126.556 E200.86461
G1 X128.527 Y126.478 E200.86863
G1 X128.271 Y126.078 E200.87811
G1 X128.014 Y126.476 E200.88757
G1 X127.768 Y126.551 E200.8927
G1 X126.978 Y126.551 E200.90846
G1 X126.742 Y126.463 E200.91349
G1 X126.497 Y126.154 E200.92136
G1 X126.464 Y125.955 E200.92539
G1 X126.464 Y125.583 E200.93281
G1 X126.262 Y126.154 E200.9449
G1 X126.015 Y126.461 E200.95276
G1 X125.735 Y126.551 E200.95863
G1 X124.839 Y126.552 E200.97651
G1 X124.617 Y126.477 E200.98119
G1 X124.351 Y126.162 E200.98941
G1 X124.282 Y125.968 E200.99352
G1 X124.249 Y126.162 E200.99745
G1 X123.983 Y126.477 E201.00568
G1 X123.73 Y126.555 E201.01096
G1 X121.996 Y126.556 E201.04556
G1 X121.636 Y126.436 E201.05314
G1 F1398.6 X121.376 Y126.064 E201.06285
G1 X121.348 Y126.58 E201.07391
G1 F1500 X121.348 Y130.224 E201.14663
G1 F1408.5 X121.373 Y130.582 E201.15426
G1 F1268.5 X121.395 Y130.765 E201.15861
G1 F1250 X121.38 Y131.258 E201.17042
G1 F1276.6 X121.385 Y131.783 E201.18273
G1 F1369.9 X121.348 Y132.219 E201.19229
G1 F1500 X121.349 Y133.74 E201.22265
G1 X121.447 Y134.113 E201.23034
G1 X121.676 Y134.412 E201.23786
G1 X121.955 Y134.585 E201.24441
G1 X122.162 Y134.636 E201.24866
G1 X126.701 Y134.639 E201.33924
G0 F9000 X126.702 Y134.332
G0 X123.224 Y133.664
G0 X122.689 Y133.42
G0 X122.379 Y133.184
G0 X122.002 Y132.738
G0 X121.776 Y132.279
G0 X121.666 Y131.851
G0 X121.631 Y126.838
G0 X121.376 Y126.064
G1 F1324.5 X121.372 Y123.032 E201.40777
G0 F9000 X121.648 Y122.161
G0 X121.772 Y122.07
G1 F1764.7 X122.652 Y122.062 E201.4227
G1 F1578.9 X123.149 Y122.153 E201.43227
G1 F1432 X123.252 Y122.237 E201.43505
G1 X123.355 Y122.153 E201.43783
G1 F1570.7 X123.725 Y122.062 E201.44509
G1 F1754.4 X124.568 Y122.062 E201.45948
G1 F1507.5 X125.161 Y122.193 E201.47154
G1 F1318.7 X125.292 Y122.312 E201.47555
G1 X125.423 Y122.193 E201.47957
G1 F1500 X125.883 Y122.062 E201.48911
G1 F1754.4 X126.736 Y122.062 E201.50367
G1 F1617.3 X127.176 Y122.133 E201.51192
G1 F1492.5 X127.249 Y122.186 E201.51373
G1 F1500 X127.367 Y122.127 E201.51636
G1 F1621.6 X127.656 Y122.06 E201.52184
G1 F1818.2 X128.256 Y122.029 E201.53173
G1 F1846.2 X128.709 Y122.046 E201.53908
G1 F1562.5 X129.363 Y122.187 E201.5519
G1 F1376.1 X129.47 Y122.245 E201.55454
G1 X129.569 Y122.172 E201.55722
G1 F1538.5 X129.986 Y122.062 E201.56561
G1 F1754.4 X131.856 Y122.062 E201.59752
G1 F1648.4 X132.254 Y122.12 E201.60482
G1 F1542.4 X132.332 Y122.17 E201.60662
G1 X132.41 Y122.12 E201.60842
G1 F1639.3 X132.688 Y122.062 E201.6136
G1 F1724.1 X133.67 Y122.062 E201.63065
G1 F1714.3 X134.044 Y122.243 E201.63791
G1 X134.163 Y122.348 E201.64068
G1 X134.27 Y122.611 E201.64564
G1 X134.268 Y122.293 E201.65119
G1 X134.172 Y121.975 E201.65699
G1 X134.05 Y121.845 E201.6601
G1 F1694.9 X133.779 Y121.731 E201.66529
G1 F1719.2 X133.468 Y121.722 E201.67071
G1 F1744.2 X132.61 Y121.726 E201.68544
G1 F1626 X132.332 Y121.747 E201.69057
G1 F1648.4 X131.856 Y121.722 E201.69923
G1 F1744.2 X129.918 Y121.726 E201.73249
G1 F1530.6 X129.452 Y121.771 E201.74164
G1 X128.846 Y121.725 E201.75353
G1 F1801.8 X128.184 Y121.711 E201.76453
G1 F1818.2 X127.627 Y121.722 E201.7737
G1 F1612.9 X127.264 Y121.753 E201.78046
G1 F1617.3 X126.736 Y121.722 E201.79025
G1 F1744.2 X125.818 Y121.726 E201.80601
G1 F1492.5 X125.292 Y121.779 E201.81661
G1 F1507.5 X124.568 Y121.722 E201.83103
G1 F1744.2 X123.654 Y121.726 E201.84672
G1 F1562.5 X123.252 Y121.761 E201.85445
G1 F1578.9 X122.652 Y121.722 E201.86585
G1 F1764.7 X122.208 Y121.722 E201.87338
G1 X121.944 Y121.833 E201.87824
G1 X121.772 Y122.07 E201.8832
G0 F9000 X121.372 Y123.032
G1 F1415.1 X121.717 Y122.5 E201.89662
G1 F1500 X121.921 Y122.436 E201.90088
G1 X122.652 Y122.432 E201.91547
G1 X122.948 Y122.509 E201.92157
G1 X123.102 Y122.634 E201.92553
G1 X123.252 Y123.032 E201.93402
G1 X123.402 Y122.634 E201.94251
G1 X123.556 Y122.509 E201.94647
G1 X123.77 Y122.432 E201.951
G1 X124.568 Y122.432 E201.96693
G1 X124.915 Y122.541 E201.97419
G1 X125.021 Y122.638 E201.97706
G1 X125.213 Y123.083 E201.98673
G1 X125.368 Y123.083 E201.98982
G1 X125.563 Y122.638 E201.99952
G1 X125.669 Y122.541 E202.00238
G1 X125.931 Y122.432 E202.00805
G1 X126.736 Y122.432 E202.02411
G1 X127 Y122.493 E202.02952
G1 X127.207 Y122.665 E202.03489
G1 X127.65 Y122.429 E202.04491
G1 X128.256 Y122.388 E202.05703
G1 X128.646 Y122.409 E202.06482
G1 X129.249 Y122.585 E202.07736
G1 X129.55 Y122.844 E202.08528
G1 X129.663 Y122.637 E202.08999
G1 X129.793 Y122.525 E202.09341
G1 X130.033 Y122.432 E202.09855
G1 X131.856 Y122.432 E202.13493
G1 X132.097 Y122.481 E202.13984
G1 X132.251 Y122.58 E202.14349
G1 X132.332 Y122.759 E202.14741
G1 X132.413 Y122.58 E202.15133
G1 X132.731 Y122.432 E202.15833
G1 X133.58 Y122.432 E202.17527
G1 X133.876 Y122.571 E202.1818
G1 F1351.4 X134.112 Y123.032 E202.19327
G1 F1227 X134.112 Y124.78 E202.23592
G1 X134.342 Y124.781 E202.24153
G1 X134.601 Y125.056 E202.25074
G1 X134.601 Y123.032 E202.30012
G1 F1351.4 X134.644 Y122.262 E202.3172
G1 F1500 X134.592 Y121.995 E202.32263
G1 X134.489 Y121.765 E202.32766
G1 X134.286 Y121.548 E202.33359
G1 X134.041 Y121.407 E202.33923
G1 X133.825 Y121.352 E202.34368
G1 X122.165 Y121.352 E202.57637
G1 X121.996 Y121.392 E202.57983
G1 X121.717 Y121.534 E202.58608
G1 X121.501 Y121.769 E202.59245
G1 X121.399 Y121.999 E202.59747
G1 X121.348 Y122.252 E202.60262
G1 F1415.1 X121.372 Y123.032 E202.61913
G0 F9000 X121.648 Y122.161
G0 X123.252 Y122.124
G0 X123.252 Y123.032
G1 F1481.5 X123.256 Y123.136 E202.62123
G1 F1276.6 X123.316 Y123.504 E202.62998
G0 F9000 X123.891 Y124.059
;TYPE:WALL-OUTER
G1 F949.4 X123.908 Y124.111 E202.6317
G1 F2700 E197.6317
G0 F9000 X123.599 Y123.703
G0 X123.091 Y122.596
G0 X121.559 Y122.596
G0 X121.559 Y126.396
G0 X121.996 Y126.868
G0 X121.996 Y126.156
G1 F2700 E202.6317
G1 F1500 X121.876 Y126.116 E202.63423
G1 X121.798 Y125.991 E202.63717
G1 X121.796 Y123.032 E202.69622
G1 X121.916 Y122.833 E202.70085
G1 X122.652 Y122.832 E202.71554
G1 X122.802 Y122.899 E202.71882
G1 X122.852 Y123.032 E202.72166
G1 X122.852 Y123.968 E202.74033
G1 X123.596 Y123.967 E202.75518
G1 F1165 X123.891 Y124.059 E202.76312
G1 X123.848 Y123.609 E202.77474
G1 F1500 X123.647 Y123.046 E202.78667
G1 X123.702 Y122.899 E202.7898
G1 X123.817 Y122.834 E202.79243
G1 X124.568 Y122.832 E202.80742
G1 X124.684 Y122.868 E202.80984
G1 X124.76 Y122.973 E202.81243
G1 X124.917 Y123.483 E202.82308
G1 X125.658 Y123.483 E202.83787
G1 X125.825 Y122.97 E202.84863
G1 X125.9 Y122.868 E202.85116
G1 X125.981 Y122.834 E202.85291
G1 X126.802 Y122.832 E202.8693
G1 X126.908 Y122.929 E202.87217
G1 F1401.9 X126.95 Y123.108 E202.87609
G1 F1136.4 X126.924 Y123.401 E202.88384
G1 F1200 X127.399 Y123.014 E202.89912
G1 F1500 X127.767 Y122.819 E202.90743
G1 X128.268 Y122.788 E202.91745
G1 X128.594 Y122.811 E202.92397
G1 X129.046 Y122.938 E202.93334
G1 X129.333 Y123.192 E202.94099
G1 X129.498 Y123.425 E202.94669
G1 X129.596 Y123.679 E202.95212
G1 F1149.4 X129.795 Y124.043 E202.96293
G1 X129.916 Y123.647 E202.97371
G1 F1500 X129.916 Y122.987 E202.98688
G1 X129.965 Y122.9 E202.98887
G1 X130.081 Y122.834 E202.99154
G1 X131.856 Y122.832 E203.02696
G1 X131.988 Y122.881 E203.02977
G1 F1369.9 X132.094 Y123.032 E203.0338
G1 F1255.2 X132.093 Y123.609 E203.04756
G1 F1363.6 X131.861 Y123.768 E203.05373
G1 F1500 X130.972 Y123.768 E203.07147
G1 X130.972 Y125.974 E203.1155
G1 X130.861 Y126.154 E203.11972
G1 X130.064 Y126.154 E203.13562
G1 F1138.5 X129.79 Y125.984 E203.1441
G1 X129.516 Y126.154 E203.15258
G1 F1500 X128.784 Y126.156 E203.16719
G1 F1257.9 X128.548 Y125.979 E203.17421
G1 F1090.9 X128.543 Y124.125 E203.22508
G1 F1096.9 X128.443 Y123.878 E203.23235
G1 X128.209 Y123.833 E203.23886
G1 X128.077 Y123.91 E203.24303
G1 X127.997 Y124.191 E203.251
G1 F1090.9 X127.996 Y125.977 E203.30001
G1 F1257.9 X127.748 Y126.151 E203.30722
G1 F1500 X127.035 Y126.155 E203.32144
G1 X126.956 Y126.125 E203.32313
G1 F1330.4 X126.867 Y126.012 E203.32637
G1 F1113.2 X126.762 Y123.944 E203.38205
G1 F1016.9 X126.706 Y124.017 E203.38476
G1 F1083 X126.335 Y124.908 E203.41143
G1 F1330.4 X125.964 Y125.799 E203.43315
G1 F1500 X125.885 Y126.02 E203.43783
G1 X125.803 Y126.122 E203.44045
G1 X125.709 Y126.152 E203.44241
G1 X124.838 Y126.156 E203.4598
G1 X124.727 Y126.025 E203.46322
G1 X124.654 Y125.822 E203.46753
G1 F1348.3 X124.399 Y125.253 E203.48137
G1 F1229.5 X124.372 Y125.173 E203.48343
G1 F1185.8 X124.263 Y124.929 E203.49017
G1 F1142.9 X124.162 Y124.651 E203.49792
G1 F1034.5 X123.908 Y124.111 E203.51519
G1 X123.858 Y124.704 E203.53241
G1 F1239.7 X123.799 Y124.883 E203.53696
G1 F1496.3 X122.832 Y124.884 E203.5563
G1 F1666.7 X122.832 Y125.244 E203.56277
G1 F1496.3 X123.86 Y125.242 E203.58334
G1 F1287.6 X123.927 Y125.38 E203.5869
G1 F1348.3 X123.873 Y126.025 E203.60127
G1 F1500 X123.762 Y126.156 E203.6047
G1 X121.996 Y126.156 E203.63994
G1 F2700 E198.63994
G0 F9000 X121.996 Y126.868
G0 X126.01 Y126.396
G0 X126.642 Y124.572
G0 X126.751 Y123.958
G1 F2700 E203.63994
G1 F967.7 X126.89 Y123.478 E203.6554
G1 F1008.4 X126.924 Y123.401 E203.6579
G1 F2700 E198.6579
G0 F9000 X127.278 Y122.811
G0 X127.699 Y122.577
G0 X128.62 Y122.561
G0 X132.295 Y122.596
G0 X132.295 Y124.006
G0 X131.211 Y124.006
G0 X131.211 Y126.396
G0 X128.386 Y126.396
G0 X128.286 Y124.002
G0 X129.795 Y124.043
G1 F2700 E203.6579
G1 F925.9 X129.79 Y125.984 E203.72065
G0 F9000 X129.79 Y126.868
G0 X131.956 Y126.868
G0 X131.956 Y126.156
G1 F1500 X131.87 Y126.127 E203.72246
G1 X131.776 Y125.974 E203.72604
G1 X131.776 Y125.424 E203.73702
G1 X131.921 Y125.231 E203.74184
G1 X132.608 Y125.224 E203.75555
G1 X132.608 Y124.499 E203.77001
G1 F1363.6 X132.569 Y123.65 E203.78867
G1 F1255.2 X132.57 Y123.032 E203.80341
G1 F1369.9 X132.676 Y122.881 E203.80744
G1 F1500 X132.773 Y122.834 E203.80959
G1 X133.516 Y122.832 E203.82442
G1 X133.611 Y122.891 E203.82665
G1 X133.668 Y123.032 E203.82969
G1 X133.668 Y125.224 E203.87343
G1 X134.316 Y125.224 E203.88636
G1 F1376.1 X134.539 Y125.424 E203.89288
G1 F1271.2 X134.538 Y125.997 E203.90637
G1 F1373 X134.304 Y126.156 E203.91254
G1 F1500 X131.956 Y126.156 E203.9594
G0 F9000 X131.956 Y126.868
G0 X126.377 Y126.875
G0 X124.3 Y126.95
G0 X121.665 Y126.874
G0 X121.794 Y129.894
G0 X123.686 Y129.058
G0 X125.126 Y129
G0 X127.304 Y129.118
G0 X127.434 Y129.736
G0 X127.564 Y129.118
G0 X130.374 Y129.026
G0 X130.374 Y129.936
G1 F1279.3 X130.373 Y130.508 E203.97278
G1 F978.8 X130.23 Y130.835 E203.98369
G1 F879.8 X130.304 Y131.136 E203.99424
G1 F983.6 X130.302 Y131.72 E204.01201
G1 F873.4 X130.227 Y131.974 E204.02109
G1 F921.7 X130.338 Y132.32 E204.03289
G1 F1109.1 X130.338 Y132.883 E204.04809
G0 F9000 X130.227 Y131.974
G1 F845.1 X130.056 Y131.992 E204.05418
G1 F916 X129.366 Y131.994 E204.07673
G0 F9000 X129.374 Y130.802
G1 F898.2 X130 Y130.802 E204.09759
G1 F842.7 X130.23 Y130.835 E204.10584
G1 F2700 E199.10584
G0 F9000 X128.159 Y131.658
G1 F2700 E204.10584
G1 F1327.4 X128.165 Y132.15 E204.11694
G0 F9000 X127.979 Y132.919
G0 X127.012 Y133.049
G1 F1500 X126.871 Y133.06 E204.11976
G1 X125.824 Y133.06 E204.14065
G1 X125.713 Y133.027 E204.14297
G1 X125.624 Y132.867 E204.14662
G1 X125.624 Y132.12 E204.16153
G1 F1336.3 X125.575 Y131.703 E204.17093
G1 X125.413 Y132.133 E204.18123
G1 F1500 X125.281 Y132.406 E204.18728
G1 X125.092 Y132.636 E204.19322
G1 X124.84 Y132.848 E204.19979
G1 X124.566 Y132.992 E204.20597
G1 X124.254 Y133.08 E204.21244
G1 X123.794 Y133.106 E204.22163
G1 X123.42 Y133.041 E204.22921
G1 X123.043 Y132.866 E204.2375
G1 X122.848 Y132.725 E204.2423
G1 X122.562 Y132.393 E204.25105
G1 X122.382 Y132.035 E204.25904
G1 X122.286 Y131.667 E204.26663
G1 X122.278 Y131.209 E204.27577
G1 X122.34 Y130.83 E204.28344
G1 X122.476 Y130.463 E204.29125
G1 X122.748 Y130.13 E204.29983
G1 X123.135 Y129.826 E204.30965
G1 X123.673 Y129.679 E204.32078
G1 X124.308 Y129.715 E204.33347
G1 X124.699 Y129.865 E204.34183
G1 X124.936 Y130.032 E204.34762
G1 X125.196 Y130.3 E204.35507
G1 F1425.2 X125.549 Y130.746 E204.36701
G1 X125.624 Y130.231 E204.37795
G1 F1500 X125.624 Y129.859 E204.38537
G1 X125.766 Y129.736 E204.38912
G1 X126.492 Y129.736 E204.40361
G1 X126.623 Y129.795 E204.40647
G1 X126.68 Y129.936 E204.40951
G1 X126.68 Y130.74 E204.42555
G1 X127.025 Y130.74 E204.43244
G1 X127.498 Y130.884 E204.4423
G1 F1488.8 X127.781 Y131.061 E204.44902
G1 F1467 X128.07 Y131.426 E204.45852
G1 F1379.3 X128.159 Y131.658 E204.46391
G1 F1382.5 X128.183 Y131.337 E204.47088
G1 F1481.5 X128.188 Y129.936 E204.49919
G1 F1500 X128.245 Y129.795 E204.50222
G1 X128.349 Y129.739 E204.50458
G1 X130.186 Y129.741 E204.54124
G1 F1382.5 X130.374 Y129.936 E204.5471
G1 X130.562 Y129.741 E204.55297
G1 F1500 X131.269 Y129.739 E204.56708
G1 X131.395 Y129.825 E204.57012
G1 X131.429 Y129.935 E204.57242
G1 X131.431 Y131.306 E204.59978
G1 X132.409 Y129.825 E204.6352
G1 X132.541 Y129.738 E204.63835
G1 X133.239 Y129.736 E204.65228
G1 X133.358 Y129.777 E204.65479
G1 X133.436 Y129.936 E204.65833
G1 X133.434 Y132.895 E204.71738
G1 X133.377 Y133.003 E204.71981
G1 X133.271 Y133.058 E204.7222
G1 X132.542 Y133.06 E204.73674
G1 X132.448 Y132.969 E204.73936
G1 X132.416 Y132.859 E204.74164
G1 X132.418 Y131.525 E204.76826
G1 X131.484 Y132.969 E204.80258
G1 X131.351 Y133.058 E204.80578
G1 X130.539 Y133.055 E204.82198
G1 F1273.9 X130.338 Y132.883 E204.8282
G1 X130.133 Y133.058 E204.83453
G1 F1500 X128.311 Y133.06 E204.87089
G1 F1496.3 X128.188 Y132.905 E204.87485
G1 F1485.1 X128.186 Y132.496 E204.88309
G1 F1408.5 X128.165 Y132.15 E204.89046
G1 F1405.2 X128.076 Y132.416 E204.89644
G1 F1485.1 X127.843 Y132.743 E204.90453
G1 F1500 X127.591 Y132.917 E204.91064
G1 X127.267 Y133.03 E204.91749
G1 X127.012 Y133.049 E204.92259
G1 F2700 E199.92259
G0 F9000 X127.062 Y133.757
G0 X125.387 Y133.298
G0 X125.403 Y132.609
G0 X125.575 Y131.703
G1 F2700 E204.92259
G1 F1209.7 X125.577 Y131.231 E204.93427
G1 F1129.9 X125.54 Y130.753 E204.94697
G1 F2700 E199.94697
G0 F9000 X125.39 Y130.152
G0 X125.084 Y129.828
G0 X124.819 Y129.646
G0 X124.37 Y129.468
G0 X123.662 Y129.424
G0 X123.024 Y129.603
G0 X122.553 Y129.97
G0 X122.255 Y130.348
G0 X122.094 Y130.785
G0 X122.029 Y131.216
G0 X122.039 Y131.695
G0 X122.153 Y132.14
G0 X122.339 Y132.517
G0 X122.656 Y132.891
G0 X122.896 Y133.075
G0 X126.624 Y134.332
G0 X126.623 Y135.039
G1 F2700 E204.94697
G1 F1500 X133.83 Y135.044 E205.09079
G1 X134.289 Y134.923 E205.10027
G1 X134.594 Y134.705 E205.10775
G1 X134.826 Y134.453 E205.11458
G1 X134.97 Y134.126 E205.12171
G1 X135.048 Y133.826 E205.1279
G1 X135.046 Y126.898 E205.26616
G1 F1373 X135.009 Y126.037 E205.28495
G1 F1271.2 X135.011 Y125.424 E205.29938
G1 F1376.1 X135.045 Y124.537 E205.31869
G1 F1500 X135.044 Y122.224 E205.36485
G1 X134.976 Y121.873 E205.37198
G1 X134.827 Y121.541 E205.37924
G1 X134.538 Y121.231 E205.3877
G1 X134.192 Y121.032 E205.39567
G1 X133.875 Y120.952 E205.40219
G1 X122.119 Y120.952 E205.6368
G1 X121.858 Y121.014 E205.64215
G1 X121.471 Y121.21 E205.65081
G1 X121.162 Y121.547 E205.65993
G1 X121.016 Y121.877 E205.66713
G1 X120.948 Y122.212 E205.67395
G1 X120.949 Y133.774 E205.90469
G1 X120.995 Y134.04 E205.91007
G1 X121.085 Y134.288 E205.91534
G1 X121.225 Y134.514 E205.92064
G1 X121.41 Y134.713 E205.92606
G1 X121.726 Y134.941 E205.93384
G1 X122.113 Y135.036 E205.94179
G1 X126.623 Y135.039 E206.0318
G0 F9000 X126.624 Y134.332
G0 X122.446 Y133.537
G0 X122.285 Y133.777
;TYPE:SKIN
G1 F1127.8 X122.252 Y133.834 E206.03354
G1 X122.186 Y133.834 E206.0353
G1 X122.153 Y133.777 E206.03704
G1 X122.186 Y133.72 E206.03879
G1 X122.252 Y133.72 E206.04054
G1 X122.285 Y133.777 E206.04229
G0 F9000 X122.445 Y133.536
G0 X121.776 Y132.279
G0 X121.64 Y131.75
G0 X121.629 Y131.19
G0 X121.705 Y130.686
G0 X121.901 Y130.15
G0 X122.269 Y129.684
G0 X122.84 Y129.239
G0 X123.62 Y129.021
G0 X127.319 Y129.098
G0 X127.322 Y129.437
G0 X127.548 Y129.247
G0 X127.949 Y128.91
G0 X127.87 Y128.663
G1 F1500 X127.841 Y128.669 E206.04288
G1 X127.433 Y128.967 E206.05296
G1 X127.009 Y128.655 E206.06347
G1 X126.584 Y128.578 E206.07209
G1 X125.715 Y128.579 E206.08943
G1 X125.326 Y128.665 E206.09738
G1 X125.109 Y128.783 E206.10231
G1 X124.568 Y128.57 E206.11391
G1 X123.561 Y128.51 E206.13405
G1 X122.868 Y128.694 E206.14835
G1 X122.417 Y128.917 E206.15839
G1 X122.109 Y129.153 E206.16614
G1 X122.108 Y127.316 E206.2028
G1 X123.811 Y127.309 E206.23678
G1 X124.117 Y127.244 E206.24303
G1 X124.298 Y127.164 E206.24697
G1 X124.501 Y127.255 E206.25141
G1 X124.79 Y127.316 E206.25731
G1 X125.807 Y127.305 E206.2776
G1 X126.148 Y127.237 E206.28454
G1 X126.377 Y127.127 E206.28961
G1 X126.603 Y127.234 E206.2946
G1 X126.9 Y127.309 E206.30072
G1 X127.979 Y127.304 E206.32225
G1 X128.265 Y127.189 E206.3284
G1 X128.474 Y127.275 E206.33291
G1 X128.801 Y127.315 E206.33949
G1 X129.483 Y127.314 E206.3531
G1 X129.781 Y127.269 E206.35911
G1 X129.941 Y127.31 E206.36241
G1 X131.035 Y127.314 E206.38424
G1 X131.372 Y127.165 E206.39159
G1 X131.593 Y127.261 E206.3964
G1 X131.841 Y127.308 E206.40144
G1 X133.884 Y127.316 E206.44221
G1 X133.884 Y128.784 E206.4715
G1 X133.276 Y128.576 E206.48433
G1 X132.401 Y128.578 E206.50179
G1 X131.986 Y128.69 E206.51037
G1 X131.88 Y128.768 E206.51299
G1 X131.673 Y128.65 E206.51775
G1 X131.329 Y128.576 E206.52477
G1 X128.254 Y128.58 E206.58613
G1 X127.87 Y128.663 E206.59397
G0 F9000 X127.949 Y128.91
G0 X127.564 Y129.118
G0 X127.434 Y129.376
G0 X127.304 Y129.118
G0 X127.081 Y128.939
G0 X122.661 Y129.088
G0 X122.453 Y128.676
G1 F1500 X122.309 Y128.532 E206.59804
G0 F9000 X122.838 Y128.495
G1 F1500 X122.308 Y127.965 E206.613
G0 F9000 X122.424 Y127.515
G1 F1500 X123.285 Y128.377 E206.63731
G0 F9000 X123.795 Y128.321
G1 F1500 X122.988 Y127.513 E206.6601
G0 F9000 X123.552 Y127.512
G1 F1500 X124.401 Y128.361 E206.68406
G0 F9000 X125.143 Y128.537
G1 F1500 X124.066 Y127.46 E206.71446
G0 F9000 X124.665 Y127.493
G1 F1500 X125.577 Y128.405 E206.74019
G0 F9000 X126.118 Y128.381
G1 F1500 X125.247 Y127.51 E206.76478
G0 F9000 X125.806 Y127.503
G1 F1500 X126.699 Y128.396 E206.78998
G0 F9000 X127.522 Y128.654
G1 F1500 X126.269 Y127.4 E206.82535
G0 F9000 X126.941 Y127.506
G1 F1500 X127.889 Y128.454 E206.85211
G0 F9000 X128.376 Y128.376
G1 F1500 X127.507 Y127.507 E206.87663
G0 F9000 X128.053 Y127.487
G1 F1500 X128.942 Y128.376 E206.90172
G0 F9000 X129.507 Y128.376
G1 F1500 X128.626 Y127.495 E206.92659
G0 F9000 X129.21 Y127.513
G1 F1500 X130.073 Y128.376 E206.95094
G0 F9000 X130.639 Y128.376
G1 F1500 X129.741 Y127.478 E206.97629
G0 F9000 X130.343 Y127.515
G1 F1500 X131.204 Y128.376 E207.00059
G0 F9000 X131.901 Y128.507
G1 F1500 X130.906 Y127.512 E207.02867
G0 F9000 X131.354 Y127.394
G1 F1500 X132.346 Y128.387 E207.05668
G0 F9000 X132.904 Y128.378
G1 F1500 X132.035 Y127.51 E207.08119
G0 F9000 X132.603 Y127.512
G1 F1500 X133.549 Y128.458 E207.10789
G0 F9000 X133.684 Y128.027
G1 F1500 X133.171 Y127.514 E207.12236
G1 F2700 E202.12236
;MESH:NONMESH
G0 F300 Z2.72
G0 F9000 X133.172 Y127.055
G0 X126.629 Y126.398
G0 X126.619 Y124.913
G0 X125.351 Y124.465
;TIME_ELAPSED:596.891598
;LAYER:21
;TYPE:WALL-OUTER
;MESH:cockpit-door-lens-pp.3mf
G1 F2700 E207.12236
G1 F1102.9 X125.317 Y124.524 E207.12421
G1 X125.249 Y124.524 E207.12606
G1 X125.215 Y124.465 E207.12791
G1 X125.249 Y124.406 E207.12975
G1 X125.317 Y124.406 E207.1316
G1 X125.351 Y124.465 E207.13345
G1 F2700 E202.13345
G0 F9000 X124.06 Y130.924
G0 X123.911 Y131.378
;TYPE:WALL-INNER
G1 F2700 E207.13345
G1 F909.1 X123.908 Y131.488 E207.13707
G1 F916 X123.905 Y131.291 E207.14351
G1 F913.2 X123.911 Y131.378 E207.14637
G0 F9000 X123.921 Y132.131
;TYPE:WALL-OUTER
G1 F1500 X124.132 Y132.086 E207.15067
G1 X124.29 Y131.96 E207.15471
G1 X124.429 Y131.659 E207.16132
G1 X124.443 Y131.354 E207.16742
G1 X124.392 Y130.977 E207.17501
G1 X124.18 Y130.714 E207.18175
G1 X123.888 Y130.657 E207.18769
G1 X123.616 Y130.743 E207.19338
G1 X123.465 Y130.935 E207.19825
G1 X123.38 Y131.214 E207.20407
G1 X123.38 Y131.566 E207.2111
G1 X123.465 Y131.846 E207.21694
G1 X123.615 Y132.039 E207.22182
G1 X123.921 Y132.131 E207.22819
G1 F2700 E202.22819
G0 F9000 X123.919 Y131.819
G0 X124.206 Y131.609
G0 X126.673 Y132.155
G1 F2700 E207.22819
G1 F1550.4 X126.674 Y131.633 E207.23827
G1 X126.876 Y131.637 E207.24217
G1 X126.995 Y131.696 E207.24474
G1 X127.049 Y131.772 E207.24654
G1 X127.05 Y132.024 E207.2514
G1 X126.878 Y132.155 E207.25558
G1 X126.673 Y132.155 E207.25953
G0 F9000 X126.673 Y133.27
G0 X126.952 Y133.765
G0 X126.933 Y133.454
;TYPE:WALL-INNER
G1 F1500 X126.86 Y133.46 E207.261
G1 X125.824 Y133.46 E207.28167
G1 X125.496 Y133.363 E207.2885
G1 X125.331 Y133.204 E207.29307
G1 X125.259 Y133.038 E207.29668
G1 X125.12 Y133.153 E207.30028
G1 X124.737 Y133.359 E207.30896
G1 X124.247 Y133.501 E207.31914
G1 X123.746 Y133.497 E207.32914
G1 X123.306 Y133.429 E207.33802
G1 X122.814 Y133.203 E207.34883
G1 X122.554 Y133.005 E207.35535
G1 X122.205 Y132.591 E207.36616
G1 X122.038 Y132.25 E207.37373
G1 F1357.5 X121.868 Y131.799 E207.38436
G1 F1265.8 X121.844 Y131.244 E207.3975
G1 F1250 X121.888 Y130.803 E207.40811
G1 F1273.9 X122.14 Y130.242 E207.42256
G1 F1415.1 X122.445 Y129.861 E207.43289
G1 F1500 X122.895 Y129.513 E207.44424
G1 X123.606 Y129.267 E207.45925
G1 X124.3 Y129.312 E207.47313
G1 X124.816 Y129.463 E207.48386
G1 X125.261 Y129.759 E207.49453
G1 X125.311 Y129.623 E207.49742
G1 X125.434 Y129.479 E207.5012
G1 X125.746 Y129.337 E207.50804
G1 X126.571 Y129.342 E207.5245
G1 X126.752 Y129.4 E207.52829
G1 X126.908 Y129.515 E207.53216
G1 F1257.9 X127.157 Y129.936 E207.5438
G1 F1083 X127.157 Y130.287 E207.5535
G1 X127.711 Y130.45 E207.56946
G1 X127.711 Y129.936 E207.58367
G1 F1257.9 X127.96 Y129.515 E207.59531
G1 F1500 X128.116 Y129.4 E207.59918
G1 X128.34 Y129.337 E207.60382
G1 X130.269 Y129.34 E207.64232
G1 X130.374 Y129.473 E207.6457
G1 X130.482 Y129.336 E207.64918
G1 X131.271 Y129.337 E207.66493
G1 X131.524 Y129.414 E207.6702
G1 X131.73 Y129.606 E207.67582
G1 X131.838 Y129.969 E207.68338
G1 X132.074 Y129.606 E207.69202
G1 X132.28 Y129.414 E207.69764
G1 X132.504 Y129.336 E207.70237
G1 X133.243 Y129.336 E207.71712
G1 X133.6 Y129.459 E207.72466
G1 X133.836 Y129.936 E207.73528
G1 X133.836 Y132.949 E207.79541
G1 X133.657 Y133.289 E207.80307
G1 X133.546 Y133.375 E207.80588
G1 X133.314 Y133.46 E207.81081
G1 X132.616 Y133.46 E207.82474
G1 X132.311 Y133.378 E207.83104
G1 X132.112 Y133.187 E207.83654
G1 X132.02 Y132.875 E207.84303
G1 X131.82 Y133.187 E207.85043
G1 X131.621 Y133.378 E207.85593
G1 X131.398 Y133.46 E207.86068
G1 X130.518 Y133.46 E207.87824
G1 X130.338 Y133.378 E207.88218
G1 X130.146 Y133.46 E207.88635
G1 X128.388 Y133.46 E207.92143
G1 X128.105 Y133.389 E207.92726
G1 X127.898 Y133.198 E207.93288
G1 X127.737 Y133.287 E207.93655
G1 X127.373 Y133.421 E207.94429
G1 X126.933 Y133.454 E207.95309
G0 F9000 X126.778 Y134.247
G1 F1530.6 X126.949 Y134.247 E207.95644
G1 F1485.1 X127.445 Y134.237 E207.96644
G1 F1360.5 X127.791 Y134.211 E207.97407
G1 F1395.3 X128.388 Y134.248 E207.9869
G1 F1530.6 X130.068 Y134.248 E208.01976
G1 F1500 X130.338 Y134.24 E208.02515
G1 X130.608 Y134.248 E208.03054
G1 F1511.3 X131.523 Y134.244 E208.04866
G1 F1360.5 X131.966 Y134.203 E208.05845
G1 F1376.1 X132.616 Y134.248 E208.07262
G1 F1511.3 X133.443 Y134.244 E208.089
G1 F1421.8 X133.743 Y134.224 E208.09533
G1 F1351.4 X134.019 Y134.109 E208.10196
G1 F1339.3 X134.133 Y133.987 E208.10569
G1 X134.224 Y133.723 E208.11193
G1 F1373 X134.235 Y133.035 E208.12693
G1 X133.954 Y133.591 E208.14052
G1 F1351.4 X133.632 Y133.8 E208.14902
G1 F1432 X133.366 Y133.856 E208.1547
G1 F1522.8 X132.616 Y133.856 E208.16944
G1 F1376.1 X132.087 Y133.757 E208.18115
G1 F1250 X131.966 Y133.669 E208.18473
G1 X131.845 Y133.757 E208.18832
G1 F1369.9 X131.453 Y133.856 E208.19715
G1 F1522.8 X130.608 Y133.856 E208.21376
G1 F1500 X130.338 Y133.823 E208.21919
G1 F1492.5 X130.205 Y133.856 E208.22194
G1 F1522.8 X128.388 Y133.856 E208.25765
G1 F1395.3 X127.901 Y133.771 E208.26826
G1 F1284.8 X127.819 Y133.718 E208.27053
G1 F1360.5 X127.41 Y133.825 E208.27984
G1 F1485.1 X126.935 Y133.854 E208.28943
G1 F1526.7 X125.824 Y133.856 E208.31121
G1 F1348.3 X125.246 Y133.736 E208.32432
G1 F1204.8 X125.152 Y133.645 E208.32757
G1 F1276.6 X124.958 Y133.749 E208.33273
G1 F1449.3 X124.295 Y133.887 E208.34672
G1 F1546.4 X123.661 Y133.882 E208.35899
G1 F1507.5 X123.305 Y133.837 E208.36611
G1 F1485.1 X123.061 Y133.757 E208.37129
G1 F1500 X122.591 Y133.541 E208.38161
G1 X122.207 Y133.214 E208.39168
G1 X121.947 Y132.906 E208.39972
G1 X121.748 Y132.564 E208.40762
G1 X121.748 Y133.749 E208.43126
G1 X121.869 Y134.029 E208.43735
G1 X122.02 Y134.166 E208.44142
G1 X122.253 Y134.243 E208.44632
G1 F1485.1 X123.27 Y134.241 E208.46682
G1 F1538.5 X123.741 Y134.257 E208.47599
G1 F1587.3 X124.38 Y134.254 E208.48804
G1 F1363.6 X125.115 Y134.195 E208.50422
G1 F1348.3 X125.824 Y134.248 E208.52001
G1 F1530.6 X126.778 Y134.247 E208.53866
G0 F9000 X123.226 Y133.665
G0 X122.689 Y133.42
G0 X122.382 Y133.185
G0 X122 Y132.734
G0 X121.776 Y132.279
G0 X121.657 Y131.814
G0 X121.627 Y131.209
G0 X121.704 Y130.686
G0 X121.901 Y130.15
G0 X122.271 Y129.682
G0 X122.779 Y129.291
G0 X123.574 Y129.018
G0 X127.319 Y129.098
G0 X127.572 Y130.085
G0 X127.551 Y129.098
G0 X127.773 Y129.163
G1 F1500 X127.935 Y129.044 E208.54268
G1 X128.308 Y128.938 E208.55041
G1 X130.225 Y128.936 E208.58867
G1 X130.374 Y128.968 E208.59171
G1 X130.524 Y128.936 E208.59477
G1 X131.3 Y128.938 E208.61026
G1 X131.666 Y129.013 E208.61771
G1 X131.902 Y129.235 E208.62418
G1 X132.082 Y129.066 E208.62911
G1 X132.457 Y128.936 E208.63703
G1 X133.247 Y128.936 E208.65279
G1 X133.843 Y129.141 E208.66537
G1 F1477.8 X134.241 Y129.936 E208.68338
G1 X134.246 Y126.956 E208.74374
G1 F1500 X131.939 Y126.956 E208.78978
G1 X131.68 Y126.912 E208.79502
G1 X131.449 Y126.807 E208.80009
G1 X131.374 Y126.684 E208.80296
G1 X131.299 Y126.807 E208.80584
G1 X131.068 Y126.912 E208.8109
G1 X130.772 Y126.956 E208.81687
G1 X130.003 Y126.956 E208.83222
G1 X129.792 Y126.89 E208.83663
G1 X129.581 Y126.956 E208.84104
G1 X128.824 Y126.956 E208.85615
G1 X128.545 Y126.917 E208.86177
G1 X128.327 Y126.824 E208.8665
G1 X128.266 Y126.728 E208.86877
G1 X128.205 Y126.823 E208.87102
G1 X127.8 Y126.946 E208.87947
G1 X127.005 Y126.955 E208.89533
G1 X126.73 Y126.899 E208.90094
G1 X126.531 Y126.803 E208.90534
G1 X126.38 Y126.614 E208.91017
G1 X126.229 Y126.803 E208.915
G1 X126.03 Y126.899 E208.91941
G1 X125.761 Y126.954 E208.92489
G1 X124.837 Y126.954 E208.94333
G1 X124.416 Y126.825 E208.95211
G1 X124.298 Y126.685 E208.95577
G1 X124.18 Y126.825 E208.95942
G1 X123.752 Y126.954 E208.96834
G1 X121.996 Y126.956 E209.00339
G1 X121.748 Y126.874 E209.0086
G1 X121.748 Y130.159 E209.07415
G1 X121.869 Y129.942 E209.07911
G1 X122.159 Y129.575 E209.08845
G1 X122.572 Y129.256 E209.09886
G1 X122.856 Y129.103 E209.1053
G1 X123.466 Y128.892 E209.11818
G1 X123.687 Y128.872 E209.12261
G1 X124.369 Y128.918 E209.13625
G1 X124.935 Y129.084 E209.14802
G1 X125.149 Y129.205 E209.15293
G1 X125.338 Y129.061 E209.15767
G1 X125.694 Y128.938 E209.16518
G1 X126.539 Y128.937 E209.18205
G1 X126.933 Y129.044 E209.19019
G1 X127.193 Y129.234 E209.19662
G1 X127.434 Y129.823 E209.20932
G1 X127.675 Y129.234 E209.22202
G1 X127.773 Y129.163 E209.22444
G0 F9000 X127.779 Y129.036
G0 X127.434 Y129.736
G0 X127.304 Y129.118
G0 X122.806 Y128.95
G0 X121.796 Y129.895
G0 X121.665 Y126.874
G0 X124.298 Y126.951
G0 X124.888 Y126.929
G0 X131.374 Y126.868
G0 X131.374 Y126.008
G1 F1477.8 X131.374 Y125.424 E209.23627
G1 F1273.9 X131.798 Y124.766 E209.25466
G1 F1123.6 X132.143 Y124.759 E209.26385
G1 F1129.9 X132.143 Y124 E209.28396
G1 X131.871 Y124.233 E209.29345
G1 F1115.2 X131.445 Y124.241 E209.30488
G1 F1098.9 X131.445 Y124.514 E209.31232
G1 F1263.2 X131.374 Y125.424 E209.33395
G1 F2700 E204.33395
G0 F9000 X131.653 Y124.544
G0 X131.541 Y124.986
G0 X131.541 Y126.396
G0 X134.329 Y126.874
G0 X134.241 Y129.936
G1 F2700 E209.33395
G1 F1456.3 X134.242 Y132.86 E209.39405
G1 F1432 X134.235 Y133.035 E209.39771
G0 F9000 X134.075 Y133.698
G0 X126.7 Y134.337
G0 X126.7 Y134.643
G1 F1500 X133.792 Y134.644 E209.53924
G1 X134.029 Y134.587 E209.54411
G1 X134.282 Y134.448 E209.54987
G1 X134.492 Y134.224 E209.556
G1 X134.648 Y133.867 E209.56377
G1 X134.646 Y126.269 E209.7154
G1 X134.304 Y126.556 E209.72431
G1 X131.916 Y126.554 E209.77196
G1 X131.66 Y126.467 E209.77736
G1 F1485.1 X131.374 Y126.008 E209.78826
G1 X131.088 Y126.467 E209.79916
G1 F1500 X130.843 Y126.556 E209.80436
G1 X129.952 Y126.556 E209.82214
G1 X129.792 Y126.354 E209.82728
G1 X129.632 Y126.556 E209.83243
G1 X128.709 Y126.556 E209.85084
G1 X128.526 Y126.477 E209.85482
G1 X128.271 Y126.076 E209.86431
G1 X128.011 Y126.473 E209.87378
G1 X127.768 Y126.547 E209.87885
G1 X127.028 Y126.555 E209.89361
G1 X126.744 Y126.464 E209.89957
G1 X126.498 Y126.157 E209.90742
G1 X126.464 Y125.955 E209.9115
G1 X126.464 Y125.588 E209.91883
G1 X126.262 Y126.157 E209.93088
G1 X126.016 Y126.464 E209.93873
G1 X125.735 Y126.555 E209.94462
G1 X124.856 Y126.554 E209.96216
G1 X124.614 Y126.478 E209.96723
G1 X124.347 Y126.161 E209.9755
G1 X124.281 Y125.976 E209.97942
G1 X124.249 Y126.161 E209.98316
G1 X123.982 Y126.478 E209.99143
G1 X123.725 Y126.555 E209.99679
G1 X121.996 Y126.556 E210.03129
G1 X121.636 Y126.436 E210.03886
G1 F1398.6 X121.376 Y126.064 E210.04858
G1 X121.348 Y126.58 E210.05964
G1 F1500 X121.348 Y130.224 E210.13236
G1 F1408.5 X121.373 Y130.582 E210.13999
G1 F1268.5 X121.395 Y130.766 E210.14436
G1 F1250 X121.38 Y131.291 E210.15694
G1 F1265.8 X121.389 Y131.84 E210.16992
G1 F1351.4 X121.351 Y132.215 E210.17827
G1 F1492.5 X121.348 Y133.8 E210.21006
G1 F1500 X121.414 Y134.056 E210.21533
G1 X121.617 Y134.379 E210.22295
G1 X121.993 Y134.593 E210.23158
G1 X122.206 Y134.643 E210.23595
G1 X126.7 Y134.643 E210.32563
G0 F9000 X126.7 Y134.337
G0 X123.226 Y133.665
G0 X122.689 Y133.42
G0 X122.382 Y133.185
G0 X122 Y132.734
G0 X121.776 Y132.279
G0 X121.669 Y131.861
G0 X121.631 Y126.838
G0 X121.376 Y126.064
G1 F1324.5 X121.372 Y123.032 E210.39415
G0 F9000 X121.646 Y122.161
G0 X121.772 Y122.07
G1 F1764.7 X122.652 Y122.062 E210.40908
G1 F1578.9 X123.149 Y122.153 E210.41866
G1 F1432 X123.252 Y122.237 E210.42144
G1 X123.355 Y122.153 E210.42422
G1 F1570.7 X123.725 Y122.062 E210.43148
G1 F1754.4 X124.568 Y122.062 E210.44586
G1 F1507.5 X125.161 Y122.193 E210.45792
G1 F1318.7 X125.292 Y122.312 E210.46194
G1 X125.423 Y122.193 E210.46596
G1 F1500 X125.883 Y122.062 E210.4755
G1 F1754.4 X126.736 Y122.062 E210.49006
G1 F1617.3 X127.176 Y122.133 E210.4983
G1 F1492.5 X127.249 Y122.186 E210.50011
G1 F1503.8 X127.372 Y122.125 E210.50285
G1 F1630.4 X127.656 Y122.06 E210.5082
G1 F1818.2 X128.256 Y122.029 E210.51809
G1 F1846.2 X128.709 Y122.046 E210.52544
G1 F1562.5 X129.363 Y122.187 E210.53825
G1 F1376.1 X129.47 Y122.245 E210.5409
G1 X129.569 Y122.172 E210.54358
G1 F1538.5 X129.986 Y122.062 E210.55197
G1 F1754.4 X131.856 Y122.062 E210.58388
G1 F1648.4 X132.254 Y122.12 E210.59118
G1 F1542.4 X132.332 Y122.17 E210.59298
G1 X132.41 Y122.12 E210.59478
G1 F1639.3 X132.688 Y122.062 E210.59996
G1 F1724.1 X133.664 Y122.062 E210.61691
G1 F1704.5 X133.968 Y122.193 E210.62272
G1 F1699.7 X134.167 Y122.351 E210.62719
G1 X134.269 Y122.604 E210.632
G1 X134.269 Y122.31 E210.63718
G1 X134.175 Y121.978 E210.64325
G1 X134.047 Y121.839 E210.64658
G1 F1685.4 X133.78 Y121.732 E210.65169
G1 F1719.2 X133.468 Y121.722 E210.65713
G1 F1744.2 X132.61 Y121.726 E210.67185
G1 F1626 X132.332 Y121.747 E210.67698
G1 F1648.4 X131.856 Y121.722 E210.68564
G1 F1744.2 X129.918 Y121.726 E210.7189
G1 F1530.6 X129.452 Y121.771 E210.72806
G1 X128.846 Y121.725 E210.73994
G1 F1801.8 X128.184 Y121.711 E210.75094
G1 F1818.2 X127.627 Y121.722 E210.76011
G1 F1612.9 X127.264 Y121.753 E210.76688
G1 F1617.3 X126.736 Y121.722 E210.77667
G1 F1744.2 X125.818 Y121.726 E210.79242
G1 F1492.5 X125.292 Y121.779 E210.80302
G1 F1507.5 X124.568 Y121.722 E210.81744
G1 F1744.2 X123.654 Y121.726 E210.83313
G1 F1562.5 X123.252 Y121.761 E210.84086
G1 F1578.9 X122.652 Y121.722 E210.85226
G1 F1764.7 X122.207 Y121.722 E210.85981
G1 X121.943 Y121.834 E210.86467
G1 X121.772 Y122.07 E210.86962
G0 F9000 X121.372 Y123.032
G1 F1415.1 X121.717 Y122.5 E210.88303
G1 F1500 X121.92 Y122.436 E210.88728
G1 X122.652 Y122.432 E210.90188
G1 X122.948 Y122.509 E210.90799
G1 X123.102 Y122.634 E210.91195
G1 X123.252 Y123.032 E210.92043
G1 X123.402 Y122.634 E210.92892
G1 X123.556 Y122.509 E210.93288
G1 X123.77 Y122.432 E210.93742
G1 X124.568 Y122.432 E210.95334
G1 X124.915 Y122.541 E210.9606
G1 X125.021 Y122.638 E210.96347
G1 X125.213 Y123.083 E210.97314
G1 X125.368 Y123.083 E210.97623
G1 X125.563 Y122.638 E210.98593
G1 X125.669 Y122.541 E210.9888
G1 X125.931 Y122.432 E210.99446
G1 X126.736 Y122.432 E211.01053
G1 X127 Y122.493 E211.01593
G1 X127.206 Y122.665 E211.02129
G1 X127.648 Y122.429 E211.03129
G1 X128.256 Y122.388 E211.04345
G1 X128.646 Y122.409 E211.05124
G1 X129.249 Y122.585 E211.06378
G1 X129.55 Y122.844 E211.0717
G1 X129.663 Y122.637 E211.07641
G1 X129.793 Y122.525 E211.07983
G1 X130.033 Y122.432 E211.08497
G1 X131.856 Y122.432 E211.12135
G1 X132.097 Y122.481 E211.12626
G1 X132.251 Y122.58 E211.12991
G1 X132.332 Y122.759 E211.13383
G1 X132.413 Y122.58 E211.13775
G1 X132.731 Y122.432 E211.14475
G1 X133.579 Y122.432 E211.16167
G1 X133.878 Y122.573 E211.16827
G1 F1351.4 X134.112 Y123.032 E211.17968
G1 F1227 X134.112 Y124.78 E211.22233
G1 X134.342 Y124.781 E211.22794
G1 X134.601 Y125.056 E211.23716
G1 X134.601 Y123.032 E211.28653
G1 F1351.4 X134.644 Y122.269 E211.30346
G1 F1500 X134.591 Y121.991 E211.30911
G1 X134.494 Y121.769 E211.31394
G1 X134.281 Y121.539 E211.3202
G1 X134.035 Y121.404 E211.3258
G1 X133.826 Y121.353 E211.33009
G1 X122.163 Y121.352 E211.56284
G1 X121.972 Y121.398 E211.56676
G1 X121.713 Y121.537 E211.57263
G1 X121.499 Y121.769 E211.57893
G1 X121.401 Y121.997 E211.58388
G1 X121.348 Y122.252 E211.58908
G1 F1415.1 X121.372 Y123.032 E211.60558
G0 F9000 X121.646 Y122.161
G0 X123.252 Y122.124
G0 X123.252 Y123.032
G1 F1481.5 X123.256 Y123.136 E211.60769
G1 F1276.6 X123.316 Y123.504 E211.61643
G0 F9000 X123.891 Y124.061
;TYPE:WALL-OUTER
G1 F953.9 X123.908 Y124.112 E211.61812
G1 F2700 E206.61812
G0 F9000 X123.599 Y123.703
G0 X123.091 Y122.596
G0 X121.559 Y122.596
G0 X121.559 Y126.396
G0 X121.996 Y126.868
G0 X121.996 Y126.156
G1 F2700 E211.61812
G1 F1500 X121.876 Y126.116 E211.62064
G1 X121.798 Y125.991 E211.62358
G1 X121.796 Y123.032 E211.68263
G1 X121.916 Y122.833 E211.68727
G1 X122.652 Y122.832 E211.70196
G1 X122.802 Y122.899 E211.70524
G1 X122.852 Y123.032 E211.70807
G1 X122.852 Y123.968 E211.72675
G1 X123.596 Y123.968 E211.7416
G1 F1167.3 X123.891 Y124.061 E211.74953
G1 X123.848 Y123.609 E211.76117
G1 F1500 X123.647 Y123.046 E211.7731
G1 X123.702 Y122.899 E211.77623
G1 X123.817 Y122.834 E211.77887
G1 X124.568 Y122.832 E211.79386
G1 X124.684 Y122.868 E211.79628
G1 X124.76 Y122.973 E211.79887
G1 X124.917 Y123.483 E211.80952
G1 X125.658 Y123.483 E211.8243
G1 X125.825 Y122.97 E211.83507
G1 X125.9 Y122.868 E211.8376
G1 X125.981 Y122.834 E211.83935
G1 X126.802 Y122.832 E211.85573
G1 X126.908 Y122.928 E211.85859
G1 F1401.9 X126.95 Y123.108 E211.86253
G1 F1136.4 X126.924 Y123.401 E211.87028
G1 F1162.8 X127.184 Y123.182 E211.87903
G1 F1442.3 X127.231 Y123.154 E211.88017
G1 F1500 X127.441 Y122.985 E211.88555
G1 X127.768 Y122.819 E211.89287
G1 X128.268 Y122.788 E211.90286
G1 X128.594 Y122.811 E211.90939
G1 X129.046 Y122.938 E211.91876
G1 X129.334 Y123.193 E211.92643
G1 X129.534 Y123.465 E211.93317
G1 F1151.6 X129.795 Y124.043 E211.94965
G1 X129.916 Y123.508 E211.96391
G1 F1500 X129.916 Y122.988 E211.97429
G1 X129.965 Y122.9 E211.9763
G1 X130.081 Y122.834 E211.97896
G1 X131.856 Y122.832 E212.01438
G1 X131.988 Y122.881 E212.01719
G1 F1369.9 X132.094 Y123.032 E212.02123
G1 F1255.2 X132.093 Y123.609 E212.03499
G1 F1363.6 X131.861 Y123.768 E212.04116
G1 F1500 X130.972 Y123.768 E212.0589
G1 X130.972 Y125.974 E212.10292
G1 X130.861 Y126.154 E212.10714
G1 X130.064 Y126.154 E212.12305
G1 F1142.9 X129.792 Y125.984 E212.13145
G1 X129.52 Y126.154 E212.13985
G1 F1500 X128.784 Y126.156 E212.15454
G1 F1257.9 X128.548 Y125.978 E212.16157
G1 F1090.9 X128.544 Y124.125 E212.21242
G1 F1100.9 X128.478 Y123.907 E212.21861
G1 X128.347 Y123.833 E212.2227
G1 X128.138 Y123.857 E212.22842
G1 X128 Y124.071 E212.23535
G1 F1090.9 X127.996 Y125.974 E212.28757
G1 F1257.9 X127.748 Y126.147 E212.29476
G1 F1500 X127.036 Y126.155 E212.30897
G1 X126.957 Y126.126 E212.31065
G1 F1333.3 X126.867 Y126.013 E212.31389
G1 F1115.2 X126.763 Y123.939 E212.36963
G1 F1020.4 X126.707 Y124.013 E212.37235
G1 F1087 X126.336 Y124.907 E212.39901
G1 F1330.4 X125.965 Y125.801 E212.42079
G1 F1500 X125.885 Y126.023 E212.4255
G1 X125.803 Y126.126 E212.42813
G1 X125.709 Y126.156 E212.43009
G1 X124.834 Y126.156 E212.44756
G1 X124.723 Y126.025 E212.45098
G1 X124.65 Y125.822 E212.45529
G1 F1298.7 X124.261 Y124.929 E212.47774
G1 F1145 X124.16 Y124.652 E212.48545
G1 F1039.9 X123.908 Y124.112 E212.5026
G1 X123.858 Y124.704 E212.5197
G1 F1242.2 X123.799 Y124.883 E212.52424
G1 F1496.3 X122.832 Y124.884 E212.54359
G1 F1666.7 X122.832 Y125.244 E212.55006
G1 F1496.3 X123.86 Y125.242 E212.57062
G1 F1287.6 X123.926 Y125.38 E212.57418
G1 F1348.3 X123.873 Y126.025 E212.58855
G1 F1500 X123.762 Y126.156 E212.59197
G1 X121.996 Y126.156 E212.62722
G1 F2700 E207.62722
G0 F9000 X121.996 Y126.868
G0 X126.01 Y126.397
G0 X126.642 Y124.571
G0 X126.752 Y123.953
G1 F2700 E212.62722
G1 F969.3 X126.89 Y123.477 E212.64252
G1 F1008.4 X126.924 Y123.401 E212.64499
G1 F2700 E207.64499
G0 F9000 X127.278 Y122.811
G0 X127.703 Y122.576
G0 X128.617 Y122.561
G0 X132.295 Y122.596
G0 X132.295 Y124.006
G0 X131.211 Y124.006
G0 X131.211 Y126.396
G0 X128.386 Y126.396
G0 X128.293 Y124.012
G0 X129.795 Y124.043
G1 F2700 E212.64499
G1 F928.8 X129.792 Y125.984 E212.70755
G0 F9000 X129.792 Y126.868
G0 X131.956 Y126.868
G0 X131.956 Y126.156
G1 F1500 X131.87 Y126.127 E212.70936
G1 X131.776 Y125.974 E212.71294
G1 X131.776 Y125.424 E212.72392
G1 X131.921 Y125.231 E212.72874
G1 X132.608 Y125.224 E212.74245
G1 X132.608 Y124.499 E212.75692
G1 F1363.6 X132.569 Y123.65 E212.77557
G1 F1255.2 X132.57 Y123.032 E212.79031
G1 F1369.9 X132.676 Y122.881 E212.79434
G1 F1500 X132.773 Y122.834 E212.79649
G1 X133.519 Y122.838 E212.81138
G1 X133.612 Y122.892 E212.81353
G1 X133.668 Y123.032 E212.81654
G1 X133.668 Y125.224 E212.86028
G1 X134.316 Y125.224 E212.87321
G1 F1376.1 X134.539 Y125.424 E212.87973
G1 F1271.2 X134.538 Y125.997 E212.89322
G1 F1373 X134.304 Y126.156 E212.89939
G1 F1500 X131.956 Y126.156 E212.94624
G0 F9000 X131.956 Y126.868
G0 X126.38 Y126.876
G0 X124.298 Y126.951
G0 X121.665 Y126.874
G0 X121.796 Y129.895
G0 X124.262 Y129.096
G0 X125.13 Y129.002
G0 X127.304 Y129.118
G0 X127.434 Y129.736
G0 X127.564 Y129.118
G0 X130.374 Y129.026
G0 X130.374 Y129.936
G1 F1279.3 X130.373 Y130.508 E212.95963
G1 F978.8 X130.23 Y130.835 E212.97054
G1 F879.8 X130.304 Y131.136 E212.98109
G1 F983.6 X130.302 Y131.72 E212.99886
G1 F873.4 X130.227 Y131.974 E213.00794
G1 F921.7 X130.338 Y132.32 E213.01974
G1 F1109.1 X130.338 Y132.883 E213.03494
G0 F9000 X130.227 Y131.974
G1 F845.1 X130.056 Y131.992 E213.04103
G1 F916 X129.366 Y131.994 E213.06358
G0 F9000 X129.374 Y130.802
G1 F898.2 X130 Y130.802 E213.08444
G1 F842.7 X130.23 Y130.835 E213.09269
G1 F2700 E208.09269
G0 F9000 X128.159 Y131.651
G1 F2700 E213.09269
G1 F1327.4 X128.165 Y132.15 E213.10395
G0 F9000 X127.979 Y132.921
G0 X127.012 Y133.05
G1 F1500 X126.875 Y133.06 E213.10669
G1 X125.824 Y133.06 E213.12766
G1 X125.713 Y133.027 E213.12997
G1 X125.628 Y132.904 E213.13296
G1 X125.624 Y132.107 E213.14886
G1 F1330.4 X125.573 Y131.703 E213.15802
G1 X125.417 Y132.128 E213.16821
G1 F1500 X125.301 Y132.368 E213.17353
G1 X124.966 Y132.782 E213.18416
G1 X124.566 Y132.992 E213.19317
G1 X124.211 Y133.097 E213.20056
G1 X123.75 Y133.097 E213.20976
G1 X123.445 Y133.046 E213.21593
G1 X123 Y132.843 E213.22569
G1 X122.819 Y132.698 E213.23032
G1 X122.532 Y132.349 E213.23934
G1 X122.396 Y132.073 E213.24548
G1 X122.302 Y131.723 E213.25271
G1 X122.276 Y131.244 E213.26228
G1 X122.34 Y130.83 E213.27064
G1 X122.475 Y130.463 E213.27845
G1 X122.745 Y130.133 E213.28696
G1 X123.085 Y129.87 E213.29553
G1 X123.657 Y129.675 E213.30759
G1 X124.231 Y129.706 E213.31906
G1 X124.629 Y129.823 E213.32734
G1 X124.923 Y130.019 E213.33439
G1 X125.127 Y130.215 E213.34004
G1 X125.323 Y130.483 E213.34667
G1 F1271.2 X125.552 Y130.899 E213.35785
G1 X125.624 Y130.483 E213.36779
G1 F1500 X125.624 Y129.88 E213.37982
G1 X125.694 Y129.783 E213.38221
G1 X125.789 Y129.738 E213.38431
G1 X126.527 Y129.741 E213.39904
G1 X126.623 Y129.795 E213.40123
G1 X126.68 Y129.936 E213.40427
G1 X126.68 Y130.74 E213.42031
G1 X127.025 Y130.74 E213.4272
G1 X127.498 Y130.884 E213.43707
G1 X127.782 Y131.062 E213.44375
G1 F1477.8 X128.07 Y131.427 E213.45317
G1 F1376.1 X128.159 Y131.651 E213.45841
G1 F1379.3 X128.182 Y131.343 E213.46512
G1 F1477.8 X128.188 Y129.936 E213.49362
G1 F1500 X128.245 Y129.795 E213.49665
G1 X128.349 Y129.739 E213.49901
G1 X130.186 Y129.741 E213.53567
G1 F1382.5 X130.374 Y129.936 E213.54153
G1 X130.562 Y129.741 E213.5474
G1 F1500 X131.269 Y129.739 E213.56151
G1 X131.396 Y129.826 E213.56458
G1 X131.428 Y129.936 E213.56687
G1 X131.429 Y131.316 E213.59441
G1 X132.408 Y129.826 E213.62998
G1 X132.541 Y129.738 E213.63317
G1 X133.239 Y129.736 E213.6471
G1 X133.358 Y129.777 E213.64961
G1 X133.436 Y129.936 E213.65314
G1 X133.434 Y132.895 E213.71219
G1 X133.377 Y133.003 E213.71463
G1 X133.271 Y133.058 E213.71701
G1 X132.542 Y133.06 E213.73156
G1 X132.448 Y132.969 E213.73417
G1 X132.416 Y132.859 E213.73646
G1 X132.418 Y131.529 E213.763
G1 X131.484 Y132.969 E213.79725
G1 X131.351 Y133.058 E213.80044
G1 X130.539 Y133.055 E213.81665
G1 F1273.9 X130.338 Y132.883 E213.82287
G1 X130.133 Y133.058 E213.8292
G1 F1500 X128.312 Y133.06 E213.86554
G1 F1496.3 X128.188 Y132.906 E213.86949
G1 F1485.1 X128.186 Y132.496 E213.87776
G1 F1408.5 X128.165 Y132.15 E213.88513
G1 F1405.2 X128.076 Y132.416 E213.8911
G1 F1485.1 X127.843 Y132.743 E213.89919
G1 F1500 X127.598 Y132.912 E213.90513
G1 X127.271 Y133.03 E213.91207
G1 X127.012 Y133.05 E213.91726
G1 F2700 E208.91726
G0 F9000 X127.06 Y133.758
G0 X125.387 Y133.298
G0 X125.402 Y132.607
G0 X125.573 Y131.703
G1 F2700 E213.91726
G1 F1209.7 X125.579 Y131.247 E213.92854
G1 F1160.5 X125.552 Y130.899 E213.93754
G1 F2700 E208.93754
G0 F9000 X125.415 Y132.57
G0 X126.622 Y135.043
G1 F2700 E213.93754
G1 F1500 X133.84 Y135.044 E214.08159
G1 X134.175 Y134.963 E214.08846
G1 X134.531 Y134.768 E214.09656
G1 X134.83 Y134.448 E214.1053
G1 X134.973 Y134.123 E214.11239
G1 X135.048 Y133.823 E214.11856
G1 X135.046 Y126.898 E214.25676
G1 F1373 X135.009 Y126.037 E214.27555
G1 F1271.2 X135.011 Y125.424 E214.28998
G1 F1376.1 X135.045 Y124.537 E214.30929
G1 F1500 X135.044 Y122.231 E214.35531
G1 X134.975 Y121.872 E214.3626
G1 X134.834 Y121.547 E214.36967
G1 X134.531 Y121.22 E214.37857
G1 X134.182 Y121.028 E214.38652
G1 X133.875 Y120.953 E214.39283
G1 X122.116 Y120.952 E214.62749
G1 X121.828 Y121.021 E214.6334
G1 X121.465 Y121.217 E214.64163
G1 X121.159 Y121.547 E214.65061
G1 X121.017 Y121.877 E214.65778
G1 X120.948 Y122.212 E214.66461
G1 X120.948 Y133.85 E214.89686
G1 X121.042 Y134.216 E214.9044
G1 X121.229 Y134.514 E214.91142
G1 X121.41 Y134.713 E214.91679
G1 X121.617 Y134.862 E214.92188
G1 X121.862 Y134.973 E214.92724
G1 X122.16 Y135.043 E214.93335
G1 X126.622 Y135.043 E215.0224
G0 F9000 X126.622 Y134.337
G0 X126.132 Y134.231
G0 X122.444 Y133.537
G0 X122.284 Y133.775
;TYPE:SKIN
G1 F1136.4 X122.251 Y133.832 E215.02413
G1 X122.185 Y133.832 E215.02587
G1 X122.152 Y133.775 E215.02761
G1 X122.185 Y133.718 E215.02934
G1 X122.251 Y133.718 E215.03108
G1 X122.284 Y133.775 E215.03281
G0 F9000 X122.444 Y133.537
G0 X121.776 Y132.279
G0 X121.657 Y131.814
G0 X121.627 Y131.209
G0 X121.704 Y130.686
G0 X121.901 Y130.15
G0 X122.271 Y129.682
G0 X122.779 Y129.291
G0 X123.574 Y129.018
G0 X127.319 Y129.098
G0 X127.321 Y129.436
G0 X127.549 Y129.244
G0 X127.95 Y128.907
G0 X127.871 Y128.658
G1 F1500 X127.842 Y128.664 E215.0334
G1 X127.433 Y128.967 E215.04356
G1 X127.013 Y128.655 E215.054
G1 X126.548 Y128.575 E215.06342
G1 X125.633 Y128.578 E215.08168
G1 X125.334 Y128.665 E215.08789
G1 X125.127 Y128.779 E215.09261
G1 X125.022 Y128.727 E215.09495
G1 X124.391 Y128.551 E215.10802
G1 X123.674 Y128.512 E215.12235
G1 X123.359 Y128.546 E215.12867
G1 X122.739 Y128.758 E215.14175
G1 X122.376 Y128.952 E215.14996
G1 X122.108 Y129.158 E215.15671
G1 X122.108 Y127.316 E215.19347
G1 X123.788 Y127.311 E215.22699
G1 X124.094 Y127.251 E215.23322
G1 X124.296 Y127.163 E215.23761
G1 X124.498 Y127.251 E215.24201
G1 X124.804 Y127.312 E215.24824
G1 X125.803 Y127.31 E215.26817
G1 X126.151 Y127.237 E215.27527
G1 X126.379 Y127.127 E215.28032
G1 X126.605 Y127.237 E215.28534
G1 X126.893 Y127.307 E215.29125
G1 X127.853 Y127.301 E215.31041
G1 X128.251 Y127.181 E215.31871
G1 X128.477 Y127.277 E215.32361
G1 X128.802 Y127.315 E215.33014
G1 X129.631 Y127.314 E215.34668
G1 X129.791 Y127.274 E215.34997
G1 X129.984 Y127.316 E215.35391
G1 X130.798 Y127.314 E215.37016
G1 X131.175 Y127.256 E215.37777
G1 X131.373 Y127.165 E215.38212
G1 X131.573 Y127.256 E215.3865
G1 X131.841 Y127.308 E215.39195
G1 X133.884 Y127.316 E215.43272
G1 X133.884 Y128.784 E215.46202
G1 X133.276 Y128.576 E215.47484
G1 X132.401 Y128.578 E215.4923
G1 X131.986 Y128.69 E215.50088
G1 X131.88 Y128.768 E215.50351
G1 X131.673 Y128.65 E215.50826
G1 X131.327 Y128.576 E215.51532
G1 X128.296 Y128.576 E215.57581
G1 X127.871 Y128.658 E215.58445
G0 F9000 X127.95 Y128.907
G0 X127.564 Y129.118
G0 X127.434 Y129.376
G0 X127.304 Y129.118
G0 X122.806 Y128.95
G0 X121.934 Y129.562
G0 X121.848 Y127.724
G0 X122.309 Y127.724
G1 F1500 X122.519 Y127.514 E215.59037
G0 F9000 X123.087 Y127.512
G1 F1500 X122.31 Y128.289 E215.6123
G0 F9000 X122.509 Y128.655
G1 F1500 X123.655 Y127.51 E215.64463
G0 F9000 X124.333 Y127.397
G1 F1500 X123.391 Y128.339 E215.67122
G0 F9000 X123.969 Y128.327
G1 F1500 X124.785 Y127.511 E215.69425
G0 F9000 X125.353 Y127.508
G1 F1500 X124.49 Y128.372 E215.71862
G0 F9000 X124.929 Y128.498
G1 F1500 X125.943 Y127.484 E215.74723
G0 F9000 X126.562 Y127.431
G1 F1500 X125.612 Y128.381 E215.77404
G0 F9000 X126.18 Y128.378
G1 F1500 X127.048 Y127.51 E215.79854
G0 F9000 X127.618 Y127.506
G1 F1500 X126.72 Y128.404 E215.82388
G0 F9000 X127.167 Y128.522
G1 F1500 X128.281 Y127.409 E215.85531
G0 F9000 X128.746 Y127.51
G1 F1500 X127.783 Y128.473 E215.88249
G0 F9000 X128.445 Y128.377
G1 F1500 X129.309 Y127.512 E215.90689
G0 F9000 X129.889 Y127.498
G1 F1500 X129.01 Y128.377 E215.93169
G0 F9000 X129.576 Y128.377
G1 F1500 X130.439 Y127.513 E215.95606
G0 F9000 X131.041 Y127.477
G1 F1500 X130.142 Y128.377 E215.98145
G0 F9000 X130.707 Y128.377
G1 F1500 X131.617 Y127.467 E216.00713
G0 F9000 X132.141 Y127.509
G1 F1500 X131.273 Y128.377 E216.03163
G0 F9000 X131.747 Y128.469
G1 F1500 X132.704 Y127.511 E216.05865
G0 F9000 X133.268 Y127.513
G1 F1500 X132.4 Y128.381 E216.08315
G0 F9000 X132.969 Y128.378
G1 F1500 X133.684 Y127.662 E216.10334
G0 F9000 X133.684 Y128.228
G1 F1500 X133.478 Y128.435 E216.10917
G1 F2700 E211.10917
;MESH:NONMESH
G0 F300 Z2.84
G0 F9000 X133.329 Y128.868
G0 X134.055 Y129.189
G0 X134.074 Y127.128
G0 X126.628 Y126.4
G0 X126.532 Y124.886
G0 X125.351 Y124.465
;TIME_ELAPSED:632.263427
;LAYER:22
;TYPE:WALL-OUTER
;MESH:cockpit-door-lens-pp.3mf
G1 F2700 E216.10917
G1 F1102.9 X125.317 Y124.524 E216.11102
G1 X125.249 Y124.524 E216.11286
G1 X125.215 Y124.465 E216.11471
G1 X125.249 Y124.406 E216.11656
G1 X125.317 Y124.406 E216.1184
G1 X125.351 Y124.465 E216.12025
G1 F2700 E211.12025
G0 F9000 X124.06 Y130.924
G0 X123.908 Y131.292
;TYPE:WALL-INNER
G1 F2700 E216.12025
G1 F923.1 X123.902 Y131.485 E216.12651
G0 F9000 X123.913 Y132.132
;TYPE:WALL-OUTER
G1 F1500 X124.137 Y132.085 E216.13108
G1 X124.294 Y131.96 E216.13509
G1 X124.4 Y131.733 E216.14008
G1 X124.443 Y131.346 E216.14786
G1 X124.419 Y131.09 E216.15299
G1 X124.36 Y130.933 E216.15633
G1 X124.184 Y130.715 E216.16192
G1 X123.892 Y130.657 E216.16787
G1 X123.614 Y130.743 E216.17367
G1 X123.465 Y130.934 E216.17851
G1 X123.38 Y131.214 E216.18435
G1 X123.38 Y131.562 E216.19129
G1 X123.465 Y131.843 E216.19715
G1 X123.615 Y132.039 E216.20208
G1 X123.913 Y132.132 E216.20831
G1 F2700 E211.20831
G0 F9000 X123.915 Y131.819
G0 X124.18 Y131.671
G0 X126.669 Y132.159
G1 F2700 E216.20831
G1 F1583.1 X126.669 Y131.629 E216.21833
G1 X126.878 Y131.632 E216.22228
G1 X127.045 Y131.759 E216.22625
G1 X127.056 Y132 E216.23081
G1 X127 Y132.094 E216.23288
G1 X126.88 Y132.159 E216.23546
G1 X126.669 Y132.159 E216.23945
G0 F9000 X126.669 Y133.27
G0 X126.953 Y133.765
G0 X126.932 Y133.456
;TYPE:WALL-INNER
G1 F1500 X126.899 Y133.459 E216.24011
G1 X125.824 Y133.46 E216.26156
G1 X125.497 Y133.364 E216.26836
G1 X125.3 Y133.154 E216.27411
G1 X125.262 Y133.018 E216.27693
G1 X125.035 Y133.198 E216.28271
G1 X124.75 Y133.354 E216.28919
G1 X124.253 Y133.5 E216.29953
G1 X123.73 Y133.5 E216.30997
G1 X123.301 Y133.427 E216.31865
G1 X122.72 Y133.158 E216.33143
G1 X122.251 Y132.688 E216.34468
G1 X122.037 Y132.27 E216.35405
G1 F1369.9 X121.856 Y131.742 E216.36624
G1 F1271.2 X121.85 Y131.172 E216.37967
G1 F1244.8 X121.886 Y130.81 E216.38842
G1 F1276.6 X122.138 Y130.25 E216.40282
G1 F1379.3 X122.451 Y129.853 E216.41379
G1 F1438.8 X122.897 Y129.516 E216.42542
G1 F1477.8 X123.358 Y129.331 E216.43548
G1 F1500 X123.852 Y129.272 E216.44541
G1 X124.329 Y129.32 E216.45497
G1 X124.945 Y129.524 E216.46792
G1 X125.265 Y129.794 E216.47628
G1 X125.318 Y129.613 E216.48004
G1 X125.427 Y129.485 E216.4834
G1 X125.745 Y129.337 E216.4904
G1 X126.516 Y129.337 E216.50578
G1 X126.752 Y129.4 E216.51066
G1 X126.908 Y129.515 E216.51453
G1 F1257.9 X127.157 Y129.936 E216.52617
G1 F1083 X127.157 Y130.287 E216.53587
G1 X127.711 Y130.45 E216.55183
G1 X127.711 Y129.936 E216.56603
G1 F1257.9 X127.96 Y129.515 E216.57767
G1 F1500 X128.116 Y129.4 E216.58154
G1 X128.34 Y129.337 E216.58619
G1 X130.269 Y129.34 E216.62468
G1 X130.374 Y129.473 E216.62806
G1 X130.482 Y129.336 E216.63154
G1 X131.271 Y129.337 E216.64729
G1 X131.524 Y129.414 E216.65257
G1 X131.73 Y129.606 E216.65819
G1 X131.837 Y129.968 E216.66572
G1 X132.074 Y129.606 E216.67435
G1 X132.28 Y129.414 E216.67997
G1 X132.504 Y129.336 E216.68471
G1 X133.243 Y129.336 E216.69945
G1 X133.601 Y129.459 E216.70701
G1 X133.836 Y129.936 E216.71762
G1 X133.836 Y132.947 E216.77771
G1 X133.687 Y133.256 E216.78455
G1 X133.463 Y133.416 E216.79005
G1 X133.313 Y133.46 E216.79317
G1 X132.616 Y133.46 E216.80708
G1 X132.312 Y133.378 E216.81336
G1 X132.112 Y133.187 E216.81888
G1 X132.02 Y132.875 E216.82537
G1 X131.82 Y133.187 E216.83277
G1 X131.62 Y133.378 E216.83828
G1 X131.398 Y133.46 E216.84301
G1 X130.519 Y133.46 E216.86055
G1 X130.338 Y133.377 E216.86452
G1 X130.147 Y133.46 E216.86868
G1 X128.388 Y133.46 E216.90378
G1 X128.106 Y133.39 E216.90958
G1 X127.898 Y133.198 E216.91523
G1 X127.745 Y133.284 E216.91873
G1 X127.388 Y133.421 E216.92636
G1 X126.932 Y133.456 E216.93549
G0 F9000 X126.777 Y134.25
G1 F1522.8 X126.941 Y134.25 E216.93871
G1 F1477.8 X127.458 Y134.24 E216.94919
G1 F1357.5 X127.794 Y134.214 E216.95662
G1 F1392.1 X128.388 Y134.251 E216.96942
G1 F1522.8 X130.068 Y134.251 E217.00244
G1 F1492.5 X130.338 Y134.243 E217.00786
G1 X130.608 Y134.251 E217.01327
G1 F1503.8 X131.523 Y134.247 E217.03149
G1 F1351.4 X131.966 Y134.207 E217.04134
G1 F1369.9 X132.616 Y134.251 E217.05558
G1 F1503.8 X133.443 Y134.247 E217.07204
G1 F1445.8 X133.805 Y134.223 E217.07955
G1 F1373 X134.031 Y134.095 E217.08521
G1 F1339.3 X134.16 Y133.941 E217.0897
G1 X134.224 Y133.617 E217.09709
G1 F1373 X134.235 Y133.035 E217.10978
G1 X134.006 Y133.535 E217.12177
G1 F1339.3 X133.848 Y133.682 E217.12659
G1 F1351.4 X133.622 Y133.805 E217.13229
G1 F1428.6 X133.364 Y133.857 E217.1378
G1 F1515.2 X132.616 Y133.857 E217.15258
G1 F1369.9 X132.088 Y133.758 E217.16432
G1 F1242.2 X131.966 Y133.671 E217.16793
G1 X131.844 Y133.758 E217.17154
G1 F1360.5 X131.454 Y133.857 E217.1804
G1 F1515.2 X130.608 Y133.857 E217.19711
G1 F1492.5 X130.338 Y133.824 E217.20256
G1 F1485.1 X130.205 Y133.857 E217.20533
G1 F1515.2 X128.388 Y133.857 E217.24122
G1 F1392.1 X127.903 Y133.774 E217.2518
G1 F1282.1 X127.821 Y133.72 E217.2541
G1 F1357.5 X127.422 Y133.826 E217.2632
G1 F1477.8 X126.856 Y133.857 E217.27468
G1 F1522.8 X125.824 Y133.857 E217.29497
G1 F1345.3 X125.252 Y133.741 E217.30796
G1 F1204.8 X125.144 Y133.65 E217.31146
G1 F1282.1 X124.969 Y133.747 E217.31614
G1 F1470.6 X124.304 Y133.887 E217.32997
G1 F1578.9 X123.696 Y133.887 E217.3415
G1 F1522.8 X123.31 Y133.838 E217.34914
G1 F1485.1 X123.06 Y133.756 E217.35445
G1 F1500 X122.636 Y133.56 E217.36377
G1 X122.417 Y133.43 E217.36885
G1 X122.027 Y133.031 E217.37999
G1 X121.853 Y132.788 E217.38595
G1 X121.748 Y132.581 E217.39058
G1 X121.749 Y133.744 E217.41379
G1 X121.869 Y134.032 E217.42002
G1 X122.023 Y134.169 E217.42413
G1 X122.258 Y134.248 E217.42908
G1 F1485.1 X123.276 Y134.243 E217.4496
G1 F1515.2 X123.585 Y134.257 E217.45571
G1 F1562.5 X124.384 Y134.257 E217.47101
G1 F1360.5 X125.117 Y134.198 E217.48719
G1 F1345.3 X125.824 Y134.251 E217.50297
G1 F1522.8 X126.777 Y134.25 E217.5217
G0 F9000 X123.229 Y133.667
G0 X122.556 Y133.359
G0 X122.05 Y132.831
G0 X121.773 Y132.289
G0 X121.641 Y131.748
G0 X121.629 Y131.203
G0 X121.704 Y130.687
G0 X121.901 Y130.15
G0 X122.272 Y129.681
G0 X122.772 Y129.299
G0 X123.305 Y129.086
G0 X123.85 Y129.026
G0 X127.319 Y129.098
G0 X127.572 Y130.082
G0 X127.551 Y129.098
G0 X127.773 Y129.163
G1 F1500 X127.935 Y129.044 E217.52571
G1 X128.308 Y128.938 E217.53345
G1 X130.225 Y128.936 E217.57171
G1 X130.374 Y128.968 E217.57475
G1 X130.524 Y128.936 E217.57781
G1 X131.3 Y128.938 E217.5933
G1 X131.666 Y129.013 E217.60075
G1 X131.902 Y129.235 E217.60722
G1 X132.082 Y129.066 E217.61214
G1 X132.457 Y128.936 E217.62007
G1 X133.248 Y128.936 E217.63585
G1 X133.844 Y129.141 E217.64843
G1 F1477.8 X134.242 Y129.936 E217.66644
G1 X134.248 Y126.956 E217.7268
G1 F1500 X131.939 Y126.956 E217.77288
G1 X131.68 Y126.912 E217.77812
G1 X131.449 Y126.807 E217.78318
G1 X131.374 Y126.684 E217.78606
G1 X131.299 Y126.807 E217.78893
G1 X131.068 Y126.912 E217.794
G1 X130.772 Y126.956 E217.79997
G1 X130.003 Y126.956 E217.81531
G1 X129.794 Y126.892 E217.81968
G1 X129.585 Y126.956 E217.82404
G1 X128.824 Y126.956 E217.83922
G1 X128.545 Y126.917 E217.84485
G1 X128.327 Y126.824 E217.84958
G1 X128.266 Y126.728 E217.85185
G1 X128.205 Y126.823 E217.8541
G1 X127.8 Y126.946 E217.86255
G1 X127.008 Y126.955 E217.87835
G1 X126.733 Y126.899 E217.88395
G1 X126.534 Y126.802 E217.88837
G1 X126.382 Y126.612 E217.89323
G1 X126.23 Y126.802 E217.89808
G1 X126.031 Y126.899 E217.9025
G1 X125.761 Y126.954 E217.908
G1 X124.821 Y126.953 E217.92676
G1 X124.416 Y126.825 E217.93523
G1 X124.298 Y126.685 E217.93889
G1 X124.18 Y126.825 E217.94254
G1 X123.988 Y126.91 E217.94673
G1 X123.684 Y126.956 E217.95287
G1 X121.996 Y126.956 E217.98655
G1 X121.748 Y126.874 E217.99177
G1 X121.748 Y130.159 E218.05732
G1 X121.865 Y129.949 E218.06212
G1 X122.085 Y129.669 E218.06923
G1 X122.27 Y129.489 E218.07438
G1 X122.594 Y129.245 E218.08247
G1 X122.82 Y129.117 E218.08765
G1 X123.258 Y128.941 E218.09707
G1 X123.847 Y128.871 E218.10891
G1 X124.411 Y128.923 E218.12021
G1 X125.173 Y129.179 E218.13626
G1 X125.453 Y129.007 E218.14281
G1 X125.693 Y128.938 E218.1478
G1 X126.647 Y128.938 E218.16683
G1 X126.933 Y129.044 E218.17292
G1 X127.193 Y129.234 E218.17935
G1 X127.434 Y129.823 E218.19205
G1 X127.675 Y129.234 E218.20475
G1 X127.773 Y129.163 E218.20716
G0 F9000 X127.779 Y129.036
G0 X127.434 Y129.736
G0 X127.304 Y129.118
G0 X122.762 Y128.967
G0 X121.794 Y129.895
G0 X121.666 Y126.874
G0 X124.298 Y126.951
G0 X125.48 Y126.908
G0 X131.374 Y126.868
G0 X131.374 Y126.008
G1 F1477.8 X131.374 Y125.424 E218.21899
G1 F1273.9 X131.798 Y124.766 E218.23739
G1 F1123.6 X132.143 Y124.759 E218.24658
G1 F1129.9 X132.143 Y124 E218.26669
G1 X131.871 Y124.233 E218.27617
G1 F1115.2 X131.445 Y124.241 E218.28761
G1 F1098.9 X131.445 Y124.514 E218.29505
G1 F1263.2 X131.374 Y125.424 E218.31668
G1 F2700 E213.31668
G0 F9000 X131.653 Y124.544
G0 X132.295 Y124.006
G0 X132.295 Y122.596
G0 X129.455 Y122.124
G1 F2700 E218.31668
G0 F9000 X129.455 Y122.253
G0 E213.31668
G1 F2700 E218.31668
G1 F1348.3 X129.547 Y122.182 E218.31926
G1 F1522.8 X129.984 Y122.062 E218.32817
G1 F1754.4 X131.856 Y122.062 E218.36011
G1 F1648.4 X132.254 Y122.12 E218.36741
G1 F1542.4 X132.332 Y122.17 E218.36921
G1 X132.41 Y122.12 E218.37101
G1 F1639.3 X132.688 Y122.062 E218.37619
G1 F1754.4 X133.468 Y122.062 E218.3895
G1 F1714.3 X133.768 Y122.098 E218.39478
G1 F1685.4 X133.969 Y122.194 E218.39873
G1 F1704.5 X134.189 Y122.373 E218.40371
G1 X134.272 Y122.588 E218.40776
G1 X134.253 Y122.157 E218.41534
G1 X134.175 Y121.98 E218.41873
G1 X134.046 Y121.84 E218.42208
G1 F1690.1 X133.782 Y121.732 E218.42713
G1 F1719.2 X133.468 Y121.722 E218.4326
G1 F1744.2 X132.61 Y121.726 E218.44732
G1 F1626 X132.332 Y121.747 E218.45246
G1 F1648.4 X131.856 Y121.722 E218.46111
G1 F1744.2 X129.918 Y121.726 E218.49437
G1 F1511.3 X129.418 Y121.774 E218.50432
G1 F1293.1 X128.929 Y121.793 E218.51565
G1 F1056.3 X128.603 Y121.879 E218.52521
G1 X128.89 Y122.024 E218.53432
G1 F1293.1 X129.455 Y122.253 E218.54843
G0 F9000 X128.603 Y121.879
G1 F930.2 X128.256 Y121.87 E218.5596
G1 F920.2 X127.789 Y121.885 E218.5748
G0 F9000 X123.252 Y122.124
G0 X123.252 Y123.032
G1 F1481.5 X123.256 Y123.136 E218.5769
G1 F1276.6 X123.316 Y123.504 E218.58564
G1 F2700 E213.58564
G0 F9000 X123.091 Y122.596
G0 X121.642 Y122.159
G1 F2700 E218.58564
G0 F9000 X121.372 Y123.032
G0 E213.58564
G1 F2700 E218.58564
G1 F1324.5 X121.376 Y126.064 E218.65417
G1 F2700 E213.65417
G0 F9000 X121.631 Y126.838
G0 X121.559 Y126.396
G0 X121.559 Y122.596
G0 X121.76 Y122.094
G1 F2700 E218.65417
G1 F1764.7 X121.905 Y122.062 E218.65669
G1 X122.652 Y122.062 E218.66936
G1 F1578.9 X123.149 Y122.153 E218.67894
G1 F1432 X123.252 Y122.237 E218.68172
G1 X123.355 Y122.153 E218.68449
G1 F1570.7 X123.725 Y122.062 E218.69176
G1 F1754.4 X124.568 Y122.062 E218.70614
G1 F1507.5 X125.161 Y122.193 E218.7182
G1 F1318.7 X125.292 Y122.312 E218.72222
G1 X125.423 Y122.193 E218.72623
G1 F1500 X125.883 Y122.062 E218.73578
G1 F1754.4 X126.736 Y122.062 E218.75033
G1 F1617.3 X127.176 Y122.133 E218.75858
G1 F1492.5 X127.249 Y122.186 E218.76039
G1 F1558.4 X127.459 Y122.102 E218.76473
G1 F1158.3 X127.789 Y121.885 E218.77494
G1 X127.393 Y121.746 E218.78579
G1 F1558.4 X127.264 Y121.753 E218.78827
G1 F1617.3 X126.736 Y121.722 E218.79806
G1 F1744.2 X125.818 Y121.726 E218.81381
G1 F1492.5 X125.292 Y121.779 E218.82442
G1 F1507.5 X124.568 Y121.722 E218.83884
G1 F1744.2 X123.654 Y121.726 E218.85452
G1 F1562.5 X123.252 Y121.761 E218.86225
G1 F1578.9 X122.652 Y121.722 E218.87365
G1 F1764.7 X122.212 Y121.722 E218.88112
G1 X121.942 Y121.832 E218.88606
G1 X121.76 Y122.094 E218.89147
G0 F9000 X121.372 Y123.032
G1 F1415.1 X121.723 Y122.497 E218.90501
G1 F1500 X121.918 Y122.437 E218.90908
G1 X122.652 Y122.432 E218.92373
G1 X122.948 Y122.509 E218.92983
G1 X123.102 Y122.634 E218.93379
G1 X123.252 Y123.032 E218.94228
G1 X123.402 Y122.634 E218.95077
G1 X123.556 Y122.509 E218.95472
G1 X123.77 Y122.432 E218.95926
G1 X124.568 Y122.432 E218.97519
G1 X124.915 Y122.541 E218.98245
G1 X125.021 Y122.638 E218.98531
G1 X125.213 Y123.083 E218.99499
G1 X125.368 Y123.083 E218.99808
G1 X125.563 Y122.638 E219.00777
G1 X125.669 Y122.541 E219.01064
G1 X125.931 Y122.432 E219.0163
G1 X126.736 Y122.432 E219.03237
G1 X127 Y122.493 E219.03778
G1 X127.201 Y122.659 E219.04298
G1 X127.653 Y122.432 E219.05307
G1 X128.256 Y122.388 E219.06514
G1 X128.666 Y122.41 E219.07333
G1 X129.278 Y122.635 E219.08634
G1 X129.547 Y122.843 E219.09313
G1 X129.632 Y122.676 E219.09687
G1 X129.782 Y122.533 E219.101
G1 X130.032 Y122.432 E219.10639
G1 X131.856 Y122.432 E219.14279
G1 X132.097 Y122.481 E219.14769
G1 X132.251 Y122.58 E219.15135
G1 X132.332 Y122.759 E219.15527
G1 X132.413 Y122.58 E219.15919
G1 X132.731 Y122.432 E219.16619
G1 X133.61 Y122.432 E219.18373
G1 X133.911 Y122.627 E219.19089
G1 F1348.3 X134.113 Y123.032 E219.20093
G1 F1224.5 X134.113 Y124.779 E219.24364
G1 X134.344 Y124.78 E219.24929
G1 X134.603 Y125.056 E219.25854
G1 X134.603 Y123.032 E219.30802
G1 F1348.3 X134.648 Y122.32 E219.32386
G1 F1500 X134.621 Y122.06 E219.32908
G1 X134.494 Y121.772 E219.33536
G1 X134.281 Y121.54 E219.34164
G1 X134.025 Y121.401 E219.34746
G1 X133.827 Y121.353 E219.35152
G1 X122.168 Y121.352 E219.58419
G1 X121.963 Y121.401 E219.5884
G1 X121.711 Y121.536 E219.5941
G1 X121.495 Y121.774 E219.60051
G1 X121.384 Y122.031 E219.6061
G1 X121.348 Y122.246 E219.61045
G1 F1415.1 X121.372 Y123.032 E219.62709
G1 F2700 E214.62709
G0 F9000 X121.642 Y122.159
G0 X121.559 Y122.596
G0 X121.559 Y126.396
G0 X134.331 Y126.874
G0 X134.242 Y129.936
G1 F2700 E219.62709
G1 F1456.3 X134.242 Y132.86 E219.68719
G1 F1432 X134.235 Y133.035 E219.69085
G0 F9000 X134.075 Y133.698
G0 X126.699 Y134.338
G0 X126.699 Y134.648
G1 F1500 X133.782 Y134.648 E219.8322
G1 X134.17 Y134.517 E219.84037
G1 X134.315 Y134.413 E219.84393
G1 X134.544 Y134.131 E219.85118
G1 X134.615 Y133.912 E219.85578
G1 X134.648 Y133.65 E219.86105
G1 X134.648 Y126.268 E220.00836
G1 X134.304 Y126.556 E220.01731
G1 X131.916 Y126.554 E220.06497
G1 X131.66 Y126.467 E220.07037
G1 F1485.1 X131.374 Y126.008 E220.08127
G1 X131.088 Y126.467 E220.09217
G1 F1500 X130.843 Y126.556 E220.09737
G1 X129.953 Y126.556 E220.11513
G1 X129.794 Y126.356 E220.12023
G1 X129.635 Y126.556 E220.12533
G1 X128.709 Y126.556 E220.14381
G1 X128.526 Y126.477 E220.14778
G1 X128.271 Y126.076 E220.15727
G1 X128.011 Y126.473 E220.16674
G1 X127.768 Y126.547 E220.17181
G1 X126.983 Y126.551 E220.18747
G1 X126.747 Y126.464 E220.19249
G1 X126.502 Y126.158 E220.20031
G1 X126.468 Y125.956 E220.2044
G1 X126.468 Y125.575 E220.21201
G1 X126.262 Y126.158 E220.22434
G1 X126.017 Y126.464 E220.23217
G1 X125.735 Y126.555 E220.23808
G1 X124.857 Y126.554 E220.2556
G1 X124.614 Y126.478 E220.26068
G1 X124.347 Y126.161 E220.26895
G1 X124.281 Y125.976 E220.27287
G1 X124.249 Y126.161 E220.27662
G1 X123.982 Y126.478 E220.28489
G1 X123.766 Y126.556 E220.28947
G1 X121.996 Y126.556 E220.3248
G1 X121.636 Y126.436 E220.33237
G1 F1398.6 X121.376 Y126.064 E220.34208
G1 X121.348 Y126.58 E220.35314
G1 F1500 X121.348 Y130.22 E220.42578
G1 F1421.8 X121.371 Y130.571 E220.43319
G1 F1279.3 X121.395 Y130.778 E220.43807
G1 F1250 X121.381 Y131.265 E220.44973
G1 F1276.6 X121.385 Y131.783 E220.46188
G1 F1369.9 X121.348 Y132.213 E220.47131
G1 F1500 X121.349 Y133.795 E220.50288
G1 X121.419 Y134.065 E220.50845
G1 X121.549 Y134.275 E220.51338
G1 X121.822 Y134.517 E220.52066
G1 X122.209 Y134.648 E220.52881
G1 X126.699 Y134.648 E220.61841
G0 F9000 X126.621 Y135.048
;TYPE:WALL-OUTER
G1 F1500 X133.831 Y135.048 E220.7623
G1 X134.13 Y134.974 E220.76844
G1 X134.371 Y134.865 E220.77372
G1 X134.582 Y134.713 E220.77891
G1 X134.881 Y134.387 E220.78774
G1 X135.007 Y134 E220.79586
G1 X135.048 Y133.675 E220.8024
G1 X135.048 Y126.9 E220.9376
G1 F1369.9 X135.011 Y126.038 E220.95645
G1 F1265.8 X135.012 Y125.424 E220.97097
G1 F1376.1 X135.048 Y124.536 E220.99031
G1 F1500 X135.048 Y122.299 E221.03495
G1 X135.012 Y121.956 E221.04183
G1 X134.834 Y121.551 E221.05066
G1 X134.531 Y121.22 E221.05961
G1 X134.171 Y121.025 E221.06778
G1 X133.875 Y120.953 E221.07386
G1 X122.12 Y120.952 E221.30845
G1 X121.82 Y121.025 E221.31461
G1 X121.461 Y121.216 E221.32272
G1 X121.155 Y121.554 E221.33182
G1 X120.998 Y121.917 E221.33971
G1 X120.948 Y122.213 E221.3457
G1 X120.949 Y133.846 E221.57785
G1 X121.047 Y134.224 E221.58565
G1 X121.229 Y134.518 E221.59255
G1 X121.41 Y134.713 E221.59786
G1 X121.621 Y134.865 E221.60305
G1 X121.862 Y134.974 E221.60832
G1 X122.161 Y135.048 E221.61447
G1 X126.621 Y135.048 E221.70348
G0 F9000 X126.621 Y134.338
G0 X127.064 Y133.757
G0 X127.012 Y133.05
G1 F1500 X126.871 Y133.06 E221.7063
G1 X125.824 Y133.06 E221.72719
G1 X125.715 Y133.028 E221.72946
G1 X125.624 Y132.931 E221.73211
G1 X125.624 Y132.107 E221.74856
G1 F1330.4 X125.573 Y131.703 E221.75772
G1 X125.417 Y132.126 E221.76786
G1 F1500 X125.282 Y132.4 E221.77396
G1 X125.092 Y132.636 E221.78
G1 X124.841 Y132.848 E221.78656
G1 X124.579 Y132.988 E221.79249
G1 X124.212 Y133.1 E221.80015
G1 X123.75 Y133.098 E221.80937
G1 X123.446 Y133.046 E221.81552
G1 X122.929 Y132.808 E221.82688
G1 X122.578 Y132.45 E221.83688
G1 X122.393 Y132.088 E221.845
G1 X122.286 Y131.667 E221.85367
G1 X122.281 Y131.229 E221.86241
G1 X122.34 Y130.825 E221.87055
G1 X122.477 Y130.464 E221.87826
G1 X122.751 Y130.128 E221.88691
G1 X123.12 Y129.858 E221.89604
G1 X123.441 Y129.728 E221.90295
G1 X123.875 Y129.676 E221.91167
G1 X124.257 Y129.714 E221.91933
G1 X124.799 Y129.9 E221.93077
G1 X125.127 Y130.215 E221.93984
G1 X125.299 Y130.446 E221.94559
G1 X125.439 Y130.745 E221.95218
G1 F1342.3 X125.577 Y131.166 E221.96206
G1 X125.624 Y130.77 E221.97095
G1 F1500 X125.624 Y129.936 E221.98759
G1 X125.691 Y129.785 E221.99089
G1 X125.789 Y129.738 E221.99306
G1 X126.492 Y129.736 E222.00709
G1 X126.623 Y129.795 E222.00996
G1 X126.68 Y129.936 E222.01299
G1 X126.68 Y130.74 E222.02904
G1 X127.025 Y130.74 E222.03592
G1 X127.498 Y130.884 E222.04579
G1 F1488.8 X127.78 Y131.06 E222.05247
G1 F1463.4 X128.074 Y131.432 E222.06217
G1 F1376.1 X128.159 Y131.649 E222.06724
G1 X128.182 Y131.348 E222.07381
G1 F1477.8 X128.188 Y129.936 E222.10241
G1 F1500 X128.245 Y129.795 E222.10544
G1 X128.349 Y129.739 E222.1078
G1 X130.186 Y129.741 E222.14446
G1 F1382.5 X130.374 Y129.936 E222.15032
G1 X130.562 Y129.741 E222.15619
G1 F1500 X131.269 Y129.739 E222.1703
G1 X131.396 Y129.826 E222.17337
G1 X131.428 Y129.936 E222.17566
G1 X131.428 Y131.319 E222.20326
G1 X132.408 Y129.826 E222.2389
G1 X132.541 Y129.738 E222.24208
G1 X133.239 Y129.736 E222.25601
G1 X133.358 Y129.777 E222.25852
G1 X133.436 Y129.936 E222.26205
G1 X133.434 Y132.895 E222.3211
G1 X133.387 Y132.992 E222.32325
G1 X133.271 Y133.058 E222.32592
G1 X132.542 Y133.06 E222.34047
G1 X132.448 Y132.969 E222.34308
G1 X132.416 Y132.859 E222.34536
G1 X132.418 Y131.529 E222.3719
G1 X131.484 Y132.969 E222.40616
G1 X131.351 Y133.058 E222.40935
G1 X130.539 Y133.055 E222.42555
G1 F1273.9 X130.338 Y132.883 E222.43177
G1 X130.133 Y133.058 E222.4381
G1 F1500 X128.313 Y133.06 E222.47442
G1 F1496.3 X128.188 Y132.906 E222.47839
G1 F1485.1 X128.186 Y132.497 E222.48664
G1 F1408.5 X128.165 Y132.15 E222.49402
G1 F1405.2 X128.082 Y132.413 E222.4999
G1 F1485.1 X127.843 Y132.743 E222.50811
G1 F1500 X127.601 Y132.911 E222.51399
G1 X127.283 Y133.03 E222.52077
G1 X127.012 Y133.05 E222.52619
G0 F9000 X127.064 Y133.757
G0 X127.979 Y132.92
G0 X128.165 Y132.15
G1 F1327.4 X128.159 Y131.649 E222.53749
G0 F9000 X129.366 Y131.994
G1 F916 X130.056 Y131.992 E222.56004
G1 F845.1 X130.227 Y131.974 E222.56613
G0 F9000 X130.338 Y132.883
G1 F1109.1 X130.338 Y132.32 E222.58132
G1 F921.7 X130.227 Y131.974 E222.59312
G1 F873.4 X130.302 Y131.72 E222.6022
G1 F983.6 X130.304 Y131.136 E222.61997
G1 F879.8 X130.23 Y130.835 E222.63052
G1 F978.8 X130.373 Y130.508 E222.64144
G1 F1279.3 X130.374 Y129.936 E222.65482
G0 F9000 X130.23 Y130.835
G1 F842.7 X130 Y130.802 E222.66307
G1 F898.2 X129.374 Y130.802 E222.68394
G1 F2700 E217.68394
G0 F9000 X125.577 Y131.166
G1 F2700 E222.68394
G1 F1204.8 X125.573 Y131.703 E222.69728
G1 F2700 E217.69728
G0 F9000 X125.415 Y130.249
G0 X121.996 Y126.156
G1 F2700 E222.69728
G1 F1500 X121.876 Y126.116 E222.6998
G1 X121.798 Y125.991 E222.70274
G1 X121.796 Y123.032 E222.76179
G1 X121.917 Y122.833 E222.76644
G1 X122.652 Y122.832 E222.78111
G1 X122.802 Y122.899 E222.78439
G1 X122.852 Y123.032 E222.78722
G1 X122.852 Y123.968 E222.8059
G1 X123.596 Y123.968 E222.82075
G1 F1167.3 X123.891 Y124.061 E222.82868
G1 X123.848 Y123.609 E222.84032
G1 F1500 X123.647 Y123.046 E222.85225
G1 X123.702 Y122.899 E222.85539
G1 X123.817 Y122.834 E222.85802
G1 X124.568 Y122.832 E222.87301
G1 X124.684 Y122.868 E222.87543
G1 X124.76 Y122.973 E222.87802
G1 X124.917 Y123.483 E222.88867
G1 X125.658 Y123.483 E222.90346
G1 X125.825 Y122.97 E222.91422
G1 X125.9 Y122.868 E222.91675
G1 X125.981 Y122.834 E222.9185
G1 X126.802 Y122.832 E222.93489
G1 X126.908 Y122.928 E222.93774
G1 F1345.3 X126.977 Y123.086 E222.94158
G1 F1071.4 X126.968 Y123.318 E222.94806
G1 F1167.3 X127.441 Y122.985 E222.9629
G1 F1500 X127.762 Y122.823 E222.97007
G1 X128.268 Y122.788 E222.98019
G1 X128.582 Y122.806 E222.98647
G1 X129.093 Y122.99 E222.99731
G1 X129.297 Y123.154 E223.00253
G1 X129.534 Y123.465 E223.01034
G1 F1147.2 X129.793 Y124.036 E223.0267
G1 X129.916 Y123.51 E223.04079
G1 F1500 X129.916 Y123.017 E223.05063
G1 X129.954 Y122.913 E223.05284
G1 X130.081 Y122.834 E223.05582
G1 X131.856 Y122.832 E223.09125
G1 X131.988 Y122.881 E223.09406
G1 F1369.9 X132.094 Y123.032 E223.09809
G1 F1255.2 X132.093 Y123.609 E223.11185
G1 F1363.6 X131.861 Y123.768 E223.11802
G1 F1500 X130.972 Y123.768 E223.13576
G1 X130.972 Y125.974 E223.17978
G1 X130.861 Y126.154 E223.18401
G1 X130.065 Y126.154 E223.19989
G1 F1147.2 X129.794 Y125.984 E223.20824
G1 X129.523 Y126.154 E223.21658
G1 F1500 X128.784 Y126.156 E223.23133
G1 F1257.9 X128.548 Y125.978 E223.23837
G1 F1092.9 X128.544 Y124.125 E223.28912
G1 F1102.9 X128.501 Y123.946 E223.29412
G1 X128.395 Y123.847 E223.29805
G1 X128.139 Y123.857 E223.30501
G1 F1098.9 X127.994 Y124.066 E223.31194
G1 F1087 X127.996 Y125.974 E223.36448
G1 F1257.9 X127.748 Y126.147 E223.37168
G1 F1500 X127.039 Y126.155 E223.38583
G1 X126.961 Y126.126 E223.38749
G1 F1330.4 X126.871 Y126.014 E223.39072
G1 F1115.2 X126.762 Y123.943 E223.44638
G1 F1016.9 X126.708 Y124.014 E223.44901
G1 F1083 X126.336 Y124.907 E223.47575
G1 F1330.4 X125.964 Y125.801 E223.49753
G1 F1500 X125.885 Y126.024 E223.50226
G1 X125.803 Y126.126 E223.50487
G1 X125.709 Y126.156 E223.50684
G1 X124.834 Y126.156 E223.5243
G1 X124.723 Y126.025 E223.52772
G1 X124.65 Y125.822 E223.53203
G1 F1298.7 X124.261 Y124.929 E223.55448
G1 F1145 X124.16 Y124.652 E223.56219
G1 F1039.9 X123.908 Y124.112 E223.57934
G1 X123.858 Y124.704 E223.59645
G1 F1242.2 X123.799 Y124.883 E223.60099
G1 F1496.3 X122.832 Y124.884 E223.62033
G1 F1666.7 X122.832 Y125.244 E223.6268
G1 F1496.3 X123.86 Y125.242 E223.64736
G1 F1287.6 X123.926 Y125.38 E223.65092
G1 F1348.3 X123.873 Y126.025 E223.66529
G1 F1500 X123.765 Y126.153 E223.66863
G1 X121.996 Y126.156 E223.70393
G1 F2700 E218.70393
G0 F9000 X121.996 Y126.868
G0 X121.559 Y126.396
G0 X121.559 Y122.596
G0 X123.091 Y122.596
G0 X123.599 Y123.703
G1 F2700 E223.70393
G0 F9000 X123.908 Y124.112
G0 E218.70393
G1 F2700 E223.70393
G1 F953.9 X123.891 Y124.061 E223.70562
G1 F2700 E218.70562
G0 F9000 X123.599 Y123.703
G0 X123.091 Y122.596
G0 X121.559 Y122.596
G0 X121.559 Y126.396
G0 X126.01 Y126.399
G0 X126.643 Y124.57
G1 F2700 E223.70562
G0 F9000 X126.751 Y123.957
G0 E218.70562
G1 F2700 E223.70562
G1 F950.9 X126.82 Y123.713 E223.7136
G1 F966.2 X126.968 Y123.318 E223.72667
G1 F2700 E218.72667
G0 F9000 X127.278 Y122.811
G0 X127.692 Y122.581
G0 X128.632 Y122.561
G0 X132.295 Y122.596
G0 X132.295 Y124.006
G0 X131.211 Y124.006
G0 X131.211 Y126.396
G0 X128.386 Y126.396
G0 X128.292 Y124.011
G0 X129.793 Y124.036
G1 F2700 E223.72667
G1 F928.8 X129.794 Y125.984 E223.78945
G0 F9000 X129.794 Y126.868
G0 X131.956 Y126.868
G0 X131.956 Y126.156
G1 F1500 X131.87 Y126.127 E223.79127
G1 X131.776 Y125.974 E223.79485
G1 X131.776 Y125.424 E223.80582
G1 X131.921 Y125.231 E223.81064
G1 X132.608 Y125.224 E223.82435
G1 X132.608 Y124.499 E223.83882
G1 F1363.6 X132.569 Y123.65 E223.85748
G1 F1255.2 X132.57 Y123.032 E223.87222
G1 F1369.9 X132.676 Y122.881 E223.87625
G1 F1500 X132.773 Y122.834 E223.8784
G1 X133.519 Y122.838 E223.89329
G1 X133.616 Y122.897 E223.89555
G1 X133.668 Y123.032 E223.89844
G1 X133.668 Y125.224 E223.94218
G1 X134.317 Y125.224 E223.95513
G1 F1376.1 X134.54 Y125.424 E223.96165
G1 F1265.8 X134.539 Y125.997 E223.9752
G1 F1369.9 X134.304 Y126.156 E223.9814
G1 F1500 X131.956 Y126.156 E224.02826
G0 F9000 X131.956 Y126.868
G0 X126.382 Y126.875
G0 X124.298 Y126.951
G0 X121.666 Y126.874
G0 X121.794 Y129.895
G0 X123.886 Y129.066
G0 X125.134 Y128.998
G0 X127.304 Y129.118
G0 X127.434 Y129.736
G0 X127.564 Y129.118
G0 X127.949 Y128.909
G0 X127.871 Y128.658
;TYPE:SKIN
G1 F1500 X127.842 Y128.664 E224.02885
G1 X127.431 Y128.967 E224.03904
G1 X127.012 Y128.659 E224.04941
G1 X126.544 Y128.575 E224.0589
G1 X125.636 Y128.579 E224.07702
G1 X125.321 Y128.67 E224.08357
G1 X125.116 Y128.782 E224.08823
G1 X124.513 Y128.574 E224.10096
G1 X123.832 Y128.508 E224.11461
G1 X123.156 Y128.588 E224.1282
G1 X122.688 Y128.778 E224.13828
G1 X122.397 Y128.941 E224.14493
G1 X122.108 Y129.155 E224.15211
G1 X122.109 Y127.317 E224.18879
G1 X123.695 Y127.316 E224.22044
G1 X124.097 Y127.251 E224.22856
G1 X124.296 Y127.164 E224.2329
G1 X124.495 Y127.251 E224.23723
G1 X124.778 Y127.316 E224.24303
G1 X125.803 Y127.31 E224.26348
G1 X126.148 Y127.237 E224.27052
G1 X126.38 Y127.126 E224.27565
G1 X126.612 Y127.237 E224.28079
G1 X126.956 Y127.309 E224.2878
G1 X127.853 Y127.301 E224.3057
G1 X128.251 Y127.181 E224.314
G1 X128.477 Y127.277 E224.3189
G1 X128.802 Y127.315 E224.32543
G1 X129.631 Y127.314 E224.34197
G1 X129.792 Y127.274 E224.34528
G1 X129.94 Y127.311 E224.34832
G1 X130.798 Y127.314 E224.36545
G1 X131.175 Y127.256 E224.37306
G1 X131.373 Y127.165 E224.37741
G1 X131.573 Y127.256 E224.38179
G1 X131.841 Y127.308 E224.38724
G1 X133.888 Y127.316 E224.42809
G1 X133.888 Y128.784 E224.45739
G1 X133.275 Y128.576 E224.4703
G1 X132.401 Y128.578 E224.48775
G1 X131.986 Y128.69 E224.49632
G1 X131.88 Y128.768 E224.49895
G1 X131.673 Y128.65 E224.50371
G1 X131.327 Y128.576 E224.51077
G1 X128.296 Y128.576 E224.57125
G1 X127.871 Y128.658 E224.57989
G0 F9000 X127.95 Y128.907
G0 X127.564 Y129.118
G0 X127.434 Y129.376
G0 X127.304 Y129.118
G0 X122.683 Y129.08
G0 X122.457 Y128.679
G1 F1500 X122.309 Y128.532 E224.58405
G0 F9000 X122.842 Y128.499
G1 F1500 X122.309 Y127.966 E224.5991
G0 F9000 X122.426 Y127.518
G1 F1500 X123.281 Y128.372 E224.62321
G0 F9000 X123.786 Y128.312
G1 F1500 X122.991 Y127.517 E224.64565
G0 F9000 X123.556 Y127.515
G1 F1500 X124.398 Y128.358 E224.66943
G0 F9000 X125.144 Y128.539
G1 F1500 X124.063 Y127.457 E224.69995
G0 F9000 X124.668 Y127.496
G1 F1500 X125.564 Y128.392 E224.72524
G0 F9000 X126.115 Y128.378
G1 F1500 X125.248 Y127.511 E224.7497
G0 F9000 X125.811 Y127.508
G1 F1500 X126.705 Y128.402 E224.77493
G0 F9000 X127.521 Y128.652
G1 F1500 X126.269 Y127.401 E224.81025
G0 F9000 X126.945 Y127.511
G1 F1500 X127.885 Y128.451 E224.83678
G0 F9000 X128.376 Y128.376
G1 F1500 X127.508 Y127.508 E224.86128
G0 F9000 X128.025 Y127.459
G1 F1500 X128.942 Y128.376 E224.88716
G0 F9000 X129.507 Y128.376
G1 F1500 X128.63 Y127.498 E224.91192
G0 F9000 X129.21 Y127.513
G1 F1500 X130.073 Y128.376 E224.93628
G0 F9000 X130.639 Y128.376
G1 F1500 X129.753 Y127.49 E224.96129
G0 F9000 X130.343 Y127.515
G1 F1500 X131.204 Y128.376 E224.98558
G0 F9000 X131.901 Y128.507
G1 F1500 X130.895 Y127.501 E225.01398
G0 F9000 X131.354 Y127.394
G1 F1500 X132.346 Y128.387 E225.04199
G0 F9000 X132.904 Y128.378
G1 F1500 X132.035 Y127.51 E225.0665
G0 F9000 X132.602 Y127.511
G1 F1500 X133.548 Y128.457 E225.0932
G0 F9000 X133.688 Y128.031
G1 F1500 X133.17 Y127.513 E225.10781
G0 F9000 X133.171 Y127.054
G0 X131.374 Y126.951
G0 X126.382 Y126.875
G0 X124.298 Y126.951
G0 X121.92 Y127.128
G0 X121.629 Y131.203
G0 X121.641 Y131.748
G0 X121.748 Y132.186
G0 X122.406 Y133.562
G0 X122.289 Y133.81
G1 F1209.7 X122.258 Y133.864 E225.10936
G1 X122.196 Y133.864 E225.11089
G1 X122.165 Y133.81 E225.11243
G1 X122.196 Y133.756 E225.11397
G1 X122.258 Y133.756 E225.11551
G1 X122.289 Y133.81 E225.11705
;TIME_ELAPSED:668.286759
G1 F2700 E220.11705
M140 S0
M107
G91 ;Relative positioning
G1 E-2 F2700 ;Retract a bit
G1 E-2 Z0.2 F2400 ;Retract and raise Z
G1 X5 Y5 F3000 ;Wipe out
G1 Z10 ;Raise Z more
G90 ;Absolute positioning

G1 X0 Y220.0 ;Present print
M106 S0 ;Turn-off fan
M104 S0 ;Turn-off hotend
M140 S0 ;Turn-off bed

M84 X Y E ;Disable all steppers but Z

M82 ;absolute extrusion mode
M104 S0
;End of Gcode
;SETTING_3 {"global_quality": "[general]\\nversion = 4\\nname = Super Quality #2
;SETTING_3 \\ndefinition = creality_ender3\\n\\n[metadata]\\ntype = quality_chan
;SETTING_3 ges\\nquality_type = super\\nsetting_version = 27\\n\\n[values]\\nadh
;SETTING_3 esion_type = brim\\nlayer_height_0 = 0.2\\nmaterial_bed_temperature =
;SETTING_3  60\\nmaterial_bed_temperature_layer_0 = 60\\nsupport_enable = True\\
;SETTING_3 n\\n", "extruder_quality": ["[general]\\nversion = 4\\nname = Super Q
;SETTING_3 uality #2\\ndefinition = creality_ender3\\n\\n[metadata]\\ntype = qua
;SETTING_3 lity_changes\\nquality_type = super\\nsetting_version = 27\\nposition
;SETTING_3  = 0\\n\\n[values]\\nbrim_line_count = 6\\ninfill_sparse_density = 30
;SETTING_3 \\n\\n"]}
