;FLAVOR:Marlin
;TIME:853
;Filament used: 0.219984m
;Layer height: 0.12
;MINX:100.65
;MINY:100.651
;MINZ:0.2
;MAXX:119.35
;MAXY:119.349
;MAXZ:2.96
;TARGET_MACHINE.NAME:Creality Ender-3
;Generated with Cura_SteamEngine 5.13.0
M140 S60
M105
M190 S60
M104 S200
M105
M109 S200
; Ender 3 Custom Start G-code
G92 E0 ; Reset Extruder
G28 ; Home all axes
G1 Z2.0 F3000 ; Move Z Axis up little to prevent scratching of Heat Bed
G1 X0.1 Y20 Z0.3 F5000.0 ; Move to start position
G1 X0.1 Y200.0 Z0.3 F1500.0 E15 ; Draw the first line
G1 X0.4 Y200.0 Z0.3 F5000.0 ; Move to side a little
G1 X0.4 Y20 Z0.3 F1500.0 E30 ; Draw the second line
G92 E0 ; Reset Extruder
G1 Z2.0 F3000 ; Move Z Axis up little to prevent scratching of Heat Bed
G1 X5 Y20 Z0.3 F5000.0 ; Move over to prevent blob squish
M82 ;absolute extrusion mode
G92 E0
G92 E0
G1 F2700 E-5
;LAYER_COUNT:24
;LAYER:0
M107
G0 F6000 X101.602 Y101.854 Z0.2
;TYPE:SKIRT
G1 F2700 E0
G1 F1200 X102.151 Y101.362 E0.02452
G1 X102.832 Y100.963 E0.05077
G1 X103.614 Y100.713 E0.07808
G1 X104.329 Y100.651 E0.10195
G1 X115.864 Y100.66 E0.4856
G1 X116.621 Y100.741 E0.51092
G1 X117.713 Y101.228 E0.55069
G1 X118.447 Y101.911 E0.58404
G1 X118.909 Y102.606 E0.6118
G1 X119.17 Y103.173 E0.63256
G1 X119.346 Y103.993 E0.66045
G1 X119.35 Y109.442 E0.84169
G1 X119.205 Y110.043 E0.86225
G1 X119.266 Y110.208 E0.8681
G1 X119.345 Y110.685 E0.88418
G1 X119.346 Y116.008 E1.06123
G1 X119.172 Y116.814 E1.08865
G1 X118.868 Y117.495 E1.11346
G1 X118.398 Y118.146 E1.14016
G1 X117.849 Y118.638 E1.16468
G1 X117.168 Y119.037 E1.19093
G1 X116.386 Y119.287 E1.21824
G1 X115.671 Y119.349 E1.24211
G1 X103.979 Y119.346 E1.63099
G1 X103.179 Y119.17 E1.65823
G1 X102.286 Y118.771 E1.69076
G1 X101.554 Y118.089 E1.72404
G1 X101.091 Y117.394 E1.75181
G1 X100.83 Y116.827 E1.77257
G1 X100.654 Y116.007 E1.80047
G1 X100.65 Y110.558 E1.9817
G1 X100.795 Y109.957 E2.00227
G1 X100.734 Y109.792 E2.00812
G1 X100.655 Y109.315 E2.0242
G1 X100.654 Y103.992 E2.20124
G1 X100.828 Y103.186 E2.22867
G1 X101.132 Y102.505 E2.25347
G1 X101.602 Y101.854 E2.28018
G0 F6000 X101.902 Y102.122
G1 F1200 X102.389 Y101.686 E2.30192
G1 X102.995 Y101.331 E2.32528
G1 X103.695 Y101.107 E2.34972
G1 X104.329 Y101.051 E2.37089
G1 X115.822 Y101.058 E2.75315
G1 X116.517 Y101.132 E2.7764
G1 X117.487 Y101.565 E2.81173
G1 X118.14 Y102.173 E2.8414
G1 X118.576 Y102.828 E2.86757
G1 X118.788 Y103.301 E2.88481
G1 X118.946 Y104.035 E2.90979
G1 X118.95 Y109.394 E3.08803
G1 X118.846 Y109.824 E3.10274
G1 X118.759 Y110.017 E3.10978
G1 X118.871 Y110.273 E3.11908
G1 X118.95 Y110.75 E3.13516
G1 X118.946 Y115.965 E3.30861
G1 X118.789 Y116.691 E3.33331
G1 X118.521 Y117.291 E3.35517
G1 X118.098 Y117.878 E3.37923
G1 X117.611 Y118.314 E3.40098
G1 X117.005 Y118.669 E3.42433
G1 X116.305 Y118.893 E3.44878
G1 X115.671 Y118.949 E3.46995
G1 X104.024 Y118.946 E3.85733
G1 X103.302 Y118.787 E3.88192
G1 X102.512 Y118.434 E3.9107
G1 X101.86 Y117.827 E3.94033
G1 X101.424 Y117.172 E3.9665
G1 X101.212 Y116.699 E3.98374
G1 X101.054 Y115.965 E4.00871
G1 X101.05 Y110.606 E4.18695
G1 X101.154 Y110.176 E4.20166
G1 X101.241 Y109.983 E4.20871
G1 X101.129 Y109.727 E4.218
G1 X101.05 Y109.25 E4.23408
G1 X101.054 Y104.035 E4.40753
G1 X101.211 Y103.309 E4.43224
G1 X101.479 Y102.709 E4.45409
G1 X101.902 Y102.122 E4.47816
G0 F6000 X102.2 Y102.393
G1 F1200 X102.627 Y102.01 E4.49724
G1 X103.158 Y101.699 E4.5177
G1 X103.776 Y101.501 E4.53929
G1 X104.329 Y101.451 E4.55776
G1 X115.78 Y101.456 E4.93862
G1 X116.413 Y101.523 E4.95979
G1 X117.263 Y101.903 E4.99076
G1 X117.834 Y102.434 E5.01669
G1 X118.211 Y102.992 E5.03909
G1 X118.406 Y103.427 E5.05494
G1 X118.546 Y104.077 E5.07706
G1 X118.55 Y109.346 E5.25231
G1 X118.457 Y109.73 E5.26545
G1 X118.309 Y110.015 E5.27613
G1 X118.477 Y110.344 E5.28842
G1 X118.55 Y110.75 E5.30214
G1 X118.546 Y115.921 E5.47412
G1 X118.406 Y116.568 E5.49614
G1 X118.173 Y117.091 E5.51518
G1 X117.8 Y117.607 E5.53636
G1 X117.373 Y117.99 E5.55544
G1 X116.842 Y118.301 E5.57591
G1 X116.224 Y118.499 E5.59749
G1 X115.671 Y118.549 E5.61596
G1 X104.069 Y118.546 E6.00184
G1 X103.425 Y118.404 E6.02378
G1 X102.736 Y118.096 E6.04888
G1 X102.166 Y117.566 E6.07477
G1 X101.789 Y117.008 E6.09716
G1 X101.594 Y116.573 E6.11302
G1 X101.454 Y115.923 E6.13513
G1 X101.45 Y110.654 E6.31038
G1 X101.543 Y110.27 E6.32352
G1 X101.691 Y109.985 E6.3342
G1 X101.523 Y109.656 E6.34649
G1 X101.45 Y109.25 E6.36021
G1 X101.454 Y104.079 E6.5322
G1 X101.594 Y103.432 E6.55422
G1 X101.827 Y102.909 E6.57326
G1 X102.2 Y102.393 E6.59444
G0 F6000 X102.5 Y102.662
G1 F1200 X102.865 Y102.334 E6.61076
G1 X103.321 Y102.067 E6.62833
G1 X103.858 Y101.895 E6.64709
G1 X104.329 Y101.851 E6.66282
G1 X115.738 Y101.854 E7.04229
G1 X116.308 Y101.914 E7.06135
G1 X117.04 Y102.242 E7.08803
G1 X117.529 Y102.696 E7.11022
G1 X117.846 Y103.156 E7.1288
G1 X118.024 Y103.553 E7.14327
G1 X118.146 Y104.119 E7.16253
G1 X118.15 Y109.298 E7.33478
G1 X118.08 Y109.588 E7.34471
G1 X117.943 Y109.851 E7.35457
G1 X117.792 Y109.998 E7.36158
G1 X117.89 Y110.095 E7.36617
G1 X118.085 Y110.422 E7.37883
G1 X118.15 Y110.75 E7.38995
G1 X118.146 Y115.879 E7.56054
G1 X118.024 Y116.444 E7.57977
G1 X117.826 Y116.888 E7.59594
G1 X117.5 Y117.338 E7.61442
G1 X117.135 Y117.666 E7.63074
G1 X116.679 Y117.933 E7.64831
G1 X116.142 Y118.105 E7.66707
G1 X115.671 Y118.149 E7.6828
G1 X104.114 Y118.146 E8.06719
G1 X103.548 Y118.021 E8.08647
G1 X102.96 Y117.758 E8.10789
G1 X102.471 Y117.304 E8.13009
G1 X102.154 Y116.844 E8.14867
G1 X101.976 Y116.447 E8.16314
G1 X101.854 Y115.881 E8.1824
G1 X101.85 Y110.702 E8.35465
G1 X101.92 Y110.412 E8.36457
G1 X102.057 Y110.149 E8.37444
G1 X102.208 Y110.002 E8.38144
G1 X102.11 Y109.905 E8.38603
G1 X101.915 Y109.578 E8.39869
G1 X101.85 Y109.25 E8.40982
G1 X101.854 Y104.121 E8.58041
G1 X101.976 Y103.556 E8.59963
G1 X102.174 Y103.112 E8.6158
G1 X102.5 Y102.662 E8.63428
G0 F6000 X103.101 Y103.197
G1 F1200 X103.338 Y102.984 E8.64488
G1 X103.646 Y102.804 E8.65675
G1 X104.022 Y102.683 E8.66988
G1 X104.329 Y102.651 E8.68015
G1 X115.655 Y102.65 E9.05685
G1 X116.097 Y102.696 E9.07163
G1 X116.592 Y102.919 E9.08969
G1 X116.927 Y103.229 E9.10487
G1 X117.132 Y103.518 E9.11666
G1 X117.26 Y103.804 E9.12708
G1 X117.346 Y104.203 E9.14065
G1 X117.35 Y109.25 E9.30852
G1 X117.311 Y109.369 E9.31268
G1 X117.15 Y109.45 E9.31868
G1 X102.85 Y109.45 E9.7943
G1 X102.731 Y109.411 E9.79846
G1 X102.65 Y109.25 E9.80446
G1 X102.654 Y104.205 E9.97226
G1 X102.74 Y103.804 E9.9859
G1 X102.868 Y103.518 E9.99632
G1 X103.101 Y103.197 E10.00951
G1 F2700 E5.00951
G0 F6000 X102.721 Y102.923
G0 X102.473 Y103.266
G0 X102.286 Y103.682
G0 X102.186 Y104.179
G0 X102.197 Y109.903
G0 X102.85 Y110.085
G0 X102.85 Y110.55
G1 F2700 E10.00951
G1 F1200 X117.15 Y110.55 E10.48513
G1 X117.269 Y110.589 E10.48929
G1 X117.35 Y110.75 E10.49529
G1 X117.346 Y115.795 E10.66309
G1 X117.26 Y116.196 E10.67673
G1 X117.132 Y116.482 E10.68715
G1 X116.899 Y116.803 E10.70034
G1 X116.662 Y117.016 E10.71094
G1 X116.354 Y117.196 E10.72281
G1 X115.978 Y117.317 E10.73594
G1 X115.671 Y117.349 E10.74621
G1 X104.204 Y117.346 E11.1276
G1 X103.799 Y117.257 E11.14139
G1 X103.408 Y117.081 E11.15566
G1 X103.073 Y116.771 E11.17084
G1 X102.868 Y116.482 E11.18262
G1 X102.74 Y116.196 E11.19304
G1 X102.654 Y115.797 E11.20662
G1 X102.65 Y110.75 E11.37448
G1 X102.689 Y110.631 E11.37865
G1 X102.85 Y110.55 E11.38464
G0 F6000 X102.67 Y110.193
G1 F1200 X102.85 Y110.15 E11.3908
G1 X117.15 Y110.15 E11.86642
G1 X117.394 Y110.209 E11.87477
G1 X117.546 Y110.3 E11.88066
G1 X117.707 Y110.57 E11.89111
G1 X117.75 Y110.75 E11.89727
G1 X117.746 Y115.837 E12.06646
G1 X117.642 Y116.32 E12.0829
G1 X117.479 Y116.685 E12.09619
G1 X117.198 Y117.072 E12.1121
G1 X116.9 Y117.34 E12.12543
G1 X116.516 Y117.565 E12.14023
G1 X116.061 Y117.711 E12.15613
G1 X115.671 Y117.749 E12.16916
G1 X104.159 Y117.746 E12.55205
G1 X103.673 Y117.639 E12.5686
G1 X103.183 Y117.419 E12.58647
G1 X102.774 Y117.04 E12.60501
G1 X102.519 Y116.68 E12.61968
G1 X102.358 Y116.321 E12.63277
G1 X102.254 Y115.839 E12.64917
G1 X102.25 Y110.75 E12.81843
G1 X102.309 Y110.506 E12.82678
G1 X102.4 Y110.354 E12.83267
G1 X102.67 Y110.193 E12.84313
G0 F6000 X102.85 Y109.85
G1 F1200 X117.15 Y109.85 E13.31875
G1 X117.33 Y109.807 E13.3249
G1 X117.6 Y109.646 E13.33536
G1 X117.691 Y109.494 E13.34125
G1 X117.75 Y109.25 E13.3496
G1 X117.746 Y104.161 E13.51886
G1 X117.642 Y103.679 E13.53526
G1 X117.481 Y103.32 E13.54835
G1 X117.226 Y102.96 E13.56302
G1 X116.817 Y102.581 E13.58157
G1 X116.203 Y102.305 E13.60396
G1 X115.696 Y102.252 E13.62091
G1 X104.329 Y102.251 E13.99898
G1 X103.939 Y102.289 E14.01201
G1 X103.484 Y102.435 E14.02791
G1 X103.1 Y102.66 E14.04271
G1 X102.802 Y102.928 E14.05604
G1 X102.521 Y103.315 E14.07195
G1 X102.358 Y103.68 E14.08524
G1 X102.254 Y104.163 E14.10168
G1 X102.25 Y109.25 E14.27087
G1 X102.293 Y109.43 E14.27703
G1 X102.454 Y109.7 E14.28748
G1 X102.606 Y109.791 E14.29337
G1 X102.85 Y109.85 E14.30172
G1 F2700 E9.30172
;MESH:Lens_Openscad 2.stl
G0 F6000 X102.85 Y109.915
G0 X105.853 Y109.915
G0 X106.023 Y106.772
;TYPE:WALL-INNER
G1 F2700 E14.30172
G1 F1293.8 X106.223 Y106.77 E14.30789
G1 X106.288 Y106.659 E14.31186
G1 F1304.3 X106.307 Y106.279 E14.3235
G1 F1315.1 X106.234 Y106.14 E14.32827
G1 X106.046 Y106.122 E14.334
G1 X105.948 Y106.291 E14.33993
G1 F1311.5 X105.927 Y106.64 E14.35057
G1 F1297.3 X106.023 Y106.772 E14.35559
G0 F6000 X106.053 Y107.185
;TYPE:WALL-OUTER
G1 F1200 X106.315 Y107.16 E14.36434
G1 X106.502 Y107.055 E14.37148
G1 X106.659 Y106.788 E14.38178
G1 X106.706 Y106.455 E14.39297
G1 X106.683 Y106.199 E14.40151
G1 X106.614 Y106 E14.40852
G1 X106.468 Y105.825 E14.4161
G1 X106.262 Y105.736 E14.42356
G1 X105.991 Y105.736 E14.43258
G1 X105.84 Y105.79 E14.43791
G1 X105.67 Y105.955 E14.44579
G1 X105.57 Y106.205 E14.45475
G1 X105.546 Y106.561 E14.46661
G1 X105.585 Y106.795 E14.4745
G1 X105.665 Y106.964 E14.48072
G1 X105.824 Y107.114 E14.48799
G1 X106.053 Y107.185 E14.49597
G1 F2700 E9.49597
G0 F6000 X106.086 Y106.875
G0 X106.444 Y106.709
G0 X108.873 Y106.952
G0 X108.607 Y107.139
G1 F2700 E14.49597
G1 F1113.7 X108.607 Y106.704 E14.51156
G1 F1116.3 X109.108 Y106.706 E14.52947
G1 F1121.5 X109.214 Y106.807 E14.53468
G1 X109.223 Y107.052 E14.54341
G1 X109.089 Y107.134 E14.549
G1 F1116.3 X108.607 Y107.139 E14.56623
G1 F2700 E9.56623
G0 F6000 X108.873 Y109.915
G0 X107.603 Y110.085
G0 X107.603 Y113.667
G1 F2700 E14.56623
G1 F875.9 X107.569 Y113.726 E14.56933
G1 X107.501 Y113.726 E14.57243
G1 X107.467 Y113.667 E14.57553
G1 X107.501 Y113.608 E14.57864
G1 X107.569 Y113.608 E14.58174
G1 X107.603 Y113.667 E14.58484
G1 F2700 E9.58484
G0 F6000 X106.002 Y112.86
G0 X105.561 Y112.551
;TYPE:WALL-INNER
G1 F2700 E14.58484
G1 F788.2 X105.536 Y112.288 E14.59822
G1 F2700 E9.59822
G0 F6000 X105.282 Y111.85
G0 X103.845 Y111.85
G0 X103.564 Y112.288
G1 F2700 E14.59822
G1 F752.4 X103.569 Y115.084 E14.74654
G0 F6000 X103.757 Y115.835
G0 X104.21 Y116.038
G1 F836.2 X104.36 Y116.054 E14.75374
G1 F810.8 X106.393 Y116.054 E14.85382
G1 F745.3 X106.73 Y116.003 E14.87207
G1 F750 X107.204 Y116.054 E14.89744
G1 F816.3 X107.868 Y116.054 E14.92991
G1 F805.4 X108.058 Y116.046 E14.93933
G0 F6000 X108.488 Y116.157
G1 F989.7 X109.108 Y116.054 E14.96468
G1 X108.588 Y115.804 E14.98794
G1 F1256.5 X108.488 Y115.725 E14.99199
G1 F973.6 X108.058 Y116.046 E15.01399
G1 X108.488 Y116.157 E15.03219
G0 F6000 X109.108 Y116.054
G1 F805.4 X109.858 Y116.046 E15.06936
G0 F6000 X110 Y116.084
G1 F1151.1 X110.276 Y116.159 E15.07928
G1 F991.7 X110.884 Y116.054 E15.10411
G1 X110.373 Y115.808 E15.12694
G1 F1103.4 X110.284 Y115.731 E15.13119
G1 F875.9 X109.858 Y116.046 E15.15533
G1 F905.7 X110 Y116.084 E15.16181
G0 F6000 X110.884 Y116.054
G1 F805.4 X112.626 Y116.046 E15.24814
G0 F6000 X113.068 Y116.155
G1 F985.6 X113.7 Y116.054 E15.27406
G1 X113.17 Y115.8 E15.29786
G1 F1090.9 X113.079 Y115.718 E15.30234
G1 F872.7 X112.626 Y116.046 E15.32792
G1 F969.7 X113.068 Y116.155 E15.34666
G0 F6000 X113.7 Y116.054
G1 F814.9 X115.595 Y116.054 E15.43946
G1 F824.7 X115.731 Y116.047 E15.44605
G0 F6000 X110 Y116.24
G0 X110 Y116.548
G1 F1200 X115.778 Y116.548 E15.63823
G1 X116.17 Y116.378 E15.65244
G1 X116.425 Y116.097 E15.66506
G1 X116.548 Y115.692 E15.67914
G1 F1250 X116.564 Y115.06 E15.69933
G1 X116.26 Y115.496 E15.7163
G1 F1200 X116.065 Y115.556 E15.72308
G1 X113.7 Y115.56 E15.80174
G1 X113.38 Y115.468 E15.81282
G1 X113.229 Y115.333 E15.81956
G1 F1106 X113.068 Y115.015 E15.83242
G1 X112.907 Y115.333 E15.84528
G1 F1200 X112.756 Y115.468 E15.85202
G1 X112.519 Y115.56 E15.86047
G1 X111.794 Y115.56 E15.88459
G1 X111.66 Y115.519 E15.88925
G1 X111.521 Y115.56 E15.89407
G1 X110.884 Y115.56 E15.91525
G1 X110.574 Y115.474 E15.92595
G1 X110.422 Y115.344 E15.93261
G1 F1170.7 X110.276 Y115.013 E15.94494
G1 X110.13 Y115.344 E15.95727
G1 F1200 X109.978 Y115.474 E15.96393
G1 X109.751 Y115.56 E15.972
G1 X109.108 Y115.56 E15.99339
G1 X108.793 Y115.471 E16.00427
G1 X108.682 Y115.383 E16.00898
G1 X108.544 Y115.166 E16.01754
G1 X108.507 Y114.959 E16.02453
G1 X108.432 Y115.166 E16.03185
G1 X108.294 Y115.383 E16.04041
G1 X108.183 Y115.471 E16.04512
G1 X107.951 Y115.56 E16.05338
G1 X107.204 Y115.56 E16.07823
G1 X106.955 Y115.507 E16.0867
G1 X106.835 Y115.434 E16.09137
G1 X106.73 Y115.289 E16.09732
G1 X106.625 Y115.434 E16.10328
G1 X106.334 Y115.56 E16.11382
G1 X104.162 Y115.559 E16.18607
G1 X103.913 Y115.436 E16.1953
G1 F919.5 X103.569 Y115.084 E16.21667
G1 X103.448 Y115.692 E16.24357
G1 F1200 X103.496 Y115.928 E16.25158
G1 X103.685 Y116.252 E16.26406
G1 X103.848 Y116.402 E16.27143
G1 X104.064 Y116.497 E16.27927
G1 X104.31 Y116.548 E16.28763
G1 X110 Y116.548 E16.47688
G0 F6000 X110 Y116.24
G0 X110.276 Y115.873
G0 X110.276 Y115.013
G1 F1153.8 X110.278 Y113.314 E16.53565
G1 F2700 E11.53565
G0 F6000 X110.449 Y115.401
G0 X112.877 Y115.401
G0 X113.319 Y113.65
G0 X113.068 Y114.528
G1 F2700 E16.53565
G1 F1030 X113.068 Y115.015 E16.55452
G0 F6000 X113.068 Y114.528
G1 F961.9 X113.464 Y113.903 E16.58522
G1 F924.9 X113.912 Y113.876 E16.60459
G1 F952.4 X113.912 Y113.339 E16.62709
G1 X113.872 Y113.372 E16.62927
G1 F944.9 X113.543 Y113.375 E16.64316
G1 F917.8 X113.37 Y113.387 E16.6507
G1 F898.9 X113.103 Y113.387 E16.66256
G1 X113.103 Y113.654 E16.67442
G1 F961.9 X113.068 Y114.528 E16.71071
G1 F2700 E11.71071
G0 F6000 X113.319 Y113.65
G0 X113.262 Y114.092
G0 X113.262 Y115.401
G0 X116.428 Y115.401
G0 X116.428 Y114.092
G0 X116.136 Y113.527
G1 F2700 E16.71071
G1 F1132.1 X116.136 Y112.288 E16.75439
G1 F1002.1 X116.081 Y111.815 E16.77336
G1 F2700 E11.77336
G0 F6000 X110 Y111.684
G1 F2700 E16.77336
G1 F1266.5 X110.153 Y111.668 E16.7782
G1 F1304.3 X110.635 Y111.689 E16.79297
G1 F1142.9 X111.225 Y111.829 E16.81414
G1 F1023.5 X111.364 Y111.919 E16.8206
G1 X111.473 Y111.798 E16.82695
G1 F1134.8 X111.774 Y111.709 E16.83799
G1 F1283.4 X113.872 Y111.703 E16.90324
G1 F1230.8 X114.131 Y111.742 E16.91173
G1 F1173.6 X114.218 Y111.802 E16.91533
G1 F1221.4 X114.462 Y111.709 E16.92386
G1 F1283.4 X115.124 Y111.703 E16.94445
G1 F1246.8 X115.663 Y112.022 E16.9645
G1 F1200 X115.724 Y112.288 E16.97357
G1 X115.724 Y113.928 E17.02812
G1 X116.076 Y113.934 E17.03983
G1 F1263.2 X116.568 Y114.528 E17.0642
G1 X116.548 Y113.527 E17.09584
G1 F1200 X116.548 Y111.348 E17.16831
G1 F1246.8 X115.124 Y111.333 E17.2139
G1 F1283.4 X114.43 Y111.335 E17.23548
G1 F1221.4 X114.218 Y111.352 E17.24243
G1 F1230.8 X113.872 Y111.333 E17.25367
G1 F1283.4 X111.742 Y111.335 E17.31991
G1 F1134.8 X111.324 Y111.382 E17.3347
G1 F1137.4 X110.751 Y111.336 E17.35487
G1 F1326 X110.172 Y111.322 E17.37231
G1 F1311.5 X109.605 Y111.339 E17.38957
G1 F1162.2 X109.302 Y111.367 E17.40002
G1 F1182.3 X108.84 Y111.333 E17.41566
G1 F1283.4 X108.15 Y111.335 E17.43712
G1 F1034.5 X107.536 Y111.424 E17.46105
G1 F1043.5 X106.788 Y111.333 E17.48987
G1 F1283.4 X106.094 Y111.335 E17.51146
G1 F1061.9 X105.536 Y111.411 E17.53262
G1 F1071.4 X104.844 Y111.333 E17.55856
G1 F1283.4 X104.146 Y111.335 E17.58027
G1 F1132.1 X103.72 Y111.384 E17.59539
G1 F1016.9 X103.484 Y111.384 E17.60465
G1 X103.484 Y111.62 E17.61391
G1 F869.6 X103.564 Y112.288 E17.64479
G1 X103.871 Y111.8 E17.67125
G1 F1132.1 X104.178 Y111.709 E17.68254
G1 F1283.4 X104.844 Y111.703 E17.70325
G1 F1071.4 X105.34 Y111.847 E17.72249
G1 F902.3 X105.456 Y112.015 E17.73153
G1 F854.1 X105.536 Y112.288 E17.74482
G1 X105.616 Y112.015 E17.75811
G1 F902.3 X105.732 Y111.847 E17.76714
G1 F1061.9 X106.126 Y111.709 E17.78283
G1 F1283.4 X106.788 Y111.703 E17.80342
G1 F1043.5 X107.319 Y111.87 E17.82471
G1 F871.1 X107.505 Y112.292 E17.84584
G1 X107.567 Y112.292 E17.84868
G1 X107.753 Y111.87 E17.86981
G1 F1034.5 X108.182 Y111.709 E17.88749
G1 F1283.4 X108.84 Y111.703 E17.90795
G1 F1182.3 X109.181 Y111.771 E17.91969
G1 F1088.4 X109.267 Y111.862 E17.92428
G1 F1142.9 X109.488 Y111.736 E17.93317
G1 F1212.1 X110 Y111.684 E17.95011
G1 F2700 E12.95011
G0 F6000 X115.563 Y111.85
G0 X116.27 Y113.65
G0 X116.568 Y114.528
G1 F2700 E17.95011
G1 F1318.7 X116.564 Y115.06 E17.96622
G0 F6000 X116.243 Y115.835
G0 X113.7 Y115.873
G0 X113.7 Y115.16
;TYPE:WALL-OUTER
G1 F1200 X113.543 Y115.085 E17.972
G1 X113.5 Y114.978 E17.97584
G1 X113.5 Y114.528 E17.99081
G1 X113.637 Y114.328 E17.99887
G1 X114.364 Y114.328 E18.02305
G1 X114.364 Y113.412 E18.05352
G1 F1283.4 X114.39 Y112.78 E18.07319
G1 F1383.3 X114.391 Y112.288 E18.08738
G1 F1297.3 X114.428 Y112.144 E18.09196
G1 F1206 X114.529 Y112.091 E18.09573
G1 F1200 X115.124 Y112.088 E18.11552
G1 X115.324 Y112.211 E18.12333
G1 X115.324 Y114.328 E18.19374
G1 X116.018 Y114.33 E18.21682
G1 X116.188 Y114.528 E18.2255
G1 X116.186 Y114.995 E18.24104
G1 X116.064 Y115.159 E18.24784
G1 X113.7 Y115.16 E18.32646
G0 F6000 X113.7 Y115.873
G0 X111.66 Y115.873
G0 X111.66 Y114.978
G1 F1095.9 X111.655 Y113.145 E18.39322
G1 F2700 E13.39322
G0 F6000 X110.477 Y113.294
G0 X110 Y112.976
G1 F2700 E18.39322
G1 F1200 X109.988 Y112.98 E18.39364
G1 X109.911 Y113.081 E18.39786
G1 X109.872 Y113.273 E18.40438
G1 X109.868 Y114.978 E18.46109
G1 X109.822 Y115.088 E18.46506
G1 X109.703 Y115.158 E18.46965
G1 X109.027 Y115.16 E18.49213
G1 F1142.9 X108.91 Y115.017 E18.49858
G1 F1043.5 X108.835 Y113.1 E18.57196
G1 X108.042 Y115.041 E18.65216
G1 F1142.9 X107.903 Y115.158 E18.65851
G1 F1200 X107.204 Y115.16 E18.68176
G1 X107.081 Y115.118 E18.68608
G1 X107.016 Y115.029 E18.68974
G1 F1240.3 X106.756 Y114.278 E18.71532
G1 F1165 X106.623 Y114.028 E18.72502
G1 F1064.3 X106.5 Y113.69 E18.73851
G1 F1194 X106.386 Y113.235 E18.75419
G1 X106.438 Y113.7 E18.76983
G1 F1064.3 X106.312 Y113.903 E18.77879
G1 F1111.1 X105.051 Y113.907 E18.82408
G1 F1159.4 X105.051 Y114.321 E18.83834
G1 F1111.1 X106.334 Y114.316 E18.88442
G1 F1153.8 X106.445 Y114.528 E18.8927
G1 F1246.8 X106.457 Y115.011 E18.90817
G1 F1215.2 X106.379 Y115.118 E18.91252
G1 F1200 X106.291 Y115.158 E18.91573
G1 X104.228 Y115.154 E18.98435
G1 X104.157 Y115.119 E18.98698
G1 X104.083 Y114.995 E18.99178
G1 X104.08 Y112.288 E19.08182
G1 X104.151 Y112.134 E19.08746
G1 X104.245 Y112.091 E19.0909
G1 X104.844 Y112.088 E19.11082
G1 X104.994 Y112.155 E19.11628
G1 X105.044 Y112.288 E19.12101
G1 X105.044 Y113.068 E19.14695
G1 F1227.6 X106.212 Y113.076 E19.18493
G1 F1269.8 X106.354 Y113.189 E19.19063
G1 F1237.1 X106.03 Y112.323 E19.22046
G1 F1200 X106.078 Y112.155 E19.22627
G1 X106.193 Y112.091 E19.23065
G1 X106.788 Y112.088 E19.25044
G1 X106.959 Y112.17 E19.25675
G1 X107.167 Y112.767 E19.27777
G1 X107.905 Y112.767 E19.30232
G1 X108.112 Y112.172 E19.32327
G1 X108.249 Y112.091 E19.32857
G1 X108.84 Y112.088 E19.34822
G1 X108.95 Y112.121 E19.35204
G1 X109.015 Y112.189 E19.35517
G1 F1111.1 X109.058 Y112.368 E19.36179
G1 F960 X109.02 Y112.578 E19.37066
G1 F1025.6 X109.371 Y112.287 E19.3884
G1 F1200 X109.675 Y112.11 E19.4001
G1 X110.144 Y112.045 E19.41585
G1 X110.577 Y112.073 E19.43028
G1 X111.041 Y112.222 E19.44649
G1 X111.355 Y112.467 E19.45974
G1 F1194 X111.559 Y112.79 E19.47251
G1 F1137.4 X111.655 Y113.145 E19.48541
G1 F1140.1 X111.676 Y112.717 E19.50041
G1 F1200 X111.676 Y112.285 E19.51478
G1 X111.715 Y112.168 E19.51888
G1 X111.841 Y112.091 E19.52379
G1 X113.872 Y112.088 E19.59134
G1 F1206 X114.008 Y112.144 E19.59621
G1 F1297.3 X114.045 Y112.288 E19.60079
G1 F1383.3 X114.044 Y112.75 E19.61412
G1 F1283.4 X113.872 Y112.92 E19.62164
G1 F1200 X112.636 Y112.92 E19.66275
G1 X112.636 Y114.978 E19.73119
G1 X112.593 Y115.085 E19.73503
G1 X112.471 Y115.158 E19.73976
G1 X111.81 Y115.157 E19.76174
G1 F1151.1 X111.66 Y114.978 E19.76984
G1 X111.509 Y115.158 E19.77799
G1 F1200 X110.884 Y115.16 E19.79878
G1 X110.73 Y115.088 E19.80443
G1 X110.684 Y114.978 E19.8084
G1 X110.684 Y113.265 E19.86537
G1 X110.576 Y113.002 E19.87483
G1 X110.458 Y112.925 E19.87951
G1 X110.216 Y112.897 E19.88762
G1 X110 Y112.976 E19.89527
G0 F6000 X110.18 Y113.235
G0 X109.02 Y112.578
G1 F907.4 X108.979 Y112.663 E19.89942
G1 F887.2 X108.836 Y113.119 E19.92091
G1 F2700 E14.92091
G0 F6000 X108.836 Y110.085
G0 X117.803 Y110.097
G0 X117.815 Y114.12
G0 X106.386 Y113.235
G1 F2700 E19.92091
G1 F1363.6 X106.377 Y113.207 E19.92177
G1 F2700 E14.92177
G0 F6000 X105.921 Y112.803
G0 X105.282 Y111.85
G0 X103.845 Y111.85
G0 X103.845 Y115.401
G0 X110 Y116.24
G0 X110 Y116.948
G1 F2700 E19.92177
G1 F1200 X115.641 Y116.948 E20.1094
G1 X115.914 Y116.919 E20.11853
G1 X116.175 Y116.835 E20.12765
G1 X116.406 Y116.704 E20.13648
G1 X116.614 Y116.517 E20.14578
G1 X116.773 Y116.299 E20.15476
G1 X116.884 Y116.05 E20.16382
G1 X116.948 Y115.732 E20.17461
G1 X116.948 Y110.948 E20.33373
G1 X103.048 Y110.948 E20.79604
G1 X103.048 Y115.732 E20.95516
G1 X103.112 Y116.05 E20.96595
G1 X103.223 Y116.298 E20.97499
G1 X103.386 Y116.521 E20.98417
G1 X103.627 Y116.742 E20.99505
G1 X103.942 Y116.88 E21.00649
G1 X104.269 Y116.948 E21.0176
G1 X110 Y116.948 E21.20821
G0 F6000 X110 Y116.173
G1 F2700 E16.20821
G0 F6000 X103.845 Y115.401
G0 X103.845 Y111.85
G0 X109.605 Y111.18
G0 X109.605 Y108.82
G0 X109.605 Y108.668
;TYPE:WALL-INNER
G1 F2700 E21.20821
G1 F1250 X109.902 Y108.647 E21.21772
G1 F907.4 X110.364 Y108.52 E21.23879
G1 F810.8 X109.907 Y108.208 E21.26603
G1 F1030 X109.82 Y108.264 E21.27004
G1 F1250 X109.574 Y108.306 E21.27801
G1 F933.9 X109.207 Y108.517 E21.2961
G1 X109.605 Y108.668 E21.31429
G0 F6000 X109.207 Y108.517
G1 F728.4 X107.834 Y108.52 E21.38953
G0 F6000 X106.971 Y108.657
G1 F1167.9 X107.264 Y108.629 E21.39959
G1 F875.9 X107.834 Y108.52 E21.42603
G1 X107.412 Y108.248 E21.44891
G1 F1093.4 X107.313 Y108.109 E21.45514
G1 X107.164 Y108.214 E21.46179
G1 F1167.9 X106.905 Y108.286 E21.47098
G1 F1061.9 X106.6 Y108.528 E21.48561
G1 X106.971 Y108.657 E21.50038
G0 F6000 X106.575 Y108.519
G1 F746.5 X106.284 Y108.536 E21.51596
G1 F769.2 X105.976 Y108.536 E21.53194
G1 F741.9 X105.592 Y108.512 E21.55264
G0 F6000 X105.028 Y108.426
G0 X104.51 Y108.25
G1 F1209.1 X104.176 Y107.916 E21.56823
G1 X103.962 Y107.463 E21.58477
G1 X103.846 Y107.083 E21.59789
G1 X103.847 Y108.249 E21.63638
G1 X104.51 Y108.25 E21.65826
G0 F6000 X104.064 Y107.331
G0 X103.986 Y106.842
G0 X103.848 Y105.787
G1 F1200 X104.007 Y105.336 E21.67417
G1 X104.262 Y104.919 E21.69043
G1 X104.578 Y104.599 E21.70538
G1 X104.975 Y104.333 E21.72128
G1 X105.332 Y104.197 E21.73398
G1 F912.5 X105.764 Y103.975 E21.75523
G1 F814.9 X105.374 Y103.849 E21.7753
G1 F1036.7 X104.288 Y103.848 E21.81711
G1 F1200 X104.064 Y103.943 E21.8252
G1 X103.923 Y104.1 E21.83222
G1 X103.848 Y104.352 E21.84097
G1 X103.848 Y105.787 E21.88869
G0 F6000 X104.321 Y104.921
G0 X105.764 Y103.975
G1 F747.7 X106.216 Y103.964 E21.91283
G1 F743 X106.482 Y103.978 E21.92714
G0 F6000 X107.233 Y104.312
G1 F1230.8 X107.488 Y104.197 E21.93621
G1 F930.2 X107.832 Y103.982 E21.95361
G1 X107.425 Y103.843 E21.97207
G1 F1230.8 X107.219 Y103.856 E21.97876
G1 F1233.9 X106.88 Y103.831 E21.98976
G1 F941.2 X106.482 Y103.978 E22.00775
G1 X106.849 Y104.19 E22.02572
G1 F1233.9 X107.127 Y104.252 E22.03493
G1 F1151.1 X107.233 Y104.312 E22.03916
G0 F6000 X107.832 Y103.982
G1 F718.6 X108.392 Y103.982 E22.07026
G0 F6000 X109.231 Y104.28
G0 X109.378 Y104.679
G1 F874.3 X109.579 Y104.383 E22.0866
G1 F1071.4 X110.02 Y104.205 E22.10431
G1 F1100.9 X110.18 Y104.068 E22.11195
G1 F804 X110.364 Y103.982 E22.12203
G1 F946.7 X109.96 Y103.864 E22.13977
G1 F1071.4 X109.378 Y103.922 E22.16156
G1 F789.5 X108.392 Y103.982 E22.2115
G1 X109.177 Y104.383 E22.25606
G1 F874.3 X109.378 Y104.679 E22.2724
G0 F6000 X109.513 Y104.32
G0 X110.364 Y103.982
G1 F718.6 X112.544 Y103.982 E22.39348
G1 F711.1 X112.72 Y103.989 E22.40337
G1 X113.392 Y103.982 E22.44109
G0 F6000 X116.023 Y104.28
G0 X116.166 Y105.116
G1 F1297.3 X116.151 Y104.241 E22.46801
G1 F1250 X116.017 Y104.012 E22.47649
G1 F1273.2 X115.734 Y103.84 E22.48687
G1 F1379.3 X115.184 Y103.815 E22.5028
G1 F1420.1 X114.331 Y103.819 E22.52677
G1 F1283.4 X113.96 Y103.85 E22.53835
G1 F895.5 X113.392 Y103.982 E22.56434
G1 F797.3 X113.971 Y104.288 E22.59712
G1 F1021.3 X114.055 Y104.232 E22.60107
G1 F1290.3 X114.402 Y104.149 E22.6121
G1 F1428.6 X115.184 Y104.149 E22.63395
G1 F1363.6 X115.531 Y104.192 E22.64418
G1 F1250 X115.706 Y104.265 E22.65024
G1 F1218.3 X115.92 Y104.446 E22.65942
G1 F1269.8 X116.166 Y105.116 E22.68185
G1 F1304.3 X116.166 Y107.917 E22.76756
G1 F1159.4 X116.119 Y108.219 E22.77808
G0 F6000 X116.023 Y104.28
G0 X105.89 Y104.238
G0 X105.463 Y104.31
G0 X105.049 Y104.467
G0 X104.321 Y104.921
G0 X103.967 Y105.911
G0 X103.958 Y106.906
G0 X104.064 Y107.331
G0 X104.305 Y107.832
G0 X104.526 Y108.055
G0 X105.028 Y108.426
G0 X105.169 Y108.648
G1 F897.2 X105.592 Y108.512 E22.79785
G1 X105.238 Y108.256 E22.81728
G1 F1200 X105.124 Y108.2 E22.82151
G1 X104.848 Y108.028 E22.83232
G1 X104.497 Y107.665 E22.84912
G1 X104.321 Y107.293 E22.86281
G1 X104.282 Y107.186 E22.86659
G1 F977.6 X104.115 Y106.891 E22.88043
G1 F837.7 X104.094 Y106.464 E22.9008
G1 F839.2 X104.116 Y106.033 E22.92133
G1 F979.6 X104.238 Y105.883 E22.92921
G1 F1200 X104.37 Y105.51 E22.94237
G1 X104.574 Y105.175 E22.95541
G1 X104.824 Y104.915 E22.96741
G1 X105.161 Y104.69 E22.98089
G1 X105.532 Y104.549 E22.99409
G1 X105.95 Y104.484 E23.00816
G1 X106.26 Y104.479 E23.01847
G1 X106.883 Y104.58 E23.03946
G1 X107.304 Y104.833 E23.0558
G1 X107.488 Y104.624 E23.06506
G1 X107.756 Y104.516 E23.07467
G1 X108.392 Y104.516 E23.09582
G1 X108.831 Y104.706 E23.11173
G1 X108.935 Y104.859 E23.11789
G1 X108.992 Y105.109 E23.12641
G1 X108.992 Y105.459 E23.13806
G1 X109.248 Y105.472 E23.14658
G1 X109.641 Y105.551 E23.15991
G1 X109.764 Y105.605 E23.16438
G1 X109.764 Y105.109 E23.18088
G1 X109.821 Y104.859 E23.18941
G1 X109.925 Y104.706 E23.19556
G1 X110.152 Y104.554 E23.20465
G1 X110.289 Y104.516 E23.20937
G1 X112.606 Y104.516 E23.28644
G1 X112.803 Y104.523 E23.29299
G1 X113.392 Y104.516 E23.31259
G1 X113.675 Y104.586 E23.32228
G1 X113.914 Y104.82 E23.33341
G1 X113.944 Y104.93 E23.3372
G1 X114.147 Y104.651 E23.34868
G1 X114.447 Y104.516 E23.35962
G1 X115.184 Y104.516 E23.38413
G1 X115.396 Y104.553 E23.39129
G1 X115.628 Y104.712 E23.40064
G1 X115.784 Y105.116 E23.41505
G1 X115.784 Y107.871 E23.50668
G1 X115.73 Y108.041 E23.51261
G1 F898.9 X115.31 Y108.515 E23.54073
G1 F798.7 X115.714 Y108.582 E23.5612
G1 F1027.8 X116.119 Y108.648 E23.57713
G1 F1200 X116.548 Y108.648 E23.5914
G1 X116.548 Y104.304 E23.73588
G1 X116.501 Y104.069 E23.74385
G1 X116.314 Y103.747 E23.75624
G1 X116.142 Y103.592 E23.76394
G1 X115.888 Y103.475 E23.77324
G1 X115.625 Y103.449 E23.78203
G1 X110.167 Y103.448 E23.96356
G1 X109.96 Y103.475 E23.97051
G1 X109.378 Y103.448 E23.98988
G1 X104.219 Y103.448 E24.16147
G1 X103.827 Y103.617 E24.17567
G1 X103.575 Y103.899 E24.18825
G1 X103.448 Y104.31 E24.20256
G1 X103.448 Y105.748 E24.25039
G1 F979.6 X103.538 Y106.012 E24.26175
G1 F839.2 X103.53 Y106.464 E24.28325
G1 F837.7 X103.539 Y106.941 E24.30598
G1 F977.6 X103.448 Y107.291 E24.32075
G1 F1200 X103.449 Y108.647 E24.36585
G1 X105.169 Y108.648 E24.42305
G1 F2700 E19.42305
G0 F6000 X104.98 Y108.416
G0 X110.364 Y108.52
G1 F2700 E24.42305
G1 F725.1 X113.662 Y108.515 E24.60459
G0 F6000 X114.112 Y108.627
G1 F874.3 X114.688 Y108.52 E24.63134
G1 X114.263 Y108.245 E24.65445
G1 F1086 X114.125 Y108.013 E24.66437
G1 X113.961 Y108.245 E24.67481
G1 F864.9 X113.662 Y108.515 E24.6934
G1 X114.112 Y108.627 E24.7148
G0 F6000 X114.688 Y108.52
G1 F725.1 X115.31 Y108.515 E24.74904
G1 F2700 E19.74904
G0 F6000 X116.065 Y108.37
G0 X112.682 Y108.303
G0 X112.682 Y107.81
;TYPE:WALL-OUTER
G1 F2700 E24.74904
G1 F1118.9 X112.682 Y107.36 E24.76509
G1 F944.9 X112.602 Y107.169 E24.77384
G1 F761.9 X112.298 Y107.024 E24.79148
G1 F714.3 X111.26 Y107.024 E24.84948
G0 F6000 X110.19 Y107.143
G1 F1399.4 X110.195 Y106.841 E24.8581
G1 X110.19 Y107.143 E24.86671
G1 F2700 E19.86671
G0 F6000 X109.956 Y107.931
G0 X110.079 Y109.047
G1 F2700 E24.86671
G1 F1200 X116.948 Y109.048 E25.09518
G1 X116.948 Y104.264 E25.25429
G1 X116.884 Y103.946 E25.26508
G1 X116.773 Y103.701 E25.27403
G1 X116.614 Y103.479 E25.28311
G1 X116.364 Y103.254 E25.2943
G1 X115.994 Y103.084 E25.30784
G1 X115.645 Y103.049 E25.31951
G1 X110.167 Y103.048 E25.50171
G1 X109.96 Y103.057 E25.5086
G1 X109.378 Y103.048 E25.52796
G1 X104.355 Y103.048 E25.69502
G1 X104.086 Y103.077 E25.70402
G1 X103.821 Y103.161 E25.71327
G1 X103.591 Y103.291 E25.72205
G1 X103.386 Y103.479 E25.73131
G1 X103.227 Y103.697 E25.74028
G1 X103.116 Y103.946 E25.74935
G1 X103.048 Y104.269 E25.76033
G1 X103.049 Y109.047 E25.91924
G1 X110.079 Y109.047 E26.15306
G1 F2700 E21.15306
G0 F6000 X110.079 Y108.74
G0 X112.602 Y108.203
G0 X112.602 Y107.169
G1 F2700 E26.15306
G1 F874.3 X112.641 Y107.003 E26.16085
G1 F1200 X112.759 Y106.82 E26.16809
G1 F1627.1 X112.76 Y106.164 E26.18418
G1 F1090.9 X112.606 Y105.921 E26.19471
G1 F839.2 X112.614 Y105.771 E26.20185
G1 X112.523 Y105.838 E26.20722
G1 F1030 X112.3 Y105.724 E26.21693
G1 F1363.6 X111.1 Y105.724 E26.25205
G1 X111.1 Y106.076 E26.26235
G1 X112.3 Y106.076 E26.29748
G1 F1030 X112.485 Y105.994 E26.30532
G1 F879.1 X112.48 Y106.91 E26.3469
G1 F812.2 X112.298 Y107.024 E26.35746
G1 F761.9 X112.602 Y107.169 E26.3751
G0 F6000 X112.614 Y105.771
G1 F1045.8 X112.719 Y105.578 E26.38349
G1 F1359.8 X112.72 Y105.116 E26.39705
G1 F2700 E21.39705
G0 F6000 X112.72 Y104.208
G0 X109.928 Y104.68
G0 X109.919 Y105.24
G0 X108.803 Y105.651
G0 X107.658 Y106.322
G1 F2700 E26.39705
G1 F1322.3 X107.643 Y106.796 E26.41136
G1 F2700 E21.41136
G0 F6000 X107.418 Y107.755
G0 X106.315 Y108.022
G1 F2700 E26.41136
G1 F1200 X105.947 Y108.023 E26.4236
G1 X105.667 Y107.983 E26.43301
G1 X105.337 Y107.862 E26.4447
G1 X105.086 Y107.698 E26.45467
G1 X104.843 Y107.452 E26.46617
G1 X104.67 Y107.086 E26.47964
G1 X104.599 Y106.807 E26.48921
G1 X104.576 Y106.449 E26.50114
G1 X104.606 Y106.043 E26.51469
G1 X104.727 Y105.701 E26.52675
G1 X104.907 Y105.405 E26.53827
G1 X105.097 Y105.208 E26.54738
G1 X105.364 Y105.041 E26.55785
G1 X105.653 Y104.935 E26.56809
G1 X105.956 Y104.884 E26.57831
G1 X106.249 Y104.882 E26.58805
G1 X106.748 Y104.963 E26.60487
G1 X107.084 Y105.164 E26.61789
G1 X107.328 Y105.388 E26.62891
G1 X107.585 Y105.81 E26.64534
G1 F1283.4 X107.658 Y106.322 E26.66142
G1 X107.632 Y105.836 E26.67656
G1 F1200 X107.632 Y105.033 E26.70327
G1 X107.797 Y104.918 E26.70996
G1 X108.392 Y104.916 E26.72975
G1 X108.539 Y104.979 E26.73507
G1 X108.592 Y105.116 E26.73995
G1 X108.592 Y105.857 E26.7646
G1 X109.168 Y105.864 E26.78376
G1 X109.598 Y105.951 E26.79835
G1 X109.927 Y106.179 E26.81166
G1 F1250 X110.123 Y106.441 E26.82211
G1 F1355.9 X110.195 Y106.841 E26.83407
G1 F1300.8 X110.164 Y106.401 E26.84761
G1 F1200 X110.164 Y105.113 E26.89045
G1 X110.217 Y104.979 E26.89524
G1 X110.329 Y104.918 E26.89948
G1 X112.6 Y104.918 E26.97501
G1 F1276.6 X112.72 Y105.116 E26.98225
G1 X112.84 Y104.918 E26.98949
G1 F1200 X113.463 Y104.916 E27.01021
G1 X113.592 Y105.042 E27.01621
G1 X113.593 Y106.357 E27.05995
G1 X114.354 Y105.017 E27.1112
G1 X114.493 Y104.918 E27.11688
G1 X115.237 Y104.916 E27.14162
G1 X115.332 Y104.981 E27.14545
G1 X115.384 Y105.116 E27.15026
G1 X115.382 Y107.863 E27.24163
G1 X115.219 Y107.99 E27.2485
G1 X114.688 Y107.992 E27.26616
G1 X114.551 Y107.938 E27.27106
G1 X114.488 Y107.792 E27.27635
G1 X114.488 Y106.526 E27.31846
G1 X113.688 Y107.93 E27.3722
G1 X113.571 Y107.99 E27.37658
G1 F1197 X112.809 Y107.992 E27.40198
G1 F1153.8 X112.682 Y107.81 E27.40966
G1 X112.556 Y107.99 E27.41726
G1 F1197 X110.364 Y107.992 E27.49035
G1 F1200 X110.207 Y107.918 E27.49612
G1 X110.164 Y107.792 E27.50055
G1 F1203 X110.165 Y107.541 E27.50888
G1 F1283.4 X110.189 Y107.162 E27.52069
G1 X110.059 Y107.566 E27.53389
G1 F1200 X109.67 Y107.896 E27.55085
G1 X109.19 Y107.986 E27.5671
G1 X107.833 Y107.992 E27.61223
G1 X107.696 Y107.94 E27.6171
G1 X107.632 Y107.796 E27.62234
G1 F1233.9 X107.643 Y106.796 E27.65469
G1 F1240.3 X107.57 Y107.119 E27.66535
G1 F1206 X107.433 Y107.396 E27.67557
G1 F1200 X107.252 Y107.619 E27.68513
G1 X106.972 Y107.842 E27.69703
G1 X106.603 Y107.978 E27.71011
G1 X106.315 Y108.022 E27.7198
G1 F2700 E22.7198
G0 F6000 X106.205 Y108.408
G0 X105.246 Y108.1
G0 X104.946 Y107.911
G0 X104.636 Y107.598
G0 X104.443 Y107.195
G0 X104.339 Y106.542
G0 X104.548 Y104.488
G0 X104.37 Y104.285
;TYPE:SKIN
G1 F2700 E27.7198
G1 F941.2 X104.339 Y104.34 E27.72248
G1 X104.276 Y104.34 E27.72515
G1 X104.244 Y104.285 E27.72785
G1 X104.275 Y104.23 E27.73053
G1 X104.338 Y104.23 E27.7332
G1 X104.37 Y104.285 E27.7359
G1 F2700 E22.7359
;MESH:NONMESH
G0 F300 Z0.32
G0 F6000 X104.548 Y104.488
G0 X104.401 Y106.001
G0 X105.796 Y106.261
G0 X106.026 Y106.77
;TIME_ELAPSED:66.714132
;LAYER:1
M106 S85
;TYPE:WALL-INNER
;MESH:Lens_Openscad 2.stl
G1 F2700 E27.7359
G1 F1432.4 X106.241 Y106.767 E27.73994
G1 X106.301 Y106.619 E27.74295
G1 X106.301 Y106.282 E27.74928
G1 X106.216 Y106.126 E27.75263
G1 X106.061 Y106.128 E27.75554
G1 X105.97 Y106.217 E27.75794
G1 X105.935 Y106.467 E27.76268
G1 X105.96 Y106.658 E27.76631
G1 X106.026 Y106.77 E27.76875
G0 F7500 X106.201 Y107.185
;TYPE:WALL-OUTER
G1 F1350 X106.374 Y107.145 E27.7723
G1 X106.575 Y106.974 E27.77756
G1 X106.683 Y106.714 E27.78318
G1 X106.706 Y106.465 E27.78817
G1 X106.683 Y106.199 E27.7935
G1 X106.614 Y106.003 E27.79764
G1 X106.464 Y105.816 E27.80243
G1 X106.209 Y105.726 E27.80783
G1 X105.942 Y105.748 E27.81317
G1 X105.747 Y105.861 E27.81767
G1 X105.601 Y106.053 E27.82248
G1 X105.543 Y106.465 E27.83079
G1 X105.586 Y106.788 E27.83729
G1 X105.745 Y107.056 E27.84351
G1 X105.926 Y107.16 E27.84767
G1 X106.201 Y107.185 E27.85318
G1 F2700 E22.85318
G0 F7500 X106.18 Y106.876
G0 X106.459 Y106.664
G0 X108.873 Y106.952
G0 X108.608 Y107.139
G1 F2700 E27.85318
G1 F1250 X108.608 Y106.705 E27.86254
G1 F1252.9 X109.109 Y106.707 E27.87331
G1 F1255.8 X109.217 Y106.807 E27.87647
G1 F1258.7 X109.24 Y107.007 E27.88078
G1 X109.172 Y107.102 E27.88328
G1 X109.053 Y107.138 E27.88594
G1 F1255.8 X108.608 Y107.139 E27.89548
G1 F2700 E22.89548
G0 F7500 X108.873 Y109.915
G0 X107.603 Y110.085
G0 X107.603 Y113.666
G1 F2700 E27.89548
G1 F985.4 X107.569 Y113.725 E27.89735
G1 X107.501 Y113.725 E27.89921
G1 X107.467 Y113.666 E27.90107
G1 X107.501 Y113.607 E27.90293
G1 X107.569 Y113.607 E27.90479
G1 X107.603 Y113.666 E27.90665
G1 F2700 E22.90665
G0 F7500 X106.002 Y112.86
G0 X105.561 Y112.551
;TYPE:WALL-INNER
G1 F2700 E27.90665
G1 F886.7 X105.536 Y112.288 E27.91468
G1 F2700 E22.91468
G0 F7500 X105.282 Y111.85
G0 X103.845 Y111.85
G0 X103.564 Y112.288
G1 F2700 E27.91468
G1 F846.4 X103.569 Y115.084 E28.00367
G0 F7500 X103.755 Y115.836
G0 X104.216 Y116.04
G1 F937.5 X104.352 Y116.054 E28.0076
G1 F912.2 X106.393 Y116.054 E28.06788
G1 F838.5 X106.73 Y116.003 E28.07883
G1 F843.8 X107.204 Y116.054 E28.09406
G1 F918.4 X107.868 Y116.054 E28.11353
G1 F906 X108.058 Y116.046 E28.11919
G0 F7500 X108.488 Y116.157
G1 F1113.4 X109.108 Y116.054 E28.1344
G1 X108.588 Y115.804 E28.14836
G1 F1413.6 X108.488 Y115.725 E28.15079
G1 F1095.3 X108.058 Y116.046 E28.16398
G1 X108.488 Y116.157 E28.17491
G0 F7500 X109.108 Y116.054
G1 F906 X109.858 Y116.046 E28.19721
G0 F7500 X110 Y116.084
G1 F1295 X110.276 Y116.159 E28.20316
G1 F1115.7 X110.884 Y116.054 E28.21806
G1 X110.373 Y115.808 E28.23175
G1 F1241.4 X110.284 Y115.731 E28.23431
G1 F985.4 X109.858 Y116.046 E28.24879
G1 F1018.9 X110 Y116.084 E28.25268
G0 F7500 X110.884 Y116.054
G1 F906 X112.626 Y116.046 E28.30448
G0 F7500 X113.068 Y116.155
G1 F1108.8 X113.7 Y116.054 E28.32003
G1 X113.17 Y115.8 E28.33431
G1 F1227.3 X113.079 Y115.718 E28.337
G1 F981.8 X112.626 Y116.046 E28.35234
G1 F1090.9 X113.068 Y116.155 E28.36358
G0 F7500 X113.7 Y116.054
G1 F918.4 X115.655 Y116.054 E28.42094
G0 F7500 X110 Y116.24
G0 X110 Y116.548
G1 F1350 X115.706 Y116.548 E28.5348
G1 X116.143 Y116.403 E28.54399
G1 X116.311 Y116.252 E28.5485
G1 X116.501 Y115.927 E28.55601
G1 X116.548 Y115.692 E28.5608
G1 F1406.2 X116.564 Y115.06 E28.57291
G1 X116.26 Y115.496 E28.58309
G1 F1350 X115.988 Y115.56 E28.58867
G1 X113.7 Y115.56 E28.63433
G1 X113.38 Y115.468 E28.64097
G1 X113.229 Y115.333 E28.64501
G1 F1244.2 X113.068 Y115.015 E28.65273
G1 X112.907 Y115.333 E28.66045
G1 F1350 X112.756 Y115.468 E28.66449
G1 X112.519 Y115.56 E28.66956
G1 X111.794 Y115.56 E28.68403
G1 X111.66 Y115.519 E28.68683
G1 X111.521 Y115.56 E28.68972
G1 X110.884 Y115.56 E28.70243
G1 X110.574 Y115.474 E28.70885
G1 X110.422 Y115.344 E28.71284
G1 F1317.1 X110.276 Y115.013 E28.72024
G1 X110.13 Y115.344 E28.72764
G1 F1350 X109.978 Y115.474 E28.73164
G1 X109.751 Y115.56 E28.73648
G1 X109.108 Y115.56 E28.74931
G1 X108.793 Y115.471 E28.75584
G1 X108.682 Y115.383 E28.75867
G1 X108.544 Y115.166 E28.7638
G1 X108.507 Y114.959 E28.768
G1 X108.432 Y115.166 E28.77239
G1 X108.294 Y115.383 E28.77752
G1 X108.183 Y115.471 E28.78035
G1 X107.951 Y115.56 E28.78531
G1 X107.204 Y115.56 E28.80022
G1 X106.955 Y115.507 E28.8053
G1 X106.835 Y115.434 E28.8081
G1 X106.73 Y115.289 E28.81167
G1 X106.625 Y115.434 E28.81525
G1 X106.334 Y115.56 E28.82157
G1 X104.244 Y115.559 E28.86328
G1 F1171.4 X103.961 Y115.482 E28.87003
G1 F926.2 X103.569 Y115.084 E28.88628
G1 F1034.5 X103.449 Y115.705 E28.90275
G1 F1350 X103.593 Y116.143 E28.91195
G1 X103.744 Y116.311 E28.91646
G1 X104.069 Y116.501 E28.92397
G1 X104.304 Y116.548 E28.92875
G1 X110 Y116.548 E29.04242
G0 F7500 X110 Y116.24
G0 X110.276 Y115.873
G0 X110.276 Y115.013
G1 F1298.1 X110.278 Y113.321 E29.07754
G1 F2700 E24.07754
G0 F7500 X110.449 Y115.401
G0 X112.877 Y115.401
G0 X113.319 Y113.65
G0 X113.068 Y114.528
G1 F2700 E29.07754
G1 F1158.8 X113.068 Y115.015 E29.08886
G0 F7500 X113.068 Y114.528
G1 F1082.2 X113.464 Y113.903 E29.10728
G1 F1040.5 X113.912 Y113.876 E29.1189
G1 F1071.4 X113.912 Y113.339 E29.1324
G1 X113.872 Y113.372 E29.13371
G1 F1063 X113.543 Y113.375 E29.14205
G1 F1032.5 X113.37 Y113.387 E29.14657
G1 F1011.2 X113.103 Y113.387 E29.15368
G1 X113.103 Y113.654 E29.1608
G1 F1082.2 X113.068 Y114.528 E29.18257
G1 F2700 E24.18257
G0 F7500 X113.319 Y113.65
G0 X113.262 Y114.092
G0 X113.262 Y115.401
G0 X116.428 Y115.401
G0 X116.428 Y114.092
G0 X116.136 Y113.527
G1 F2700 E29.18257
G1 F1273.6 X116.136 Y112.288 E29.20878
G1 F1127.3 X116.081 Y111.815 E29.22016
G1 F2700 E24.22016
G0 F7500 X110 Y111.68
G1 F2700 E29.22016
G1 F1508.4 X110.527 Y111.675 E29.22958
G1 F1421.1 X111.068 Y111.764 E29.23997
G1 F1238.5 X111.363 Y111.914 E29.24717
G1 F1146.5 X111.469 Y111.8 E29.25083
G1 F1273.6 X111.774 Y111.709 E29.25756
G1 F1443.9 X113.872 Y111.703 E29.29671
G1 F1384.6 X114.131 Y111.742 E29.3018
G1 F1320.3 X114.218 Y111.802 E29.30396
G1 F1374 X114.462 Y111.709 E29.30908
G1 F1443.9 X115.124 Y111.703 E29.32143
G1 F1402.6 X115.663 Y112.022 E29.33346
G1 F1350 X115.724 Y112.288 E29.33891
G1 X115.724 Y113.928 E29.37164
G1 X116.076 Y113.934 E29.37866
G1 F1421.1 X116.568 Y114.528 E29.39328
G1 X116.548 Y113.527 E29.41226
G1 F1350 X116.548 Y111.348 E29.45575
G1 F1402.6 X115.124 Y111.333 E29.4831
G1 F1443.9 X114.43 Y111.335 E29.49605
G1 F1374 X114.218 Y111.352 E29.50022
G1 F1384.6 X113.872 Y111.333 E29.50696
G1 F1443.9 X111.742 Y111.335 E29.54671
G1 F1273.6 X111.319 Y111.383 E29.55571
G1 F1238.5 X110.976 Y111.348 E29.56321
G1 F1421.1 X110.624 Y111.328 E29.5699
G1 F1428.6 X109.857 Y111.323 E29.58436
G1 F1291.9 X109.306 Y111.368 E29.59589
G1 F1330 X108.84 Y111.333 E29.60536
G1 F1443.9 X108.15 Y111.335 E29.61823
G1 F1163.8 X107.536 Y111.424 E29.63259
G1 F1173.9 X106.788 Y111.333 E29.64989
G1 F1443.9 X106.094 Y111.335 E29.66283
G1 F1194.7 X105.536 Y111.411 E29.67553
G1 F1205.4 X104.844 Y111.333 E29.6911
G1 F1443.9 X104.146 Y111.335 E29.70412
G1 F1273.6 X103.72 Y111.384 E29.71319
G1 F1144.1 X103.484 Y111.384 E29.71875
G1 X103.484 Y111.62 E29.72431
G1 F978.3 X103.564 Y112.288 E29.74284
G1 X103.871 Y111.8 E29.75871
G1 F1273.6 X104.178 Y111.709 E29.76549
G1 F1443.9 X104.844 Y111.703 E29.77791
G1 F1205.4 X105.34 Y111.847 E29.78946
G1 F1015 X105.456 Y112.015 E29.79488
G1 F960.9 X105.536 Y112.288 E29.80285
G1 X105.616 Y112.015 E29.81083
G1 F1015 X105.732 Y111.847 E29.81625
G1 F1194.7 X106.126 Y111.709 E29.82566
G1 F1443.9 X106.788 Y111.703 E29.83801
G1 F1173.9 X107.319 Y111.87 E29.85079
G1 F980 X107.505 Y112.292 E29.86347
G1 X107.567 Y112.292 E29.86517
G1 X107.753 Y111.87 E29.87785
G1 F1163.8 X108.182 Y111.709 E29.88846
G1 F1443.9 X108.84 Y111.703 E29.90073
G1 F1330 X109.184 Y111.771 E29.90784
G1 F1224.5 X109.284 Y111.855 E29.91071
G1 X109.395 Y111.789 E29.91355
G1 F1350 X109.872 Y111.681 E29.92331
G1 F1508.4 X110 Y111.68 E29.9256
G1 F2700 E24.9256
G0 F7500 X115.563 Y111.85
G0 X116.27 Y113.65
G0 X116.568 Y114.528
G1 F2700 E29.9256
G1 F1483.5 X116.564 Y115.06 E29.93526
G0 F7500 X116.243 Y115.835
G0 X113.7 Y115.873
G0 X113.7 Y115.16
;TYPE:WALL-OUTER
G1 F1350 X113.543 Y115.085 E29.93873
G1 X113.5 Y114.978 E29.94103
G1 X113.5 Y114.528 E29.95001
G1 X113.637 Y114.328 E29.95485
G1 X114.364 Y114.328 E29.96936
G1 X114.364 Y113.412 E29.98764
G1 F1443.9 X114.39 Y112.78 E29.99944
G1 F1556.2 X114.391 Y112.288 E30.00796
G1 F1459.5 X114.428 Y112.144 E30.0107
G1 F1356.8 X114.529 Y112.091 E30.01297
G1 F1350 X115.124 Y112.088 E30.02484
G1 X115.324 Y112.211 E30.02953
G1 X115.324 Y114.328 E30.07177
G1 X116.018 Y114.33 E30.08562
G1 X116.188 Y114.528 E30.09083
G1 X116.186 Y114.995 E30.10015
G1 X116.064 Y115.159 E30.10423
G1 X113.7 Y115.16 E30.15141
G0 F7500 X113.7 Y115.873
G0 X111.66 Y115.873
G0 X111.66 Y114.978
G1 F1232.9 X111.655 Y113.145 E30.19146
G1 F2700 E25.19146
G0 F7500 X110.477 Y113.294
G0 X110 Y112.968
G1 F2700 E30.19146
G1 F1350 X109.994 Y112.971 E30.19159
G1 X109.915 Y113.08 E30.19428
G1 X109.872 Y113.278 E30.19832
G1 X109.868 Y114.978 E30.23225
G1 X109.822 Y115.088 E30.23463
G1 X109.703 Y115.158 E30.23738
G1 X109.027 Y115.16 E30.25088
G1 F1285.7 X108.91 Y115.017 E30.25475
G1 F1173.9 X108.835 Y113.1 E30.29877
G1 X108.042 Y115.041 E30.34689
G1 F1285.7 X107.903 Y115.158 E30.3507
G1 F1350 X107.204 Y115.16 E30.36465
G1 X107.081 Y115.118 E30.36724
G1 X107.016 Y115.029 E30.36944
G1 F1395.3 X106.756 Y114.278 E30.38479
G1 F1310.7 X106.623 Y114.028 E30.39061
G1 F1197.3 X106.5 Y113.69 E30.3987
G1 F1343.3 X106.386 Y113.235 E30.40811
G1 X106.438 Y113.7 E30.41749
G1 F1197.3 X106.312 Y113.903 E30.42287
G1 F1250 X105.051 Y113.907 E30.45005
G1 F1304.3 X105.051 Y114.321 E30.4586
G1 F1250 X106.334 Y114.316 E30.48625
G1 F1298.1 X106.445 Y114.528 E30.49122
G1 F1402.6 X106.457 Y115.011 E30.5005
G1 F1367.1 X106.379 Y115.118 E30.50311
G1 F1350 X106.291 Y115.158 E30.50503
G1 X104.253 Y115.159 E30.54571
G1 X104.159 Y115.12 E30.54774
G1 X104.083 Y114.995 E30.55066
G1 X104.08 Y112.288 E30.60468
G1 X104.151 Y112.134 E30.60806
G1 X104.245 Y112.091 E30.61012
G1 X104.844 Y112.088 E30.62208
G1 X104.994 Y112.155 E30.62536
G1 X105.044 Y112.288 E30.62819
G1 X105.044 Y113.068 E30.64376
G1 F1381.1 X106.212 Y113.076 E30.66654
G1 F1428.6 X106.354 Y113.189 E30.66996
G1 F1391.8 X106.03 Y112.323 E30.68786
G1 F1350 X106.078 Y112.155 E30.69135
G1 X106.193 Y112.091 E30.69398
G1 X106.788 Y112.088 E30.70585
G1 X106.959 Y112.17 E30.70963
G1 X107.167 Y112.767 E30.72225
G1 X107.905 Y112.767 E30.73698
G1 X108.112 Y112.172 E30.74955
G1 X108.249 Y112.091 E30.75273
G1 X108.84 Y112.088 E30.76452
G1 X108.984 Y112.148 E30.76763
G1 F1304.3 X109.052 Y112.322 E30.77149
G1 F1129.7 X109.004 Y112.607 E30.77838
G1 F1108.8 X109.168 Y112.436 E30.78414
G1 F1238.5 X109.56 Y112.173 E30.79441
G1 F1310.7 X109.937 Y112.054 E30.80254
G1 F1350 X110.504 Y112.056 E30.81385
G1 X110.876 Y112.138 E30.82145
G1 X111.146 Y112.289 E30.82763
G1 X111.359 Y112.473 E30.83324
G1 F1343.3 X111.559 Y112.79 E30.84076
G1 F1279.6 X111.655 Y113.145 E30.8485
G1 F1282.7 X111.676 Y112.717 E30.8575
G1 F1350 X111.676 Y112.228 E30.86726
G1 X111.748 Y112.134 E30.86962
G1 X111.841 Y112.091 E30.87167
G1 X113.872 Y112.088 E30.9122
G1 F1356.8 X114.008 Y112.144 E30.91512
G1 F1459.5 X114.045 Y112.288 E30.91787
G1 F1556.2 X114.044 Y112.75 E30.92586
G1 F1443.9 X113.975 Y112.818 E30.92767
G1 F1604.3 X113.972 Y112.821 E30.92775
G1 F1443.9 X113.872 Y112.92 E30.93038
G1 F1350 X112.636 Y112.92 E30.95504
G1 X112.636 Y114.978 E30.99611
G1 X112.593 Y115.085 E30.99841
G1 X112.471 Y115.158 E31.00125
G1 X111.81 Y115.157 E31.01444
G1 F1295 X111.66 Y114.978 E31.0193
G1 X111.509 Y115.158 E31.02419
G1 F1350 X110.884 Y115.16 E31.03666
G1 X110.73 Y115.088 E31.04005
G1 X110.684 Y114.978 E31.04243
G1 X110.684 Y113.265 E31.07662
G1 X110.575 Y113.002 E31.0823
G1 X110.422 Y112.9 E31.08597
G1 X110.171 Y112.897 E31.09098
G1 X110 Y112.968 E31.09467
G0 F7500 X110.191 Y113.223
G0 X109.004 Y112.607
G1 F1030.5 X108.979 Y112.663 E31.09627
G1 F998.2 X108.836 Y113.119 E31.10917
G1 F2700 E26.10917
G0 F7500 X108.836 Y110.085
G0 X117.803 Y110.097
G0 X117.815 Y114.12
G0 X106.386 Y113.235
G1 F2700 E31.10917
G1 F1534.1 X106.377 Y113.207 E31.10969
G1 F2700 E26.10969
G0 F7500 X105.921 Y112.803
G0 X105.282 Y111.85
G0 X103.845 Y111.85
G0 X103.845 Y115.401
G0 X110 Y116.24
G0 X110 Y116.948
G1 F2700 E31.10969
G1 F1350 X115.747 Y116.948 E31.22438
G1 X116.049 Y116.884 E31.23054
G1 X116.365 Y116.742 E31.23745
G1 X116.61 Y116.521 E31.24404
G1 X116.773 Y116.295 E31.2496
G1 X116.884 Y116.05 E31.25496
G1 X116.948 Y115.732 E31.26144
G1 X116.948 Y110.948 E31.35691
G1 X103.048 Y110.948 E31.6343
G1 X103.049 Y115.747 E31.73007
G1 X103.112 Y116.049 E31.73622
G1 X103.254 Y116.365 E31.74314
G1 X103.475 Y116.61 E31.74972
G1 X103.701 Y116.774 E31.75529
G1 X103.946 Y116.884 E31.76065
G1 X104.264 Y116.948 E31.76713
G1 X110 Y116.948 E31.88159
G0 F7500 X110 Y116.173
G1 F2700 E26.88159
G0 F7500 X103.845 Y115.401
G0 X103.845 Y111.85
G0 X109.881 Y111.18
G0 X109.881 Y108.82
G0 X109.881 Y108.644
;TYPE:WALL-INNER
G1 F2700 E31.88159
G1 F1015 X110.364 Y108.52 E31.89483
G1 F858.5 X109.875 Y108.187 E31.91339
G1 F847.7 X109.283 Y108.513 E31.93487
G1 F1000 X109.724 Y108.644 E31.94727
G1 F1323.5 X109.881 Y108.644 E31.95046
G0 F7500 X110.364 Y108.52
G1 F815.7 X113.662 Y108.515 E32.05939
G0 F7500 X114.112 Y108.627
G1 F983.6 X114.688 Y108.52 E32.07543
G1 X114.263 Y108.245 E32.0893
G1 F1221.7 X114.125 Y108.013 E32.09525
G1 X113.961 Y108.245 E32.10152
G1 F973 X113.662 Y108.515 E32.11267
G1 X114.112 Y108.627 E32.12551
G0 F7500 X114.688 Y108.52
G1 F815.7 X115.31 Y108.515 E32.14605
G0 F7500 X116.119 Y108.219
G1 F1304.3 X116.166 Y107.917 E32.15237
G1 F1467.4 X116.166 Y105.116 E32.20379
G1 F1428.6 X116.152 Y104.335 E32.21852
G1 F1374 X116.068 Y104.074 E32.2239
G1 X115.805 Y103.875 E32.23037
G1 X115.635 Y103.844 E32.23375
G1 F1018.9 X115.184 Y103.982 E32.24622
G1 X115.741 Y104.289 E32.26304
G1 F1374 X115.917 Y104.44 E32.26759
G1 F1428.6 X116.166 Y105.116 E32.28117
G0 F7500 X116.023 Y104.28
G0 X115.184 Y103.982
G1 F808.4 X114.528 Y103.982 E32.30304
G0 F7500 X113.971 Y104.288
G1 F1200 X114.184 Y104.196 E32.30825
G1 F1046.5 X114.528 Y103.982 E32.31868
G1 F912.2 X114.071 Y103.824 E32.33296
G1 X113.392 Y103.982 E32.35355
G1 F897 X113.971 Y104.288 E32.37322
G0 F7500 X113.392 Y103.982
G1 F800 X112.72 Y103.989 E32.39585
G1 X112.544 Y103.982 E32.40178
G1 F808.4 X110.364 Y103.982 E32.47443
G0 F7500 X109.528 Y104.28
G0 X109.378 Y104.676
G1 F983.6 X109.579 Y104.383 E32.48416
G1 F1205.4 X110.02 Y104.205 E32.49479
G1 F1238.5 X110.18 Y104.068 E32.49937
G1 F904.5 X110.364 Y103.982 E32.50542
G1 F1065.1 X109.96 Y103.864 E32.51607
G1 F1205.4 X109.378 Y103.922 E32.52914
G1 F888.2 X108.392 Y103.982 E32.55911
G1 X109.177 Y104.383 E32.58584
G1 F983.6 X109.378 Y104.676 E32.59558
G0 F7500 X109.246 Y104.32
G0 X108.392 Y103.982
G1 F808.4 X107.832 Y103.982 E32.61424
G0 F7500 X107.237 Y104.303
G1 F1384.6 X107.488 Y104.197 E32.61954
G1 F1046.5 X107.832 Y103.982 E32.62998
G1 X107.425 Y103.843 E32.64106
G1 F1384.6 X107.021 Y103.856 E32.64892
G1 F1015 X106.483 Y103.972 E32.66353
G1 X106.982 Y104.205 E32.67814
G1 F1295 X107.237 Y104.303 E32.68383
G0 F7500 X106.483 Y103.972
G1 F851.7 X106.232 Y103.958 E32.69178
G1 F834.6 X105.628 Y103.984 E32.71129
G0 F7500 X104.52 Y104.86
G0 X103.838 Y105.914
G1 F1479.5 X103.823 Y106.1 E32.71469
G1 F1592.9 X103.812 Y106.468 E32.72092
G1 F1560.7 X103.829 Y106.941 E32.72909
G0 F7500 X103.838 Y105.914
G1 F1402.6 X103.924 Y105.547 E32.73633
G1 F1367.1 X104.115 Y105.127 E32.74542
G1 F1350 X104.419 Y104.746 E32.75515
G1 X104.766 Y104.455 E32.76419
G1 X105.11 Y104.281 E32.77188
G1 F1310.7 X105.308 Y104.193 E32.77633
G1 F985.4 X105.628 Y103.984 E32.78678
G1 X105.265 Y103.859 E32.79728
G1 F1310.7 X105.007 Y103.848 E32.80259
G1 F1350 X104.335 Y103.849 E32.816
G1 X104.077 Y103.932 E32.82141
G1 X103.879 Y104.192 E32.82793
G1 X103.848 Y104.343 E32.831
G1 F1360.2 X103.846 Y105.629 E32.85647
G1 F1395.3 X103.838 Y105.914 E32.86198
G0 F7500 X104.036 Y107.174
G0 X104.509 Y108.249
G1 F1353.4 X104.179 Y107.915 E32.87133
G1 F1356.8 X103.913 Y107.368 E32.8834
G1 F1421.1 X103.829 Y106.941 E32.89165
G1 F1428.6 X103.844 Y107.276 E32.89798
G1 F1363.6 X103.847 Y108.249 E32.9172
G1 F1353.4 X104.509 Y108.249 E32.93038
G0 F7500 X104.908 Y108.648
G1 F1153.8 X105.293 Y108.58 E32.93951
G1 F1000 X105.516 Y108.498 E32.94591
G1 F1144.1 X104.848 Y108.026 E32.96517
G1 F1350 X104.502 Y107.665 E32.97515
G1 X104.293 Y107.236 E32.98467
G1 X104.205 Y106.876 E32.99207
G1 X104.176 Y106.468 E33.00023
G1 X104.2 Y106.068 E33.00823
G1 X104.3 Y105.686 E33.01611
G1 X104.461 Y105.335 E33.02381
G1 X104.705 Y105.03 E33.03161
G1 X104.986 Y104.791 E33.03897
G1 X105.353 Y104.606 E33.04717
G1 X105.72 Y104.512 E33.05473
G1 X106.285 Y104.463 E33.06605
G1 X107.005 Y104.629 E33.08079
G1 X107.335 Y104.858 E33.08881
G1 X107.429 Y104.671 E33.09299
G1 X107.756 Y104.516 E33.10021
G1 X108.392 Y104.516 E33.1129
G1 X108.831 Y104.706 E33.12245
G1 X108.933 Y104.856 E33.12607
G1 X108.992 Y105.098 E33.13104
G1 X108.992 Y105.46 E33.13826
G1 X109.296 Y105.465 E33.14433
G1 X109.764 Y105.575 E33.15392
G1 X109.764 Y105.098 E33.16344
G1 X109.823 Y104.856 E33.16841
G1 X109.925 Y104.706 E33.17203
G1 X110.152 Y104.554 E33.17748
G1 X110.289 Y104.516 E33.18032
G1 X112.606 Y104.516 E33.22656
G1 X112.803 Y104.523 E33.23049
G1 X113.392 Y104.516 E33.24225
G1 X113.675 Y104.586 E33.24807
G1 X113.914 Y104.82 E33.25474
G1 X113.944 Y104.93 E33.25702
G1 X114.147 Y104.651 E33.2639
G1 X114.447 Y104.516 E33.27047
G1 X115.184 Y104.516 E33.28517
G1 X115.414 Y104.561 E33.28985
G1 X115.625 Y104.708 E33.29498
G1 X115.784 Y105.116 E33.30372
G1 X115.784 Y107.871 E33.3587
G1 X115.73 Y108.041 E33.36226
G1 F1011.2 X115.31 Y108.515 E33.37913
G1 F898.5 X115.714 Y108.582 E33.39141
G1 F1156.3 X116.119 Y108.648 E33.40097
G1 F1350 X116.548 Y108.648 E33.40953
G1 X116.548 Y104.294 E33.49642
G1 X116.502 Y104.072 E33.50095
G1 X116.403 Y103.856 E33.50569
G1 X116.251 Y103.684 E33.51027
G1 X115.927 Y103.495 E33.51775
G1 X115.692 Y103.448 E33.52254
G1 X110.167 Y103.448 E33.63279
G1 X109.96 Y103.475 E33.63696
G1 X109.378 Y103.448 E33.64859
G1 X104.294 Y103.449 E33.75004
G1 X104.072 Y103.494 E33.75456
G1 X103.856 Y103.593 E33.75931
G1 X103.684 Y103.745 E33.76389
G1 X103.496 Y104.069 E33.77136
G1 X103.448 Y104.304 E33.77615
G1 X103.448 Y108.648 E33.86284
G1 X104.908 Y108.648 E33.89197
G0 F7500 X105.502 Y108.503
G1 F833.3 X106.056 Y108.544 E33.90993
G1 F854.4 X106.569 Y108.521 E33.92612
G0 F7500 X107.253 Y108.627
G1 F981.8 X107.834 Y108.52 E33.94233
G1 X107.405 Y108.244 E33.95633
G1 F1219 X107.318 Y108.126 E33.95957
G1 X106.971 Y108.297 E33.96812
G1 F981.8 X106.569 Y108.521 E33.98075
G1 F897 X106.971 Y108.627 E33.99324
G1 F1088.7 X107.253 Y108.627 E34.00021
G0 F7500 X107.834 Y108.52
G1 F813.3 X109.283 Y108.513 E34.04822
G0 F7500 X110 Y109.048
;TYPE:WALL-OUTER
G1 F1350 X116.948 Y109.048 E34.18687
G1 X116.948 Y104.253 E34.28256
G1 X116.884 Y103.947 E34.2888
G1 X116.742 Y103.635 E34.29564
G1 X116.521 Y103.386 E34.30228
G1 X116.295 Y103.223 E34.30784
G1 X116.05 Y103.112 E34.31321
G1 X115.732 Y103.048 E34.31968
G1 X110.167 Y103.048 E34.43074
G1 X109.96 Y103.057 E34.43488
G1 X109.378 Y103.048 E34.44649
G1 X104.253 Y103.049 E34.54877
G1 X103.947 Y103.112 E34.555
G1 X103.635 Y103.254 E34.56184
G1 X103.386 Y103.475 E34.56849
G1 X103.223 Y103.701 E34.57405
G1 X103.112 Y103.946 E34.57941
G1 X103.048 Y104.264 E34.58589
G1 X103.048 Y109.048 E34.68136
G1 X110 Y109.048 E34.82009
G1 F2700 E29.82009
G0 F7500 X110 Y108.74
G0 X109.956 Y107.952
G0 X110.189 Y107.162
G1 F2700 E34.82009
G1 F1574.3 X110.196 Y106.762 E34.82694
G0 F7500 X111.26 Y107.024
G1 F803.6 X112.298 Y107.024 E34.86174
G1 F857.1 X112.602 Y107.169 E34.87232
G1 F1063 X112.682 Y107.36 E34.87757
G1 F1258.7 X112.682 Y107.81 E34.8872
G0 F7500 X112.602 Y107.169
G1 F983.6 X112.641 Y107.003 E34.89187
G1 F1350 X112.759 Y106.82 E34.89622
G1 F1830.5 X112.76 Y106.164 E34.90587
G1 F1227.3 X112.606 Y105.921 E34.91219
G1 F944.1 X112.614 Y105.771 E34.91648
G1 X112.523 Y105.838 E34.9197
G1 F1158.8 X112.3 Y105.724 E34.92552
G1 F1534.1 X111.1 Y105.724 E34.9466
G1 X111.1 Y106.076 E34.95278
G1 X112.3 Y106.076 E34.97385
G1 F1158.8 X112.485 Y105.994 E34.97856
G1 F989 X112.48 Y106.91 E35.00351
G1 F913.7 X112.298 Y107.024 E35.00984
G1 F857.1 X112.602 Y107.169 E35.02043
G0 F7500 X112.614 Y105.771
G1 F1176.5 X112.719 Y105.578 E35.02546
G1 F1529.7 X112.72 Y105.116 E35.0336
G1 F2700 E30.0336
G0 F7500 X112.72 Y104.208
G0 X109.928 Y104.68
G0 X109.919 Y105.239
G0 X108.803 Y105.65
G0 X107.658 Y106.322
G1 F2700 E35.0336
G1 F1487.6 X107.643 Y106.796 E35.04218
G1 F2700 E30.04218
G0 F7500 X107.423 Y107.737
G0 X106.056 Y108.04
G1 F2700 E35.04218
G1 F1350 X105.565 Y107.962 E35.0521
G1 X105.157 Y107.769 E35.06111
G1 X104.847 Y107.452 E35.06996
G1 X104.68 Y107.116 E35.07745
G1 X104.596 Y106.786 E35.08424
G1 X104.576 Y106.454 E35.09088
G1 X104.602 Y106.113 E35.09771
G1 X104.686 Y105.804 E35.1041
G1 X104.819 Y105.527 E35.11023
G1 X104.979 Y105.327 E35.11534
G1 X105.19 Y105.143 E35.12093
G1 X105.473 Y104.993 E35.12732
G1 X105.789 Y104.906 E35.13386
G1 X106.232 Y104.868 E35.14273
G1 X106.849 Y105.01 E35.15537
G1 X107.279 Y105.305 E35.16577
G1 X107.585 Y105.81 E35.17756
G1 F1443.9 X107.658 Y106.322 E35.18721
G1 X107.632 Y105.836 E35.19629
G1 F1350 X107.632 Y105.096 E35.21106
G1 X107.697 Y104.967 E35.21394
G1 X107.797 Y104.918 E35.21616
G1 X108.392 Y104.916 E35.22803
G1 X108.539 Y104.979 E35.23123
G1 X108.592 Y105.11 E35.23405
G1 X108.592 Y105.86 E35.24901
G1 X109.252 Y105.863 E35.26218
G1 X109.65 Y105.959 E35.27035
G1 X109.937 Y106.186 E35.27766
G1 F1360.2 X110.104 Y106.42 E35.28335
G1 F1479.5 X110.196 Y106.762 E35.2898
G1 X110.167 Y106.401 E35.29639
G1 F1360.2 X110.164 Y105.11 E35.32196
G1 F1350 X110.217 Y104.979 E35.32478
G1 X110.329 Y104.918 E35.32733
G1 X112.6 Y104.918 E35.37265
G1 F1436.2 X112.72 Y105.116 E35.37699
G1 X112.84 Y104.918 E35.38134
G1 F1350 X113.463 Y104.916 E35.39377
G1 X113.592 Y105.042 E35.39737
G1 X113.593 Y106.357 E35.42361
G1 X114.38 Y104.971 E35.45542
G1 X114.493 Y104.918 E35.45791
G1 X115.239 Y104.916 E35.4728
G1 X115.331 Y104.98 E35.47503
G1 X115.384 Y105.116 E35.47794
G1 X115.382 Y107.863 E35.53276
G1 X115.219 Y107.99 E35.53689
G1 X114.688 Y107.992 E35.54748
G1 X114.551 Y107.938 E35.55042
G1 X114.488 Y107.792 E35.5536
G1 X114.488 Y106.526 E35.57886
G1 X113.688 Y107.93 E35.61111
G1 X113.571 Y107.99 E35.61373
G1 F1346.6 X112.809 Y107.992 E35.62898
G1 F1298.1 X112.682 Y107.81 E35.63358
G1 X112.556 Y107.99 E35.63814
G1 F1346.6 X110.364 Y107.992 E35.682
G1 F1350 X110.244 Y107.953 E35.68451
G1 X110.173 Y107.851 E35.68699
G1 F1353.4 X110.165 Y107.544 E35.69311
G1 F1399 X110.187 Y107.19 E35.69994
G1 F1421.1 X110.054 Y107.564 E35.70746
G1 F1370.6 X109.821 Y107.789 E35.71383
G1 F1350 X109.637 Y107.884 E35.71796
G1 X109.191 Y107.986 E35.72709
G1 X107.833 Y107.992 E35.75419
G1 X107.694 Y107.938 E35.75717
G1 F1370.6 X107.631 Y107.84 E35.75946
G1 F1406.2 X107.643 Y106.796 E35.77946
G1 F1395.3 X107.568 Y107.121 E35.7859
G1 F1360.2 X107.418 Y107.441 E35.7929
G1 F1356.8 X107.099 Y107.765 E35.80193
G1 F1350 X106.785 Y107.92 E35.80892
G1 X106.463 Y108.004 E35.81556
G1 X106.056 Y108.04 E35.82371
G1 F2700 E30.82371
G0 F7500 X106.081 Y108.35
G0 X105.491 Y108.205
G0 X105.014 Y107.978
G0 X104.635 Y107.596
G0 X104.437 Y107.18
G0 X104.348 Y106.604
G0 X104.514 Y104.519
G0 X104.363 Y104.287
;TYPE:SKIN
G1 F2700 E35.82371
G1 F1075.7 X104.332 Y104.341 E35.82527
G1 X104.27 Y104.341 E35.82682
G1 X104.239 Y104.287 E35.82838
G1 X104.27 Y104.233 E35.82994
G1 X104.332 Y104.233 E35.8315
G1 X104.363 Y104.287 E35.83306
G0 F7500 X104.431 Y104.465
G1 F2700 E30.83306
;MESH:NONMESH
G0 F300 Z0.44
G0 F7500 X104.499 Y104.529
G0 X104.479 Y105.754
G0 X105.813 Y106.186
G0 X106.188 Y106.795
;TIME_ELAPSED:102.414202
;LAYER:2
M106 S170
;TYPE:WALL-INNER
;MESH:Lens_Openscad 2.stl
G1 F2700 E35.83306
G1 F1595.7 X106.285 Y106.676 E35.83594
G1 X106.316 Y106.448 E35.84025
G1 F1591.5 X106.271 Y106.194 E35.8451
G1 X106.221 Y106.135 E35.84656
G1 X106.018 Y106.151 E35.85039
G1 X105.964 Y106.251 E35.85253
G1 F1595.7 X105.935 Y106.47 E35.85667
G1 X105.96 Y106.657 E35.86021
G1 X106.025 Y106.767 E35.86261
G1 X106.188 Y106.795 E35.86571
G0 F9000 X106.273 Y107.192
;TYPE:WALL-OUTER
G1 F1500 X106.539 Y107.024 E35.87199
G1 X106.661 Y106.794 E35.87718
G1 X106.706 Y106.456 E35.88399
G1 X106.683 Y106.199 E35.88914
G1 X106.614 Y106 E35.89334
G1 X106.464 Y105.82 E35.89802
G1 X106.328 Y105.751 E35.90106
G1 X105.991 Y105.738 E35.90779
G1 X105.714 Y105.894 E35.91413
G1 X105.59 Y106.131 E35.91947
G1 X105.543 Y106.469 E35.92628
G1 X105.585 Y106.788 E35.9327
G1 X105.745 Y107.055 E35.93891
G1 X105.933 Y107.16 E35.94321
G1 X106.273 Y107.192 E35.95003
G1 F2700 E30.95003
G0 F9000 X106.214 Y106.871
G0 X106.442 Y106.719
G0 X108.872 Y106.952
G0 X108.608 Y107.139
G1 F2700 E35.95003
G1 F1388.9 X108.608 Y106.705 E35.95938
G1 F1392.1 X109.088 Y106.707 E35.9697
G1 F1395.3 X109.218 Y106.804 E35.97318
G1 X109.245 Y106.991 E35.97723
G1 X109.215 Y107.066 E35.97897
G1 X109.052 Y107.137 E35.98278
G1 F1392.1 X108.608 Y107.139 E35.99233
G1 F2700 E30.99233
G0 F9000 X108.872 Y106.952
G0 X108.875 Y108.2
G0 X109.21 Y108.517
;TYPE:WALL-INNER
G1 F2700 E35.99233
G1 F911.9 X107.834 Y108.52 E36.0375
G0 F9000 X107.253 Y108.627
G1 F1090.9 X107.834 Y108.52 E36.05371
G1 X107.405 Y108.244 E36.06771
G1 F1354.4 X107.319 Y108.127 E36.07092
G1 X106.964 Y108.299 E36.07963
G1 F1094.9 X106.553 Y108.523 E36.09243
G1 F1061.9 X106.883 Y108.61 E36.10205
G1 F1304.3 X107.253 Y108.627 E36.11055
G0 F9000 X106.553 Y108.523
G1 F949.4 X106.048 Y108.542 E36.12649
G1 F923.1 X105.5 Y108.503 E36.1443
G0 F9000 X105.046 Y108.418
G0 X104.509 Y108.249
G1 F1507.5 X104.183 Y107.926 E36.15341
G1 X103.965 Y107.477 E36.16333
G1 X103.848 Y107.089 E36.17137
G1 X103.847 Y108.249 E36.19441
G1 X104.509 Y108.249 E36.20755
G0 F9000 X104.064 Y107.33
G0 X103.988 Y107.029
G0 X103.848 Y105.846
G1 F1500 X103.956 Y105.479 E36.21518
G1 X104.093 Y105.179 E36.22177
G1 X104.29 Y104.891 E36.22873
G1 X104.577 Y104.598 E36.23691
G1 X105 Y104.315 E36.24707
G1 F1612.9 X105.41 Y104.185 E36.25505
G1 F1754.4 X106.103 Y104.096 E36.26697
G1 F1714.3 X106.84 Y104.188 E36.27994
G1 F1538.5 X107.125 Y104.252 E36.28563
G1 F1435.4 X107.236 Y104.315 E36.28829
G1 X107.322 Y104.245 E36.2906
G1 F1538.5 X107.488 Y104.197 E36.29396
G1 F1162.8 X107.832 Y103.982 E36.30441
G1 X107.425 Y103.843 E36.31548
G1 F1538.5 X107.217 Y103.857 E36.31953
G1 X106.87 Y103.829 E36.32631
G1 F1796.4 X106.108 Y103.801 E36.33901
G1 F1699.7 X105.013 Y103.848 E36.35832
G1 F1500 X104.335 Y103.848 E36.37185
G1 X104.076 Y103.932 E36.37728
G1 X103.879 Y104.192 E36.38379
G1 X103.849 Y104.344 E36.38688
G1 X103.848 Y105.846 E36.41686
G0 F9000 X104.298 Y105.107
G0 X104.686 Y104.705
G0 X105.056 Y104.463
G0 X105.392 Y104.337
G0 X107.832 Y103.982
G1 F898.2 X108.392 Y103.982 E36.43552
G0 F9000 X109.231 Y104.28
G0 X109.378 Y104.678
G1 F1092.9 X109.579 Y104.383 E36.4453
G1 F1339.3 X110.02 Y104.205 E36.45593
G1 F1376.1 X110.18 Y104.068 E36.46051
G1 F1005 X110.364 Y103.982 E36.46656
G1 F1183.4 X109.96 Y103.864 E36.4772
G1 F1339.3 X109.378 Y103.922 E36.49028
G1 F986.8 X108.392 Y103.982 E36.52024
G1 X109.177 Y104.383 E36.54698
G1 F1092.9 X109.378 Y104.678 E36.55675
G0 F9000 X109.513 Y104.32
G0 X110.364 Y103.982
G1 F898.2 X112.544 Y103.982 E36.62941
G1 F888.9 X112.72 Y103.989 E36.63534
G1 X113.392 Y103.982 E36.65797
G0 F9000 X113.971 Y104.288
G1 F1333.3 X114.184 Y104.196 E36.66318
G1 F1162.8 X114.528 Y103.982 E36.67361
G1 F1013.5 X114.071 Y103.824 E36.68789
G1 X113.392 Y103.982 E36.70848
G1 F996.7 X113.971 Y104.288 E36.72815
G0 F9000 X114.528 Y103.982
G1 F898.2 X115.184 Y103.982 E36.75001
G0 F9000 X116.023 Y104.28
G0 X116.166 Y105.116
G1 F1587.3 X116.152 Y104.335 E36.76474
G1 F1526.7 X116.068 Y104.074 E36.77012
G1 X115.803 Y103.874 E36.77663
G1 X115.641 Y103.845 E36.77985
G1 F1132.1 X115.184 Y103.982 E36.79247
G1 F1127.8 X115.693 Y104.258 E36.80784
G1 F1522.8 X115.917 Y104.44 E36.81351
G1 F1587.3 X116.166 Y105.116 E36.8271
G1 F1630.4 X116.166 Y107.917 E36.87852
G1 F1449.3 X116.119 Y108.219 E36.88483
G0 F9000 X116.023 Y104.28
G0 X105.897 Y104.238
G0 X105.47 Y104.308
G0 X105.056 Y104.463
G0 X104.686 Y104.705
G0 X104.298 Y105.107
G0 X104.065 Y105.604
G0 X103.937 Y106.116
G0 X103.931 Y106.799
G0 X104.064 Y107.33
G0 X104.305 Y107.832
G0 X104.684 Y108.213
G0 X104.891 Y108.648
G1 F1298.7 X105.274 Y108.586 E36.89378
G1 F1123.6 X105.516 Y108.497 E36.90065
G1 F1271.2 X104.847 Y108.025 E36.91993
G1 F1500 X104.502 Y107.67 E36.9298
G1 X104.324 Y107.303 E36.93794
G1 X104.281 Y107.183 E36.94049
G1 F1232 X104.103 Y106.815 E36.95042
G1 F1041.7 X104.099 Y106.072 E36.97177
G1 F1224.5 X104.286 Y105.742 E36.98104
G1 F1500 X104.321 Y105.644 E36.98312
G1 X104.501 Y105.247 E36.99182
G1 X104.832 Y104.912 E37.00122
G1 X105.162 Y104.687 E37.00919
G1 X105.534 Y104.548 E37.01711
G1 X106.107 Y104.451 E37.02871
G1 X106.88 Y104.581 E37.04435
G1 X107.317 Y104.836 E37.05445
G1 X107.493 Y104.62 E37.06001
G1 X107.756 Y104.516 E37.06566
G1 X108.392 Y104.516 E37.07835
G1 X108.831 Y104.706 E37.08789
G1 X108.935 Y104.86 E37.0916
G1 X108.992 Y105.109 E37.0967
G1 X108.992 Y105.459 E37.10368
G1 X109.24 Y105.471 E37.10864
G1 X109.764 Y105.578 E37.11931
G1 X109.764 Y105.109 E37.12867
G1 X109.821 Y104.86 E37.13377
G1 X109.925 Y104.706 E37.13748
G1 X110.152 Y104.554 E37.14293
G1 X110.289 Y104.516 E37.14577
G1 X112.606 Y104.516 E37.192
G1 X112.803 Y104.523 E37.19594
G1 X113.392 Y104.516 E37.20769
G1 X113.675 Y104.586 E37.21351
G1 X113.914 Y104.82 E37.22019
G1 X113.944 Y104.93 E37.22246
G1 X114.147 Y104.651 E37.22935
G1 X114.447 Y104.516 E37.23591
G1 X115.184 Y104.516 E37.25062
G1 X115.417 Y104.562 E37.25536
G1 X115.625 Y104.708 E37.26043
G1 X115.784 Y105.116 E37.26917
G1 X115.784 Y107.871 E37.32415
G1 X115.73 Y108.041 E37.32771
G1 F1123.6 X115.31 Y108.515 E37.34458
G1 F998.3 X115.714 Y108.582 E37.35686
G1 F1284.8 X116.119 Y108.648 E37.36642
G1 F1500 X116.548 Y108.648 E37.37498
G1 X116.548 Y104.294 E37.46187
G1 X116.502 Y104.072 E37.46639
G1 X116.403 Y103.856 E37.47114
G1 X116.251 Y103.684 E37.47572
G1 X115.926 Y103.495 E37.48322
G1 X115.699 Y103.449 E37.48784
G1 X110.167 Y103.448 E37.59824
G1 X109.96 Y103.475 E37.6024
G1 X109.378 Y103.448 E37.61403
G1 X104.294 Y103.448 E37.71549
G1 X103.855 Y103.593 E37.72471
G1 X103.684 Y103.745 E37.72928
G1 X103.495 Y104.069 E37.73676
G1 X103.449 Y104.304 E37.74154
G1 X103.448 Y105.637 E37.76814
G1 F1219.5 X103.54 Y105.976 E37.77677
G1 F1041.7 X103.532 Y106.212 E37.78355
G1 F1050.8 X103.535 Y106.864 E37.80213
G1 F1232 X103.449 Y107.283 E37.81252
G1 F1500 X103.448 Y108.648 E37.83976
G1 X104.891 Y108.648 E37.86856
G1 F2700 E32.86856
G0 F9000 X104.856 Y108.41
G0 X109.609 Y108.666
G1 F2700 E37.86856
G1 F1546.4 X109.873 Y108.643 E37.87369
G1 F1123.6 X110.364 Y108.52 E37.88717
G1 X109.997 Y108.274 E37.89894
G1 F1459.9 X109.924 Y108.177 E37.90143
G1 F1546.4 X109.577 Y108.305 E37.90859
G1 F1171.9 X109.21 Y108.517 E37.91942
G1 X109.609 Y108.666 E37.9303
G0 F9000 X110.364 Y108.52
G1 F906.3 X113.662 Y108.515 E38.03922
G0 F9000 X114.112 Y108.627
G1 F1092.9 X114.688 Y108.52 E38.05527
G1 X114.263 Y108.245 E38.06913
G1 F1357.5 X114.125 Y108.013 E38.07508
G1 X113.961 Y108.245 E38.08135
G1 F1081.1 X113.662 Y108.515 E38.0925
G1 X114.112 Y108.627 E38.10534
G0 F9000 X114.688 Y108.52
G1 F906.3 X115.31 Y108.515 E38.12589
G1 F2700 E33.12589
G0 F9000 X116.065 Y108.37
G0 X112.682 Y108.303
G0 X112.682 Y107.81
;TYPE:WALL-OUTER
G1 F2700 E38.12589
G1 F1398.6 X112.682 Y107.36 E38.13552
G1 F1181.1 X112.602 Y107.169 E38.14077
G1 F952.4 X112.298 Y107.024 E38.15135
G1 F892.9 X111.26 Y107.024 E38.18615
G0 F9000 X110.189 Y107.166
G1 F1724.1 X110.191 Y106.769 E38.19305
G1 F2700 E33.19305
G0 F9000 X109.956 Y107.939
G0 X110 Y109.048
G1 F2700 E38.19305
G1 F1500 X116.948 Y109.048 E38.3317
G1 X116.948 Y104.253 E38.42739
G1 X116.884 Y103.947 E38.43363
G1 X116.742 Y103.635 E38.44047
G1 X116.521 Y103.386 E38.44711
G1 X116.295 Y103.223 E38.45267
G1 X116.05 Y103.112 E38.45804
G1 X115.739 Y103.049 E38.46437
G1 X110.167 Y103.048 E38.57557
G1 X109.96 Y103.057 E38.57971
G1 X109.378 Y103.048 E38.59132
G1 X104.253 Y103.048 E38.6936
G1 X103.947 Y103.112 E38.69983
G1 X103.635 Y103.254 E38.70668
G1 X103.386 Y103.475 E38.71332
G1 X103.223 Y103.701 E38.71888
G1 X103.112 Y103.946 E38.72425
G1 X103.049 Y104.264 E38.73072
G1 X103.048 Y109.048 E38.82619
G1 X110 Y109.048 E38.96492
G1 F2700 E33.96492
G0 F9000 X110 Y108.74
G0 X112.602 Y108.203
G0 X112.602 Y107.169
G1 F2700 E38.96492
G1 F1092.9 X112.641 Y107.003 E38.96959
G1 F1500 X112.759 Y106.82 E38.97394
G1 F2033.9 X112.76 Y106.164 E38.98359
G1 F1363.6 X112.606 Y105.921 E38.98991
G1 F1049 X112.614 Y105.771 E38.99419
G1 X112.523 Y105.838 E38.99742
G1 F1287.6 X112.3 Y105.724 E39.00324
G1 F1704.5 X111.1 Y105.724 E39.02432
G1 X111.1 Y106.076 E39.0305
G1 X112.3 Y106.076 E39.05157
G1 F1287.6 X112.485 Y105.994 E39.05628
G1 F1098.9 X112.48 Y106.91 E39.08123
G1 F1015.2 X112.298 Y107.024 E39.08756
G1 F952.4 X112.602 Y107.169 E39.09815
G0 F9000 X112.614 Y105.771
G1 F1307.2 X112.719 Y105.578 E39.10318
G1 F1699.7 X112.72 Y105.116 E39.11131
G1 F2700 E34.11131
G0 F9000 X112.72 Y104.208
G0 X109.928 Y104.68
G0 X109.919 Y105.24
G0 X108.803 Y105.651
G0 X107.641 Y106.129
G1 F2700 E39.11131
G1 F1626 X107.654 Y106.456 E39.11734
G1 F1634.9 X107.643 Y106.796 E39.12357
G1 F2700 E34.12357
G0 F9000 X107.423 Y107.737
G0 X106.017 Y108.034
G1 F2700 E39.12357
G1 F1500 X105.556 Y107.962 E39.13288
G1 X105.152 Y107.764 E39.14186
G1 X104.847 Y107.456 E39.15051
G1 X104.669 Y107.088 E39.15866
G1 X104.585 Y106.744 E39.16573
G1 X104.59 Y106.17 E39.17719
G1 X104.685 Y105.809 E39.18464
G1 X104.836 Y105.477 E39.19191
G1 X105.1 Y105.209 E39.19942
G1 X105.37 Y105.036 E39.20582
G1 X105.653 Y104.934 E39.21182
G1 X106.108 Y104.856 E39.22104
G1 X106.744 Y104.964 E39.23391
G1 X107.188 Y105.224 E39.24418
G1 X107.515 Y105.64 E39.25474
G1 F1534.5 X107.641 Y106.129 E39.26459
G1 F1554.4 X107.632 Y105.057 E39.28523
G1 F1515.2 X107.797 Y104.918 E39.2895
G1 F1500 X108.392 Y104.916 E39.30137
G1 X108.539 Y104.979 E39.30456
G1 X108.592 Y105.116 E39.30749
G1 X108.592 Y105.857 E39.32228
G1 X109.16 Y105.863 E39.33362
G1 X109.586 Y105.95 E39.34229
G1 X109.871 Y106.123 E39.34895
G1 X110.073 Y106.363 E39.35521
G1 F1608.6 X110.191 Y106.769 E39.36307
G1 X110.164 Y106.347 E39.37094
G1 F1500 X110.164 Y105.113 E39.39557
G1 X110.217 Y104.979 E39.39844
G1 X110.329 Y104.918 E39.40099
G1 X112.6 Y104.918 E39.44631
G1 F1595.7 X112.72 Y105.116 E39.45065
G1 X112.84 Y104.918 E39.455
G1 F1500 X113.463 Y104.916 E39.46743
G1 X113.592 Y105.042 E39.47103
G1 X113.593 Y106.357 E39.49727
G1 X114.38 Y104.971 E39.52908
G1 X114.493 Y104.918 E39.53157
G1 X115.241 Y104.916 E39.54649
G1 X115.331 Y104.98 E39.5487
G1 X115.384 Y105.116 E39.55161
G1 X115.382 Y107.863 E39.60643
G1 X115.219 Y107.99 E39.61055
G1 X114.688 Y107.992 E39.62115
G1 X114.551 Y107.938 E39.62409
G1 X114.488 Y107.792 E39.62726
G1 X114.488 Y106.526 E39.65253
G1 X113.688 Y107.93 E39.68477
G1 X113.571 Y107.99 E39.6874
G1 F1496.3 X112.809 Y107.992 E39.70264
G1 F1442.3 X112.682 Y107.81 E39.70725
G1 X112.556 Y107.99 E39.71181
G1 F1496.3 X110.364 Y107.992 E39.75566
G1 F1500 X110.242 Y107.952 E39.75822
G1 X110.164 Y107.847 E39.76083
G1 F1507.5 X110.165 Y107.548 E39.76677
G1 F1554.4 X110.187 Y107.194 E39.7736
G1 F1578.9 X110.055 Y107.566 E39.78109
G1 F1522.8 X109.867 Y107.749 E39.78624
G1 F1500 X109.541 Y107.923 E39.79362
G1 X109.199 Y107.986 E39.80056
G1 X107.833 Y107.992 E39.82782
G1 X107.694 Y107.938 E39.83079
G1 F1522.8 X107.631 Y107.84 E39.83308
G1 F1562.5 X107.643 Y106.796 E39.85309
G1 F1550.4 X107.568 Y107.121 E39.85953
G1 F1511.3 X107.418 Y107.441 E39.86652
G1 F1503.8 X107.099 Y107.765 E39.87558
G1 F1500 X106.742 Y107.934 E39.88346
G1 X106.443 Y108.008 E39.88961
G1 X106.017 Y108.034 E39.89812
G1 F2700 E34.89812
G0 F9000 X105.968 Y108.342
G0 X105.481 Y108.204
G0 X105.009 Y107.972
G0 X104.636 Y107.598
G0 X104.442 Y107.193
G0 X104.332 Y106.751
G0 X104.526 Y104.511
G0 X104.374 Y104.282
;TYPE:SKIN
G1 F2700 E39.89812
G1 F1190.5 X104.343 Y104.337 E39.89971
G1 X104.28 Y104.337 E39.90129
G1 X104.248 Y104.282 E39.90289
G1 X104.279 Y104.227 E39.90448
G1 X104.342 Y104.227 E39.90607
G1 X104.374 Y104.282 E39.90767
G1 F2700 E34.90767
G0 F9000 X104.526 Y104.511
G0 X103.564 Y108.82
G0 X103.564 Y111.18
G0 X103.564 Y112.288
;TYPE:WALL-INNER
G1 F2700 E39.90767
G1 F940.4 X103.569 Y115.084 E39.99666
G0 F9000 X103.755 Y115.836
G0 X104.219 Y116.04
G1 F1041.7 X104.347 Y116.054 E40.00036
G1 F1013.5 X106.393 Y116.054 E40.06079
G1 F931.7 X106.73 Y116.003 E40.07174
G1 F937.5 X107.204 Y116.054 E40.08696
G1 F1020.4 X107.868 Y116.054 E40.10644
G1 F1006.7 X108.058 Y116.046 E40.1121
G0 F9000 X108.488 Y116.157
G1 F1237.1 X109.108 Y116.054 E40.1273
G1 X108.588 Y115.804 E40.14127
G1 F1570.7 X108.488 Y115.725 E40.14369
G1 F1217 X108.058 Y116.046 E40.15689
G1 X108.488 Y116.157 E40.16782
G0 F9000 X109.108 Y116.054
G1 F1006.7 X109.858 Y116.046 E40.19012
G0 F9000 X110 Y116.084
G1 F1438.8 X110.276 Y116.159 E40.19607
G1 F1239.7 X110.884 Y116.054 E40.21097
G1 X110.373 Y115.808 E40.22466
G1 F1379.3 X110.284 Y115.731 E40.22721
G1 F1094.9 X109.858 Y116.046 E40.2417
G1 F1132.1 X110 Y116.084 E40.24559
G0 F9000 X110.884 Y116.054
G1 F1006.7 X112.626 Y116.046 E40.29738
G0 F9000 X113.068 Y116.155
G1 F1232 X113.7 Y116.054 E40.31294
G1 X113.17 Y115.8 E40.32721
G1 F1363.6 X113.079 Y115.718 E40.3299
G1 F1090.9 X112.626 Y116.046 E40.34525
G1 F1212.1 X113.068 Y116.155 E40.35649
G0 F9000 X113.7 Y116.054
G1 F1020.4 X115.655 Y116.054 E40.41384
G0 F9000 X110.001 Y116.24
G0 X110 Y116.548
G1 F1500 X115.706 Y116.548 E40.52771
G1 X116.143 Y116.403 E40.5369
G1 X116.311 Y116.252 E40.54141
G1 X116.501 Y115.927 E40.54892
G1 X116.548 Y115.692 E40.5537
G1 F1562.5 X116.564 Y115.06 E40.56582
G1 X116.26 Y115.496 E40.576
G1 F1500 X115.988 Y115.56 E40.58157
G1 X113.7 Y115.56 E40.62723
G1 X113.38 Y115.468 E40.63388
G1 X113.229 Y115.333 E40.63792
G1 F1382.5 X113.068 Y115.015 E40.64564
G1 X112.907 Y115.333 E40.65336
G1 F1500 X112.756 Y115.468 E40.6574
G1 X112.519 Y115.56 E40.66247
G1 X111.794 Y115.56 E40.67694
G1 X111.66 Y115.519 E40.67974
G1 X111.521 Y115.56 E40.68263
G1 X110.884 Y115.56 E40.69534
G1 X110.574 Y115.474 E40.70176
G1 X110.422 Y115.344 E40.70575
G1 F1463.4 X110.276 Y115.013 E40.71315
G1 X110.13 Y115.344 E40.72055
G1 F1500 X109.978 Y115.474 E40.72454
G1 X109.751 Y115.56 E40.72939
G1 X109.108 Y115.56 E40.74222
G1 X108.793 Y115.471 E40.74875
G1 X108.682 Y115.383 E40.75158
G1 X108.544 Y115.166 E40.75671
G1 X108.507 Y114.959 E40.76091
G1 X108.432 Y115.166 E40.7653
G1 X108.294 Y115.383 E40.77043
G1 X108.183 Y115.471 E40.77326
G1 X107.951 Y115.56 E40.77822
G1 X107.204 Y115.56 E40.79313
G1 X106.955 Y115.507 E40.79821
G1 X106.835 Y115.434 E40.80101
G1 X106.73 Y115.289 E40.80458
G1 X106.625 Y115.434 E40.80815
G1 X106.334 Y115.56 E40.81448
G1 X104.173 Y115.559 E40.85761
G1 X103.919 Y115.44 E40.8632
G1 F1149.4 X103.569 Y115.084 E40.87621
G1 X103.449 Y115.705 E40.89268
G1 F1500 X103.593 Y116.143 E40.90188
G1 X103.744 Y116.311 E40.90639
G1 X104.07 Y116.501 E40.91392
G1 X104.297 Y116.548 E40.91854
G1 X110 Y116.548 E41.03235
G0 F9000 X110.001 Y116.24
G0 X110.276 Y115.873
G0 X110.276 Y115.013
G1 F1442.3 X110.278 Y113.318 E41.06753
G1 F2700 E36.06753
G0 F9000 X110.449 Y115.401
G0 X112.877 Y115.401
G0 X113.319 Y113.65
G0 X113.068 Y114.528
G1 F2700 E41.06753
G1 F1287.6 X113.068 Y115.015 E41.07885
G0 F9000 X113.068 Y114.528
G1 F1202.4 X113.464 Y113.903 E41.09727
G1 F1156.1 X113.912 Y113.876 E41.10889
G1 F1190.5 X113.912 Y113.339 E41.1224
G1 X113.872 Y113.372 E41.1237
G1 F1181.1 X113.543 Y113.375 E41.13204
G1 F1147.2 X113.37 Y113.387 E41.13656
G1 F1123.6 X113.103 Y113.387 E41.14368
G1 X113.103 Y113.654 E41.15079
G1 F1202.4 X113.068 Y114.528 E41.17257
G1 F2700 E36.17257
G0 F9000 X113.319 Y113.65
G0 X113.262 Y114.092
G0 X113.262 Y115.401
G0 X116.428 Y115.401
G0 X116.428 Y114.092
G0 X116.136 Y113.527
G1 F2700 E41.17257
G1 F1415.1 X116.136 Y112.288 E41.19878
G1 F1252.6 X116.081 Y111.815 E41.21016
G1 F2700 E36.21016
G0 F9000 X110 Y111.68
G1 F2700 E41.21016
G1 F1671.3 X110.532 Y111.675 E41.21968
G1 F1554.4 X111.182 Y111.785 E41.23238
G1 F1369.9 X111.385 Y111.939 E41.23795
G1 F1290.3 X111.482 Y111.794 E41.24199
G1 F1425.2 X111.774 Y111.709 E41.24838
G1 F1604.3 X113.872 Y111.703 E41.28753
G1 F1538.5 X114.131 Y111.742 E41.29263
G1 F1467 X114.218 Y111.802 E41.29478
G1 F1526.7 X114.462 Y111.709 E41.2999
G1 F1604.3 X115.124 Y111.703 E41.31225
G1 F1558.4 X115.663 Y112.022 E41.32428
G1 F1500 X115.724 Y112.288 E41.32973
G1 X115.724 Y113.928 E41.36246
G1 X116.076 Y113.934 E41.36948
G1 F1578.9 X116.568 Y114.528 E41.38411
G1 X116.548 Y113.527 E41.40309
G1 F1500 X116.548 Y111.348 E41.44657
G1 F1558.4 X115.124 Y111.333 E41.47393
G1 F1604.3 X114.43 Y111.335 E41.48687
G1 F1526.7 X114.218 Y111.352 E41.49104
G1 F1538.5 X113.872 Y111.333 E41.49779
G1 F1604.3 X111.742 Y111.335 E41.53753
G1 F1425.2 X111.337 Y111.38 E41.54609
G1 F1369.9 X111.063 Y111.353 E41.55211
G1 F1574.8 X110.46 Y111.324 E41.56358
G1 F1685.4 X109.849 Y111.324 E41.57443
G1 F1496.3 X109.308 Y111.368 E41.58529
G1 F1477.8 X108.84 Y111.333 E41.5948
G1 F1604.3 X108.15 Y111.335 E41.60767
G1 F1293.1 X107.536 Y111.424 E41.62203
G1 F1304.3 X106.788 Y111.333 E41.63933
G1 F1604.3 X106.094 Y111.335 E41.65228
G1 F1327.4 X105.536 Y111.411 E41.66498
G1 F1339.3 X104.844 Y111.333 E41.68054
G1 F1604.3 X104.146 Y111.335 E41.69356
G1 F1415.1 X103.72 Y111.384 E41.70264
G1 F1271.2 X103.484 Y111.384 E41.70819
G1 X103.484 Y111.62 E41.71375
G1 F1087 X103.564 Y112.288 E41.73228
G1 X103.871 Y111.8 E41.74816
G1 F1415.1 X104.178 Y111.709 E41.75493
G1 F1604.3 X104.844 Y111.703 E41.76736
G1 F1339.3 X105.34 Y111.847 E41.7789
G1 F1127.8 X105.456 Y112.015 E41.78432
G1 F1067.6 X105.536 Y112.288 E41.79229
G1 X105.616 Y112.015 E41.80027
G1 F1127.8 X105.732 Y111.847 E41.80569
G1 F1327.4 X106.126 Y111.709 E41.8151
G1 F1604.3 X106.788 Y111.703 E41.82746
G1 F1304.3 X107.319 Y111.87 E41.84023
G1 F1088.9 X107.505 Y112.292 E41.85291
G1 X107.567 Y112.292 E41.85461
G1 X107.753 Y111.87 E41.86729
G1 F1293.1 X108.182 Y111.709 E41.8779
G1 F1604.3 X108.84 Y111.703 E41.89018
G1 F1477.8 X109.186 Y111.772 E41.89732
G1 F1360.5 X109.284 Y111.856 E41.90016
G1 X109.396 Y111.791 E41.90301
G1 F1500 X109.876 Y111.681 E41.91284
G1 F1676 X110 Y111.68 E41.91505
G1 F2700 E36.91505
G0 F9000 X105.612 Y111.856
G0 X105.536 Y112.288
G1 F2700 E41.91505
G1 F985.2 X105.561 Y112.551 E41.92308
G1 F2700 E36.92308
G0 F9000 X105.612 Y111.856
G0 X110.509 Y111.805
G0 X115.563 Y111.85
G0 X116.27 Y113.65
G0 X116.568 Y114.528
G1 F2700 E41.92308
G1 F1648.4 X116.564 Y115.06 E41.93274
G0 F9000 X116.243 Y115.835
G0 X113.7 Y115.873
G0 X113.7 Y115.16
;TYPE:WALL-OUTER
G1 F1500 X113.543 Y115.085 E41.93621
G1 X113.5 Y114.978 E41.93851
G1 X113.5 Y114.528 E41.9475
G1 X113.637 Y114.328 E41.95233
G1 X114.364 Y114.328 E41.96684
G1 X114.364 Y113.412 E41.98512
G1 F1604.3 X114.39 Y112.78 E41.99692
G1 F1729.1 X114.391 Y112.288 E42.00544
G1 F1621.6 X114.428 Y112.144 E42.00819
G1 F1507.5 X114.529 Y112.091 E42.01045
G1 F1500 X115.124 Y112.088 E42.02232
G1 X115.324 Y112.211 E42.02701
G1 X115.324 Y114.328 E42.06926
G1 X116.018 Y114.33 E42.08311
G1 X116.188 Y114.528 E42.08831
G1 X116.186 Y114.995 E42.09763
G1 X116.064 Y115.159 E42.10171
G1 X113.7 Y115.16 E42.14889
G0 F9000 X113.7 Y115.873
G0 X111.66 Y115.873
G0 X111.66 Y114.978
G1 F1369.9 X111.655 Y113.145 E42.18894
G1 F2700 E37.18894
G0 F9000 X110.477 Y113.294
G0 X109.998 Y112.964
G1 F2700 E42.18894
G1 F1500 X109.915 Y113.08 E42.19179
G1 X109.872 Y113.274 E42.19576
G1 X109.868 Y114.978 E42.22976
G1 X109.822 Y115.088 E42.23214
G1 X109.703 Y115.158 E42.2349
G1 X109.027 Y115.16 E42.24839
G1 F1428.6 X108.91 Y115.017 E42.25226
G1 F1304.3 X108.835 Y113.1 E42.29629
G1 X108.042 Y115.041 E42.3444
G1 F1428.6 X107.903 Y115.158 E42.34821
G1 F1500 X107.204 Y115.16 E42.36216
G1 X107.081 Y115.118 E42.36475
G1 X107.016 Y115.029 E42.36695
G1 F1550.4 X106.756 Y114.278 E42.3823
G1 F1456.3 X106.623 Y114.028 E42.38812
G1 F1330.4 X106.5 Y113.69 E42.39621
G1 F1492.5 X106.386 Y113.235 E42.40562
G1 X106.438 Y113.7 E42.415
G1 F1330.4 X106.312 Y113.903 E42.42038
G1 F1388.9 X105.051 Y113.907 E42.44756
G1 F1449.3 X105.051 Y114.321 E42.45611
G1 F1388.9 X106.334 Y114.316 E42.48376
G1 F1442.3 X106.445 Y114.528 E42.48873
G1 F1558.4 X106.457 Y115.011 E42.49801
G1 F1519 X106.379 Y115.118 E42.50062
G1 F1500 X106.291 Y115.158 E42.50255
G1 X104.253 Y115.159 E42.54322
G1 X104.159 Y115.12 E42.54525
G1 X104.083 Y114.995 E42.54817
G1 X104.08 Y112.288 E42.60219
G1 X104.151 Y112.134 E42.60557
G1 X104.245 Y112.091 E42.60763
G1 X104.844 Y112.088 E42.61959
G1 X104.994 Y112.155 E42.62287
G1 X105.044 Y112.288 E42.6257
G1 X105.044 Y113.068 E42.64127
G1 F1534.5 X106.212 Y113.076 E42.66405
G1 F1587.3 X106.354 Y113.189 E42.66748
G1 F1546.4 X106.03 Y112.323 E42.68537
G1 F1500 X106.078 Y112.155 E42.68886
G1 X106.193 Y112.091 E42.69149
G1 X106.788 Y112.088 E42.70336
G1 X106.959 Y112.17 E42.70715
G1 X107.167 Y112.767 E42.71976
G1 X107.905 Y112.767 E42.73449
G1 X108.112 Y112.172 E42.74706
G1 X108.249 Y112.091 E42.75024
G1 X108.84 Y112.088 E42.76203
G1 X108.985 Y112.15 E42.76518
G1 F1449.3 X109.052 Y112.321 E42.76897
G1 F1255.2 X109.004 Y112.607 E42.77589
G1 F1232 X109.168 Y112.436 E42.78164
G1 F1415.1 X109.564 Y112.176 E42.79166
G1 F1500 X109.941 Y112.054 E42.79957
G1 X110.505 Y112.056 E42.81083
G1 X110.969 Y112.161 E42.82032
G1 X111.355 Y112.468 E42.83016
G1 F1492.5 X111.559 Y112.79 E42.83781
G1 F1421.8 X111.655 Y113.145 E42.84555
G1 F1425.2 X111.676 Y112.717 E42.85455
G1 F1500 X111.676 Y112.284 E42.86319
G1 X111.733 Y112.147 E42.86615
G1 X111.841 Y112.091 E42.86858
G1 X113.872 Y112.088 E42.90911
G1 F1507.5 X114.008 Y112.144 E42.91203
G1 F1621.6 X114.045 Y112.288 E42.91478
G1 F1729.1 X114.044 Y112.75 E42.92278
G1 F1604.3 X113.872 Y112.92 E42.92729
G1 F1500 X112.636 Y112.92 E42.95195
G1 X112.636 Y114.978 E42.99302
G1 X112.593 Y115.085 E42.99532
G1 X112.471 Y115.158 E42.99816
G1 X111.81 Y115.157 E43.01135
G1 F1438.8 X111.66 Y114.978 E43.01621
G1 X111.509 Y115.158 E43.0211
G1 F1500 X110.884 Y115.16 E43.03357
G1 X110.73 Y115.088 E43.03696
G1 X110.684 Y114.978 E43.03934
G1 X110.684 Y113.265 E43.07353
G1 X110.574 Y112.998 E43.07929
G1 X110.464 Y112.925 E43.08193
G1 X110.201 Y112.892 E43.08722
G1 X109.998 Y112.964 E43.09151
G0 F9000 X110.208 Y113.2
G0 X109.004 Y112.607
G1 F1145 X108.979 Y112.663 E43.09312
G1 F1109.1 X108.836 Y113.119 E43.10602
G1 F2700 E38.10602
G0 F9000 X108.836 Y110.085
G0 X117.803 Y110.097
G0 X117.815 Y114.12
G0 X106.386 Y113.235
G1 F2700 E43.10602
G1 F1704.5 X106.377 Y113.207 E43.10653
G1 F2700 E38.10653
G0 F9000 X105.921 Y112.803
G0 X105.282 Y111.85
G0 X103.845 Y111.85
G0 X103.845 Y115.401
G0 X110.001 Y116.24
G0 X110 Y116.948
G1 F2700 E43.10653
G1 F1500 X115.747 Y116.948 E43.22122
G1 X116.049 Y116.884 E43.22738
G1 X116.365 Y116.742 E43.23429
G1 X116.61 Y116.521 E43.24088
G1 X116.773 Y116.295 E43.24644
G1 X116.884 Y116.05 E43.25181
G1 X116.948 Y115.732 E43.25828
G1 X116.948 Y110.948 E43.35375
G1 X103.048 Y110.948 E43.63114
G1 X103.049 Y115.747 E43.72691
G1 X103.112 Y116.049 E43.73307
G1 X103.254 Y116.365 E43.73998
G1 X103.475 Y116.61 E43.74656
G1 X103.701 Y116.774 E43.75214
G1 X103.946 Y116.884 E43.7575
G1 X104.257 Y116.948 E43.76383
G1 X110 Y116.948 E43.87844
G0 F9000 X110.001 Y116.173
G1 F2700 E38.87844
G0 F9000 X108.671 Y115.401
G0 X108.656 Y114.049
G0 X107.603 Y113.666
G1 F2700 E43.87844
G1 F1094.9 X107.569 Y113.725 E43.8803
G1 X107.501 Y113.725 E43.88216
G1 X107.467 Y113.666 E43.88402
G1 X107.501 Y113.607 E43.88588
G1 X107.569 Y113.607 E43.88774
G1 X107.603 Y113.666 E43.8896
G1 F2700 E38.8896
;MESH:NONMESH
G0 F300 Z0.56
G0 F9000 X107.603 Y110.085
G0 X106.245 Y109.915
G0 X106.028 Y106.771
;TIME_ELAPSED:138.677091
;LAYER:3
M106 S255
;TYPE:WALL-INNER
;MESH:Lens_Openscad 2.stl
G1 F2700 E43.8896
G1 F1583.1 X106.234 Y106.767 E43.8935
G1 X106.315 Y106.448 E43.89972
G1 X106.269 Y106.192 E43.90464
G1 X106.221 Y106.134 E43.90607
G1 X106.088 Y106.112 E43.90861
G1 X106.001 Y106.176 E43.91066
G1 X105.948 Y106.307 E43.91333
G1 X105.961 Y106.658 E43.91997
G1 X106.028 Y106.771 E43.92245
G0 F9000 X106.056 Y107.185
;TYPE:WALL-OUTER
G1 F1500 X106.319 Y107.16 E43.92773
G1 X106.539 Y107.024 E43.93289
G1 X106.661 Y106.794 E43.93808
G1 X106.706 Y106.456 E43.94489
G1 X106.683 Y106.199 E43.95004
G1 X106.614 Y106 E43.95424
G1 X106.434 Y105.779 E43.95993
G1 X106.125 Y105.718 E43.96621
G1 X105.842 Y105.789 E43.97204
G1 X105.671 Y105.954 E43.97678
G1 X105.568 Y106.213 E43.98234
G1 X105.542 Y106.457 E43.98724
G1 X105.585 Y106.788 E43.9939
G1 X105.773 Y107.102 E44.0012
G1 X106.056 Y107.185 E44.00709
G1 F2700 E39.00709
G0 F9000 X106.089 Y106.875
G0 X106.442 Y106.719
G0 X108.872 Y106.952
G0 X108.608 Y107.139
G1 F2700 E44.00709
G1 F1388.9 X108.608 Y106.705 E44.01644
G1 X109.09 Y106.707 E44.02683
G1 F1392.1 X109.213 Y106.788 E44.03
G1 X109.239 Y107.007 E44.03474
G1 X109.172 Y107.101 E44.03722
G1 X109.052 Y107.137 E44.03991
G1 F1388.9 X108.608 Y107.139 E44.04948
G1 F2700 E39.04948
G0 F9000 X108.872 Y106.952
G0 X108.874 Y108.201
G0 X109.275 Y108.513
;TYPE:WALL-INNER
G1 F2700 E44.04948
G1 F903.6 X107.834 Y108.52 E44.09722
G0 F9000 X107.253 Y108.627
G1 F1090.9 X107.834 Y108.52 E44.11343
G1 X107.405 Y108.244 E44.12743
G1 F1354.4 X107.319 Y108.127 E44.13064
G1 X106.964 Y108.299 E44.13936
G1 F1094.9 X106.553 Y108.523 E44.15215
G1 F1061.9 X106.883 Y108.61 E44.16177
G1 F1304.3 X107.253 Y108.627 E44.17027
G0 F9000 X106.553 Y108.523
G1 F949.4 X106.048 Y108.542 E44.18621
G1 F923.1 X105.5 Y108.503 E44.20402
G0 F9000 X105.046 Y108.418
G0 X104.509 Y108.249
G1 F1507.5 X104.181 Y107.924 E44.21319
G1 X103.963 Y107.469 E44.22321
G1 X103.847 Y107.091 E44.23106
G1 X103.847 Y108.249 E44.25405
G1 X104.509 Y108.249 E44.2672
G0 F9000 X104.064 Y107.331
G0 X103.986 Y106.842
G0 X103.849 Y105.834
G1 F1500 X103.959 Y105.47 E44.27479
G1 X104.095 Y105.173 E44.28131
G1 X104.29 Y104.891 E44.28815
G1 X104.577 Y104.598 E44.29633
G1 X104.999 Y104.315 E44.30647
G1 F1595.7 X105.413 Y104.184 E44.31462
G1 F1775.1 X105.811 Y104.134 E44.32138
G1 F1869.2 X106.34 Y104.122 E44.32986
G1 F1829.3 X106.623 Y104.151 E44.33451
G1 F1666.7 X107.25 Y104.292 E44.34606
G1 F1617.3 X107.488 Y104.197 E44.3508
G1 F1165 X107.832 Y103.982 E44.36122
G1 X107.425 Y103.845 E44.37226
G1 F1534.5 X107.207 Y103.858 E44.37652
G1 F1578.9 X106.672 Y103.819 E44.38668
G1 F1829.3 X106.328 Y103.806 E44.39232
G1 F1869.2 X105.784 Y103.811 E44.40103
G1 F1652.9 X105.013 Y103.848 E44.41501
G1 F1500 X104.335 Y103.848 E44.42854
G1 X104.076 Y103.932 E44.43397
G1 X103.879 Y104.192 E44.44048
G1 X103.849 Y104.344 E44.44357
G1 X103.849 Y105.834 E44.47331
G0 F9000 X104.299 Y105.107
G0 X104.686 Y104.705
G0 X105.056 Y104.463
G0 X105.392 Y104.337
G0 X107.832 Y103.982
G1 F898.2 X108.392 Y103.982 E44.49197
G0 F9000 X109.231 Y104.28
G0 X109.378 Y104.678
G1 F1092.9 X109.579 Y104.383 E44.50175
G1 F1339.3 X110.02 Y104.205 E44.51238
G1 F1376.1 X110.18 Y104.068 E44.51696
G1 F1005 X110.364 Y103.982 E44.52301
G1 F1183.4 X109.96 Y103.864 E44.53366
G1 F1339.3 X109.378 Y103.922 E44.54673
G1 F986.8 X108.392 Y103.982 E44.57669
G1 X109.177 Y104.383 E44.60343
G1 F1092.9 X109.378 Y104.678 E44.61321
G0 F9000 X109.513 Y104.32
G0 X110.364 Y103.982
G1 F898.2 X112.544 Y103.982 E44.68586
G1 F888.9 X112.72 Y103.989 E44.69179
G1 X113.392 Y103.982 E44.71442
G0 F9000 X113.971 Y104.288
G1 F1333.3 X114.184 Y104.196 E44.71963
G1 F1162.8 X114.528 Y103.982 E44.73006
G1 F1013.5 X114.071 Y103.824 E44.74434
G1 X113.392 Y103.982 E44.76493
G1 F996.7 X113.971 Y104.288 E44.7846
G0 F9000 X114.528 Y103.982
G1 F898.2 X115.184 Y103.982 E44.80646
G0 F9000 X116.023 Y104.28
G0 X116.166 Y105.116
G1 F1630.4 X116.166 Y107.917 E44.85789
G1 F1449.3 X116.119 Y108.219 E44.8642
G0 F9000 X115.31 Y108.515
G1 F906.3 X114.688 Y108.52 E44.88475
G0 F9000 X114.112 Y108.627
G1 F1092.9 X114.688 Y108.52 E44.90079
G1 X114.263 Y108.245 E44.91466
G1 F1357.5 X114.125 Y108.013 E44.92061
G1 X113.961 Y108.245 E44.92688
G1 F1081.1 X113.662 Y108.515 E44.93803
G1 X114.112 Y108.627 E44.95087
G0 F9000 X113.662 Y108.515
G1 F906.3 X110.364 Y108.52 E45.05979
G0 F9000 X109.885 Y108.645
G1 F1127.8 X110.364 Y108.52 E45.07293
G1 F1010.1 X109.899 Y108.202 E45.08963
G1 F1279.3 X109.666 Y108.3 E45.09554
G1 F1111.1 X109.275 Y108.513 E45.10754
G1 X109.7 Y108.644 E45.11952
G1 F1474.2 X109.885 Y108.645 E45.12328
G1 F2700 E40.12328
G0 F9000 X115.623 Y108.231
G0 X116.166 Y105.116
G1 F2700 E45.12328
G1 F1587.3 X116.152 Y104.335 E45.13801
G1 F1526.7 X116.068 Y104.074 E45.14338
G1 X115.803 Y103.874 E45.14989
G1 X115.641 Y103.845 E45.15312
G1 F1132.1 X115.184 Y103.982 E45.16573
G1 F1127.8 X115.693 Y104.258 E45.1811
G1 F1522.8 X115.917 Y104.44 E45.18678
G1 F1587.3 X116.166 Y105.116 E45.20036
G0 F9000 X116.023 Y104.28
G0 X105.897 Y104.238
G0 X105.47 Y104.308
G0 X105.056 Y104.463
G0 X104.686 Y104.705
G0 X104.299 Y105.107
G0 X104.064 Y105.606
G0 X103.926 Y106.469
G0 X104.064 Y107.331
G0 X104.305 Y107.832
G0 X104.684 Y108.213
G0 X104.891 Y108.648
G1 F1298.7 X105.274 Y108.586 E45.2093
G1 F1123.6 X105.516 Y108.497 E45.21617
G1 F1271.2 X104.847 Y108.025 E45.23545
G1 F1500 X104.502 Y107.67 E45.24533
G1 X104.323 Y107.296 E45.25361
G1 X104.282 Y107.186 E45.25595
G1 F1222 X104.115 Y106.891 E45.26425
G1 F1047.1 X104.094 Y106.464 E45.27647
G1 F1039.9 X104.123 Y105.988 E45.2902
G1 F1212.1 X104.287 Y105.736 E45.29763
G1 F1500 X104.322 Y105.637 E45.29972
G1 X104.501 Y105.246 E45.3083
G1 X104.832 Y104.912 E45.31769
G1 X105.162 Y104.687 E45.32566
G1 X105.537 Y104.547 E45.33365
G1 X105.965 Y104.484 E45.34228
G1 X106.433 Y104.479 E45.35162
G1 X107.097 Y104.689 E45.36552
G1 X107.321 Y104.85 E45.37102
G1 X107.357 Y104.749 E45.37316
G1 X107.457 Y104.646 E45.37603
G1 X107.757 Y104.516 E45.38255
G1 X108.392 Y104.516 E45.39522
G1 X108.831 Y104.706 E45.40477
G1 X108.935 Y104.859 E45.40846
G1 X108.992 Y105.107 E45.41354
G1 X108.992 Y105.436 E45.42011
G1 X109.479 Y105.506 E45.42992
G1 X109.764 Y105.608 E45.43597
G1 X109.764 Y105.107 E45.44596
G1 X109.821 Y104.859 E45.45104
G1 X109.925 Y104.706 E45.45473
G1 X110.152 Y104.554 E45.46019
G1 X110.289 Y104.516 E45.46302
G1 X112.606 Y104.516 E45.50926
G1 X112.803 Y104.523 E45.51319
G1 X113.392 Y104.516 E45.52495
G1 X113.675 Y104.586 E45.53077
G1 X113.914 Y104.82 E45.53744
G1 X113.944 Y104.93 E45.53972
G1 X114.147 Y104.651 E45.5466
G1 X114.447 Y104.516 E45.55317
G1 X115.184 Y104.516 E45.56788
G1 X115.417 Y104.562 E45.57262
G1 X115.625 Y104.708 E45.57769
G1 X115.784 Y105.116 E45.58643
G1 X115.784 Y107.871 E45.6414
G1 X115.73 Y108.041 E45.64496
G1 F1123.6 X115.31 Y108.515 E45.66184
G1 F998.3 X115.714 Y108.582 E45.67411
G1 F1284.8 X116.119 Y108.648 E45.68368
G1 F1500 X116.548 Y108.648 E45.69224
G1 X116.548 Y104.294 E45.77913
G1 X116.502 Y104.072 E45.78365
G1 X116.403 Y103.856 E45.78839
G1 X116.251 Y103.684 E45.79297
G1 X115.926 Y103.495 E45.80047
G1 X115.699 Y103.449 E45.8051
G1 X110.167 Y103.448 E45.91549
G1 X109.96 Y103.475 E45.91966
G1 X109.378 Y103.448 E45.93129
G1 X104.294 Y103.448 E46.03274
G1 X103.855 Y103.593 E46.04197
G1 X103.684 Y103.745 E46.04654
G1 X103.495 Y104.069 E46.05402
G1 X103.449 Y104.304 E46.0588
G1 X103.449 Y105.629 E46.08524
G1 F1212.1 X103.543 Y105.914 E46.09265
G1 F1039.9 X103.53 Y106.464 E46.10849
G1 F1047.1 X103.539 Y106.941 E46.12213
G1 F1222 X103.448 Y107.291 E46.13099
G1 F1500 X103.448 Y108.648 E46.15807
G1 X104.891 Y108.648 E46.18686
G0 F9000 X104.856 Y108.41
G0 X105.968 Y108.342
G0 X106.017 Y108.034
;TYPE:WALL-OUTER
G1 F1500 X105.556 Y107.962 E46.19618
G1 X105.152 Y107.764 E46.20515
G1 X104.847 Y107.456 E46.2138
G1 X104.683 Y107.123 E46.22121
G1 X104.599 Y106.807 E46.22774
G1 X104.576 Y106.45 E46.23488
G1 X104.602 Y106.113 E46.24162
G1 X104.686 Y105.804 E46.24801
G1 X104.837 Y105.475 E46.25523
G1 X105.1 Y105.209 E46.2627
G1 X105.37 Y105.036 E46.2691
G1 X105.654 Y104.934 E46.27512
G1 X105.938 Y104.886 E46.28087
G1 X106.372 Y104.88 E46.28953
G1 X106.926 Y105.051 E46.3011
G1 X107.272 Y105.33 E46.30997
G1 X107.452 Y105.575 E46.31604
G1 X107.596 Y105.903 E46.32319
G1 F1604.3 X107.658 Y106.321 E46.33107
G1 X107.632 Y105.896 E46.33902
G1 F1500 X107.632 Y105.112 E46.35466
G1 X107.673 Y104.993 E46.35717
G1 X107.797 Y104.918 E46.36007
G1 X108.392 Y104.916 E46.37194
G1 X108.539 Y104.979 E46.37513
G1 X108.592 Y105.116 E46.37806
G1 X108.592 Y105.857 E46.39285
G1 X109.145 Y105.862 E46.40389
G1 X109.448 Y105.906 E46.41
G1 X109.781 Y106.053 E46.41726
G1 X109.943 Y106.191 E46.42151
G1 F1562.5 X110.123 Y106.446 E46.42749
G1 F1694.9 X110.195 Y106.841 E46.43458
G1 F1626 X110.164 Y106.408 E46.44257
G1 F1500 X110.164 Y105.113 E46.46841
G1 X110.217 Y104.979 E46.47129
G1 X110.329 Y104.918 E46.47383
G1 X112.6 Y104.918 E46.51915
G1 F1595.7 X112.72 Y105.116 E46.5235
G1 X112.84 Y104.918 E46.52784
G1 F1500 X113.463 Y104.916 E46.54027
G1 X113.592 Y105.042 E46.54387
G1 X113.593 Y106.357 E46.57011
G1 X114.38 Y104.971 E46.60192
G1 X114.493 Y104.918 E46.60441
G1 X115.241 Y104.916 E46.61934
G1 X115.331 Y104.98 E46.62154
G1 X115.384 Y105.116 E46.62446
G1 X115.382 Y107.863 E46.67927
G1 X115.219 Y107.99 E46.6834
G1 X114.688 Y107.992 E46.694
G1 X114.551 Y107.938 E46.69693
G1 X114.488 Y107.792 E46.70011
G1 X114.488 Y106.526 E46.72537
G1 X113.688 Y107.93 E46.75762
G1 X113.571 Y107.99 E46.76024
G1 F1496.3 X112.809 Y107.992 E46.77549
G1 F1442.3 X112.682 Y107.81 E46.78009
G1 X112.556 Y107.99 E46.78465
G1 F1496.3 X110.364 Y107.992 E46.82851
G1 F1500 X110.245 Y107.953 E46.83101
G1 X110.164 Y107.833 E46.8339
G1 F1507.5 X110.165 Y107.541 E46.83969
G1 F1604.3 X110.189 Y107.162 E46.84678
G1 X110.06 Y107.562 E46.85462
G1 F1500 X109.8 Y107.801 E46.86167
G1 X109.588 Y107.905 E46.86638
G1 X109.183 Y107.986 E46.87462
G1 X107.833 Y107.992 E46.90156
G1 X107.694 Y107.938 E46.90454
G1 F1522.8 X107.631 Y107.84 E46.90683
G1 F1562.5 X107.643 Y106.796 E46.92683
G1 F1550.4 X107.568 Y107.121 E46.93327
G1 F1511.3 X107.418 Y107.441 E46.94027
G1 F1503.8 X107.099 Y107.765 E46.94932
G1 F1500 X106.742 Y107.934 E46.95721
G1 X106.443 Y108.008 E46.96335
G1 X106.017 Y108.034 E46.97187
G1 F2700 E41.97187
G0 F9000 X105.968 Y108.342
G0 X107.423 Y107.737
G0 X107.643 Y106.796
G1 F2700 E46.97187
G1 F1652.9 X107.658 Y106.321 E46.98048
G1 F2700 E41.98048
G0 F9000 X110.198 Y106.884
G1 F2700 E46.98048
G1 F1764.7 X110.19 Y107.143 E46.98487
G1 X110.198 Y106.884 E46.98927
G0 F9000 X111.26 Y107.024
G1 F892.9 X112.298 Y107.024 E47.02407
G1 F952.4 X112.602 Y107.169 E47.03465
G1 F1181.1 X112.682 Y107.36 E47.0399
G1 F1398.6 X112.682 Y107.81 E47.04953
G0 F9000 X112.602 Y107.169
G1 F1092.9 X112.641 Y107.003 E47.0542
G1 F1500 X112.759 Y106.82 E47.05855
G1 F2033.9 X112.76 Y106.164 E47.0682
G1 F1363.6 X112.606 Y105.921 E47.07452
G1 F1049 X112.614 Y105.771 E47.07881
G1 X112.523 Y105.838 E47.08203
G1 F1287.6 X112.3 Y105.724 E47.08785
G1 F1704.5 X111.1 Y105.724 E47.10893
G1 X111.1 Y106.076 E47.11511
G1 X112.3 Y106.076 E47.13618
G1 F1287.6 X112.485 Y105.994 E47.14089
G1 F1098.9 X112.48 Y106.91 E47.16584
G1 F1015.2 X112.298 Y107.024 E47.17217
G1 F952.4 X112.602 Y107.169 E47.18276
G0 F9000 X112.614 Y105.771
G1 F1307.2 X112.719 Y105.578 E47.18779
G1 F1699.7 X112.72 Y105.116 E47.19592
G1 F2700 E42.19592
G0 F9000 X112.72 Y104.208
G0 X115.623 Y104.68
G0 X115.623 Y108.231
G0 X110 Y108.74
G0 X110 Y109.048
G1 F2700 E47.19592
G1 F1500 X116.948 Y109.048 E47.33458
G1 X116.948 Y104.253 E47.43027
G1 X116.884 Y103.947 E47.43651
G1 X116.742 Y103.635 E47.44335
G1 X116.521 Y103.386 E47.44999
G1 X116.295 Y103.223 E47.45555
G1 X116.05 Y103.112 E47.46092
G1 X115.739 Y103.049 E47.46725
G1 X110.167 Y103.048 E47.57845
G1 X109.96 Y103.057 E47.58258
G1 X109.378 Y103.048 E47.5942
G1 X104.253 Y103.048 E47.69647
G1 X103.947 Y103.112 E47.70271
G1 X103.635 Y103.254 E47.70955
G1 X103.386 Y103.475 E47.7162
G1 X103.223 Y103.701 E47.72176
G1 X103.112 Y103.946 E47.72713
G1 X103.049 Y104.264 E47.7336
G1 X103.048 Y109.048 E47.82907
G1 X110 Y109.048 E47.9678
G1 F2700 E42.9678
G0 F9000 X110 Y108.74
G0 X105.481 Y108.204
G0 X105.009 Y107.972
G0 X104.636 Y107.598
G0 X104.443 Y107.195
G0 X104.349 Y106.607
G0 X104.526 Y104.511
G0 X104.374 Y104.282
;TYPE:SKIN
G1 F2700 E47.9678
G1 F1190.5 X104.343 Y104.337 E47.96939
G1 X104.28 Y104.337 E47.97097
G1 X104.248 Y104.282 E47.97257
G1 X104.279 Y104.227 E47.97416
G1 X104.342 Y104.227 E47.97574
G1 X104.374 Y104.282 E47.97734
G1 F2700 E42.97734
G0 F9000 X104.526 Y104.511
G0 X103.564 Y108.82
G0 X103.564 Y111.18
G0 X103.564 Y112.288
;TYPE:WALL-INNER
G1 F2700 E47.97734
G1 F940.4 X103.569 Y115.084 E48.06634
G0 F9000 X103.755 Y115.836
G0 X104.219 Y116.04
G1 F1041.7 X104.347 Y116.054 E48.07004
G1 F1013.5 X106.393 Y116.054 E48.13047
G1 F931.7 X106.73 Y116.003 E48.14142
G1 F937.5 X107.204 Y116.054 E48.15664
G1 F1020.4 X107.868 Y116.054 E48.17612
G1 F1006.7 X108.058 Y116.046 E48.18177
G0 F9000 X108.488 Y116.157
G1 F1237.1 X109.108 Y116.054 E48.19698
G1 X108.588 Y115.804 E48.21094
G1 F1570.7 X108.488 Y115.725 E48.21337
G1 F1217 X108.058 Y116.046 E48.22657
G1 X108.488 Y116.157 E48.23749
G0 F9000 X109.108 Y116.054
G1 F1006.7 X109.858 Y116.046 E48.2598
G0 F9000 X110 Y116.084
G1 F1438.8 X110.276 Y116.159 E48.26575
G1 F1239.7 X110.884 Y116.054 E48.28064
G1 X110.373 Y115.808 E48.29434
G1 F1379.3 X110.284 Y115.731 E48.29689
G1 F1094.9 X109.858 Y116.046 E48.31138
G1 F1132.1 X110 Y116.084 E48.31526
G0 F9000 X110.884 Y116.054
G1 F1006.7 X112.626 Y116.046 E48.36706
G0 F9000 X113.068 Y116.155
G1 F1232 X113.7 Y116.054 E48.38261
G1 X113.17 Y115.8 E48.39689
G1 F1363.6 X113.079 Y115.718 E48.39958
G1 F1090.9 X112.626 Y116.046 E48.41493
G1 F1212.1 X113.068 Y116.155 E48.42617
G0 F9000 X113.7 Y116.054
G1 F1020.4 X115.655 Y116.054 E48.48352
G0 F9000 X110.001 Y116.24
G0 X110 Y116.548
G1 F1500 X115.706 Y116.548 E48.59739
G1 X116.143 Y116.403 E48.60658
G1 X116.311 Y116.252 E48.61109
G1 X116.501 Y115.927 E48.6186
G1 X116.548 Y115.692 E48.62338
G1 F1562.5 X116.564 Y115.06 E48.63549
G1 X116.26 Y115.496 E48.64568
G1 F1500 X115.988 Y115.56 E48.65125
G1 X113.7 Y115.56 E48.69691
G1 X113.38 Y115.468 E48.70356
G1 X113.229 Y115.333 E48.7076
G1 F1382.5 X113.068 Y115.015 E48.71532
G1 X112.907 Y115.333 E48.72303
G1 F1500 X112.756 Y115.468 E48.72708
G1 X112.519 Y115.56 E48.73215
G1 X111.794 Y115.56 E48.74662
G1 X111.66 Y115.519 E48.74941
G1 X111.521 Y115.56 E48.75231
G1 X110.884 Y115.56 E48.76502
G1 X110.574 Y115.474 E48.77144
G1 X110.422 Y115.344 E48.77543
G1 F1463.4 X110.276 Y115.013 E48.78283
G1 X110.13 Y115.344 E48.79023
G1 F1500 X109.978 Y115.474 E48.79422
G1 X109.751 Y115.56 E48.79907
G1 X109.108 Y115.56 E48.8119
G1 X108.793 Y115.471 E48.81843
G1 X108.682 Y115.383 E48.82126
G1 X108.544 Y115.166 E48.82639
G1 X108.507 Y114.959 E48.83058
G1 X108.432 Y115.166 E48.83498
G1 X108.294 Y115.383 E48.84011
G1 X108.183 Y115.471 E48.84294
G1 X107.951 Y115.56 E48.8479
G1 X107.204 Y115.56 E48.8628
G1 X106.955 Y115.507 E48.86788
G1 X106.835 Y115.434 E48.87069
G1 X106.73 Y115.289 E48.87426
G1 X106.625 Y115.434 E48.87783
G1 X106.334 Y115.56 E48.88416
G1 X104.173 Y115.559 E48.92728
G1 X103.919 Y115.44 E48.93288
G1 F1149.4 X103.569 Y115.084 E48.94588
G1 X103.449 Y115.705 E48.96236
G1 F1500 X103.593 Y116.143 E48.97156
G1 X103.744 Y116.311 E48.97606
G1 X104.07 Y116.501 E48.98359
G1 X104.297 Y116.548 E48.98822
G1 X110 Y116.548 E49.10203
G0 F9000 X110.001 Y116.24
G0 X110.276 Y115.873
G0 X110.276 Y115.013
G1 F1442.3 X110.278 Y113.318 E49.13721
G1 F2700 E44.13721
G0 F9000 X110.449 Y115.401
G0 X112.877 Y115.401
G0 X113.319 Y113.65
G0 X113.068 Y114.528
G1 F2700 E49.13721
G1 F1287.6 X113.068 Y115.015 E49.14853
G0 F9000 X113.068 Y114.528
G1 F1202.4 X113.464 Y113.903 E49.16695
G1 F1156.1 X113.912 Y113.876 E49.17857
G1 F1190.5 X113.912 Y113.339 E49.19207
G1 X113.872 Y113.372 E49.19338
G1 F1181.1 X113.543 Y113.375 E49.20172
G1 F1147.2 X113.37 Y113.387 E49.20624
G1 F1123.6 X113.103 Y113.387 E49.21336
G1 X113.103 Y113.654 E49.22047
G1 F1202.4 X113.068 Y114.528 E49.24224
G1 F2700 E44.24224
G0 F9000 X113.319 Y113.65
G0 X113.262 Y114.092
G0 X113.262 Y115.401
G0 X116.428 Y115.401
G0 X116.428 Y114.092
G0 X116.136 Y113.527
G1 F2700 E49.24224
G1 F1415.1 X116.136 Y112.288 E49.26845
G1 F1252.6 X116.081 Y111.815 E49.27983
G1 F2700 E44.27983
G0 F9000 X110 Y111.693
G1 F2700 E49.27983
G1 F1583.1 X110.205 Y111.671 E49.28373
G1 F1612.9 X110.628 Y111.688 E49.29159
G1 F1425.2 X111.225 Y111.831 E49.30448
G1 F1279.3 X111.363 Y111.917 E49.30829
G1 X111.471 Y111.799 E49.31203
G1 F1418.4 X111.774 Y111.709 E49.3187
G1 F1604.3 X113.872 Y111.703 E49.35785
G1 F1538.5 X114.131 Y111.742 E49.36294
G1 F1467 X114.218 Y111.802 E49.3651
G1 F1526.7 X114.462 Y111.709 E49.37022
G1 F1604.3 X115.124 Y111.703 E49.38257
G1 F1558.4 X115.663 Y112.022 E49.3946
G1 F1500 X115.724 Y112.288 E49.40005
G1 X115.724 Y113.928 E49.43278
G1 X116.076 Y113.934 E49.4398
G1 F1578.9 X116.568 Y114.528 E49.45442
G1 X116.548 Y113.527 E49.47341
G1 F1500 X116.548 Y111.348 E49.51689
G1 F1558.4 X115.124 Y111.333 E49.54424
G1 F1604.3 X114.43 Y111.335 E49.55719
G1 F1526.7 X114.218 Y111.352 E49.56136
G1 F1538.5 X113.872 Y111.333 E49.5681
G1 F1604.3 X111.742 Y111.335 E49.60785
G1 F1418.4 X111.322 Y111.383 E49.61677
G1 F1421.8 X110.75 Y111.337 E49.62885
G1 F1652.9 X110.228 Y111.323 E49.63831
G1 F1621.6 X109.62 Y111.342 E49.64954
G1 F1435.4 X109.317 Y111.37 E49.65588
G1 F1474.2 X108.84 Y111.333 E49.6656
G1 F1604.3 X108.15 Y111.335 E49.67847
G1 F1293.1 X107.536 Y111.424 E49.69283
G1 F1304.3 X106.788 Y111.333 E49.71013
G1 F1604.3 X106.094 Y111.335 E49.72308
G1 F1327.4 X105.536 Y111.411 E49.73578
G1 F1339.3 X104.844 Y111.333 E49.75134
G1 F1604.3 X104.146 Y111.335 E49.76436
G1 F1415.1 X103.72 Y111.384 E49.77343
G1 F1271.2 X103.484 Y111.384 E49.77899
G1 X103.484 Y111.62 E49.78455
G1 F1087 X103.564 Y112.288 E49.80308
G1 X103.871 Y111.8 E49.81895
G1 F1415.1 X104.178 Y111.709 E49.82573
G1 F1604.3 X104.844 Y111.703 E49.83816
G1 F1339.3 X105.34 Y111.847 E49.8497
G1 F1127.8 X105.456 Y112.015 E49.85512
G1 F1067.6 X105.536 Y112.288 E49.86309
G1 X105.616 Y112.015 E49.87107
G1 F1127.8 X105.732 Y111.847 E49.87649
G1 F1327.4 X106.126 Y111.709 E49.8859
G1 F1604.3 X106.788 Y111.703 E49.89826
G1 F1304.3 X107.319 Y111.87 E49.91103
G1 F1088.9 X107.505 Y112.292 E49.92371
G1 X107.567 Y112.292 E49.92541
G1 X107.753 Y111.87 E49.93809
G1 F1293.1 X108.182 Y111.709 E49.9487
G1 F1604.3 X108.84 Y111.703 E49.96098
G1 F1474.2 X109.192 Y111.775 E49.96827
G1 F1351.4 X109.277 Y111.858 E49.9709
G1 F1425.2 X109.539 Y111.742 E49.97692
G1 F1526.7 X110 Y111.693 E49.98601
G1 F2700 E44.98601
G0 F9000 X105.612 Y111.856
G0 X105.536 Y112.288
G1 F2700 E49.98601
G1 F985.2 X105.561 Y112.551 E49.99404
G1 F2700 E44.99404
G0 F9000 X105.612 Y111.856
G0 X110.599 Y111.822
G0 X115.563 Y111.85
G0 X116.27 Y113.65
G0 X116.568 Y114.528
G1 F2700 E49.99404
G1 F1648.4 X116.564 Y115.06 E50.0037
G0 F9000 X116.243 Y115.835
G0 X113.7 Y115.873
G0 X113.7 Y115.16
;TYPE:WALL-OUTER
G1 F1500 X113.543 Y115.085 E50.00717
G1 X113.5 Y114.978 E50.00947
G1 X113.5 Y114.528 E50.01845
G1 X113.637 Y114.328 E50.02329
G1 X114.364 Y114.328 E50.0378
G1 X114.364 Y113.412 E50.05608
G1 F1604.3 X114.39 Y112.78 E50.06788
G1 F1729.1 X114.391 Y112.288 E50.0764
G1 F1621.6 X114.428 Y112.144 E50.07914
G1 F1507.5 X114.529 Y112.091 E50.08141
G1 F1500 X115.124 Y112.088 E50.09328
G1 X115.324 Y112.211 E50.09797
G1 X115.324 Y114.328 E50.14021
G1 X116.018 Y114.33 E50.15406
G1 X116.188 Y114.528 E50.15927
G1 X116.186 Y114.995 E50.16859
G1 X116.064 Y115.159 E50.17267
G1 X113.7 Y115.16 E50.21985
G0 F9000 X113.7 Y115.873
G0 X111.66 Y115.873
G0 X111.66 Y114.978
G1 F1379.3 X111.658 Y113.174 E50.259
G1 F2700 E45.259
G0 F9000 X110.477 Y113.294
G0 X110 Y112.992
G1 F2700 E50.259
G1 F1507.5 X109.915 Y113.08 E50.26143
G1 F1500 X109.872 Y113.274 E50.26539
G1 X109.868 Y114.978 E50.2994
G1 X109.822 Y115.088 E50.30178
G1 X109.703 Y115.158 E50.30453
G1 X109.027 Y115.16 E50.31802
G1 F1428.6 X108.91 Y115.017 E50.32189
G1 F1304.3 X108.835 Y113.1 E50.36592
G1 X108.042 Y115.041 E50.41404
G1 F1428.6 X107.903 Y115.158 E50.41785
G1 F1500 X107.204 Y115.16 E50.4318
G1 X107.081 Y115.118 E50.43439
G1 X107.016 Y115.029 E50.43659
G1 F1550.4 X106.756 Y114.278 E50.45193
G1 F1456.3 X106.623 Y114.028 E50.45775
G1 F1330.4 X106.5 Y113.69 E50.46585
G1 F1492.5 X106.386 Y113.235 E50.47526
G1 X106.438 Y113.7 E50.48464
G1 F1330.4 X106.312 Y113.903 E50.49002
G1 F1388.9 X105.051 Y113.907 E50.51719
G1 F1449.3 X105.051 Y114.321 E50.52574
G1 F1388.9 X106.334 Y114.316 E50.5534
G1 F1442.3 X106.445 Y114.528 E50.55836
G1 F1558.4 X106.457 Y115.011 E50.56764
G1 F1519 X106.379 Y115.118 E50.57025
G1 F1500 X106.291 Y115.158 E50.57218
G1 X104.253 Y115.159 E50.61285
G1 X104.159 Y115.12 E50.61488
G1 X104.083 Y114.995 E50.6178
G1 X104.08 Y112.288 E50.67182
G1 X104.151 Y112.134 E50.67521
G1 X104.245 Y112.091 E50.67727
G1 X104.844 Y112.088 E50.68922
G1 X104.994 Y112.155 E50.6925
G1 X105.044 Y112.288 E50.69534
G1 X105.044 Y113.068 E50.7109
G1 F1534.5 X106.212 Y113.076 E50.73369
G1 F1587.3 X106.354 Y113.189 E50.73711
G1 F1546.4 X106.03 Y112.323 E50.75501
G1 F1500 X106.078 Y112.155 E50.7585
G1 X106.193 Y112.091 E50.76112
G1 X106.788 Y112.088 E50.773
G1 X106.959 Y112.17 E50.77678
G1 X107.167 Y112.767 E50.7894
G1 X107.905 Y112.767 E50.80413
G1 X108.112 Y112.172 E50.8167
G1 X108.249 Y112.091 E50.81987
G1 X108.84 Y112.088 E50.83167
G1 X108.954 Y112.123 E50.83405
G1 F1449.3 X109.056 Y112.275 E50.83783
G1 F1351.4 X108.983 Y112.64 E50.84607
G1 F1398.6 X109.391 Y112.272 E50.85783
G1 F1500 X109.695 Y112.122 E50.8646
G1 X110.24 Y112.048 E50.87557
G1 X110.574 Y112.073 E50.88226
G1 X111.044 Y112.226 E50.89212
G1 X111.355 Y112.467 E50.89997
G1 F1467 X111.555 Y112.785 E50.90764
G1 F1405.2 X111.658 Y113.174 E50.91621
G1 F1428.6 X111.675 Y112.81 E50.92385
G1 F1492.5 X111.676 Y112.285 E50.93438
G1 F1500 X111.714 Y112.169 E50.93681
G1 X111.841 Y112.091 E50.93979
G1 X113.872 Y112.088 E50.98032
G1 F1507.5 X114.008 Y112.144 E50.98324
G1 F1621.6 X114.045 Y112.288 E50.98598
G1 F1729.1 X114.044 Y112.75 E50.99398
G1 F1604.3 X113.872 Y112.92 E50.99849
G1 F1500 X112.636 Y112.92 E51.02316
G1 X112.636 Y114.978 E51.06423
G1 X112.593 Y115.085 E51.06653
G1 X112.471 Y115.158 E51.06937
G1 X111.81 Y115.157 E51.08256
G1 F1438.8 X111.66 Y114.978 E51.08742
G1 X111.509 Y115.158 E51.0923
G1 F1500 X110.884 Y115.16 E51.10478
G1 X110.73 Y115.088 E51.10817
G1 X110.684 Y114.978 E51.11055
G1 X110.684 Y113.184 E51.14635
G1 X110.581 Y113.012 E51.15035
G1 X110.373 Y112.904 E51.15503
G1 X110.065 Y112.925 E51.16119
G1 F1507.5 X110 Y112.992 E51.16304
G0 F9000 X110.185 Y113.219
G0 X108.978 Y112.664
G1 F1115.2 X108.836 Y113.119 E51.17584
G1 F2700 E46.17584
G0 F9000 X108.836 Y110.085
G0 X117.803 Y110.097
G0 X117.815 Y114.12
G0 X106.386 Y113.235
G1 F2700 E51.17584
G1 F1704.5 X106.377 Y113.207 E51.17635
G1 F2700 E46.17635
G0 F9000 X105.921 Y112.803
G0 X105.282 Y111.85
G0 X103.845 Y111.85
G0 X103.845 Y115.401
G0 X110.001 Y116.24
G0 X110 Y116.948
G1 F2700 E51.17635
G1 F1500 X115.747 Y116.948 E51.29104
G1 X116.049 Y116.884 E51.2972
G1 X116.365 Y116.742 E51.30411
G1 X116.61 Y116.521 E51.3107
G1 X116.773 Y116.295 E51.31626
G1 X116.884 Y116.05 E51.32163
G1 X116.948 Y115.732 E51.3281
G1 X116.948 Y110.948 E51.42357
G1 X103.048 Y110.948 E51.70096
G1 X103.049 Y115.747 E51.79673
G1 X103.112 Y116.049 E51.80288
G1 X103.254 Y116.365 E51.8098
G1 X103.475 Y116.61 E51.81638
G1 X103.701 Y116.774 E51.82196
G1 X103.946 Y116.884 E51.82731
G1 X104.257 Y116.948 E51.83365
G1 X110 Y116.948 E51.94826
G0 F9000 X110.001 Y116.173
G1 F2700 E46.94826
G0 F9000 X108.671 Y115.401
G0 X108.655 Y114.05
G0 X107.603 Y113.667
G1 F2700 E51.94826
G1 F1094.9 X107.569 Y113.726 E51.95012
G1 X107.501 Y113.726 E51.95198
G1 X107.467 Y113.667 E51.95384
G1 X107.501 Y113.608 E51.9557
G1 X107.569 Y113.608 E51.95756
G1 X107.603 Y113.667 E51.95942
G1 F2700 E46.95942
;MESH:NONMESH
G0 F300 Z0.68
G0 F9000 X107.603 Y110.085
G0 X106.263 Y109.915
G0 X106.027 Y106.772
;TIME_ELAPSED:174.390172
;LAYER:4
;TYPE:WALL-INNER
;MESH:Lens_Openscad 2.stl
G1 F2700 E51.95942
G1 F1595.7 X106.235 Y106.768 E51.96333
G1 X106.316 Y106.448 E51.96952
G1 F1591.5 X106.271 Y106.194 E51.97437
G1 X106.183 Y106.115 E51.97659
G1 X106.064 Y106.12 E51.97884
G1 X105.964 Y106.254 E51.98198
G1 F1595.7 X105.935 Y106.471 E51.98609
G1 X105.96 Y106.657 E51.98961
G1 X106.027 Y106.772 E51.9921
G0 F9000 X106.056 Y107.185
;TYPE:WALL-OUTER
G1 F1500 X106.319 Y107.16 E51.99738
G1 X106.539 Y107.024 E52.00254
G1 X106.661 Y106.794 E52.00773
G1 X106.706 Y106.456 E52.01454
G1 X106.683 Y106.199 E52.01969
G1 X106.614 Y106 E52.02389
G1 X106.465 Y105.821 E52.02854
G1 X106.265 Y105.723 E52.03298
G1 X105.925 Y105.737 E52.03977
G1 X105.709 Y105.904 E52.04522
G1 X105.589 Y106.134 E52.0504
G1 X105.543 Y106.469 E52.05715
G1 X105.585 Y106.788 E52.06357
G1 X105.773 Y107.102 E52.07087
G1 X106.056 Y107.185 E52.07676
G1 F2700 E47.07676
G0 F9000 X106.089 Y106.875
G0 X106.442 Y106.719
G0 X108.872 Y106.952
G0 X108.608 Y107.139
G1 F2700 E52.07676
G1 F1388.9 X108.608 Y106.705 E52.08611
G1 F1392.1 X109.02 Y106.707 E52.09497
G1 F1395.3 X109.214 Y106.796 E52.09955
G1 X109.239 Y107.007 E52.10411
G1 X109.172 Y107.101 E52.10658
G1 X109.052 Y107.137 E52.10927
G1 F1392.1 X108.608 Y107.139 E52.11882
G1 F2700 E47.11882
G0 F9000 X108.872 Y106.952
G0 X108.876 Y108.2
G0 X109.303 Y108.513
;TYPE:WALL-INNER
G1 F2700 E52.11882
G1 F903.6 X107.834 Y108.52 E52.16748
G0 F9000 X107.253 Y108.627
G1 F1090.9 X107.834 Y108.52 E52.18369
G1 X107.405 Y108.244 E52.19769
G1 F1354.4 X107.319 Y108.127 E52.2009
G1 X106.964 Y108.299 E52.20962
G1 F1094.9 X106.553 Y108.523 E52.22242
G1 F1061.9 X106.883 Y108.61 E52.23204
G1 F1304.3 X107.253 Y108.627 E52.24054
G0 F9000 X106.553 Y108.523
G1 F949.4 X106.048 Y108.542 E52.25647
G1 F923.1 X105.5 Y108.503 E52.27429
G0 F9000 X105.046 Y108.418
G0 X104.509 Y108.249
G1 F1507.5 X104.181 Y107.924 E52.28345
G1 X103.963 Y107.469 E52.29347
G1 X103.847 Y107.091 E52.30132
G1 X103.847 Y108.249 E52.32432
G1 X104.509 Y108.249 E52.33746
G0 F9000 X104.064 Y107.331
G0 X103.986 Y106.842
G0 X103.849 Y105.834
G1 F1500 X103.959 Y105.47 E52.34505
G1 X104.095 Y105.173 E52.35157
G1 X104.29 Y104.891 E52.35841
G1 X104.577 Y104.598 E52.3666
G1 X104.999 Y104.315 E52.37674
G1 F1595.7 X105.413 Y104.184 E52.38488
G1 F1775.1 X105.811 Y104.134 E52.39165
G1 F1869.2 X106.34 Y104.122 E52.40012
G1 F1829.3 X106.623 Y104.151 E52.40477
G1 F1671.3 X107.252 Y104.295 E52.41633
G1 F1626 X107.488 Y104.198 E52.42103
G1 F1167.3 X107.832 Y103.982 E52.43145
G1 X107.425 Y103.847 E52.44244
G1 F1546.4 X107.207 Y103.862 E52.44667
G1 F1587.3 X106.672 Y103.819 E52.45679
G1 F1829.3 X106.328 Y103.806 E52.46243
G1 F1869.2 X105.784 Y103.811 E52.47114
G1 F1652.9 X105.013 Y103.848 E52.48512
G1 F1500 X104.335 Y103.848 E52.49865
G1 X104.076 Y103.932 E52.50408
G1 X103.879 Y104.192 E52.51059
G1 X103.849 Y104.344 E52.51368
G1 X103.849 Y105.834 E52.54342
G0 F9000 X104.299 Y105.107
G0 X104.686 Y104.705
G0 X105.056 Y104.463
G0 X105.392 Y104.337
G0 X107.832 Y103.982
G1 F898.2 X108.392 Y103.982 E52.56208
G0 F9000 X109.231 Y104.28
G0 X109.378 Y104.675
G1 F1092.9 X109.579 Y104.383 E52.57179
G1 F1339.3 X110.02 Y104.205 E52.58242
G1 F1376.1 X110.18 Y104.068 E52.587
G1 F1005 X110.364 Y103.982 E52.59305
G1 F1183.4 X109.96 Y103.864 E52.6037
G1 F1339.3 X109.378 Y103.922 E52.61677
G1 F986.8 X108.392 Y103.982 E52.64673
G1 X109.177 Y104.383 E52.67347
G1 F1092.9 X109.378 Y104.675 E52.68318
G0 F9000 X109.513 Y104.319
G0 X110.364 Y103.982
G1 F898.2 X112.544 Y103.982 E52.75583
G1 F888.9 X112.72 Y103.989 E52.76177
G1 X113.392 Y103.982 E52.7844
G0 F9000 X113.971 Y104.288
G1 F1333.3 X114.184 Y104.196 E52.78961
G1 F1162.8 X114.528 Y103.982 E52.80003
G1 F1013.5 X114.071 Y103.824 E52.81432
G1 X113.392 Y103.982 E52.83491
G1 F996.7 X113.971 Y104.288 E52.85458
G0 F9000 X114.528 Y103.982
G1 F898.2 X115.184 Y103.982 E52.87644
G0 F9000 X116.023 Y104.28
G0 X116.166 Y105.116
G1 F1587.3 X116.152 Y104.335 E52.89117
G1 F1526.7 X116.068 Y104.074 E52.89654
G1 X115.803 Y103.874 E52.90305
G1 X115.641 Y103.845 E52.90628
G1 F1132.1 X115.184 Y103.982 E52.9189
G1 F1127.8 X115.693 Y104.258 E52.93426
G1 F1522.8 X115.917 Y104.44 E52.93994
G1 F1587.3 X116.166 Y105.116 E52.95352
G1 F1630.4 X116.166 Y107.917 E53.00495
G1 F1449.3 X116.119 Y108.219 E53.01126
G0 F9000 X116.023 Y104.28
G0 X105.897 Y104.238
G0 X105.47 Y104.308
G0 X105.056 Y104.463
G0 X104.686 Y104.705
G0 X104.299 Y105.107
G0 X104.064 Y105.606
G0 X103.926 Y106.469
G0 X104.064 Y107.331
G0 X104.305 Y107.832
G0 X104.684 Y108.213
G0 X104.891 Y108.648
G1 F1298.7 X105.274 Y108.586 E53.0202
G1 F1123.6 X105.516 Y108.497 E53.02707
G1 F1271.2 X104.847 Y108.025 E53.04635
G1 F1500 X104.502 Y107.67 E53.05623
G1 X104.323 Y107.296 E53.06451
G1 X104.282 Y107.186 E53.06685
G1 F1222 X104.115 Y106.891 E53.07515
G1 F1047.1 X104.094 Y106.464 E53.08737
G1 F1039.9 X104.123 Y105.988 E53.1011
G1 F1212.1 X104.287 Y105.736 E53.10853
G1 F1500 X104.322 Y105.637 E53.11062
G1 X104.501 Y105.246 E53.1192
G1 X104.832 Y104.912 E53.12859
G1 X105.162 Y104.687 E53.13656
G1 X105.537 Y104.547 E53.14455
G1 X105.965 Y104.484 E53.15318
G1 X106.433 Y104.479 E53.16252
G1 X107.11 Y104.694 E53.1767
G1 X107.316 Y104.846 E53.1818
G1 X107.451 Y104.652 E53.18652
G1 X107.757 Y104.516 E53.1932
G1 X108.392 Y104.516 E53.20588
G1 X108.831 Y104.706 E53.21542
G1 X108.932 Y104.854 E53.219
G1 X108.992 Y105.094 E53.22393
G1 X108.992 Y105.46 E53.23124
G1 X109.373 Y105.461 E53.23884
G1 X109.764 Y105.607 E53.24717
G1 X109.764 Y105.094 E53.25741
G1 X109.824 Y104.854 E53.26234
G1 X109.925 Y104.706 E53.26592
G1 X110.152 Y104.554 E53.27137
G1 X110.289 Y104.516 E53.27421
G1 X112.606 Y104.516 E53.32045
G1 X112.803 Y104.523 E53.32438
G1 X113.392 Y104.516 E53.33614
G1 X113.675 Y104.586 E53.34195
G1 X113.914 Y104.82 E53.34863
G1 X113.944 Y104.93 E53.3509
G1 X114.147 Y104.651 E53.35779
G1 X114.447 Y104.516 E53.36435
G1 X115.184 Y104.516 E53.37906
G1 X115.417 Y104.562 E53.3838
G1 X115.625 Y104.708 E53.38887
G1 X115.784 Y105.116 E53.39761
G1 X115.784 Y107.871 E53.45259
G1 X115.73 Y108.041 E53.45615
G1 F1123.6 X115.31 Y108.515 E53.47302
G1 F998.3 X115.714 Y108.582 E53.4853
G1 F1284.8 X116.119 Y108.648 E53.49486
G1 F1500 X116.548 Y108.648 E53.50342
G1 X116.548 Y104.294 E53.59031
G1 X116.502 Y104.072 E53.59484
G1 X116.403 Y103.856 E53.59958
G1 X116.251 Y103.684 E53.60416
G1 X115.926 Y103.495 E53.61166
G1 X115.699 Y103.449 E53.61628
G1 X110.167 Y103.448 E53.72668
G1 X109.96 Y103.475 E53.73085
G1 X109.378 Y103.448 E53.74247
G1 X104.294 Y103.448 E53.84393
G1 X103.855 Y103.593 E53.85316
G1 X103.684 Y103.745 E53.85772
G1 X103.495 Y104.069 E53.86521
G1 X103.449 Y104.304 E53.86999
G1 X103.449 Y105.629 E53.89643
G1 F1212.1 X103.543 Y105.914 E53.90384
G1 F1039.9 X103.53 Y106.464 E53.91968
G1 F1047.1 X103.539 Y106.941 E53.93331
G1 F1222 X103.448 Y107.291 E53.94217
G1 F1500 X103.448 Y108.648 E53.96925
G1 X104.891 Y108.648 E53.99805
G1 F2700 E48.99805
G0 F9000 X104.856 Y108.41
G0 X109.718 Y108.644
G1 F2700 E53.99805
G1 F1470.6 X109.88 Y108.643 E54.00135
G1 F1127.8 X110.364 Y108.52 E54.0146
G1 X109.985 Y108.263 E54.02676
G1 F1470.6 X109.919 Y108.192 E54.02873
G1 X109.679 Y108.293 E54.03403
G1 F1111.1 X109.303 Y108.513 E54.04577
G1 X109.718 Y108.644 E54.05749
G0 F9000 X110.364 Y108.52
G1 F906.3 X113.662 Y108.515 E54.16641
G0 F9000 X114.112 Y108.627
G1 F1092.9 X114.688 Y108.52 E54.18246
G1 X114.263 Y108.245 E54.19633
G1 F1357.5 X114.125 Y108.012 E54.2023
G1 X113.961 Y108.245 E54.20858
G1 F1081.1 X113.662 Y108.515 E54.21974
G1 X114.112 Y108.627 E54.23258
G0 F9000 X114.688 Y108.52
G1 F906.3 X115.31 Y108.515 E54.25312
G1 F2700 E49.25312
G0 F9000 X116.065 Y108.37
G0 X112.682 Y108.303
G0 X112.682 Y107.81
;TYPE:WALL-OUTER
G1 F2700 E54.25312
G1 F1398.6 X112.682 Y107.36 E54.26275
G1 F1181.1 X112.602 Y107.169 E54.268
G1 F952.4 X112.298 Y107.024 E54.27859
G1 F892.9 X111.26 Y107.024 E54.31339
G0 F9000 X110.189 Y107.162
G1 F1744.2 X110.195 Y106.841 E54.3189
G1 F2700 E49.3189
G0 F9000 X109.956 Y107.952
G0 X110 Y109.048
G1 F2700 E54.3189
G1 F1500 X116.948 Y109.048 E54.45755
G1 X116.948 Y104.253 E54.55324
G1 X116.884 Y103.947 E54.55948
G1 X116.742 Y103.635 E54.56632
G1 X116.521 Y103.386 E54.57296
G1 X116.295 Y103.223 E54.57852
G1 X116.05 Y103.112 E54.58389
G1 X115.739 Y103.049 E54.59022
G1 X110.167 Y103.048 E54.70142
G1 X109.96 Y103.057 E54.70555
G1 X109.378 Y103.048 E54.71717
G1 X104.253 Y103.048 E54.81944
G1 X103.947 Y103.112 E54.82568
G1 X103.635 Y103.254 E54.83252
G1 X103.386 Y103.475 E54.83917
G1 X103.223 Y103.701 E54.84473
G1 X103.112 Y103.946 E54.8501
G1 X103.049 Y104.264 E54.85657
G1 X103.048 Y109.048 E54.95204
G1 X110 Y109.048 E55.09077
G1 F2700 E50.09077
G0 F9000 X110 Y108.74
G0 X112.602 Y108.203
G0 X112.602 Y107.169
G1 F2700 E55.09077
G1 F1092.9 X112.641 Y107.003 E55.09544
G1 F1500 X112.759 Y106.82 E55.09979
G1 F2033.9 X112.76 Y106.164 E55.10944
G1 F1363.6 X112.606 Y105.921 E55.11576
G1 F1049 X112.614 Y105.771 E55.12004
G1 X112.523 Y105.838 E55.12327
G1 F1287.6 X112.3 Y105.724 E55.12909
G1 F1704.5 X111.1 Y105.724 E55.15016
G1 X111.1 Y106.076 E55.15635
G1 X112.3 Y106.076 E55.17742
G1 F1287.6 X112.485 Y105.994 E55.18212
G1 F1098.9 X112.48 Y106.91 E55.20708
G1 F1015.2 X112.298 Y107.024 E55.21341
G1 F952.4 X112.602 Y107.169 E55.22399
G0 F9000 X112.614 Y105.771
G1 F1307.2 X112.719 Y105.578 E55.22903
G1 F1699.7 X112.72 Y105.116 E55.23716
G1 F2700 E50.23716
G0 F9000 X112.72 Y104.208
G0 X109.928 Y104.68
G0 X109.919 Y105.239
G0 X108.803 Y105.65
G0 X107.658 Y106.322
G1 F2700 E55.23716
G1 F1652.9 X107.643 Y106.796 E55.24575
G1 F2700 E50.24575
G0 F9000 X107.423 Y107.737
G0 X106.017 Y108.034
G1 F2700 E55.24575
G1 F1500 X105.556 Y107.962 E55.25506
G1 X105.152 Y107.764 E55.26404
G1 X104.847 Y107.456 E55.27269
G1 X104.683 Y107.123 E55.2801
G1 X104.599 Y106.807 E55.28662
G1 X104.576 Y106.45 E55.29376
G1 X104.602 Y106.113 E55.30051
G1 X104.686 Y105.804 E55.3069
G1 X104.837 Y105.475 E55.31412
G1 X105.1 Y105.209 E55.32159
G1 X105.37 Y105.036 E55.32799
G1 X105.654 Y104.934 E55.33401
G1 X105.938 Y104.886 E55.33976
G1 X106.372 Y104.88 E55.34842
G1 X106.956 Y105.061 E55.36062
G1 X107.326 Y105.384 E55.37042
G1 X107.585 Y105.81 E55.38037
G1 F1604.3 X107.658 Y106.322 E55.39002
G1 X107.632 Y105.836 E55.3991
G1 F1500 X107.632 Y105.116 E55.41347
G1 X107.667 Y105.001 E55.41587
G1 X107.797 Y104.918 E55.41895
G1 X108.392 Y104.916 E55.43082
G1 X108.539 Y104.979 E55.43401
G1 X108.592 Y105.108 E55.43679
G1 X108.592 Y105.86 E55.4518
G1 X109.291 Y105.862 E55.46575
G1 X109.734 Y106.023 E55.47516
G1 X109.979 Y106.233 E55.4816
G1 F1562.5 X110.123 Y106.448 E55.48655
G1 F1694.9 X110.195 Y106.841 E55.49361
G1 F1626 X110.164 Y106.408 E55.5016
G1 F1500 X110.164 Y105.108 E55.52755
G1 X110.217 Y104.979 E55.53033
G1 X110.329 Y104.918 E55.53287
G1 X112.6 Y104.918 E55.57819
G1 F1595.7 X112.72 Y105.116 E55.58254
G1 X112.84 Y104.918 E55.58688
G1 F1500 X113.463 Y104.916 E55.59931
G1 X113.592 Y105.042 E55.60291
G1 X113.593 Y106.357 E55.62915
G1 X114.38 Y104.971 E55.66096
G1 X114.493 Y104.918 E55.66345
G1 X115.241 Y104.916 E55.67838
G1 X115.331 Y104.98 E55.68058
G1 X115.384 Y105.116 E55.6835
G1 X115.382 Y107.863 E55.73831
G1 X115.219 Y107.99 E55.74244
G1 X114.688 Y107.992 E55.75303
G1 X114.551 Y107.938 E55.75597
G1 X114.488 Y107.792 E55.75915
G1 X114.488 Y106.524 E55.78445
G1 X113.687 Y107.931 E55.81676
G1 X113.571 Y107.99 E55.81936
G1 F1496.3 X112.809 Y107.992 E55.8346
G1 F1442.3 X112.682 Y107.81 E55.83921
G1 X112.556 Y107.99 E55.84377
G1 F1496.3 X110.364 Y107.992 E55.88762
G1 F1500 X110.244 Y107.953 E55.89014
G1 X110.164 Y107.835 E55.89298
G1 F1507.5 X110.165 Y107.541 E55.89882
G1 F1604.3 X110.189 Y107.162 E55.90591
G1 X110.061 Y107.561 E55.91373
G1 F1500 X109.843 Y107.769 E55.91974
G1 X109.628 Y107.886 E55.92462
G1 X109.211 Y107.986 E55.93318
G1 X107.833 Y107.992 E55.96068
G1 X107.694 Y107.938 E55.96366
G1 F1522.8 X107.631 Y107.84 E55.96595
G1 F1562.5 X107.643 Y106.796 E55.98595
G1 F1550.4 X107.568 Y107.121 E55.99239
G1 F1511.3 X107.418 Y107.441 E55.99939
G1 F1503.8 X107.099 Y107.765 E56.00844
G1 F1500 X106.742 Y107.934 E56.01632
G1 X106.443 Y108.008 E56.02247
G1 X106.017 Y108.034 E56.03099
G1 F2700 E51.03099
G0 F9000 X105.968 Y108.342
G0 X105.481 Y108.204
G0 X105.009 Y107.972
G0 X104.636 Y107.598
G0 X104.443 Y107.195
G0 X104.349 Y106.607
G0 X104.526 Y104.511
G0 X104.374 Y104.282
;TYPE:SKIN
G1 F2700 E56.03099
G1 F1190.5 X104.343 Y104.337 E56.03257
G1 X104.28 Y104.337 E56.03416
G1 X104.248 Y104.282 E56.03576
G1 X104.279 Y104.227 E56.03735
G1 X104.342 Y104.227 E56.03893
G1 X104.374 Y104.282 E56.04053
G1 F2700 E51.04053
G0 F9000 X104.526 Y104.511
G0 X103.564 Y108.82
G0 X103.564 Y111.18
G0 X103.564 Y112.288
;TYPE:WALL-INNER
G1 F2700 E56.04053
G1 F940.4 X103.569 Y115.084 E56.12953
G0 F9000 X103.755 Y115.836
G0 X104.219 Y116.04
G1 F1041.7 X104.347 Y116.054 E56.13323
G1 F1013.5 X106.393 Y116.054 E56.19366
G1 F931.7 X106.73 Y116.003 E56.20461
G1 F937.5 X107.204 Y116.054 E56.21983
G1 F1020.4 X107.868 Y116.054 E56.23931
G1 F1006.7 X108.058 Y116.046 E56.24496
G0 F9000 X108.488 Y116.157
G1 F1237.1 X109.108 Y116.054 E56.26017
G1 X108.588 Y115.804 E56.27413
G1 F1570.7 X108.488 Y115.725 E56.27656
G1 F1217 X108.058 Y116.046 E56.28976
G1 X108.488 Y116.157 E56.30068
G0 F9000 X109.108 Y116.054
G1 F1006.7 X109.858 Y116.046 E56.32298
G0 F9000 X110 Y116.084
G1 F1438.8 X110.276 Y116.159 E56.32893
G1 F1239.7 X110.884 Y116.054 E56.34383
G1 X110.373 Y115.808 E56.35753
G1 F1379.3 X110.284 Y115.731 E56.36008
G1 F1094.9 X109.858 Y116.046 E56.37456
G1 F1132.1 X110 Y116.084 E56.37845
G0 F9000 X110.884 Y116.054
G1 F1006.7 X112.626 Y116.046 E56.43025
G0 F9000 X113.068 Y116.155
G1 F1232 X113.7 Y116.054 E56.4458
G1 X113.17 Y115.8 E56.46008
G1 F1363.6 X113.079 Y115.718 E56.46277
G1 F1090.9 X112.626 Y116.046 E56.47812
G1 F1212.1 X113.068 Y116.155 E56.48936
G0 F9000 X113.7 Y116.054
G1 F1020.4 X115.655 Y116.054 E56.54671
G0 F9000 X110.001 Y116.24
G0 X110 Y116.548
G1 F1500 X115.706 Y116.548 E56.66058
G1 X116.143 Y116.403 E56.66977
G1 X116.311 Y116.252 E56.67427
G1 X116.501 Y115.927 E56.68179
G1 X116.548 Y115.692 E56.68657
G1 F1562.5 X116.564 Y115.06 E56.69868
G1 X116.26 Y115.496 E56.70886
G1 F1500 X115.988 Y115.56 E56.71444
G1 X113.7 Y115.56 E56.7601
G1 X113.38 Y115.468 E56.76674
G1 X113.229 Y115.333 E56.77079
G1 F1382.5 X113.068 Y115.015 E56.7785
G1 X112.907 Y115.333 E56.78622
G1 F1500 X112.756 Y115.468 E56.79026
G1 X112.519 Y115.56 E56.79534
G1 X111.794 Y115.56 E56.8098
G1 X111.66 Y115.519 E56.8126
G1 X111.521 Y115.56 E56.81549
G1 X110.884 Y115.56 E56.82821
G1 X110.574 Y115.474 E56.83463
G1 X110.422 Y115.344 E56.83862
G1 F1463.4 X110.276 Y115.013 E56.84602
G1 X110.13 Y115.344 E56.85342
G1 F1500 X109.978 Y115.474 E56.85741
G1 X109.751 Y115.56 E56.86225
G1 X109.108 Y115.56 E56.87508
G1 X108.793 Y115.471 E56.88162
G1 X108.682 Y115.383 E56.88444
G1 X108.544 Y115.166 E56.88958
G1 X108.507 Y114.959 E56.89377
G1 X108.432 Y115.166 E56.89817
G1 X108.294 Y115.383 E56.9033
G1 X108.183 Y115.471 E56.90612
G1 X107.951 Y115.56 E56.91108
G1 X107.204 Y115.56 E56.92599
G1 X106.955 Y115.507 E56.93107
G1 X106.835 Y115.434 E56.93387
G1 X106.73 Y115.289 E56.93745
G1 X106.625 Y115.434 E56.94102
G1 X106.334 Y115.56 E56.94735
G1 X104.173 Y115.559 E56.99047
G1 X103.919 Y115.44 E56.99607
G1 F1149.4 X103.569 Y115.084 E57.00907
G1 X103.449 Y115.705 E57.02554
G1 F1500 X103.593 Y116.143 E57.03474
G1 X103.744 Y116.311 E57.03925
G1 X104.07 Y116.501 E57.04678
G1 X104.297 Y116.548 E57.05141
G1 X110 Y116.548 E57.16522
G0 F9000 X110.001 Y116.24
G0 X110.276 Y115.873
G0 X110.276 Y115.013
G1 F1445.8 X110.279 Y113.301 E57.20066
G1 F2700 E52.20066
G0 F9000 X110.449 Y115.401
G0 X112.877 Y115.401
G0 X113.319 Y113.65
G0 X113.068 Y114.528
G1 F2700 E57.20066
G1 F1287.6 X113.068 Y115.015 E57.21199
G0 F9000 X113.068 Y114.528
G1 F1202.4 X113.464 Y113.903 E57.23041
G1 F1156.1 X113.912 Y113.876 E57.24203
G1 F1190.5 X113.912 Y113.339 E57.25553
G1 X113.872 Y113.372 E57.25683
G1 F1181.1 X113.543 Y113.375 E57.26517
G1 F1147.2 X113.37 Y113.387 E57.2697
G1 F1123.6 X113.103 Y113.387 E57.27681
G1 X113.103 Y113.654 E57.28392
G1 F1202.4 X113.068 Y114.528 E57.3057
G1 F2700 E52.3057
G0 F9000 X113.319 Y113.65
G0 X113.262 Y114.092
G0 X113.262 Y115.401
G0 X116.428 Y115.401
G0 X116.428 Y114.092
G0 X116.136 Y113.527
G1 F2700 E57.3057
G1 F1415.1 X116.136 Y112.288 E57.33191
G1 F1252.6 X116.081 Y111.815 E57.34329
G1 F2700 E52.34329
G0 F9000 X110 Y111.687
G1 F2700 E57.34329
G1 F1676 X110.283 Y111.673 E57.34835
G1 F1662 X110.797 Y111.696 E57.35761
G1 F1428.6 X111.225 Y111.829 E57.36701
G1 F1279.3 X111.364 Y111.919 E57.37088
G1 X111.473 Y111.798 E57.37469
G1 F1418.4 X111.774 Y111.709 E57.38132
G1 F1604.3 X113.872 Y111.703 E57.42046
G1 F1538.5 X114.131 Y111.742 E57.42556
G1 F1467 X114.218 Y111.802 E57.42771
G1 F1526.7 X114.462 Y111.709 E57.43283
G1 F1604.3 X115.124 Y111.703 E57.44519
G1 F1558.4 X115.663 Y112.022 E57.45722
G1 F1500 X115.724 Y112.288 E57.46266
G1 X115.724 Y113.928 E57.49539
G1 X116.076 Y113.934 E57.50242
G1 F1578.9 X116.568 Y114.528 E57.51704
G1 X116.548 Y113.527 E57.53602
G1 F1500 X116.548 Y111.348 E57.57951
G1 F1558.4 X115.124 Y111.333 E57.60686
G1 F1604.3 X114.43 Y111.335 E57.61981
G1 F1526.7 X114.218 Y111.352 E57.62398
G1 F1538.5 X113.872 Y111.333 E57.63072
G1 F1604.3 X111.742 Y111.335 E57.67046
G1 F1418.4 X111.324 Y111.382 E57.67934
G1 F1388.9 X110.961 Y111.345 E57.6872
G1 F1587.3 X110.694 Y111.33 E57.69225
G1 F1685.4 X110.197 Y111.323 E57.70108
G1 F1662 X109.707 Y111.332 E57.7099
G1 F1470.6 X109.319 Y111.37 E57.71784
G1 X108.84 Y111.333 E57.72762
G1 F1604.3 X108.15 Y111.335 E57.74049
G1 F1293.1 X107.536 Y111.424 E57.75485
G1 F1304.3 X106.788 Y111.333 E57.77215
G1 F1604.3 X106.094 Y111.335 E57.7851
G1 F1327.4 X105.536 Y111.411 E57.7978
G1 F1339.3 X104.844 Y111.333 E57.81336
G1 F1604.3 X104.146 Y111.335 E57.82638
G1 F1415.1 X103.72 Y111.384 E57.83545
G1 F1271.2 X103.484 Y111.384 E57.84101
G1 X103.484 Y111.62 E57.84657
G1 F1087 X103.564 Y112.288 E57.8651
G1 X103.871 Y111.8 E57.88097
G1 F1415.1 X104.178 Y111.709 E57.88775
G1 F1604.3 X104.844 Y111.703 E57.90018
G1 F1339.3 X105.34 Y111.847 E57.91172
G1 F1127.8 X105.456 Y112.015 E57.91714
G1 F1067.6 X105.536 Y112.288 E57.92511
G1 X105.616 Y112.015 E57.93309
G1 F1127.8 X105.732 Y111.847 E57.93851
G1 F1327.4 X106.126 Y111.709 E57.94792
G1 F1604.3 X106.788 Y111.703 E57.96028
G1 F1304.3 X107.319 Y111.87 E57.97305
G1 F1088.9 X107.505 Y112.292 E57.98573
G1 X107.567 Y112.292 E57.98743
G1 X107.753 Y111.87 E58.00011
G1 F1293.1 X108.182 Y111.709 E58.01072
G1 F1604.3 X108.84 Y111.703 E58.023
G1 F1470.6 X109.193 Y111.775 E58.03033
G1 F1348.3 X109.279 Y111.861 E58.03303
G1 F1456.3 X109.641 Y111.705 E58.04113
G1 F1612.9 X110 Y111.687 E58.0478
G1 F2700 E53.0478
G0 F9000 X105.612 Y111.856
G0 X105.536 Y112.288
G1 F2700 E58.0478
G1 F985.2 X105.561 Y112.551 E58.05583
G1 F2700 E53.05583
G0 F9000 X105.612 Y111.856
G0 X110.755 Y111.832
G0 X115.563 Y111.85
G0 X116.27 Y113.65
G0 X116.568 Y114.528
G1 F2700 E58.05583
G1 F1648.4 X116.564 Y115.06 E58.06549
G0 F9000 X116.243 Y115.835
G0 X113.7 Y115.873
G0 X113.7 Y115.16
;TYPE:WALL-OUTER
G1 F1500 X113.543 Y115.085 E58.06896
G1 X113.5 Y114.978 E58.07126
G1 X113.5 Y114.528 E58.08024
G1 X113.637 Y114.328 E58.08508
G1 X114.364 Y114.328 E58.09959
G1 X114.364 Y113.412 E58.11787
G1 F1604.3 X114.39 Y112.78 E58.12967
G1 F1729.1 X114.391 Y112.288 E58.13819
G1 F1621.6 X114.428 Y112.144 E58.14093
G1 F1507.5 X114.529 Y112.091 E58.1432
G1 F1500 X115.124 Y112.088 E58.15507
G1 X115.324 Y112.211 E58.15976
G1 X115.324 Y114.328 E58.20201
G1 X116.018 Y114.33 E58.21586
G1 X116.188 Y114.528 E58.22106
G1 X116.186 Y114.995 E58.23038
G1 X116.064 Y115.159 E58.23446
G1 X113.7 Y115.16 E58.28164
G0 F9000 X113.7 Y115.873
G0 X111.66 Y115.873
G0 X111.66 Y114.978
G1 F1369.9 X111.655 Y113.145 E58.32169
G1 F2700 E53.32169
G0 F9000 X110.477 Y113.294
G0 X110 Y112.974
G1 F2700 E58.32169
G1 F1500 X109.986 Y112.979 E58.32199
G1 X109.911 Y113.08 E58.3245
G1 X109.872 Y113.273 E58.32843
G1 X109.868 Y114.978 E58.36245
G1 X109.822 Y115.088 E58.36483
G1 X109.703 Y115.158 E58.36759
G1 X109.027 Y115.16 E58.38108
G1 F1428.6 X108.91 Y115.017 E58.38495
G1 F1304.3 X108.835 Y113.1 E58.42898
G1 X108.042 Y115.041 E58.4771
G1 F1428.6 X107.903 Y115.158 E58.4809
G1 F1500 X107.204 Y115.16 E58.49485
G1 X107.081 Y115.118 E58.49745
G1 X107.016 Y115.029 E58.49965
G1 F1550.4 X106.756 Y114.278 E58.51499
G1 F1456.3 X106.623 Y114.028 E58.52081
G1 F1330.4 X106.5 Y113.69 E58.52891
G1 F1492.5 X106.386 Y113.235 E58.53831
G1 X106.438 Y113.7 E58.5477
G1 F1330.4 X106.312 Y113.903 E58.55307
G1 F1388.9 X105.051 Y113.907 E58.58025
G1 F1449.3 X105.051 Y114.321 E58.5888
G1 F1388.9 X106.334 Y114.316 E58.61645
G1 F1442.3 X106.445 Y114.528 E58.62142
G1 F1558.4 X106.457 Y115.011 E58.6307
G1 F1519 X106.379 Y115.118 E58.63331
G1 F1500 X106.291 Y115.158 E58.63524
G1 X104.253 Y115.159 E58.67591
G1 X104.159 Y115.12 E58.67794
G1 X104.083 Y114.995 E58.68086
G1 X104.08 Y112.288 E58.73488
G1 X104.151 Y112.134 E58.73827
G1 X104.245 Y112.091 E58.74033
G1 X104.844 Y112.088 E58.75228
G1 X104.994 Y112.155 E58.75556
G1 X105.044 Y112.288 E58.7584
G1 X105.044 Y113.068 E58.77396
G1 F1534.5 X106.212 Y113.076 E58.79675
G1 F1587.3 X106.354 Y113.189 E58.80017
G1 F1546.4 X106.03 Y112.323 E58.81807
G1 F1500 X106.078 Y112.155 E58.82155
G1 X106.193 Y112.091 E58.82418
G1 X106.788 Y112.088 E58.83605
G1 X106.959 Y112.17 E58.83984
G1 X107.167 Y112.767 E58.85245
G1 X107.905 Y112.767 E58.86718
G1 X108.112 Y112.172 E58.87975
G1 X108.249 Y112.091 E58.88293
G1 X108.84 Y112.088 E58.89472
G1 X108.954 Y112.123 E58.8971
G1 F1449.3 X109.058 Y112.279 E58.90098
G1 F1351.4 X108.983 Y112.639 E58.90912
G1 F1398.6 X109.39 Y112.277 E58.92078
G1 F1500 X109.783 Y112.08 E58.92955
G1 X110.26 Y112.048 E58.93909
G1 X110.694 Y112.074 E58.94777
G1 X111.041 Y112.222 E58.9553
G1 X111.355 Y112.467 E58.96325
G1 F1492.5 X111.559 Y112.79 E58.97091
G1 F1421.8 X111.655 Y113.145 E58.97865
G1 F1425.2 X111.676 Y112.717 E58.98765
G1 F1500 X111.676 Y112.285 E58.99627
G1 X111.715 Y112.168 E58.99873
G1 X111.841 Y112.091 E59.00168
G1 X113.872 Y112.088 E59.04221
G1 F1507.5 X114.008 Y112.144 E59.04513
G1 F1621.6 X114.045 Y112.288 E59.04788
G1 F1729.1 X114.044 Y112.75 E59.05587
G1 F1604.3 X113.872 Y112.92 E59.06039
G1 F1500 X112.636 Y112.92 E59.08505
G1 X112.636 Y114.978 E59.12612
G1 X112.593 Y115.085 E59.12842
G1 X112.471 Y115.158 E59.13126
G1 X111.81 Y115.157 E59.14445
G1 F1438.8 X111.66 Y114.978 E59.14931
G1 X111.509 Y115.158 E59.1542
G1 F1500 X110.884 Y115.16 E59.16667
G1 X110.73 Y115.088 E59.17006
G1 X110.684 Y114.978 E59.17244
G1 X110.684 Y113.265 E59.20663
G1 X110.568 Y112.988 E59.21262
G1 X110.363 Y112.895 E59.21711
G1 X110.225 Y112.89 E59.21987
G1 X110 Y112.974 E59.22466
G0 F9000 X110.182 Y113.234
G0 X108.978 Y112.664
G1 F1115.2 X108.836 Y113.119 E59.23745
G1 F2700 E54.23745
G0 F9000 X108.836 Y110.085
G0 X117.803 Y110.097
G0 X117.815 Y114.12
G0 X106.386 Y113.235
G1 F2700 E59.23745
G1 F1704.5 X106.377 Y113.207 E59.23797
G1 F2700 E54.23797
G0 F9000 X105.921 Y112.803
G0 X105.282 Y111.85
G0 X103.845 Y111.85
G0 X103.845 Y115.401
G0 X110.001 Y116.24
G0 X110 Y116.948
G1 F2700 E59.23797
G1 F1500 X115.747 Y116.948 E59.35266
G1 X116.049 Y116.884 E59.35882
G1 X116.365 Y116.742 E59.36573
G1 X116.61 Y116.521 E59.37232
G1 X116.773 Y116.295 E59.37788
G1 X116.884 Y116.05 E59.38325
G1 X116.948 Y115.732 E59.38972
G1 X116.948 Y110.948 E59.48519
G1 X103.048 Y110.948 E59.76258
G1 X103.049 Y115.747 E59.85835
G1 X103.112 Y116.049 E59.8645
G1 X103.254 Y116.365 E59.87142
G1 X103.475 Y116.61 E59.878
G1 X103.701 Y116.774 E59.88357
G1 X103.946 Y116.884 E59.88893
G1 X104.257 Y116.948 E59.89527
G1 X110 Y116.948 E60.00988
G0 F9000 X110.001 Y116.173
G1 F2700 E55.00988
G0 F9000 X108.671 Y115.401
G0 X108.655 Y114.05
G0 X107.603 Y113.667
G1 F2700 E60.00988
G1 F1094.9 X107.569 Y113.726 E60.01174
G1 X107.501 Y113.726 E60.0136
G1 X107.467 Y113.667 E60.01546
G1 X107.501 Y113.608 E60.01732
G1 X107.569 Y113.608 E60.01918
G1 X107.603 Y113.667 E60.02104
G1 F2700 E55.02104
;MESH:NONMESH
G0 F300 Z0.8
G0 F9000 X107.603 Y110.085
G0 X106.263 Y109.915
G0 X106.237 Y106.77
;TIME_ELAPSED:210.644367
;LAYER:5
;TYPE:WALL-INNER
;MESH:Lens_Openscad 2.stl
G1 F2700 E60.02104
G1 F1617.3 X106.289 Y106.674 E60.02306
G1 F1600 X106.315 Y106.448 E60.02732
G1 F1583.1 X106.27 Y106.194 E60.0322
G1 X106.183 Y106.116 E60.03441
G1 X106.064 Y106.121 E60.03666
G1 X105.962 Y106.262 E60.03995
G1 F1600 X105.934 Y106.579 E60.0459
G1 F1617.3 X106.006 Y106.769 E60.04966
G1 X106.237 Y106.77 E60.05394
G0 F9000 X106.056 Y107.185
;TYPE:WALL-OUTER
G1 F1500 X106.319 Y107.16 E60.05921
G1 X106.539 Y107.024 E60.06437
G1 X106.662 Y106.793 E60.0696
G1 X106.706 Y106.456 E60.07638
G1 X106.683 Y106.199 E60.08153
G1 X106.614 Y106 E60.08573
G1 X106.465 Y105.821 E60.09038
G1 X106.265 Y105.723 E60.09482
G1 X105.925 Y105.737 E60.10161
G1 X105.709 Y105.904 E60.10706
G1 X105.589 Y106.137 E60.11229
G1 X105.545 Y106.403 E60.11767
G1 X105.551 Y106.643 E60.12246
G1 X105.637 Y106.919 E60.12823
G1 X105.815 Y107.114 E60.1335
G1 X106.056 Y107.185 E60.13852
G1 F2700 E55.13852
G0 F9000 X106.089 Y106.875
G0 X106.442 Y106.719
G0 X108.872 Y106.952
G0 X108.608 Y107.139
G1 F2700 E60.13852
G1 F1388.9 X108.608 Y106.705 E60.14787
G1 F1392.1 X109.024 Y106.707 E60.15682
G1 F1395.3 X109.172 Y106.751 E60.16013
G1 X109.245 Y106.873 E60.16318
G1 X109.215 Y107.066 E60.16737
G1 X109.052 Y107.137 E60.17118
G1 F1392.1 X108.608 Y107.139 E60.18073
G1 F2700 E55.18073
G0 F9000 X108.872 Y109.915
G0 X107.603 Y110.085
G0 X107.603 Y113.667
G1 F2700 E60.18073
G1 F1094.9 X107.569 Y113.726 E60.18259
G1 X107.501 Y113.726 E60.18445
G1 X107.467 Y113.667 E60.18631
G1 X107.501 Y113.608 E60.18817
G1 X107.569 Y113.608 E60.19003
G1 X107.603 Y113.667 E60.19189
G1 F2700 E55.19189
G0 F9000 X106.002 Y112.86
G0 X105.561 Y112.551
;TYPE:WALL-INNER
G1 F2700 E60.19189
G1 F985.2 X105.536 Y112.288 E60.19992
G1 F2700 E55.19992
G0 F9000 X105.282 Y111.85
G0 X103.845 Y111.85
G0 X103.564 Y112.288
G1 F2700 E60.19992
G1 F940.4 X103.569 Y115.084 E60.28892
G0 F9000 X103.755 Y115.836
G0 X104.216 Y116.04
G1 F1041.7 X104.352 Y116.054 E60.29285
G1 F1013.5 X106.393 Y116.054 E60.35313
G1 F931.7 X106.73 Y116.003 E60.36408
G1 F937.5 X107.204 Y116.054 E60.3793
G1 F1020.4 X107.868 Y116.054 E60.39878
G1 F1006.7 X108.058 Y116.046 E60.40443
G0 F9000 X108.488 Y116.157
G1 F1237.1 X109.108 Y116.054 E60.41964
G1 X108.588 Y115.804 E60.4336
G1 F1570.7 X108.488 Y115.725 E60.43603
G1 F1217 X108.058 Y116.046 E60.44923
G1 X108.488 Y116.157 E60.46015
G0 F9000 X109.108 Y116.054
G1 F1006.7 X109.858 Y116.046 E60.48245
G0 F9000 X110 Y116.084
G1 F1438.8 X110.276 Y116.159 E60.4884
G1 F1239.7 X110.884 Y116.054 E60.5033
G1 X110.373 Y115.808 E60.517
G1 F1379.3 X110.284 Y115.731 E60.51955
G1 F1094.9 X109.858 Y116.046 E60.53404
G1 F1132.1 X110 Y116.084 E60.53792
G0 F9000 X110.884 Y116.054
G1 F1006.7 X112.626 Y116.046 E60.58972
G0 F9000 X113.068 Y116.155
G1 F1232 X113.7 Y116.054 E60.60527
G1 X113.17 Y115.8 E60.61955
G1 F1363.6 X113.079 Y115.718 E60.62224
G1 F1090.9 X112.626 Y116.046 E60.63759
G1 F1212.1 X113.068 Y116.155 E60.64883
G0 F9000 X113.7 Y116.054
G1 F1020.4 X115.655 Y116.054 E60.70618
G0 F9000 X110 Y116.24
G0 X110 Y116.548
G1 F1500 X115.706 Y116.548 E60.82005
G1 X116.143 Y116.403 E60.82924
G1 X116.311 Y116.252 E60.83375
G1 X116.501 Y115.927 E60.84126
G1 X116.548 Y115.692 E60.84604
G1 F1562.5 X116.564 Y115.06 E60.85815
G1 X116.26 Y115.496 E60.86834
G1 F1500 X115.988 Y115.56 E60.87391
G1 X113.7 Y115.56 E60.91957
G1 X113.38 Y115.468 E60.92622
G1 X113.229 Y115.333 E60.93026
G1 F1382.5 X113.068 Y115.015 E60.93798
G1 X112.907 Y115.333 E60.94569
G1 F1500 X112.756 Y115.468 E60.94974
G1 X112.519 Y115.56 E60.95481
G1 X111.794 Y115.56 E60.96928
G1 X111.66 Y115.519 E60.97207
G1 X111.521 Y115.56 E60.97497
G1 X110.884 Y115.56 E60.98768
G1 X110.574 Y115.474 E60.9941
G1 X110.422 Y115.344 E60.99809
G1 F1463.4 X110.276 Y115.013 E61.00549
G1 X110.13 Y115.344 E61.01289
G1 F1500 X109.978 Y115.474 E61.01688
G1 X109.751 Y115.56 E61.02172
G1 X109.108 Y115.56 E61.03456
G1 X108.793 Y115.471 E61.04109
G1 X108.682 Y115.383 E61.04392
G1 X108.544 Y115.166 E61.04905
G1 X108.507 Y114.959 E61.05324
G1 X108.432 Y115.166 E61.05764
G1 X108.294 Y115.383 E61.06277
G1 X108.183 Y115.471 E61.0656
G1 X107.951 Y115.56 E61.07055
G1 X107.204 Y115.56 E61.08546
G1 X106.955 Y115.507 E61.09054
G1 X106.835 Y115.434 E61.09335
G1 X106.73 Y115.289 E61.09692
G1 X106.625 Y115.434 E61.10049
G1 X106.334 Y115.56 E61.10682
G1 X104.244 Y115.559 E61.14853
G1 F1301.5 X103.961 Y115.482 E61.15527
G1 F1029.2 X103.569 Y115.084 E61.17152
G1 F1149.4 X103.449 Y115.705 E61.18799
G1 F1500 X103.593 Y116.143 E61.19719
G1 X103.744 Y116.311 E61.2017
G1 X104.069 Y116.501 E61.20921
G1 X104.304 Y116.548 E61.214
G1 X110 Y116.548 E61.32767
G0 F9000 X110 Y116.24
G0 X110.276 Y115.873
G0 X110.276 Y115.013
G1 F1449.3 X110.279 Y113.299 E61.36307
G1 F2700 E56.36307
G0 F9000 X110.449 Y115.401
G0 X112.877 Y115.401
G0 X113.319 Y113.65
G0 X113.068 Y114.528
G1 F2700 E61.36307
G1 F1287.6 X113.068 Y115.015 E61.37439
G0 F9000 X113.068 Y114.528
G1 F1202.4 X113.464 Y113.903 E61.39281
G1 F1156.1 X113.912 Y113.876 E61.40443
G1 F1190.5 X113.912 Y113.339 E61.41793
G1 X113.872 Y113.372 E61.41924
G1 F1181.1 X113.543 Y113.375 E61.42758
G1 F1147.2 X113.37 Y113.387 E61.4321
G1 F1123.6 X113.103 Y113.387 E61.43921
G1 X113.103 Y113.654 E61.44633
G1 F1202.4 X113.068 Y114.528 E61.4681
G1 F2700 E56.4681
G0 F9000 X113.319 Y113.65
G0 X113.262 Y114.092
G0 X113.262 Y115.401
G0 X116.428 Y115.401
G0 X116.428 Y114.092
G0 X116.136 Y113.527
G1 F2700 E61.4681
G1 F1415.1 X116.136 Y112.288 E61.49431
G1 F1252.6 X116.081 Y111.815 E61.50569
G1 F2700 E56.50569
G0 F9000 X110 Y111.687
G1 F2700 E61.50569
G1 F1676 X110.283 Y111.673 E61.51075
G1 F1662 X110.797 Y111.696 E61.52002
G1 F1428.6 X111.225 Y111.829 E61.52941
G1 F1279.3 X111.364 Y111.919 E61.53329
G1 X111.473 Y111.798 E61.5371
G1 F1418.4 X111.774 Y111.709 E61.54372
G1 F1604.3 X113.872 Y111.703 E61.58287
G1 F1538.5 X114.131 Y111.742 E61.58796
G1 F1467 X114.218 Y111.802 E61.59012
G1 F1526.7 X114.462 Y111.709 E61.59524
G1 F1604.3 X115.124 Y111.703 E61.60759
G1 F1558.4 X115.663 Y112.022 E61.61962
G1 F1500 X115.724 Y112.288 E61.62507
G1 X115.724 Y113.928 E61.6578
G1 X116.076 Y113.934 E61.66482
G1 F1578.9 X116.568 Y114.528 E61.67944
G1 X116.548 Y113.527 E61.69843
G1 F1500 X116.548 Y111.348 E61.74191
G1 F1558.4 X115.124 Y111.333 E61.76926
G1 F1604.3 X114.43 Y111.335 E61.78221
G1 F1526.7 X114.218 Y111.352 E61.78638
G1 F1538.5 X113.872 Y111.333 E61.79313
G1 F1604.3 X111.742 Y111.335 E61.83287
G1 F1418.4 X111.324 Y111.382 E61.84175
G1 F1388.9 X110.961 Y111.345 E61.84961
G1 F1587.3 X110.694 Y111.33 E61.85465
G1 F1685.4 X110.197 Y111.323 E61.86348
G1 F1662 X109.707 Y111.332 E61.87231
G1 F1470.6 X109.319 Y111.37 E61.88024
G1 X108.84 Y111.333 E61.89002
G1 F1604.3 X108.15 Y111.335 E61.9029
G1 F1293.1 X107.536 Y111.424 E61.91726
G1 F1304.3 X106.788 Y111.333 E61.93455
G1 F1604.3 X106.094 Y111.335 E61.9475
G1 F1327.4 X105.536 Y111.411 E61.9602
G1 F1339.3 X104.844 Y111.333 E61.97577
G1 F1604.3 X104.146 Y111.335 E61.98879
G1 F1415.1 X103.72 Y111.384 E61.99786
G1 F1271.2 X103.484 Y111.384 E62.00342
G1 X103.484 Y111.62 E62.00897
G1 F1087 X103.564 Y112.288 E62.0275
G1 X103.871 Y111.8 E62.04338
G1 F1415.1 X104.178 Y111.709 E62.05015
G1 F1604.3 X104.844 Y111.703 E62.06258
G1 F1339.3 X105.34 Y111.847 E62.07412
G1 F1127.8 X105.456 Y112.015 E62.07954
G1 F1067.6 X105.536 Y112.288 E62.08752
G1 X105.616 Y112.015 E62.0955
G1 F1127.8 X105.732 Y111.847 E62.10091
G1 F1327.4 X106.126 Y111.709 E62.11033
G1 F1604.3 X106.788 Y111.703 E62.12268
G1 F1304.3 X107.319 Y111.87 E62.13546
G1 F1088.9 X107.505 Y112.292 E62.14813
G1 X107.567 Y112.292 E62.14984
G1 X107.753 Y111.87 E62.16251
G1 F1293.1 X108.182 Y111.709 E62.17312
G1 F1604.3 X108.84 Y111.703 E62.1854
G1 F1470.6 X109.193 Y111.775 E62.19273
G1 F1348.3 X109.279 Y111.861 E62.19543
G1 F1456.3 X109.641 Y111.705 E62.20354
G1 F1612.9 X110 Y111.687 E62.21021
G1 F2700 E57.21021
G0 F9000 X115.563 Y111.85
G0 X116.27 Y113.65
G0 X116.568 Y114.528
G1 F2700 E62.21021
G1 F1648.4 X116.564 Y115.06 E62.21987
G0 F9000 X116.243 Y115.835
G0 X113.7 Y115.873
G0 X113.7 Y115.16
;TYPE:WALL-OUTER
G1 F1500 X113.543 Y115.085 E62.22334
G1 X113.5 Y114.978 E62.22564
G1 X113.5 Y114.528 E62.23462
G1 X113.637 Y114.328 E62.23946
G1 X114.364 Y114.328 E62.25397
G1 X114.364 Y113.412 E62.27225
G1 F1604.3 X114.39 Y112.78 E62.28405
G1 F1729.1 X114.391 Y112.288 E62.29257
G1 F1621.6 X114.428 Y112.144 E62.29531
G1 F1507.5 X114.529 Y112.091 E62.29758
G1 F1500 X115.124 Y112.088 E62.30945
G1 X115.324 Y112.211 E62.31414
G1 X115.324 Y114.328 E62.35638
G1 X116.018 Y114.33 E62.37023
G1 X116.188 Y114.528 E62.37544
G1 X116.186 Y114.995 E62.38476
G1 X116.064 Y115.159 E62.38884
G1 X113.7 Y115.16 E62.43602
G0 F9000 X113.7 Y115.873
G0 X111.66 Y115.873
G0 X111.66 Y114.978
G1 F1369.9 X111.655 Y113.145 E62.47607
G1 F2700 E57.47607
G0 F9000 X110.477 Y113.294
G0 X110 Y112.967
G1 F2700 E62.47607
G1 F1500 X109.994 Y112.97 E62.4762
G1 X109.913 Y113.082 E62.47896
G1 X109.876 Y113.23 E62.48201
G1 X109.868 Y114.978 E62.51689
G1 X109.822 Y115.088 E62.51927
G1 X109.703 Y115.158 E62.52203
G1 X109.027 Y115.16 E62.53552
G1 F1428.6 X108.91 Y115.017 E62.53939
G1 F1304.3 X108.835 Y113.1 E62.58342
G1 X108.042 Y115.041 E62.63153
G1 F1428.6 X107.903 Y115.158 E62.63534
G1 F1500 X107.204 Y115.16 E62.64929
G1 X107.081 Y115.118 E62.65188
G1 X107.016 Y115.029 E62.65408
G1 F1550.4 X106.756 Y114.278 E62.66943
G1 F1456.3 X106.623 Y114.028 E62.67525
G1 F1330.4 X106.5 Y113.69 E62.68334
G1 F1492.5 X106.386 Y113.235 E62.69275
G1 X106.438 Y113.7 E62.70213
G1 F1330.4 X106.312 Y113.903 E62.70751
G1 F1388.9 X105.051 Y113.907 E62.73469
G1 F1449.3 X105.051 Y114.321 E62.74324
G1 F1388.9 X106.334 Y114.316 E62.77089
G1 F1442.3 X106.445 Y114.528 E62.77586
G1 F1558.4 X106.457 Y115.011 E62.78514
G1 F1519 X106.379 Y115.118 E62.78775
G1 F1500 X106.291 Y115.158 E62.78968
G1 X104.253 Y115.159 E62.83035
G1 X104.159 Y115.12 E62.83238
G1 X104.083 Y114.995 E62.8353
G1 X104.08 Y112.288 E62.88932
G1 X104.151 Y112.134 E62.8927
G1 X104.245 Y112.091 E62.89476
G1 X104.844 Y112.088 E62.90672
G1 X104.994 Y112.155 E62.91
G1 X105.044 Y112.288 E62.91283
G1 X105.044 Y113.068 E62.9284
G1 F1534.5 X106.212 Y113.076 E62.95118
G1 F1587.3 X106.354 Y113.189 E62.95461
G1 F1546.4 X106.03 Y112.323 E62.9725
G1 F1500 X106.078 Y112.155 E62.97599
G1 X106.193 Y112.091 E62.97862
G1 X106.788 Y112.088 E62.99049
G1 X106.959 Y112.17 E62.99428
G1 X107.167 Y112.767 E63.00689
G1 X107.905 Y112.767 E63.02162
G1 X108.112 Y112.172 E63.03419
G1 X108.249 Y112.091 E63.03737
G1 X108.84 Y112.088 E63.04916
G1 X108.954 Y112.123 E63.05154
G1 F1449.3 X109.058 Y112.279 E63.05541
G1 F1351.4 X108.983 Y112.639 E63.06356
G1 F1398.6 X109.39 Y112.277 E63.07522
G1 F1500 X109.783 Y112.08 E63.08399
G1 X110.26 Y112.048 E63.09353
G1 X110.694 Y112.074 E63.10221
G1 X111.041 Y112.222 E63.10974
G1 X111.355 Y112.467 E63.11768
G1 F1492.5 X111.559 Y112.79 E63.12535
G1 F1421.8 X111.655 Y113.145 E63.13309
G1 F1425.2 X111.676 Y112.717 E63.14209
G1 F1500 X111.676 Y112.285 E63.15071
G1 X111.715 Y112.168 E63.15317
G1 X111.841 Y112.091 E63.15612
G1 X113.872 Y112.088 E63.19665
G1 F1507.5 X114.008 Y112.144 E63.19957
G1 F1621.6 X114.045 Y112.288 E63.20231
G1 F1729.1 X114.044 Y112.75 E63.21031
G1 F1604.3 X113.872 Y112.92 E63.21482
G1 F1500 X112.636 Y112.92 E63.23949
G1 X112.636 Y114.978 E63.28056
G1 X112.593 Y115.085 E63.28286
G1 X112.471 Y115.158 E63.2857
G1 X111.81 Y115.157 E63.29889
G1 F1438.8 X111.66 Y114.978 E63.30375
G1 X111.509 Y115.158 E63.30864
G1 F1500 X110.884 Y115.16 E63.32111
G1 X110.73 Y115.088 E63.3245
G1 X110.684 Y114.978 E63.32688
G1 X110.684 Y113.265 E63.36106
G1 X110.568 Y112.988 E63.36706
G1 X110.367 Y112.896 E63.37147
G1 X110.166 Y112.896 E63.37548
G1 X110 Y112.967 E63.37908
G0 F9000 X110.191 Y113.222
G0 X108.978 Y112.664
G1 F1115.2 X108.836 Y113.119 E63.39188
G1 F2700 E58.39188
G0 F9000 X108.836 Y110.085
G0 X117.803 Y110.097
G0 X117.815 Y114.12
G0 X106.386 Y113.235
G1 F2700 E63.39188
G1 F1704.5 X106.377 Y113.207 E63.39239
G1 F2700 E58.39239
G0 F9000 X105.921 Y112.803
G0 X105.282 Y111.85
G0 X103.845 Y111.85
G0 X103.845 Y115.401
G0 X110 Y116.24
G0 X110 Y116.948
G1 F2700 E63.39239
G1 F1500 X115.747 Y116.948 E63.50708
G1 X116.049 Y116.884 E63.51324
G1 X116.365 Y116.742 E63.52015
G1 X116.61 Y116.521 E63.52674
G1 X116.773 Y116.295 E63.5323
G1 X116.884 Y116.05 E63.53767
G1 X116.948 Y115.732 E63.54414
G1 X116.948 Y110.948 E63.63961
G1 X103.048 Y110.948 E63.917
G1 X103.049 Y115.747 E64.01277
G1 X103.112 Y116.049 E64.01893
G1 X103.254 Y116.365 E64.02584
G1 X103.475 Y116.61 E64.03242
G1 X103.701 Y116.774 E64.038
G1 X103.946 Y116.884 E64.04336
G1 X104.264 Y116.948 E64.04983
G1 X110 Y116.948 E64.1643
G0 F9000 X110 Y116.173
G1 F2700 E59.1643
G0 F9000 X103.845 Y115.401
G0 X103.845 Y111.85
G0 X109.885 Y111.18
G0 X109.885 Y108.82
G0 X109.885 Y108.645
;TYPE:WALL-INNER
G1 F2700 E64.1643
G1 F1127.8 X110.364 Y108.52 E64.17744
G1 F1010.1 X109.899 Y108.202 E64.19413
G1 F1279.3 X109.666 Y108.3 E64.20005
G1 F1111.1 X109.275 Y108.513 E64.21204
G1 X109.7 Y108.644 E64.22402
G1 F1474.2 X109.885 Y108.645 E64.22778
G0 F9000 X110.364 Y108.52
G1 F906.3 X113.662 Y108.515 E64.3367
G0 F9000 X114.112 Y108.627
G1 F1092.9 X114.688 Y108.52 E64.35275
G1 X114.263 Y108.245 E64.36661
G1 F1357.5 X114.125 Y108.013 E64.37257
G1 X113.961 Y108.245 E64.37883
G1 F1081.1 X113.662 Y108.515 E64.38999
G1 X114.112 Y108.627 E64.40283
G0 F9000 X114.688 Y108.52
G1 F906.3 X115.31 Y108.515 E64.42337
G0 F9000 X116.119 Y108.219
G1 F1449.3 X116.166 Y107.917 E64.42968
G1 F1630.4 X116.166 Y105.116 E64.48111
G1 F1587.3 X116.152 Y104.335 E64.49584
G1 F1526.7 X116.068 Y104.074 E64.50122
G1 X115.805 Y103.875 E64.50768
G1 X115.635 Y103.844 E64.51107
G1 F1132.1 X115.184 Y103.982 E64.52354
G1 X115.741 Y104.289 E64.54036
G1 F1526.7 X115.917 Y104.44 E64.5449
G1 F1587.3 X116.166 Y105.116 E64.55849
G0 F9000 X116.023 Y104.28
G0 X115.184 Y103.982
G1 F898.2 X114.528 Y103.982 E64.58035
G0 F9000 X113.971 Y104.288
G1 F1333.3 X114.184 Y104.196 E64.58556
G1 F1162.8 X114.528 Y103.982 E64.59599
G1 F1013.5 X114.071 Y103.824 E64.61027
G1 X113.392 Y103.982 E64.63086
G1 F996.7 X113.971 Y104.288 E64.65053
G0 F9000 X113.392 Y103.982
G1 F888.9 X112.72 Y103.989 E64.67316
G1 X112.544 Y103.982 E64.67909
G1 F898.2 X110.364 Y103.982 E64.75175
G0 F9000 X109.528 Y104.28
G0 X109.378 Y104.674
G1 F1092.9 X109.579 Y104.383 E64.76143
G1 F1339.3 X110.02 Y104.205 E64.77206
G1 F1376.1 X110.18 Y104.068 E64.77664
G1 F1005 X110.364 Y103.982 E64.78269
G1 F1183.4 X109.96 Y103.864 E64.79334
G1 F1339.3 X109.378 Y103.922 E64.80641
G1 F986.8 X108.392 Y103.982 E64.83638
G1 X109.177 Y104.383 E64.86311
G1 F1092.9 X109.378 Y104.674 E64.8728
G0 F9000 X109.246 Y104.319
G0 X108.392 Y103.982
G1 F898.2 X107.832 Y103.982 E64.89146
G0 F9000 X105.47 Y104.308
G0 X105.056 Y104.463
G0 X104.686 Y104.705
G0 X104.373 Y105.031
G0 X103.849 Y105.834
G1 F1500 X103.959 Y105.47 E64.89905
G1 X104.095 Y105.173 E64.90557
G1 X104.29 Y104.891 E64.91241
G1 X104.577 Y104.598 E64.9206
G1 X104.999 Y104.315 E64.93074
G1 F1595.7 X105.413 Y104.184 E64.93888
G1 F1775.1 X105.811 Y104.134 E64.94565
G1 F1869.2 X106.34 Y104.122 E64.95412
G1 F1829.3 X106.621 Y104.151 E64.95875
G1 F1574.8 X107.128 Y104.265 E64.96862
G1 F1425.2 X107.224 Y104.31 E64.97085
G1 F1530.6 X107.488 Y104.197 E64.97647
G1 F1165 X107.832 Y103.982 E64.98689
G1 X107.425 Y103.845 E64.99792
G1 F1530.6 X107.204 Y103.858 E65.00225
G1 F1574.8 X106.67 Y103.818 E65.01243
G1 F1829.3 X106.328 Y103.806 E65.01803
G1 F1869.2 X105.784 Y103.811 E65.02674
G1 F1652.9 X105.013 Y103.848 E65.04072
G1 F1500 X104.335 Y103.848 E65.05425
G1 X104.076 Y103.932 E65.05969
G1 X103.879 Y104.192 E65.0662
G1 X103.849 Y104.344 E65.06929
G1 X103.849 Y105.834 E65.09902
G0 F9000 X103.958 Y106.906
G0 X104.509 Y108.249
G1 F1507.5 X104.181 Y107.924 E65.10819
G1 X103.963 Y107.469 E65.11821
G1 X103.847 Y107.091 E65.12606
G1 X103.847 Y108.249 E65.14905
G1 X104.509 Y108.249 E65.1622
G0 F9000 X104.891 Y108.648
G1 F1298.7 X105.274 Y108.586 E65.17114
G1 F1123.6 X105.516 Y108.497 E65.17801
G1 F1271.2 X104.847 Y108.025 E65.19729
G1 F1500 X104.502 Y107.67 E65.20717
G1 X104.323 Y107.296 E65.21544
G1 X104.282 Y107.186 E65.21779
G1 F1222 X104.115 Y106.891 E65.22609
G1 F1047.1 X104.094 Y106.464 E65.23831
G1 F1039.9 X104.123 Y105.988 E65.25204
G1 F1212.1 X104.287 Y105.736 E65.25946
G1 F1500 X104.322 Y105.637 E65.26156
G1 X104.501 Y105.246 E65.27014
G1 X104.832 Y104.912 E65.27953
G1 X105.162 Y104.687 E65.2875
G1 X105.537 Y104.547 E65.29548
G1 X105.965 Y104.484 E65.30412
G1 X106.429 Y104.479 E65.31338
G1 X107.032 Y104.664 E65.32597
G1 X107.322 Y104.861 E65.33296
G1 X107.416 Y104.683 E65.33698
G1 X107.523 Y104.601 E65.33967
G1 X107.757 Y104.516 E65.34464
G1 X108.392 Y104.516 E65.35731
G1 X108.831 Y104.706 E65.36686
G1 X108.932 Y104.853 E65.37041
G1 X108.992 Y105.093 E65.37535
G1 X108.992 Y105.46 E65.38268
G1 X109.399 Y105.467 E65.3908
G1 X109.764 Y105.605 E65.39859
G1 X109.764 Y105.093 E65.4088
G1 X109.824 Y104.853 E65.41374
G1 X109.925 Y104.706 E65.4173
G1 X110.152 Y104.554 E65.42275
G1 X110.289 Y104.516 E65.42559
G1 X112.606 Y104.516 E65.47183
G1 X112.803 Y104.523 E65.47576
G1 X113.392 Y104.516 E65.48752
G1 X113.675 Y104.586 E65.49333
G1 X113.914 Y104.82 E65.50001
G1 X113.944 Y104.93 E65.50228
G1 X114.147 Y104.651 E65.50917
G1 X114.447 Y104.516 E65.51573
G1 X115.184 Y104.516 E65.53044
G1 X115.414 Y104.561 E65.53512
G1 X115.625 Y104.708 E65.54025
G1 X115.784 Y105.116 E65.54899
G1 X115.784 Y107.871 E65.60397
G1 X115.73 Y108.041 E65.60753
G1 F1123.6 X115.31 Y108.515 E65.6244
G1 F998.3 X115.714 Y108.582 E65.63668
G1 F1284.8 X116.119 Y108.648 E65.64624
G1 F1500 X116.548 Y108.648 E65.6548
G1 X116.548 Y104.294 E65.74169
G1 X116.502 Y104.072 E65.74621
G1 X116.403 Y103.856 E65.75096
G1 X116.251 Y103.684 E65.75554
G1 X115.927 Y103.495 E65.76302
G1 X115.692 Y103.448 E65.7678
G1 X110.167 Y103.448 E65.87806
G1 X109.96 Y103.475 E65.88223
G1 X109.378 Y103.448 E65.89385
G1 X104.294 Y103.448 E65.99531
G1 X103.855 Y103.593 E66.00454
G1 X103.684 Y103.745 E66.0091
G1 X103.495 Y104.069 E66.01659
G1 X103.449 Y104.304 E66.02137
G1 X103.449 Y105.629 E66.04781
G1 F1212.1 X103.543 Y105.914 E66.05522
G1 F1039.9 X103.53 Y106.464 E66.07106
G1 F1047.1 X103.539 Y106.941 E66.0847
G1 F1222 X103.448 Y107.291 E66.09355
G1 F1500 X103.448 Y108.648 E66.12063
G1 X104.891 Y108.648 E66.14943
G0 F9000 X105.5 Y108.503
G1 F923.1 X106.048 Y108.542 E66.16725
G1 F949.4 X106.553 Y108.523 E66.18318
G0 F9000 X107.253 Y108.627
G1 F1090.9 X107.834 Y108.52 E66.19939
G1 X107.405 Y108.244 E66.21339
G1 F1354.4 X107.319 Y108.127 E66.2166
G1 X106.964 Y108.299 E66.22532
G1 F1094.9 X106.553 Y108.523 E66.23811
G1 F1061.9 X106.883 Y108.61 E66.24773
G1 F1304.3 X107.253 Y108.627 E66.25623
G0 F9000 X107.834 Y108.52
G1 F903.6 X109.275 Y108.513 E66.30397
G0 F9000 X110 Y109.048
;TYPE:WALL-OUTER
G1 F1500 X116.948 Y109.048 E66.44263
G1 X116.948 Y104.253 E66.53831
G1 X116.884 Y103.947 E66.54455
G1 X116.742 Y103.635 E66.55139
G1 X116.521 Y103.386 E66.55804
G1 X116.295 Y103.223 E66.5636
G1 X116.05 Y103.112 E66.56897
G1 X115.732 Y103.048 E66.57544
G1 X110.167 Y103.048 E66.6865
G1 X109.96 Y103.057 E66.69063
G1 X109.378 Y103.048 E66.70225
G1 X104.253 Y103.048 E66.80452
G1 X103.947 Y103.112 E66.81076
G1 X103.635 Y103.254 E66.8176
G1 X103.386 Y103.475 E66.82424
G1 X103.223 Y103.701 E66.82981
G1 X103.112 Y103.946 E66.83517
G1 X103.049 Y104.264 E66.84164
G1 X103.048 Y109.048 E66.93711
G1 X110 Y109.048 E67.07585
G1 F2700 E62.07585
G0 F9000 X110 Y108.74
G0 X109.956 Y107.952
G0 X110.189 Y107.162
G1 F2700 E67.07585
G1 F1744.2 X110.195 Y106.841 E67.08136
G0 F9000 X111.26 Y107.024
G1 F892.9 X112.298 Y107.024 E67.11616
G1 F952.4 X112.602 Y107.169 E67.12674
G1 F1181.1 X112.682 Y107.36 E67.13199
G1 F1398.6 X112.682 Y107.81 E67.14162
G0 F9000 X112.602 Y107.169
G1 F1092.9 X112.641 Y107.003 E67.14629
G1 F1500 X112.759 Y106.82 E67.15064
G1 F2033.9 X112.76 Y106.164 E67.16029
G1 F1363.6 X112.606 Y105.921 E67.16661
G1 F1049 X112.614 Y105.771 E67.1709
G1 X112.523 Y105.838 E67.17412
G1 F1287.6 X112.3 Y105.724 E67.17994
G1 F1704.5 X111.1 Y105.724 E67.20102
G1 X111.1 Y106.076 E67.2072
G1 X112.3 Y106.076 E67.22827
G1 F1287.6 X112.485 Y105.994 E67.23298
G1 F1098.9 X112.48 Y106.91 E67.25793
G1 F1015.2 X112.298 Y107.024 E67.26426
G1 F952.4 X112.602 Y107.169 E67.27485
G0 F9000 X112.614 Y105.771
G1 F1307.2 X112.719 Y105.578 E67.27988
G1 F1699.7 X112.72 Y105.116 E67.28801
G1 F2700 E62.28801
G0 F9000 X112.72 Y104.208
G0 X109.928 Y104.68
G0 X109.919 Y105.239
G0 X108.803 Y105.65
G0 X107.644 Y106.155
G1 F2700 E67.28801
G1 F1639.3 X107.654 Y106.452 E67.29344
G1 F1634.9 X107.643 Y106.796 E67.29974
G1 F2700 E62.29974
G0 F9000 X107.423 Y107.737
G0 X106.017 Y108.034
G1 F2700 E67.29974
G1 F1500 X105.556 Y107.962 E67.30905
G1 X105.152 Y107.764 E67.31803
G1 X104.847 Y107.456 E67.32668
G1 X104.683 Y107.123 E67.33409
G1 X104.599 Y106.807 E67.34062
G1 X104.576 Y106.45 E67.34775
G1 X104.602 Y106.113 E67.3545
G1 X104.686 Y105.804 E67.36089
G1 X104.837 Y105.475 E67.36811
G1 X105.1 Y105.209 E67.37558
G1 X105.37 Y105.036 E67.38198
G1 X105.654 Y104.934 E67.388
G1 X105.938 Y104.886 E67.39375
G1 X106.371 Y104.88 E67.40239
G1 X106.853 Y105.028 E67.41245
G1 X107.234 Y105.287 E67.42165
G1 X107.512 Y105.636 E67.43055
G1 F1522.8 X107.643 Y106.126 E67.44052
G1 X107.632 Y105.656 E67.44976
G1 F1500 X107.634 Y105.082 E67.46122
G1 X107.693 Y104.971 E67.46372
G1 X107.797 Y104.918 E67.46605
G1 X108.392 Y104.916 E67.47793
G1 X108.539 Y104.979 E67.48112
G1 X108.592 Y105.108 E67.4839
G1 X108.592 Y105.86 E67.49891
G1 X109.298 Y105.862 E67.513
G1 X109.691 Y106.004 E67.52134
G1 X109.936 Y106.187 E67.52744
G1 F1562.5 X110.123 Y106.445 E67.53354
G1 F1694.9 X110.195 Y106.841 E67.54065
G1 F1626 X110.164 Y106.408 E67.54864
G1 F1500 X110.164 Y105.108 E67.57459
G1 X110.217 Y104.979 E67.57737
G1 X110.329 Y104.918 E67.57992
G1 X112.6 Y104.918 E67.62524
G1 F1595.7 X112.72 Y105.116 E67.62958
G1 X112.84 Y104.918 E67.63392
G1 F1500 X113.463 Y104.916 E67.64636
G1 X113.592 Y105.042 E67.64995
G1 X113.593 Y106.357 E67.6762
G1 X114.38 Y104.971 E67.708
G1 X114.493 Y104.918 E67.71049
G1 X115.239 Y104.916 E67.72538
G1 X115.331 Y104.98 E67.72762
G1 X115.384 Y105.116 E67.73053
G1 X115.382 Y107.863 E67.78535
G1 X115.219 Y107.99 E67.78947
G1 X114.688 Y107.992 E67.80007
G1 X114.551 Y107.938 E67.80301
G1 X114.488 Y107.792 E67.80618
G1 X114.488 Y106.526 E67.83145
G1 X113.688 Y107.93 E67.86369
G1 X113.571 Y107.99 E67.86632
G1 F1496.3 X112.809 Y107.992 E67.88156
G1 F1442.3 X112.682 Y107.81 E67.88617
G1 X112.556 Y107.99 E67.89073
G1 F1496.3 X110.364 Y107.992 E67.93458
G1 F1500 X110.245 Y107.953 E67.93708
G1 X110.164 Y107.833 E67.93997
G1 F1507.5 X110.165 Y107.541 E67.94577
G1 F1604.3 X110.189 Y107.162 E67.95285
G1 X110.06 Y107.562 E67.9607
G1 F1500 X109.8 Y107.801 E67.96774
G1 X109.588 Y107.905 E67.97246
G1 X109.183 Y107.986 E67.9807
G1 X107.833 Y107.992 E68.00764
G1 X107.694 Y107.938 E68.01062
G1 F1522.8 X107.631 Y107.84 E68.01291
G1 F1562.5 X107.643 Y106.796 E68.03291
G1 F1550.4 X107.568 Y107.121 E68.03935
G1 F1511.3 X107.418 Y107.441 E68.04635
G1 F1503.8 X107.099 Y107.765 E68.0554
G1 F1500 X106.742 Y107.934 E68.06328
G1 X106.443 Y108.008 E68.06943
G1 X106.017 Y108.034 E68.07794
G1 F2700 E63.07794
G0 F9000 X105.968 Y108.342
G0 X105.481 Y108.204
G0 X105.009 Y107.972
G0 X104.636 Y107.598
G0 X104.443 Y107.195
G0 X104.349 Y106.607
G0 X104.526 Y104.511
G0 X104.374 Y104.282
;TYPE:SKIN
G1 F2700 E68.07794
G1 F1190.5 X104.343 Y104.337 E68.07953
G1 X104.28 Y104.337 E68.08112
G1 X104.248 Y104.282 E68.08272
G1 X104.279 Y104.227 E68.0843
G1 X104.342 Y104.227 E68.08589
G1 X104.374 Y104.282 E68.08749
G1 F2700 E63.08749
;MESH:NONMESH
G0 F300 Z0.92
G0 F9000 X104.526 Y104.511
G0 X104.479 Y105.754
G0 X105.807 Y106.21
G0 X106.094 Y106.794
;TIME_ELAPSED:244.949575
;LAYER:6
;TYPE:WALL-INNER
;MESH:Lens_Openscad 2.stl
G1 F2700 E68.08749
G1 F1608.6 X106.246 Y106.761 E68.09038
G1 X106.303 Y106.62 E68.09321
G1 F1604.3 X106.299 Y106.22 E68.10068
G1 F1587.3 X106.183 Y106.116 E68.10361
G1 F1583.1 X106.064 Y106.121 E68.10587
G1 X105.962 Y106.262 E68.10916
G1 F1595.7 X105.937 Y106.578 E68.1151
G1 F1608.6 X106.006 Y106.768 E68.11886
G1 X106.094 Y106.794 E68.12057
G0 F9000 X106.056 Y107.185
;TYPE:WALL-OUTER
G1 F1500 X106.324 Y107.16 E68.12594
G1 X106.469 Y107.089 E68.12917
G1 X106.576 Y106.971 E68.13234
G1 X106.683 Y106.714 E68.1379
G1 X106.706 Y106.463 E68.14293
G1 X106.683 Y106.199 E68.14822
G1 X106.614 Y106 E68.15242
G1 X106.465 Y105.821 E68.15707
G1 X106.265 Y105.723 E68.16151
G1 X105.925 Y105.737 E68.1683
G1 X105.709 Y105.904 E68.17375
G1 X105.589 Y106.137 E68.17898
G1 X105.545 Y106.406 E68.18442
G1 X105.552 Y106.642 E68.18913
G1 X105.637 Y106.919 E68.19492
G1 X105.815 Y107.114 E68.20019
G1 X106.056 Y107.185 E68.2052
G1 F2700 E63.2052
G0 F9000 X106.089 Y106.875
G0 X106.459 Y106.664
G0 X108.873 Y106.952
G0 X108.608 Y107.139
G1 F2700 E68.2052
G1 F1388.9 X108.608 Y106.705 E68.21455
G1 F1392.1 X109.109 Y106.707 E68.22533
G1 F1395.3 X109.214 Y106.807 E68.22844
G1 F1398.6 X109.24 Y107.008 E68.23277
G1 X109.174 Y107.102 E68.23523
G1 X109.052 Y107.138 E68.23796
G1 F1395.3 X108.608 Y107.139 E68.24748
G1 F2700 E63.24748
G0 F9000 X108.873 Y109.915
G0 X107.603 Y110.085
G0 X107.603 Y113.667
G1 F2700 E68.24748
G1 F1094.9 X107.569 Y113.726 E68.24934
G1 X107.501 Y113.726 E68.2512
G1 X107.467 Y113.667 E68.25306
G1 X107.501 Y113.608 E68.25493
G1 X107.569 Y113.608 E68.25678
G1 X107.603 Y113.667 E68.25865
G1 F2700 E63.25865
G0 F9000 X106.002 Y112.86
G0 X105.561 Y112.551
;TYPE:WALL-INNER
G1 F2700 E68.25865
G1 F985.2 X105.536 Y112.288 E68.26667
G1 F2700 E63.26667
G0 F9000 X105.282 Y111.85
G0 X103.845 Y111.85
G0 X103.564 Y112.288
G1 F2700 E68.26667
G1 F940.4 X103.569 Y115.084 E68.35567
G0 F9000 X103.755 Y115.836
G0 X104.216 Y116.04
G1 F1041.7 X104.352 Y116.054 E68.3596
G1 F1013.5 X106.393 Y116.054 E68.41988
G1 F931.7 X106.73 Y116.003 E68.43083
G1 F937.5 X107.204 Y116.054 E68.44605
G1 F1020.4 X107.868 Y116.054 E68.46553
G1 F1006.7 X108.058 Y116.046 E68.47119
G0 F9000 X108.488 Y116.157
G1 F1237.1 X109.108 Y116.054 E68.48639
G1 X108.588 Y115.804 E68.50035
G1 F1570.7 X108.488 Y115.725 E68.50278
G1 F1217 X108.058 Y116.046 E68.51598
G1 X108.488 Y116.157 E68.5269
G0 F9000 X109.108 Y116.054
G1 F1006.7 X109.858 Y116.046 E68.54921
G0 F9000 X110 Y116.084
G1 F1438.8 X110.276 Y116.159 E68.55516
G1 F1239.7 X110.884 Y116.054 E68.57005
G1 X110.373 Y115.808 E68.58375
G1 F1379.3 X110.284 Y115.731 E68.5863
G1 F1094.9 X109.858 Y116.046 E68.60079
G1 F1132.1 X110 Y116.084 E68.60467
G0 F9000 X110.884 Y116.054
G1 F1006.7 X112.626 Y116.046 E68.65647
G0 F9000 X113.068 Y116.155
G1 F1232 X113.7 Y116.054 E68.67202
G1 X113.17 Y115.8 E68.6863
G1 F1363.6 X113.079 Y115.718 E68.68899
G1 F1090.9 X112.626 Y116.046 E68.70434
G1 F1212.1 X113.068 Y116.155 E68.71558
G0 F9000 X113.7 Y116.054
G1 F1020.4 X115.655 Y116.054 E68.77293
G0 F9000 X110 Y116.24
G0 X110 Y116.548
G1 F1500 X115.706 Y116.548 E68.8868
G1 X116.143 Y116.403 E68.89599
G1 X116.311 Y116.252 E68.9005
G1 X116.501 Y115.927 E68.90801
G1 X116.548 Y115.692 E68.91279
G1 F1562.5 X116.564 Y115.06 E68.9249
G1 X116.26 Y115.496 E68.93509
G1 F1500 X115.988 Y115.56 E68.94066
G1 X113.7 Y115.56 E68.98632
G1 X113.38 Y115.468 E68.99297
G1 X113.229 Y115.333 E68.99701
G1 F1382.5 X113.068 Y115.015 E69.00473
G1 X112.907 Y115.333 E69.01244
G1 F1500 X112.756 Y115.468 E69.01649
G1 X112.519 Y115.56 E69.02156
G1 X111.794 Y115.56 E69.03603
G1 X111.66 Y115.519 E69.03882
G1 X111.521 Y115.56 E69.04172
G1 X110.884 Y115.56 E69.05443
G1 X110.574 Y115.474 E69.06085
G1 X110.422 Y115.344 E69.06484
G1 F1463.4 X110.276 Y115.013 E69.07224
G1 X110.13 Y115.344 E69.07964
G1 F1500 X109.978 Y115.474 E69.08363
G1 X109.751 Y115.56 E69.08848
G1 X109.108 Y115.56 E69.10131
G1 X108.793 Y115.471 E69.10784
G1 X108.682 Y115.383 E69.11067
G1 X108.544 Y115.166 E69.1158
G1 X108.507 Y114.959 E69.12
G1 X108.432 Y115.166 E69.12439
G1 X108.294 Y115.383 E69.12952
G1 X108.183 Y115.471 E69.13235
G1 X107.951 Y115.56 E69.13731
G1 X107.204 Y115.56 E69.15221
G1 X106.955 Y115.507 E69.15729
G1 X106.835 Y115.434 E69.1601
G1 X106.73 Y115.289 E69.16367
G1 X106.625 Y115.434 E69.16724
G1 X106.334 Y115.56 E69.17357
G1 X104.244 Y115.559 E69.21528
G1 F1301.5 X103.961 Y115.482 E69.22202
G1 F1029.2 X103.569 Y115.084 E69.23827
G1 F1149.4 X103.449 Y115.705 E69.25474
G1 F1500 X103.593 Y116.143 E69.26395
G1 X103.744 Y116.311 E69.26845
G1 X104.069 Y116.501 E69.27597
G1 X104.304 Y116.548 E69.28075
G1 X110 Y116.548 E69.39442
G0 F9000 X110 Y116.24
G0 X110.276 Y115.873
G0 X110.276 Y115.013
G1 F1442.3 X110.278 Y113.318 E69.4296
G1 F2700 E64.4296
G0 F9000 X110.449 Y115.401
G0 X112.877 Y115.401
G0 X113.319 Y113.65
G0 X113.068 Y114.528
G1 F2700 E69.4296
G1 F1287.6 X113.068 Y115.015 E69.44092
G0 F9000 X113.068 Y114.528
G1 F1202.4 X113.464 Y113.903 E69.45934
G1 F1156.1 X113.912 Y113.876 E69.47096
G1 F1190.5 X113.912 Y113.339 E69.48446
G1 X113.872 Y113.372 E69.48577
G1 F1181.1 X113.543 Y113.375 E69.4941
G1 F1147.2 X113.37 Y113.387 E69.49863
G1 F1123.6 X113.103 Y113.387 E69.50574
G1 X113.103 Y113.654 E69.51286
G1 F1202.4 X113.068 Y114.528 E69.53463
G1 F2700 E64.53463
G0 F9000 X113.319 Y113.65
G0 X113.262 Y114.092
G0 X113.262 Y115.401
G0 X116.428 Y115.401
G0 X116.428 Y114.092
G0 X116.136 Y113.527
G1 F2700 E69.53463
G1 F1415.1 X116.136 Y112.288 E69.56084
G1 F1252.6 X116.081 Y111.815 E69.57222
G1 F2700 E64.57222
G0 F9000 X110 Y111.687
G1 F2700 E69.57222
G1 F1676 X110.283 Y111.673 E69.57728
G1 F1662 X110.797 Y111.696 E69.58655
G1 F1428.6 X111.225 Y111.829 E69.59594
G1 F1279.3 X111.364 Y111.919 E69.59981
G1 X111.473 Y111.798 E69.60362
G1 F1418.4 X111.774 Y111.709 E69.61025
G1 F1604.3 X113.872 Y111.703 E69.6494
G1 F1538.5 X114.131 Y111.742 E69.65449
G1 F1467 X114.218 Y111.802 E69.65665
G1 F1526.7 X114.462 Y111.709 E69.66177
G1 F1604.3 X115.124 Y111.703 E69.67412
G1 F1558.4 X115.663 Y112.022 E69.68615
G1 F1500 X115.724 Y112.288 E69.6916
G1 X115.724 Y113.928 E69.72432
G1 X116.076 Y113.934 E69.73135
G1 F1578.9 X116.568 Y114.528 E69.74597
G1 X116.548 Y113.527 E69.76495
G1 F1500 X116.548 Y111.348 E69.80844
G1 F1558.4 X115.124 Y111.333 E69.83579
G1 F1604.3 X114.43 Y111.335 E69.84874
G1 F1526.7 X114.218 Y111.352 E69.85291
G1 F1538.5 X113.872 Y111.333 E69.85965
G1 F1604.3 X111.742 Y111.335 E69.8994
G1 F1418.4 X111.324 Y111.382 E69.90827
G1 F1388.9 X110.961 Y111.345 E69.91614
G1 F1587.3 X110.694 Y111.33 E69.92118
G1 F1685.4 X110.197 Y111.323 E69.93001
G1 F1662 X109.707 Y111.332 E69.93884
G1 F1470.6 X109.319 Y111.37 E69.94677
G1 X108.84 Y111.333 E69.95655
G1 F1604.3 X108.15 Y111.335 E69.96943
G1 F1293.1 X107.536 Y111.424 E69.98379
G1 F1304.3 X106.788 Y111.333 E70.00108
G1 F1604.3 X106.094 Y111.335 E70.01403
G1 F1327.4 X105.536 Y111.411 E70.02673
G1 F1339.3 X104.844 Y111.333 E70.04229
G1 F1604.3 X104.146 Y111.335 E70.05532
G1 F1415.1 X103.72 Y111.384 E70.06439
G1 F1271.2 X103.484 Y111.384 E70.06995
G1 X103.484 Y111.62 E70.0755
G1 F1087 X103.564 Y112.288 E70.09403
G1 X103.871 Y111.8 E70.10991
G1 F1415.1 X104.178 Y111.709 E70.11668
G1 F1604.3 X104.844 Y111.703 E70.12911
G1 F1339.3 X105.34 Y111.847 E70.14065
G1 F1127.8 X105.456 Y112.015 E70.14607
G1 F1067.6 X105.536 Y112.288 E70.15405
G1 X105.616 Y112.015 E70.16202
G1 F1127.8 X105.732 Y111.847 E70.16744
G1 F1327.4 X106.126 Y111.709 E70.17686
G1 F1604.3 X106.788 Y111.703 E70.18921
G1 F1304.3 X107.319 Y111.87 E70.20198
G1 F1088.9 X107.505 Y112.292 E70.21466
G1 X107.567 Y112.292 E70.21637
G1 X107.753 Y111.87 E70.22904
G1 F1293.1 X108.182 Y111.709 E70.23965
G1 F1604.3 X108.84 Y111.703 E70.25193
G1 F1470.6 X109.193 Y111.775 E70.25926
G1 F1348.3 X109.279 Y111.861 E70.26196
G1 F1456.3 X109.641 Y111.705 E70.27006
G1 F1612.9 X110 Y111.687 E70.27674
G1 F2700 E65.27674
G0 F9000 X115.563 Y111.85
G0 X116.27 Y113.65
G0 X116.568 Y114.528
G1 F2700 E70.27674
G1 F1648.4 X116.564 Y115.06 E70.2864
G0 F9000 X116.243 Y115.835
G0 X113.7 Y115.873
G0 X113.7 Y115.16
;TYPE:WALL-OUTER
G1 F1500 X113.543 Y115.085 E70.28987
G1 X113.5 Y114.978 E70.29217
G1 X113.5 Y114.528 E70.30115
G1 X113.637 Y114.328 E70.30599
G1 X114.364 Y114.328 E70.3205
G1 X114.364 Y113.412 E70.33878
G1 F1604.3 X114.39 Y112.78 E70.35058
G1 F1729.1 X114.391 Y112.288 E70.3591
G1 F1621.6 X114.428 Y112.144 E70.36184
G1 F1507.5 X114.529 Y112.091 E70.36411
G1 F1500 X115.124 Y112.088 E70.37598
G1 X115.324 Y112.211 E70.38067
G1 X115.324 Y114.328 E70.42291
G1 X116.018 Y114.33 E70.43676
G1 X116.188 Y114.528 E70.44197
G1 X116.186 Y114.995 E70.45129
G1 X116.064 Y115.159 E70.45537
G1 X113.7 Y115.16 E70.50254
G0 F9000 X113.7 Y115.873
G0 X111.66 Y115.873
G0 X111.66 Y114.978
G1 F1369.9 X111.655 Y113.145 E70.5426
G1 F2700 E65.5426
G0 F9000 X110.477 Y113.294
G0 X110 Y112.97
G1 F2700 E70.5426
G1 F1500 X109.991 Y112.974 E70.5428
G1 X109.915 Y113.08 E70.5454
G1 X109.872 Y113.274 E70.54936
G1 X109.868 Y114.978 E70.58337
G1 X109.822 Y115.088 E70.58575
G1 X109.703 Y115.158 E70.5885
G1 X109.027 Y115.16 E70.60199
G1 F1428.6 X108.91 Y115.017 E70.60587
G1 F1304.3 X108.835 Y113.1 E70.64989
G1 X108.042 Y115.041 E70.69801
G1 F1428.6 X107.903 Y115.158 E70.70182
G1 F1500 X107.204 Y115.16 E70.71577
G1 X107.081 Y115.118 E70.71836
G1 X107.016 Y115.029 E70.72056
G1 F1550.4 X106.756 Y114.278 E70.73591
G1 F1456.3 X106.623 Y114.028 E70.74173
G1 F1330.4 X106.5 Y113.69 E70.74982
G1 F1492.5 X106.386 Y113.235 E70.75923
G1 X106.438 Y113.7 E70.76861
G1 F1330.4 X106.312 Y113.903 E70.77399
G1 F1388.9 X105.051 Y113.907 E70.80117
G1 F1449.3 X105.051 Y114.321 E70.80972
G1 F1388.9 X106.334 Y114.316 E70.83737
G1 F1442.3 X106.445 Y114.528 E70.84234
G1 F1558.4 X106.457 Y115.011 E70.85162
G1 F1519 X106.379 Y115.118 E70.85422
G1 F1500 X106.291 Y115.158 E70.85615
G1 X104.253 Y115.159 E70.89682
G1 X104.159 Y115.12 E70.89886
G1 X104.083 Y114.995 E70.90177
G1 X104.08 Y112.288 E70.9558
G1 X104.151 Y112.134 E70.95918
G1 X104.245 Y112.091 E70.96124
G1 X104.844 Y112.088 E70.9732
G1 X104.994 Y112.155 E70.97648
G1 X105.044 Y112.288 E70.97931
G1 X105.044 Y113.068 E70.99488
G1 F1534.5 X106.212 Y113.076 E71.01766
G1 F1587.3 X106.354 Y113.189 E71.02108
G1 F1546.4 X106.03 Y112.323 E71.03898
G1 F1500 X106.078 Y112.155 E71.04247
G1 X106.193 Y112.091 E71.04509
G1 X106.788 Y112.088 E71.05697
G1 X106.959 Y112.17 E71.06075
G1 X107.167 Y112.767 E71.07337
G1 X107.905 Y112.767 E71.0881
G1 X108.112 Y112.172 E71.10067
G1 X108.249 Y112.091 E71.10385
G1 X108.84 Y112.088 E71.11564
G1 X108.954 Y112.123 E71.11802
G1 F1449.3 X109.058 Y112.279 E71.12189
G1 F1351.4 X108.983 Y112.639 E71.13004
G1 F1398.6 X109.39 Y112.277 E71.1417
G1 F1500 X109.783 Y112.08 E71.15047
G1 X110.26 Y112.048 E71.16001
G1 X110.694 Y112.074 E71.16869
G1 X111.041 Y112.222 E71.17621
G1 X111.355 Y112.467 E71.18416
G1 F1492.5 X111.559 Y112.79 E71.19182
G1 F1421.8 X111.655 Y113.145 E71.19957
G1 F1425.2 X111.676 Y112.717 E71.20857
G1 F1500 X111.676 Y112.285 E71.21719
G1 X111.715 Y112.168 E71.21965
G1 X111.841 Y112.091 E71.2226
G1 X113.872 Y112.088 E71.26313
G1 F1507.5 X114.008 Y112.144 E71.26605
G1 F1621.6 X114.045 Y112.288 E71.26879
G1 F1729.1 X114.044 Y112.75 E71.27679
G1 F1604.3 X113.872 Y112.92 E71.2813
G1 F1500 X112.636 Y112.92 E71.30597
G1 X112.636 Y114.978 E71.34704
G1 X112.593 Y115.085 E71.34934
G1 X112.471 Y115.158 E71.35218
G1 X111.81 Y115.157 E71.36537
G1 F1438.8 X111.66 Y114.978 E71.37023
G1 X111.509 Y115.158 E71.37511
G1 F1500 X110.884 Y115.16 E71.38759
G1 X110.73 Y115.088 E71.39098
G1 X110.684 Y114.978 E71.39336
G1 X110.684 Y113.265 E71.42754
G1 X110.568 Y112.988 E71.43354
G1 X110.367 Y112.896 E71.43795
G1 X110.167 Y112.896 E71.44194
G1 X110 Y112.97 E71.44558
G0 F9000 X110.191 Y113.222
G0 X108.978 Y112.664
G1 F1115.2 X108.836 Y113.119 E71.45838
G1 F2700 E66.45838
G0 F9000 X108.836 Y110.085
G0 X117.803 Y110.097
G0 X117.815 Y114.12
G0 X106.386 Y113.235
G1 F2700 E71.45838
G1 F1704.5 X106.377 Y113.207 E71.45889
G1 F2700 E66.45889
G0 F9000 X105.921 Y112.803
G0 X105.282 Y111.85
G0 X103.845 Y111.85
G0 X103.845 Y115.401
G0 X110 Y116.24
G0 X110 Y116.948
G1 F2700 E71.45889
G1 F1500 X115.747 Y116.948 E71.57358
G1 X116.049 Y116.884 E71.57974
G1 X116.365 Y116.742 E71.58665
G1 X116.61 Y116.521 E71.59324
G1 X116.773 Y116.295 E71.5988
G1 X116.884 Y116.05 E71.60417
G1 X116.948 Y115.732 E71.61064
G1 X116.948 Y110.948 E71.70611
G1 X103.048 Y110.948 E71.9835
G1 X103.049 Y115.747 E72.07927
G1 X103.112 Y116.049 E72.08543
G1 X103.254 Y116.365 E72.09234
G1 X103.475 Y116.61 E72.09892
G1 X103.701 Y116.774 E72.1045
G1 X103.946 Y116.884 E72.10986
G1 X104.264 Y116.948 E72.11633
G1 X110 Y116.948 E72.2308
G0 F9000 X110 Y116.173
G1 F2700 E67.2308
G0 F9000 X103.845 Y115.401
G0 X103.845 Y111.85
G0 X109.885 Y111.18
G0 X109.885 Y108.82
G0 X109.885 Y108.645
;TYPE:WALL-INNER
G1 F2700 E72.2308
G1 F1127.8 X110.364 Y108.52 E72.24394
G1 F1010.1 X109.899 Y108.202 E72.26063
G1 F1279.3 X109.666 Y108.3 E72.26655
G1 F1111.1 X109.275 Y108.513 E72.27854
G1 X109.7 Y108.644 E72.29052
G1 F1474.2 X109.885 Y108.645 E72.29428
G0 F9000 X110.364 Y108.52
G1 F906.3 X113.662 Y108.515 E72.4032
G0 F9000 X114.112 Y108.627
G1 F1092.9 X114.688 Y108.52 E72.41925
G1 X114.263 Y108.245 E72.43311
G1 F1357.5 X114.125 Y108.013 E72.43907
G1 X113.961 Y108.245 E72.44533
G1 F1081.1 X113.662 Y108.515 E72.45649
G1 X114.112 Y108.627 E72.46933
G0 F9000 X114.688 Y108.52
G1 F906.3 X115.31 Y108.515 E72.48987
G0 F9000 X116.119 Y108.219
G1 F1449.3 X116.166 Y107.917 E72.49618
G1 F1630.4 X116.166 Y105.116 E72.54761
G1 F1587.3 X116.152 Y104.335 E72.56234
G1 F1526.7 X116.068 Y104.074 E72.56772
G1 X115.805 Y103.875 E72.57418
G1 X115.635 Y103.844 E72.57757
G1 F1132.1 X115.184 Y103.982 E72.59004
G1 X115.741 Y104.289 E72.60686
G1 F1526.7 X115.917 Y104.44 E72.61141
G1 F1587.3 X116.166 Y105.116 E72.62499
G0 F9000 X116.023 Y104.28
G0 X115.184 Y103.982
G1 F898.2 X114.528 Y103.982 E72.64685
G0 F9000 X113.973 Y104.286
G1 F1333.3 X114.183 Y104.196 E72.65198
G1 F1162.8 X114.528 Y103.982 E72.66243
G1 F1013.5 X114.072 Y103.826 E72.67667
G1 X113.396 Y103.982 E72.69716
G1 F996.7 X113.973 Y104.286 E72.71675
G0 F9000 X113.396 Y103.982
G1 F888.9 X112.72 Y103.989 E72.73951
G1 X112.544 Y103.982 E72.74544
G1 F898.2 X110.364 Y103.982 E72.8181
G0 F9000 X109.528 Y104.28
G0 X109.378 Y104.678
G1 F1092.9 X109.579 Y104.383 E72.82787
G1 F1339.3 X110.02 Y104.205 E72.8385
G1 F1376.1 X110.18 Y104.068 E72.84308
G1 F1005 X110.364 Y103.982 E72.84913
G1 F1183.4 X109.96 Y103.864 E72.85978
G1 F1339.3 X109.378 Y103.922 E72.87285
G1 F986.8 X108.392 Y103.982 E72.90282
G1 X109.177 Y104.383 E72.92955
G1 F1092.9 X109.378 Y104.678 E72.93933
G0 F9000 X109.246 Y104.32
G0 X108.392 Y103.982
G1 F898.2 X107.832 Y103.982 E72.95799
G0 F9000 X105.47 Y104.308
G0 X105.056 Y104.463
G0 X104.686 Y104.705
G0 X104.373 Y105.031
G0 X103.838 Y105.914
G1 F1643.8 X103.823 Y106.1 E72.96139
G1 F1769.9 X103.812 Y106.468 E72.96762
G1 F1734.1 X103.829 Y106.937 E72.97572
G0 F9000 X103.838 Y105.914
G1 F1558.4 X103.924 Y105.547 E72.98296
G1 F1519 X104.095 Y105.173 E72.99106
G1 F1500 X104.29 Y104.891 E72.99791
G1 X104.577 Y104.598 E73.00609
G1 X104.999 Y104.315 E73.01623
G1 F1595.7 X105.413 Y104.184 E73.02438
G1 F1775.1 X105.811 Y104.134 E73.03114
G1 F1869.2 X106.34 Y104.122 E73.03962
G1 F1829.3 X106.623 Y104.151 E73.04427
G1 F1671.3 X107.252 Y104.295 E73.05583
G1 F1626 X107.488 Y104.198 E73.06053
G1 F1167.3 X107.832 Y103.982 E73.07094
G1 X107.425 Y103.847 E73.08194
G1 F1546.4 X107.207 Y103.862 E73.08617
G1 F1587.3 X106.672 Y103.819 E73.09629
G1 F1829.3 X106.328 Y103.806 E73.10192
G1 F1869.2 X105.784 Y103.811 E73.11063
G1 F1652.9 X105.013 Y103.848 E73.12461
G1 F1500 X104.335 Y103.848 E73.13814
G1 X104.076 Y103.932 E73.14358
G1 X103.879 Y104.192 E73.15009
G1 X103.849 Y104.344 E73.15318
G1 F1511.3 X103.846 Y105.629 E73.17863
G1 F1550.4 X103.838 Y105.914 E73.18414
G0 F9000 X104.041 Y107.189
G0 X104.509 Y108.249
G1 F1507.5 X104.181 Y107.924 E73.1933
G1 F1526.7 X103.92 Y107.379 E73.20515
G1 F1562.5 X103.831 Y106.985 E73.21289
G1 F1554.4 X103.845 Y107.288 E73.21873
G1 F1515.2 X103.847 Y108.249 E73.23772
G1 F1507.5 X104.509 Y108.249 E73.25086
G0 F9000 X104.891 Y108.648
G1 F1298.7 X105.274 Y108.586 E73.25981
G1 F1123.6 X105.516 Y108.497 E73.26667
G1 F1271.2 X104.847 Y108.025 E73.28595
G1 F1500 X104.502 Y107.67 E73.29583
G1 X104.295 Y107.238 E73.30539
G1 X104.205 Y106.872 E73.31291
G1 X104.176 Y106.468 E73.321
G1 X104.2 Y106.068 E73.32899
G1 X104.301 Y105.683 E73.33694
G1 X104.501 Y105.246 E73.34653
G1 X104.832 Y104.912 E73.35591
G1 X105.162 Y104.687 E73.36388
G1 X105.537 Y104.547 E73.37187
G1 X105.965 Y104.484 E73.3805
G1 X106.433 Y104.479 E73.38984
G1 X107.11 Y104.694 E73.40402
G1 X107.316 Y104.846 E73.40913
G1 X107.451 Y104.652 E73.41384
G1 X107.757 Y104.516 E73.42053
G1 X108.392 Y104.516 E73.4332
G1 X108.831 Y104.706 E73.44275
G1 X108.935 Y104.859 E73.44644
G1 X108.993 Y105.116 E73.45169
G1 X108.992 Y105.459 E73.45854
G1 X109.234 Y105.469 E73.46337
G1 X109.57 Y105.528 E73.47018
G1 X109.764 Y105.605 E73.47435
G1 X109.764 Y105.108 E73.48426
G1 X109.821 Y104.859 E73.48936
G1 X109.925 Y104.706 E73.49305
G1 X110.152 Y104.554 E73.49851
G1 X110.289 Y104.516 E73.50134
G1 X112.606 Y104.516 E73.54758
G1 X112.803 Y104.523 E73.55152
G1 X113.396 Y104.516 E73.56335
G1 X113.679 Y104.586 E73.56917
G1 X113.918 Y104.82 E73.57584
G1 X113.947 Y104.924 E73.578
G1 X114.148 Y104.651 E73.58476
G1 X114.447 Y104.516 E73.59131
G1 X115.184 Y104.516 E73.60602
G1 X115.414 Y104.561 E73.61069
G1 X115.625 Y104.708 E73.61583
G1 X115.784 Y105.116 E73.62456
G1 X115.784 Y107.871 E73.67954
G1 X115.73 Y108.041 E73.6831
G1 F1123.6 X115.31 Y108.515 E73.69998
G1 F998.3 X115.714 Y108.582 E73.71225
G1 F1284.8 X116.119 Y108.648 E73.72181
G1 F1500 X116.548 Y108.648 E73.73038
G1 X116.548 Y104.294 E73.81726
G1 X116.502 Y104.072 E73.82179
G1 X116.403 Y103.856 E73.82653
G1 X116.251 Y103.684 E73.83111
G1 X115.927 Y103.495 E73.8386
G1 X115.692 Y103.448 E73.84338
G1 X110.167 Y103.448 E73.95364
G1 X109.96 Y103.475 E73.9578
G1 X109.378 Y103.448 E73.96943
G1 X104.294 Y103.448 E74.07089
G1 X103.855 Y103.593 E74.08011
G1 X103.684 Y103.745 E74.08468
G1 X103.495 Y104.069 E74.09216
G1 X103.449 Y104.304 E74.09694
G1 X103.448 Y108.648 E74.18363
G1 X104.891 Y108.648 E74.21243
G0 F9000 X105.5 Y108.503
G1 F923.1 X106.048 Y108.542 E74.23024
G1 F949.4 X106.553 Y108.523 E74.24618
G0 F9000 X107.253 Y108.627
G1 F1090.9 X107.834 Y108.52 E74.26239
G1 X107.405 Y108.244 E74.27639
G1 F1354.4 X107.319 Y108.127 E74.2796
G1 X106.964 Y108.299 E74.28831
G1 F1094.9 X106.553 Y108.523 E74.30111
G1 F1061.9 X106.883 Y108.61 E74.31073
G1 F1304.3 X107.253 Y108.627 E74.31923
G0 F9000 X107.834 Y108.52
G1 F903.6 X109.275 Y108.513 E74.36697
G0 F9000 X110 Y109.048
;TYPE:WALL-OUTER
G1 F1500 X116.948 Y109.048 E74.50562
G1 X116.948 Y104.253 E74.60131
G1 X116.884 Y103.947 E74.60755
G1 X116.742 Y103.635 E74.61439
G1 X116.521 Y103.386 E74.62104
G1 X116.295 Y103.223 E74.6266
G1 X116.05 Y103.112 E74.63196
G1 X115.732 Y103.048 E74.63844
G1 X110.167 Y103.048 E74.74949
G1 X109.96 Y103.057 E74.75363
G1 X109.378 Y103.048 E74.76524
G1 X104.253 Y103.048 E74.86752
G1 X103.947 Y103.112 E74.87376
G1 X103.635 Y103.254 E74.8806
G1 X103.386 Y103.475 E74.88724
G1 X103.223 Y103.701 E74.8928
G1 X103.112 Y103.946 E74.89817
G1 X103.049 Y104.264 E74.90464
G1 X103.048 Y109.048 E75.00011
G1 X110 Y109.048 E75.13884
G1 F2700 E70.13884
G0 F9000 X110 Y108.74
G0 X109.956 Y107.952
G0 X110.189 Y107.166
G1 F2700 E75.13884
G1 F1734.1 X110.193 Y106.793 E75.14528
G0 F9000 X111.26 Y107.024
G1 F892.9 X112.298 Y107.024 E75.18008
G1 F952.4 X112.602 Y107.169 E75.19067
G1 F1181.1 X112.682 Y107.36 E75.19592
G1 F1398.6 X112.682 Y107.81 E75.20555
G0 F9000 X112.602 Y107.169
G1 F1092.9 X112.641 Y107.003 E75.21022
G1 F1500 X112.759 Y106.82 E75.21456
G1 F2033.9 X112.76 Y106.164 E75.22422
G1 F1363.6 X112.606 Y105.921 E75.23054
G1 F1049 X112.614 Y105.771 E75.23482
G1 X112.523 Y105.838 E75.23805
G1 F1287.6 X112.3 Y105.724 E75.24387
G1 F1704.5 X111.1 Y105.724 E75.26494
G1 X111.1 Y106.076 E75.27112
G1 X112.3 Y106.076 E75.2922
G1 F1287.6 X112.485 Y105.994 E75.2969
G1 F1098.9 X112.48 Y106.91 E75.32185
G1 F1015.2 X112.298 Y107.024 E75.32819
G1 F952.4 X112.602 Y107.169 E75.33877
G0 F9000 X112.614 Y105.771
G1 F1307.2 X112.719 Y105.578 E75.3438
G1 F1699.7 X112.72 Y105.116 E75.35194
G1 F2700 E70.35194
G0 F9000 X112.72 Y104.208
G0 X109.928 Y104.68
G0 X109.919 Y105.24
G0 X108.803 Y105.651
G0 X107.656 Y106.297
G1 F2700 E75.35194
G1 F1643.8 X107.643 Y106.796 E75.36103
G1 F2700 E70.36103
G0 F9000 X107.423 Y107.737
G0 X106.017 Y108.034
G1 F2700 E75.36103
G1 F1500 X105.556 Y107.962 E75.37034
G1 X105.152 Y107.764 E75.37932
G1 X104.847 Y107.456 E75.38797
G1 X104.683 Y107.123 E75.39538
G1 X104.599 Y106.803 E75.40198
G1 X104.576 Y106.454 E75.40896
G1 X104.602 Y106.113 E75.41579
G1 X104.686 Y105.804 E75.42218
G1 X104.837 Y105.475 E75.4294
G1 X105.1 Y105.209 E75.43686
G1 X105.37 Y105.036 E75.44326
G1 X105.654 Y104.934 E75.44929
G1 X105.938 Y104.886 E75.45503
G1 X106.372 Y104.88 E75.4637
G1 X106.956 Y105.061 E75.4759
G1 X107.326 Y105.384 E75.4857
G1 X107.585 Y105.81 E75.49565
G1 F1595.7 X107.656 Y106.297 E75.50488
G1 X107.632 Y105.836 E75.51354
G1 F1500 X107.632 Y105.116 E75.52791
G1 X107.667 Y105.001 E75.53031
G1 X107.797 Y104.918 E75.53338
G1 X108.392 Y104.916 E75.54526
G1 X108.539 Y104.979 E75.54845
G1 X108.593 Y105.116 E75.55139
G1 X108.592 Y105.857 E75.56618
G1 X109.164 Y105.863 E75.57759
G1 X109.538 Y105.929 E75.58517
G1 X109.921 Y106.175 E75.59425
G1 F1558.4 X110.117 Y106.437 E75.60054
G1 F1685.4 X110.193 Y106.793 E75.607
G1 F1621.6 X110.165 Y106.401 E75.61426
G1 F1500 X110.164 Y105.113 E75.63996
G1 X110.217 Y104.979 E75.64284
G1 X110.329 Y104.918 E75.64538
G1 X112.6 Y104.918 E75.6907
G1 F1595.7 X112.72 Y105.116 E75.69505
G1 X112.84 Y104.918 E75.69939
G1 F1500 X113.467 Y104.916 E75.7119
G1 X113.597 Y105.043 E75.71553
G1 X113.598 Y106.349 E75.74159
G1 X114.38 Y104.971 E75.77321
G1 X114.493 Y104.918 E75.7757
G1 X115.239 Y104.916 E75.79059
G1 X115.331 Y104.98 E75.79282
G1 X115.384 Y105.116 E75.79574
G1 X115.382 Y107.863 E75.85056
G1 X115.219 Y107.99 E75.85468
G1 X114.688 Y107.992 E75.86528
G1 X114.551 Y107.938 E75.86822
G1 X114.488 Y107.792 E75.87139
G1 X114.488 Y106.526 E75.89665
G1 X113.688 Y107.93 E75.9289
G1 X113.571 Y107.99 E75.93153
G1 F1496.3 X112.809 Y107.992 E75.94677
G1 F1442.3 X112.682 Y107.81 E75.95138
G1 X112.556 Y107.99 E75.95594
G1 F1496.3 X110.364 Y107.992 E75.99979
G1 F1500 X110.245 Y107.953 E76.00229
G1 F1503.8 X110.164 Y107.833 E76.00517
G1 F1507.5 X110.166 Y107.542 E76.01095
G1 F1558.4 X110.187 Y107.192 E76.01768
G1 F1578.9 X110.058 Y107.565 E76.02517
G1 F1526.7 X109.8 Y107.801 E76.03202
G1 F1500 X109.588 Y107.905 E76.03673
G1 X109.183 Y107.986 E76.04498
G1 X107.833 Y107.992 E76.07192
G1 X107.694 Y107.938 E76.07489
G1 F1522.8 X107.631 Y107.84 E76.07718
G1 F1562.5 X107.643 Y106.796 E76.09718
G1 F1550.4 X107.568 Y107.121 E76.10362
G1 F1511.3 X107.418 Y107.441 E76.11062
G1 F1503.8 X107.099 Y107.765 E76.11968
G1 F1500 X106.742 Y107.934 E76.12756
G1 X106.443 Y108.008 E76.1337
G1 X106.017 Y108.034 E76.14222
G1 F2700 E71.14222
G0 F9000 X105.968 Y108.342
G0 X105.481 Y108.204
G0 X105.009 Y107.972
G0 X104.636 Y107.598
G0 X104.443 Y107.195
G0 X104.349 Y106.607
G0 X104.526 Y104.511
G0 X104.374 Y104.282
;TYPE:SKIN
G1 F2700 E76.14222
G1 F1190.5 X104.343 Y104.337 E76.14381
G1 X104.28 Y104.337 E76.14539
G1 X104.248 Y104.282 E76.14699
G1 X104.279 Y104.227 E76.14858
G1 X104.342 Y104.227 E76.15017
G1 X104.374 Y104.282 E76.15177
G1 F2700 E71.15177
;MESH:NONMESH
G0 F300 Z1.04
G0 F9000 X104.526 Y104.511
G0 X104.479 Y105.754
G0 X105.807 Y106.21
G0 X106.027 Y106.772
;TIME_ELAPSED:279.347043
;LAYER:7
;TYPE:WALL-INNER
;MESH:Lens_Openscad 2.stl
G1 F2700 E76.15177
G1 F1595.7 X106.235 Y106.768 E76.15567
G1 X106.316 Y106.448 E76.16186
G1 F1591.5 X106.271 Y106.194 E76.16671
G1 X106.183 Y106.115 E76.16894
G1 X106.064 Y106.12 E76.17118
G1 X105.964 Y106.254 E76.17432
G1 F1595.7 X105.935 Y106.471 E76.17843
G1 X105.96 Y106.657 E76.18195
G1 X106.027 Y106.772 E76.18444
G0 F9000 X106.056 Y107.185
;TYPE:WALL-OUTER
G1 F1500 X106.319 Y107.16 E76.18972
G1 X106.539 Y107.024 E76.19488
G1 X106.661 Y106.794 E76.20007
G1 X106.706 Y106.456 E76.20688
G1 X106.683 Y106.199 E76.21203
G1 X106.614 Y106 E76.21623
G1 X106.465 Y105.821 E76.22088
G1 X106.265 Y105.723 E76.22532
G1 X105.925 Y105.737 E76.23211
G1 X105.709 Y105.904 E76.23756
G1 X105.589 Y106.134 E76.24274
G1 X105.543 Y106.469 E76.24949
G1 X105.585 Y106.788 E76.25591
G1 X105.773 Y107.102 E76.26321
G1 X106.056 Y107.185 E76.2691
G1 F2700 E71.2691
G0 F9000 X106.089 Y106.875
G0 X106.442 Y106.719
G0 X108.873 Y106.952
G0 X108.608 Y107.139
G1 F2700 E76.2691
G1 F1388.9 X108.608 Y106.705 E76.27845
G1 X109.087 Y106.706 E76.28878
G1 F1392.1 X109.213 Y106.788 E76.29201
G1 X109.239 Y107.007 E76.29675
G1 X109.172 Y107.101 E76.29923
G1 X109.052 Y107.137 E76.30193
G1 F1388.9 X108.608 Y107.139 E76.3115
G1 F2700 E71.3115
G0 F9000 X108.873 Y109.915
G0 X107.603 Y110.085
G0 X107.603 Y113.667
G1 F2700 E76.3115
G1 F1094.9 X107.569 Y113.726 E76.31336
G1 X107.501 Y113.726 E76.31522
G1 X107.467 Y113.667 E76.31708
G1 X107.501 Y113.608 E76.31894
G1 X107.569 Y113.608 E76.3208
G1 X107.603 Y113.667 E76.32266
G1 F2700 E71.32266
G0 F9000 X106.002 Y112.86
G0 X105.561 Y112.551
;TYPE:WALL-INNER
G1 F2700 E76.32266
G1 F985.2 X105.536 Y112.288 E76.33069
G1 F2700 E71.33069
G0 F9000 X105.282 Y111.85
G0 X103.845 Y111.85
G0 X103.564 Y112.288
G1 F2700 E76.33069
G1 F940.4 X103.569 Y115.084 E76.41968
G0 F9000 X103.755 Y115.836
G0 X104.216 Y116.04
G1 F1041.7 X104.352 Y116.054 E76.42361
G1 F1013.5 X106.393 Y116.054 E76.48389
G1 F931.7 X106.73 Y116.003 E76.49484
G1 F937.5 X107.204 Y116.054 E76.51007
G1 F1020.4 X107.868 Y116.054 E76.52955
G1 F1006.7 X108.058 Y116.046 E76.5352
G0 F9000 X108.488 Y116.157
G1 F1237.1 X109.108 Y116.054 E76.55041
G1 X108.588 Y115.804 E76.56437
G1 F1570.7 X108.488 Y115.725 E76.5668
G1 F1217 X108.058 Y116.046 E76.58
G1 X108.488 Y116.157 E76.59092
G0 F9000 X109.108 Y116.054
G1 F1006.7 X109.858 Y116.046 E76.61322
G0 F9000 X110 Y116.084
G1 F1438.8 X110.276 Y116.159 E76.61917
G1 F1239.7 X110.884 Y116.054 E76.63407
G1 X110.373 Y115.808 E76.64776
G1 F1379.3 X110.284 Y115.731 E76.65032
G1 F1094.9 X109.858 Y116.046 E76.6648
G1 F1132.1 X110 Y116.084 E76.66869
G0 F9000 X110.884 Y116.054
G1 F1006.7 X112.626 Y116.046 E76.72049
G0 F9000 X113.068 Y116.155
G1 F1232 X113.7 Y116.054 E76.73604
G1 X113.17 Y115.8 E76.75032
G1 F1363.6 X113.079 Y115.718 E76.75301
G1 F1090.9 X112.626 Y116.046 E76.76835
G1 F1212.1 X113.068 Y116.155 E76.7796
G0 F9000 X113.7 Y116.054
G1 F1020.4 X115.655 Y116.054 E76.83695
G0 F9000 X110 Y116.24
G0 X110 Y116.548
G1 F1500 X115.706 Y116.548 E76.95082
G1 X116.143 Y116.403 E76.96
G1 X116.311 Y116.252 E76.96451
G1 X116.501 Y115.927 E76.97202
G1 X116.548 Y115.692 E76.97681
G1 F1562.5 X116.564 Y115.06 E76.98892
G1 X116.26 Y115.496 E76.9991
G1 F1500 X115.988 Y115.56 E77.00468
G1 X113.7 Y115.56 E77.05034
G1 X113.38 Y115.468 E77.05698
G1 X113.229 Y115.333 E77.06102
G1 F1382.5 X113.068 Y115.015 E77.06874
G1 X112.907 Y115.333 E77.07646
G1 F1500 X112.756 Y115.468 E77.0805
G1 X112.519 Y115.56 E77.08558
G1 X111.794 Y115.56 E77.10004
G1 X111.66 Y115.519 E77.10284
G1 X111.521 Y115.56 E77.10573
G1 X110.884 Y115.56 E77.11844
G1 X110.574 Y115.474 E77.12486
G1 X110.422 Y115.344 E77.12886
G1 F1463.4 X110.276 Y115.013 E77.13626
G1 X110.13 Y115.344 E77.14366
G1 F1500 X109.978 Y115.474 E77.14765
G1 X109.751 Y115.56 E77.15249
G1 X109.108 Y115.56 E77.16532
G1 X108.793 Y115.471 E77.17185
G1 X108.682 Y115.383 E77.17468
G1 X108.544 Y115.166 E77.17981
G1 X108.507 Y114.959 E77.18401
G1 X108.432 Y115.166 E77.1884
G1 X108.294 Y115.383 E77.19354
G1 X108.183 Y115.471 E77.19636
G1 X107.951 Y115.56 E77.20132
G1 X107.204 Y115.56 E77.21623
G1 X106.955 Y115.507 E77.22131
G1 X106.835 Y115.434 E77.22411
G1 X106.73 Y115.289 E77.22768
G1 X106.625 Y115.434 E77.23126
G1 X106.334 Y115.56 E77.23759
G1 X104.244 Y115.559 E77.27929
G1 F1301.5 X103.961 Y115.482 E77.28604
G1 F1029.2 X103.569 Y115.084 E77.30229
G1 F1149.4 X103.449 Y115.705 E77.31876
G1 F1500 X103.593 Y116.143 E77.32796
G1 X103.744 Y116.311 E77.33247
G1 X104.069 Y116.501 E77.33998
G1 X104.304 Y116.548 E77.34476
G1 X110 Y116.548 E77.45843
G0 F9000 X110 Y116.24
G0 X110.276 Y115.873
G0 X110.276 Y115.013
G1 F1442.3 X110.278 Y113.318 E77.49361
G1 F2700 E72.49361
G0 F9000 X110.449 Y115.401
G0 X112.877 Y115.401
G0 X113.319 Y113.65
G0 X113.068 Y114.528
G1 F2700 E77.49361
G1 F1287.6 X113.068 Y115.015 E77.50493
G0 F9000 X113.068 Y114.528
G1 F1202.4 X113.464 Y113.903 E77.52335
G1 F1156.1 X113.912 Y113.876 E77.53497
G1 F1190.5 X113.912 Y113.339 E77.54848
G1 X113.872 Y113.372 E77.54978
G1 F1181.1 X113.543 Y113.375 E77.55812
G1 F1147.2 X113.37 Y113.387 E77.56264
G1 F1123.6 X113.103 Y113.387 E77.56976
G1 X113.103 Y113.654 E77.57687
G1 F1202.4 X113.068 Y114.528 E77.59865
G1 F2700 E72.59865
G0 F9000 X113.319 Y113.65
G0 X113.262 Y114.092
G0 X113.262 Y115.401
G0 X116.428 Y115.401
G0 X116.428 Y114.092
G0 X116.136 Y113.527
G1 F2700 E77.59865
G1 F1415.1 X116.136 Y112.288 E77.62486
G1 F1252.6 X116.081 Y111.815 E77.63624
G1 F2700 E72.63624
G0 F9000 X110 Y111.687
G1 F2700 E77.63624
G1 F1676 X110.283 Y111.673 E77.6413
G1 F1662 X110.797 Y111.696 E77.65056
G1 F1428.6 X111.225 Y111.829 E77.65995
G1 F1279.3 X111.364 Y111.919 E77.66383
G1 X111.473 Y111.798 E77.66764
G1 F1418.4 X111.774 Y111.709 E77.67426
G1 F1604.3 X113.872 Y111.703 E77.71341
G1 F1538.5 X114.131 Y111.742 E77.71851
G1 F1467 X114.218 Y111.802 E77.72066
G1 F1526.7 X114.462 Y111.709 E77.72578
G1 F1604.3 X115.124 Y111.703 E77.73814
G1 F1558.4 X115.663 Y112.022 E77.75017
G1 F1500 X115.724 Y112.288 E77.75561
G1 X115.724 Y113.928 E77.78834
G1 X116.076 Y113.934 E77.79537
G1 F1578.9 X116.568 Y114.528 E77.80999
G1 X116.548 Y113.527 E77.82897
G1 F1500 X116.548 Y111.348 E77.87245
G1 F1558.4 X115.124 Y111.333 E77.89981
G1 F1604.3 X114.43 Y111.335 E77.91276
G1 F1526.7 X114.218 Y111.352 E77.91693
G1 F1538.5 X113.872 Y111.333 E77.92367
G1 F1604.3 X111.742 Y111.335 E77.96341
G1 F1418.4 X111.324 Y111.382 E77.97229
G1 F1388.9 X110.961 Y111.345 E77.98015
G1 F1587.3 X110.694 Y111.33 E77.9852
G1 F1685.4 X110.197 Y111.323 E77.99402
G1 F1662 X109.707 Y111.332 E78.00285
G1 F1470.6 X109.319 Y111.37 E78.01079
G1 X108.84 Y111.333 E78.02057
G1 F1604.3 X108.15 Y111.335 E78.03344
G1 F1293.1 X107.536 Y111.424 E78.0478
G1 F1304.3 X106.788 Y111.333 E78.06509
G1 F1604.3 X106.094 Y111.335 E78.07804
G1 F1327.4 X105.536 Y111.411 E78.09074
G1 F1339.3 X104.844 Y111.333 E78.10631
G1 F1604.3 X104.146 Y111.335 E78.11933
G1 F1415.1 X103.72 Y111.384 E78.1284
G1 F1271.2 X103.484 Y111.384 E78.13396
G1 X103.484 Y111.62 E78.13952
G1 F1087 X103.564 Y112.288 E78.15805
G1 X103.871 Y111.8 E78.17392
G1 F1415.1 X104.178 Y111.709 E78.1807
G1 F1604.3 X104.844 Y111.703 E78.19312
G1 F1339.3 X105.34 Y111.847 E78.20467
G1 F1127.8 X105.456 Y112.015 E78.21009
G1 F1067.6 X105.536 Y112.288 E78.21806
G1 X105.616 Y112.015 E78.22604
G1 F1127.8 X105.732 Y111.847 E78.23146
G1 F1327.4 X106.126 Y111.709 E78.24087
G1 F1604.3 X106.788 Y111.703 E78.25322
G1 F1304.3 X107.319 Y111.87 E78.266
G1 F1088.9 X107.505 Y112.292 E78.27868
G1 X107.567 Y112.292 E78.28038
G1 X107.753 Y111.87 E78.29306
G1 F1293.1 X108.182 Y111.709 E78.30367
G1 F1604.3 X108.84 Y111.703 E78.31594
G1 F1470.6 X109.193 Y111.775 E78.32328
G1 F1348.3 X109.279 Y111.861 E78.32598
G1 F1456.3 X109.641 Y111.705 E78.33408
G1 F1612.9 X110 Y111.687 E78.34075
G1 F2700 E73.34075
G0 F9000 X115.563 Y111.85
G0 X116.27 Y113.65
G0 X116.568 Y114.528
G1 F2700 E78.34075
G1 F1648.4 X116.564 Y115.06 E78.35041
G0 F9000 X116.243 Y115.835
G0 X113.7 Y115.873
G0 X113.7 Y115.16
;TYPE:WALL-OUTER
G1 F1500 X113.543 Y115.085 E78.35388
G1 X113.5 Y114.978 E78.35619
G1 X113.5 Y114.528 E78.36517
G1 X113.637 Y114.328 E78.37
G1 X114.364 Y114.328 E78.38451
G1 X114.364 Y113.412 E78.40279
G1 F1604.3 X114.39 Y112.78 E78.41459
G1 F1729.1 X114.391 Y112.288 E78.42311
G1 F1621.6 X114.428 Y112.144 E78.42586
G1 F1507.5 X114.529 Y112.091 E78.42812
G1 F1500 X115.124 Y112.088 E78.43999
G1 X115.324 Y112.211 E78.44468
G1 X115.324 Y114.328 E78.48693
G1 X116.018 Y114.33 E78.50078
G1 X116.188 Y114.528 E78.50598
G1 X116.186 Y114.995 E78.5153
G1 X116.064 Y115.159 E78.51938
G1 X113.7 Y115.16 E78.56656
G0 F9000 X113.7 Y115.873
G0 X111.66 Y115.873
G0 X111.66 Y114.978
G1 F1373 X111.656 Y113.076 E78.60803
G1 F2700 E73.60803
G0 F9000 X110.477 Y113.294
G0 X110 Y112.993
G1 F2700 E78.60803
G1 F1500 X109.915 Y113.079 E78.61044
G1 X109.872 Y113.274 E78.61442
G1 X109.868 Y114.978 E78.64843
G1 X109.822 Y115.088 E78.65081
G1 X109.703 Y115.158 E78.65356
G1 X109.027 Y115.16 E78.66705
G1 F1428.6 X108.91 Y115.017 E78.67093
G1 F1304.3 X108.835 Y113.1 E78.71495
G1 X108.042 Y115.041 E78.76307
G1 F1428.6 X107.903 Y115.158 E78.76688
G1 F1500 X107.204 Y115.16 E78.78083
G1 X107.081 Y115.118 E78.78342
G1 X107.016 Y115.029 E78.78562
G1 F1550.4 X106.756 Y114.278 E78.80097
G1 F1456.3 X106.623 Y114.028 E78.80679
G1 F1330.4 X106.5 Y113.69 E78.81488
G1 F1492.5 X106.386 Y113.235 E78.82429
G1 X106.438 Y113.7 E78.83367
G1 F1330.4 X106.312 Y113.903 E78.83905
G1 F1388.9 X105.051 Y113.907 E78.86623
G1 F1449.3 X105.051 Y114.321 E78.87478
G1 F1388.9 X106.334 Y114.316 E78.90243
G1 F1442.3 X106.445 Y114.528 E78.9074
G1 F1558.4 X106.457 Y115.011 E78.91668
G1 F1519 X106.379 Y115.118 E78.91929
G1 F1500 X106.291 Y115.158 E78.92121
G1 X104.253 Y115.159 E78.96189
G1 X104.159 Y115.12 E78.96392
G1 X104.083 Y114.995 E78.96684
G1 X104.08 Y112.288 E79.02086
G1 X104.151 Y112.134 E79.02424
G1 X104.245 Y112.091 E79.0263
G1 X104.844 Y112.088 E79.03826
G1 X104.994 Y112.155 E79.04154
G1 X105.044 Y112.288 E79.04437
G1 X105.044 Y113.068 E79.05994
G1 F1534.5 X106.212 Y113.076 E79.08272
G1 F1587.3 X106.354 Y113.189 E79.08614
G1 F1546.4 X106.03 Y112.323 E79.10404
G1 F1500 X106.078 Y112.155 E79.10753
G1 X106.193 Y112.091 E79.11016
G1 X106.788 Y112.088 E79.12203
G1 X106.959 Y112.17 E79.12581
G1 X107.167 Y112.767 E79.13843
G1 X107.905 Y112.767 E79.15316
G1 X108.112 Y112.172 E79.16573
G1 X108.249 Y112.091 E79.16891
G1 X108.84 Y112.088 E79.1807
G1 X108.954 Y112.123 E79.18308
G1 F1449.3 X109.058 Y112.279 E79.18695
G1 F1351.4 X108.983 Y112.639 E79.1951
G1 F1398.6 X109.39 Y112.277 E79.20676
G1 F1500 X109.783 Y112.08 E79.21553
G1 X110.26 Y112.048 E79.22507
G1 X110.694 Y112.074 E79.23375
G1 X111.041 Y112.222 E79.24127
G1 F1492.5 X111.357 Y112.469 E79.24932
G1 F1470.6 X111.566 Y112.811 E79.25748
G1 F1408.5 X111.656 Y113.076 E79.26343
G1 F1421.8 X111.674 Y112.723 E79.27087
G1 F1492.5 X111.676 Y112.285 E79.27965
G1 F1500 X111.715 Y112.168 E79.28211
G1 X111.841 Y112.091 E79.28506
G1 X113.872 Y112.088 E79.32559
G1 F1507.5 X114.008 Y112.144 E79.32851
G1 F1621.6 X114.045 Y112.288 E79.33126
G1 F1729.1 X114.044 Y112.75 E79.33925
G1 F1604.3 X113.872 Y112.92 E79.34377
G1 F1500 X112.636 Y112.92 E79.36843
G1 X112.636 Y114.978 E79.4095
G1 X112.593 Y115.085 E79.4118
G1 X112.471 Y115.158 E79.41464
G1 X111.81 Y115.157 E79.42783
G1 F1438.8 X111.66 Y114.978 E79.43269
G1 X111.509 Y115.158 E79.43758
G1 F1500 X110.884 Y115.16 E79.45005
G1 X110.73 Y115.088 E79.45344
G1 X110.684 Y114.978 E79.45582
G1 X110.684 Y113.265 E79.49001
G1 X110.569 Y112.988 E79.49599
G1 X110.371 Y112.899 E79.50032
G1 X110.069 Y112.924 E79.50637
G1 X110 Y112.993 E79.50832
G0 F9000 X110.186 Y113.218
G0 X108.978 Y112.664
G1 F1115.2 X108.836 Y113.119 E79.52111
G1 F2700 E74.52111
G0 F9000 X108.836 Y110.085
G0 X117.803 Y110.097
G0 X117.815 Y114.12
G0 X106.386 Y113.235
G1 F2700 E79.52111
G1 F1704.5 X106.377 Y113.207 E79.52163
G1 F2700 E74.52163
G0 F9000 X105.921 Y112.803
G0 X105.282 Y111.85
G0 X103.845 Y111.85
G0 X103.845 Y115.401
G0 X110 Y116.24
G0 X110 Y116.948
G1 F2700 E79.52163
G1 F1500 X115.747 Y116.948 E79.63632
G1 X116.049 Y116.884 E79.64248
G1 X116.365 Y116.742 E79.64939
G1 X116.61 Y116.521 E79.65597
G1 X116.773 Y116.295 E79.66154
G1 X116.884 Y116.05 E79.6669
G1 X116.948 Y115.732 E79.67338
G1 X116.948 Y110.948 E79.76885
G1 X103.048 Y110.948 E80.04624
G1 X103.049 Y115.747 E80.142
G1 X103.112 Y116.049 E80.14816
G1 X103.254 Y116.365 E80.15507
G1 X103.475 Y116.61 E80.16166
G1 X103.701 Y116.774 E80.16723
G1 X103.946 Y116.884 E80.17259
G1 X104.264 Y116.948 E80.17906
G1 X110 Y116.948 E80.29353
G0 F9000 X110 Y116.173
G1 F2700 E75.29353
G0 F9000 X103.845 Y115.401
G0 X103.845 Y111.85
G0 X109.885 Y111.18
G0 X109.885 Y108.82
G0 X109.885 Y108.645
;TYPE:WALL-INNER
G1 F2700 E80.29353
G1 F1127.8 X110.364 Y108.52 E80.30667
G1 F1010.1 X109.899 Y108.202 E80.32337
G1 F1279.3 X109.666 Y108.3 E80.32928
G1 F1111.1 X109.275 Y108.513 E80.34128
G1 X109.7 Y108.644 E80.35326
G1 F1474.2 X109.885 Y108.645 E80.35701
G0 F9000 X110.364 Y108.52
G1 F906.3 X113.662 Y108.515 E80.46594
G0 F9000 X114.112 Y108.627
G1 F1092.9 X114.688 Y108.52 E80.48198
G1 X114.263 Y108.245 E80.49585
G1 F1357.5 X114.125 Y108.012 E80.50182
G1 X113.961 Y108.245 E80.5081
G1 F1081.1 X113.662 Y108.515 E80.51926
G1 X114.112 Y108.627 E80.5321
G0 F9000 X114.688 Y108.52
G1 F906.3 X115.31 Y108.515 E80.55264
G0 F9000 X116.119 Y108.219
G1 F1449.3 X116.166 Y107.917 E80.55896
G1 F1630.4 X116.166 Y105.116 E80.61038
G1 F1587.3 X116.152 Y104.335 E80.62511
G1 F1526.7 X116.068 Y104.074 E80.63049
G1 X115.805 Y103.875 E80.63695
G1 X115.635 Y103.844 E80.64034
G1 F1132.1 X115.184 Y103.982 E80.65281
G1 X115.741 Y104.289 E80.66963
G1 F1526.7 X115.917 Y104.44 E80.67418
G1 F1587.3 X116.166 Y105.116 E80.68776
G0 F9000 X116.023 Y104.28
G0 X115.184 Y103.982
G1 F898.2 X114.528 Y103.982 E80.70963
G0 F9000 X113.973 Y104.286
G1 F1333.3 X114.183 Y104.196 E80.71475
G1 F1162.8 X114.528 Y103.982 E80.72521
G1 F1013.5 X114.072 Y103.826 E80.73944
G1 X113.396 Y103.982 E80.75993
G1 F996.7 X113.973 Y104.286 E80.77952
G0 F9000 X113.396 Y103.982
G1 F888.9 X112.72 Y103.989 E80.80228
G1 X112.544 Y103.982 E80.80822
G1 F898.2 X110.364 Y103.982 E80.88087
G0 F9000 X109.528 Y104.28
G0 X109.378 Y104.678
G1 F1092.9 X109.579 Y104.383 E80.89065
G1 F1339.3 X110.02 Y104.205 E80.90127
G1 F1376.1 X110.18 Y104.068 E80.90586
G1 F1005 X110.364 Y103.982 E80.91191
G1 F1183.4 X109.96 Y103.864 E80.92255
G1 F1339.3 X109.378 Y103.922 E80.93562
G1 F986.8 X108.392 Y103.982 E80.96559
G1 X109.177 Y104.383 E80.99233
G1 F1092.9 X109.378 Y104.678 E81.0021
G0 F9000 X109.246 Y104.32
G0 X108.392 Y103.982
G1 F898.2 X107.832 Y103.982 E81.02077
G0 F9000 X105.47 Y104.308
G0 X105.056 Y104.463
G0 X104.686 Y104.705
G0 X104.373 Y105.031
G0 X103.849 Y105.834
G1 F1500 X103.959 Y105.47 E81.02836
G1 X104.095 Y105.173 E81.03487
G1 X104.29 Y104.891 E81.04172
G1 X104.577 Y104.598 E81.0499
G1 X104.999 Y104.315 E81.06004
G1 F1595.7 X105.413 Y104.184 E81.06819
G1 F1775.1 X105.811 Y104.134 E81.07495
G1 F1869.2 X106.34 Y104.122 E81.08342
G1 F1829.3 X106.623 Y104.151 E81.08808
G1 F1671.3 X107.252 Y104.295 E81.09964
G1 F1626 X107.488 Y104.198 E81.10433
G1 F1167.3 X107.832 Y103.982 E81.11475
G1 X107.425 Y103.847 E81.12575
G1 F1546.4 X107.207 Y103.862 E81.12998
G1 F1587.3 X106.672 Y103.819 E81.1401
G1 F1829.3 X106.328 Y103.806 E81.14573
G1 F1869.2 X105.784 Y103.811 E81.15444
G1 F1652.9 X105.013 Y103.848 E81.16842
G1 F1500 X104.335 Y103.848 E81.18195
G1 X104.076 Y103.932 E81.18739
G1 X103.879 Y104.192 E81.1939
G1 X103.849 Y104.344 E81.19699
G1 X103.849 Y105.834 E81.22672
G0 F9000 X103.958 Y106.906
G0 X104.509 Y108.249
G1 F1507.5 X104.181 Y107.924 E81.23589
G1 X103.963 Y107.469 E81.24591
G1 X103.847 Y107.091 E81.25376
G1 X103.847 Y108.249 E81.27675
G1 X104.509 Y108.249 E81.2899
G0 F9000 X104.891 Y108.648
G1 F1298.7 X105.274 Y108.586 E81.29884
G1 F1123.6 X105.516 Y108.497 E81.30571
G1 F1271.2 X104.847 Y108.025 E81.32499
G1 F1500 X104.502 Y107.67 E81.33487
G1 X104.323 Y107.296 E81.34314
G1 X104.282 Y107.184 E81.34552
G1 F1222 X104.115 Y106.887 E81.35387
G1 F1047.1 X104.094 Y106.464 E81.36598
G1 F1039.9 X104.123 Y105.988 E81.37971
G1 F1212.1 X104.287 Y105.736 E81.38713
G1 F1500 X104.322 Y105.637 E81.38923
G1 X104.501 Y105.246 E81.39781
G1 X104.832 Y104.912 E81.40719
G1 X105.162 Y104.687 E81.41516
G1 X105.537 Y104.547 E81.42315
G1 X105.965 Y104.484 E81.43178
G1 X106.433 Y104.479 E81.44112
G1 X107.11 Y104.694 E81.4553
G1 X107.316 Y104.846 E81.46041
G1 X107.451 Y104.652 E81.46513
G1 X107.757 Y104.516 E81.47181
G1 X108.392 Y104.516 E81.48448
G1 X108.831 Y104.706 E81.49403
G1 X108.935 Y104.859 E81.49772
G1 X108.993 Y105.116 E81.50298
G1 X108.992 Y105.459 E81.50982
G1 X109.234 Y105.469 E81.51465
G1 X109.57 Y105.528 E81.52146
G1 X109.764 Y105.605 E81.52563
G1 X109.764 Y105.108 E81.53555
G1 X109.821 Y104.859 E81.54064
G1 X109.925 Y104.706 E81.54433
G1 X110.152 Y104.554 E81.54979
G1 X110.289 Y104.516 E81.55262
G1 X112.606 Y104.516 E81.59886
G1 X112.803 Y104.523 E81.6028
G1 X113.396 Y104.516 E81.61463
G1 X113.679 Y104.586 E81.62045
G1 X113.918 Y104.82 E81.62712
G1 X113.947 Y104.924 E81.62928
G1 X114.148 Y104.651 E81.63604
G1 X114.447 Y104.516 E81.64259
G1 X115.184 Y104.516 E81.6573
G1 X115.414 Y104.561 E81.66197
G1 X115.625 Y104.708 E81.66711
G1 X115.784 Y105.116 E81.67584
G1 X115.784 Y107.871 E81.73082
G1 X115.73 Y108.041 E81.73438
G1 F1123.6 X115.31 Y108.515 E81.75126
G1 F998.3 X115.714 Y108.582 E81.76353
G1 F1284.8 X116.119 Y108.648 E81.7731
G1 F1500 X116.548 Y108.648 E81.78166
G1 X116.548 Y104.294 E81.86855
G1 X116.502 Y104.072 E81.87307
G1 X116.403 Y103.856 E81.87781
G1 X116.251 Y103.684 E81.88239
G1 X115.927 Y103.495 E81.88988
G1 X115.692 Y103.448 E81.89466
G1 X110.167 Y103.448 E82.00492
G1 X109.96 Y103.475 E82.00908
G1 X109.378 Y103.448 E82.02071
G1 X104.294 Y103.448 E82.12217
G1 X103.855 Y103.593 E82.13139
G1 X103.684 Y103.745 E82.13596
G1 X103.495 Y104.069 E82.14344
G1 X103.449 Y104.304 E82.14822
G1 X103.449 Y105.629 E82.17466
G1 F1212.1 X103.543 Y105.914 E82.18208
G1 F1039.9 X103.53 Y106.464 E82.19791
G1 F1047.1 X103.539 Y106.937 E82.21144
G1 F1222 X103.448 Y107.288 E82.22032
G1 F1500 X103.448 Y108.648 E82.24746
G1 X104.891 Y108.648 E82.27626
G0 F9000 X105.5 Y108.503
G1 F923.1 X106.048 Y108.542 E82.29407
G1 F949.4 X106.553 Y108.523 E82.31001
G0 F9000 X107.253 Y108.627
G1 F1090.9 X107.834 Y108.52 E82.32622
G1 X107.405 Y108.244 E82.34021
G1 F1354.4 X107.319 Y108.127 E82.34342
G1 X106.964 Y108.299 E82.35214
G1 F1094.9 X106.553 Y108.523 E82.36494
G1 F1061.9 X106.883 Y108.61 E82.37456
G1 F1304.3 X107.253 Y108.627 E82.38306
G0 F9000 X107.834 Y108.52
G1 F903.6 X109.275 Y108.513 E82.4308
G0 F9000 X110 Y109.048
;TYPE:WALL-OUTER
G1 F1500 X116.948 Y109.048 E82.56945
G1 X116.948 Y104.253 E82.66514
G1 X116.884 Y103.947 E82.67138
G1 X116.742 Y103.635 E82.67822
G1 X116.521 Y103.386 E82.68486
G1 X116.295 Y103.223 E82.69042
G1 X116.05 Y103.112 E82.69579
G1 X115.732 Y103.048 E82.70227
G1 X110.167 Y103.048 E82.81332
G1 X109.96 Y103.057 E82.81746
G1 X109.378 Y103.048 E82.82907
G1 X104.253 Y103.048 E82.93135
G1 X103.947 Y103.112 E82.93759
G1 X103.635 Y103.254 E82.94443
G1 X103.386 Y103.475 E82.95107
G1 X103.223 Y103.701 E82.95663
G1 X103.112 Y103.946 E82.962
G1 X103.049 Y104.264 E82.96847
G1 X103.048 Y109.048 E83.06394
G1 X110 Y109.048 E83.20267
G1 F2700 E78.20267
G0 F9000 X110 Y108.74
G0 X109.956 Y107.952
G0 X110.189 Y107.162
G1 F2700 E83.20267
G1 F1744.2 X110.195 Y106.841 E83.20818
G0 F9000 X111.26 Y107.024
G1 F892.9 X112.298 Y107.024 E83.24298
G1 F952.4 X112.602 Y107.169 E83.25357
G1 F1181.1 X112.682 Y107.36 E83.25882
G1 F1398.6 X112.682 Y107.81 E83.26845
G0 F9000 X112.602 Y107.169
G1 F1092.9 X112.641 Y107.003 E83.27312
G1 F1500 X112.759 Y106.82 E83.27746
G1 F2033.9 X112.76 Y106.164 E83.28712
G1 F1363.6 X112.606 Y105.921 E83.29343
G1 F1049 X112.614 Y105.771 E83.29772
G1 X112.523 Y105.838 E83.30095
G1 F1287.6 X112.3 Y105.724 E83.30677
G1 F1704.5 X111.1 Y105.724 E83.32784
G1 X111.1 Y106.076 E83.33402
G1 X112.3 Y106.076 E83.3551
G1 F1287.6 X112.485 Y105.994 E83.3598
G1 F1098.9 X112.48 Y106.91 E83.38475
G1 F1015.2 X112.298 Y107.024 E83.39109
G1 F952.4 X112.602 Y107.169 E83.40167
G0 F9000 X112.614 Y105.771
G1 F1307.2 X112.719 Y105.578 E83.4067
G1 F1699.7 X112.72 Y105.116 E83.41484
G1 F2700 E78.41484
G0 F9000 X112.72 Y104.208
G0 X109.928 Y104.68
G0 X109.919 Y105.24
G0 X108.803 Y105.651
G0 X107.658 Y106.322
G1 F2700 E83.41484
G1 F1652.9 X107.643 Y106.796 E83.42343
G1 F2700 E78.42343
G0 F9000 X107.423 Y107.737
G0 X106.017 Y108.034
G1 F2700 E83.42343
G1 F1500 X105.556 Y107.962 E83.43274
G1 X105.152 Y107.764 E83.44172
G1 X104.847 Y107.456 E83.45037
G1 X104.683 Y107.123 E83.45778
G1 X104.599 Y106.803 E83.46438
G1 X104.576 Y106.45 E83.47144
G1 X104.602 Y106.113 E83.47818
G1 X104.686 Y105.804 E83.48457
G1 X104.837 Y105.475 E83.4918
G1 X105.1 Y105.209 E83.49926
G1 X105.37 Y105.036 E83.50566
G1 X105.654 Y104.934 E83.51168
G1 X105.938 Y104.886 E83.51743
G1 X106.372 Y104.88 E83.52609
G1 X106.956 Y105.061 E83.53829
G1 X107.326 Y105.384 E83.5481
G1 X107.585 Y105.81 E83.55804
G1 F1604.3 X107.658 Y106.322 E83.56769
G1 X107.632 Y105.836 E83.57678
G1 F1500 X107.632 Y105.116 E83.59114
G1 X107.667 Y105.001 E83.59354
G1 X107.797 Y104.918 E83.59662
G1 X108.392 Y104.916 E83.6085
G1 X108.539 Y104.979 E83.61169
G1 X108.593 Y105.116 E83.61463
G1 X108.592 Y105.857 E83.62941
G1 X109.164 Y105.863 E83.64083
G1 F1515.2 X109.538 Y105.929 E83.64833
G1 F1546.4 X109.955 Y106.197 E83.65793
G1 F1595.7 X110.123 Y106.444 E83.66353
G1 F1694.9 X110.195 Y106.841 E83.67066
G1 F1626 X110.164 Y106.401 E83.67878
G1 F1500 X110.164 Y105.113 E83.70448
G1 X110.217 Y104.979 E83.70736
G1 X110.329 Y104.918 E83.7099
G1 X112.6 Y104.918 E83.75522
G1 F1595.7 X112.72 Y105.116 E83.75956
G1 X112.84 Y104.918 E83.76391
G1 F1500 X113.467 Y104.916 E83.77642
G1 X113.597 Y105.043 E83.78005
G1 X113.598 Y106.349 E83.80611
G1 X114.38 Y104.971 E83.83773
G1 X114.493 Y104.918 E83.84022
G1 X115.239 Y104.916 E83.85511
G1 X115.331 Y104.98 E83.85734
G1 X115.384 Y105.116 E83.86026
G1 X115.382 Y107.863 E83.91508
G1 X115.219 Y107.99 E83.9192
G1 X114.688 Y107.992 E83.9298
G1 X114.551 Y107.938 E83.93273
G1 X114.488 Y107.792 E83.93591
G1 X114.488 Y106.524 E83.96121
G1 X113.687 Y107.931 E83.99352
G1 X113.571 Y107.99 E83.99612
G1 F1496.3 X112.809 Y107.992 E84.01136
G1 F1442.3 X112.682 Y107.81 E84.01597
G1 X112.556 Y107.99 E84.02053
G1 F1496.3 X110.364 Y107.992 E84.06438
G1 F1500 X110.245 Y107.953 E84.06688
G1 X110.164 Y107.833 E84.06977
G1 F1507.5 X110.165 Y107.541 E84.07557
G1 F1604.3 X110.189 Y107.162 E84.08265
G1 X110.06 Y107.562 E84.0905
G1 F1500 X109.8 Y107.801 E84.09754
G1 X109.588 Y107.905 E84.10226
G1 X109.183 Y107.986 E84.1105
G1 X107.833 Y107.992 E84.13744
G1 X107.694 Y107.938 E84.14042
G1 F1522.8 X107.631 Y107.84 E84.14271
G1 F1562.5 X107.643 Y106.796 E84.16271
G1 F1550.4 X107.568 Y107.121 E84.16915
G1 F1511.3 X107.418 Y107.441 E84.17615
G1 F1503.8 X107.099 Y107.765 E84.1852
G1 F1500 X106.742 Y107.934 E84.19308
G1 X106.443 Y108.008 E84.19923
G1 X106.017 Y108.034 E84.20774
G1 F2700 E79.20774
G0 F9000 X105.968 Y108.342
G0 X105.481 Y108.204
G0 X105.009 Y107.972
G0 X104.636 Y107.598
G0 X104.443 Y107.195
G0 X104.349 Y106.607
G0 X104.526 Y104.511
G0 X104.374 Y104.282
;TYPE:SKIN
G1 F2700 E84.20774
G1 F1190.5 X104.343 Y104.337 E84.20933
G1 X104.28 Y104.337 E84.21092
G1 X104.248 Y104.282 E84.21252
G1 X104.279 Y104.227 E84.2141
G1 X104.342 Y104.227 E84.21569
G1 X104.374 Y104.282 E84.21729
G1 F2700 E79.21729
;MESH:NONMESH
G0 F300 Z1.16
G0 F9000 X104.526 Y104.511
G0 X104.479 Y105.754
G0 X105.81 Y106.207
G0 X106.029 Y106.77
;TIME_ELAPSED:313.639399
;LAYER:8
;TYPE:WALL-INNER
;MESH:Lens_Openscad 2.stl
G1 F2700 E84.21729
G1 F1578.9 X106.234 Y106.767 E84.22117
G1 X106.314 Y106.448 E84.22741
G1 X106.269 Y106.195 E84.23228
G1 X106.183 Y106.117 E84.23448
G1 X106.028 Y106.148 E84.23748
G1 X105.933 Y106.441 E84.24332
G1 X105.962 Y106.658 E84.24747
G1 X106.029 Y106.77 E84.24994
G0 F9000 X106.056 Y107.185
;TYPE:WALL-OUTER
G1 F1500 X106.319 Y107.16 E84.25522
G1 X106.539 Y107.024 E84.26038
G1 X106.661 Y106.794 E84.26557
G1 X106.706 Y106.456 E84.27238
G1 X106.683 Y106.199 E84.27753
G1 X106.614 Y106 E84.28173
G1 X106.465 Y105.821 E84.28638
G1 X106.265 Y105.723 E84.29082
G1 X105.999 Y105.734 E84.29614
G1 X105.788 Y105.828 E84.30074
G1 X105.638 Y106.008 E84.30542
G1 X105.558 Y106.249 E84.31049
G1 X105.541 Y106.451 E84.31453
G1 X105.585 Y106.789 E84.32134
G1 X105.773 Y107.102 E84.32862
G1 X106.056 Y107.185 E84.33451
G1 F2700 E79.33451
G0 F9000 X106.089 Y106.875
G0 X106.442 Y106.719
G0 X108.873 Y106.952
G0 X108.608 Y107.139
G1 F2700 E84.33451
G1 F1388.9 X108.608 Y106.705 E84.34386
G1 X109.087 Y106.706 E84.35418
G1 F1392.1 X109.213 Y106.788 E84.35742
G1 X109.239 Y107.007 E84.36216
G1 X109.172 Y107.101 E84.36464
G1 X109.052 Y107.137 E84.36734
G1 F1388.9 X108.608 Y107.139 E84.37691
G1 F2700 E79.37691
G0 F9000 X108.873 Y109.915
G0 X107.603 Y110.085
G0 X107.603 Y113.667
G1 F2700 E84.37691
G1 F1094.9 X107.569 Y113.726 E84.37877
G1 X107.501 Y113.726 E84.38063
G1 X107.467 Y113.667 E84.38249
G1 X107.501 Y113.608 E84.38435
G1 X107.569 Y113.608 E84.38621
G1 X107.603 Y113.667 E84.38807
G1 F2700 E79.38807
G0 F9000 X106.002 Y112.86
G0 X105.561 Y112.551
;TYPE:WALL-INNER
G1 F2700 E84.38807
G1 F985.2 X105.536 Y112.288 E84.3961
G1 F2700 E79.3961
G0 F9000 X105.282 Y111.85
G0 X103.845 Y111.85
G0 X103.564 Y112.288
G1 F2700 E84.3961
G1 F940.4 X103.569 Y115.084 E84.48509
G0 F9000 X103.755 Y115.836
G0 X104.216 Y116.04
G1 F1041.7 X104.352 Y116.054 E84.48902
G1 F1013.5 X106.393 Y116.054 E84.5493
G1 F931.7 X106.73 Y116.003 E84.56025
G1 F937.5 X107.204 Y116.054 E84.57548
G1 F1020.4 X107.868 Y116.054 E84.59496
G1 F1006.7 X108.058 Y116.046 E84.60061
G0 F9000 X108.488 Y116.157
G1 F1237.1 X109.108 Y116.054 E84.61582
G1 X108.588 Y115.804 E84.62978
G1 F1570.7 X108.488 Y115.725 E84.63221
G1 F1217 X108.058 Y116.046 E84.64541
G1 X108.488 Y116.157 E84.65633
G0 F9000 X109.108 Y116.054
G1 F1006.7 X109.858 Y116.046 E84.67863
G0 F9000 X110 Y116.084
G1 F1438.8 X110.276 Y116.159 E84.68458
G1 F1239.7 X110.884 Y116.054 E84.69948
G1 X110.373 Y115.808 E84.71317
G1 F1379.3 X110.284 Y115.731 E84.71573
G1 F1094.9 X109.858 Y116.046 E84.73021
G1 F1132.1 X110 Y116.084 E84.7341
G0 F9000 X110.884 Y116.054
G1 F1006.7 X112.626 Y116.046 E84.7859
G0 F9000 X113.068 Y116.155
G1 F1232 X113.7 Y116.054 E84.80145
G1 X113.17 Y115.8 E84.81573
G1 F1363.6 X113.079 Y115.718 E84.81842
G1 F1090.9 X112.626 Y116.046 E84.83376
G1 F1212.1 X113.068 Y116.155 E84.84501
G0 F9000 X113.7 Y116.054
G1 F1020.4 X115.655 Y116.054 E84.90236
G0 F9000 X110 Y116.24
G0 X110 Y116.548
G1 F1500 X115.706 Y116.548 E85.01623
G1 X116.143 Y116.403 E85.02541
G1 X116.311 Y116.252 E85.02992
G1 X116.501 Y115.927 E85.03743
G1 X116.548 Y115.692 E85.04222
G1 F1562.5 X116.564 Y115.06 E85.05433
G1 X116.26 Y115.496 E85.06451
G1 F1500 X115.988 Y115.56 E85.07009
G1 X113.7 Y115.56 E85.11575
G1 X113.38 Y115.468 E85.12239
G1 X113.229 Y115.333 E85.12643
G1 F1382.5 X113.068 Y115.015 E85.13415
G1 X112.907 Y115.333 E85.14187
G1 F1500 X112.756 Y115.468 E85.14591
G1 X112.519 Y115.56 E85.15098
G1 X111.794 Y115.56 E85.16545
G1 X111.66 Y115.519 E85.16825
G1 X111.521 Y115.56 E85.17114
G1 X110.884 Y115.56 E85.18385
G1 X110.574 Y115.474 E85.19027
G1 X110.422 Y115.344 E85.19426
G1 F1463.4 X110.276 Y115.013 E85.20166
G1 X110.13 Y115.344 E85.20906
G1 F1500 X109.978 Y115.474 E85.21306
G1 X109.751 Y115.56 E85.2179
G1 X109.108 Y115.56 E85.23073
G1 X108.793 Y115.471 E85.23726
G1 X108.682 Y115.383 E85.24009
G1 X108.544 Y115.166 E85.24522
G1 X108.507 Y114.959 E85.24942
G1 X108.432 Y115.166 E85.25381
G1 X108.294 Y115.383 E85.25895
G1 X108.183 Y115.471 E85.26177
G1 X107.951 Y115.56 E85.26673
G1 X107.204 Y115.56 E85.28164
G1 X106.955 Y115.507 E85.28672
G1 X106.835 Y115.434 E85.28952
G1 X106.73 Y115.289 E85.29309
G1 X106.625 Y115.434 E85.29667
G1 X106.334 Y115.56 E85.30299
G1 X104.244 Y115.559 E85.3447
G1 F1301.5 X103.961 Y115.482 E85.35145
G1 F1029.2 X103.569 Y115.084 E85.3677
G1 F1149.4 X103.449 Y115.705 E85.38417
G1 F1500 X103.593 Y116.143 E85.39337
G1 X103.744 Y116.311 E85.39788
G1 X104.069 Y116.501 E85.40539
G1 X104.304 Y116.548 E85.41017
G1 X110 Y116.548 E85.52384
G0 F9000 X110 Y116.24
G0 X110.276 Y115.873
G0 X110.276 Y115.013
G1 F1435.4 X110.276 Y113.316 E85.55923
G1 F2700 E80.55923
G0 F9000 X110.449 Y115.401
G0 X112.877 Y115.401
G0 X113.319 Y113.65
G0 X113.068 Y114.528
G1 F2700 E85.55923
G1 F1287.6 X113.068 Y115.015 E85.57055
G0 F9000 X113.068 Y114.528
G1 F1202.4 X113.464 Y113.903 E85.58897
G1 F1156.1 X113.912 Y113.876 E85.6006
G1 F1190.5 X113.912 Y113.339 E85.6141
G1 X113.872 Y113.372 E85.6154
G1 F1181.1 X113.543 Y113.375 E85.62374
G1 F1147.2 X113.37 Y113.387 E85.62827
G1 F1123.6 X113.103 Y113.387 E85.63538
G1 X113.103 Y113.654 E85.64249
G1 F1202.4 X113.068 Y114.528 E85.66427
G1 F2700 E80.66427
G0 F9000 X113.319 Y113.65
G0 X113.262 Y114.092
G0 X113.262 Y115.401
G0 X116.428 Y115.401
G0 X116.428 Y114.092
G0 X116.136 Y113.527
G1 F2700 E85.66427
G1 F1415.1 X116.136 Y112.288 E85.69048
G1 F1252.6 X116.081 Y111.815 E85.70186
G1 F2700 E80.70186
G0 F9000 X110 Y111.687
G1 F2700 E85.70186
G1 F1676 X110.283 Y111.673 E85.70692
G1 F1662 X110.797 Y111.696 E85.71618
G1 F1428.6 X111.225 Y111.829 E85.72557
G1 F1279.3 X111.364 Y111.919 E85.72945
G1 X111.473 Y111.798 E85.73326
G1 F1418.4 X111.774 Y111.709 E85.73988
G1 F1604.3 X113.872 Y111.703 E85.77903
G1 F1538.5 X114.131 Y111.742 E85.78413
G1 F1467 X114.218 Y111.802 E85.78628
G1 F1526.7 X114.462 Y111.709 E85.7914
G1 F1604.3 X115.124 Y111.703 E85.80376
G1 F1558.4 X115.663 Y112.022 E85.81579
G1 F1500 X115.724 Y112.288 E85.82123
G1 X115.724 Y113.928 E85.85396
G1 X116.076 Y113.934 E85.86099
G1 F1578.9 X116.568 Y114.528 E85.87561
G1 X116.548 Y113.527 E85.89459
G1 F1500 X116.548 Y111.348 E85.93807
G1 F1558.4 X115.124 Y111.333 E85.96543
G1 F1604.3 X114.43 Y111.335 E85.97838
G1 F1526.7 X114.218 Y111.352 E85.98255
G1 F1538.5 X113.872 Y111.333 E85.98929
G1 F1604.3 X111.742 Y111.335 E86.02903
G1 F1418.4 X111.324 Y111.382 E86.03791
G1 F1388.9 X110.961 Y111.345 E86.04577
G1 F1587.3 X110.694 Y111.33 E86.05082
G1 F1685.4 X110.197 Y111.323 E86.05964
G1 F1662 X109.707 Y111.332 E86.06847
G1 F1470.6 X109.319 Y111.37 E86.07641
G1 X108.84 Y111.333 E86.08619
G1 F1604.3 X108.15 Y111.335 E86.09906
G1 F1293.1 X107.536 Y111.424 E86.11342
G1 F1304.3 X106.788 Y111.333 E86.13072
G1 F1604.3 X106.094 Y111.335 E86.14366
G1 F1327.4 X105.536 Y111.411 E86.15636
G1 F1339.3 X104.844 Y111.333 E86.17193
G1 F1604.3 X104.146 Y111.335 E86.18495
G1 F1415.1 X103.72 Y111.384 E86.19402
G1 F1271.2 X103.484 Y111.384 E86.19958
G1 X103.484 Y111.62 E86.20514
G1 F1087 X103.564 Y112.288 E86.22367
G1 X103.871 Y111.8 E86.23954
G1 F1415.1 X104.178 Y111.709 E86.24632
G1 F1604.3 X104.844 Y111.703 E86.25874
G1 F1339.3 X105.34 Y111.847 E86.27029
G1 F1127.8 X105.456 Y112.015 E86.27571
G1 F1067.6 X105.536 Y112.288 E86.28368
G1 X105.616 Y112.015 E86.29166
G1 F1127.8 X105.732 Y111.847 E86.29708
G1 F1327.4 X106.126 Y111.709 E86.30649
G1 F1604.3 X106.788 Y111.703 E86.31884
G1 F1304.3 X107.319 Y111.87 E86.33162
G1 F1088.9 X107.505 Y112.292 E86.3443
G1 X107.567 Y112.292 E86.346
G1 X107.753 Y111.87 E86.35868
G1 F1293.1 X108.182 Y111.709 E86.36929
G1 F1604.3 X108.84 Y111.703 E86.38156
G1 F1470.6 X109.193 Y111.775 E86.3889
G1 F1348.3 X109.279 Y111.861 E86.3916
G1 F1456.3 X109.641 Y111.705 E86.3997
G1 F1612.9 X110 Y111.687 E86.40637
G1 F2700 E81.40637
G0 F9000 X115.563 Y111.85
G0 X116.27 Y113.65
G0 X116.568 Y114.528
G1 F2700 E86.40637
G1 F1648.4 X116.564 Y115.06 E86.41603
G0 F9000 X116.243 Y115.835
G0 X113.7 Y115.873
G0 X113.7 Y115.16
;TYPE:WALL-OUTER
G1 F1500 X113.593 Y115.13 E86.41825
G1 X113.5 Y114.978 E86.42181
G1 X113.5 Y114.528 E86.43079
G1 X113.637 Y114.328 E86.43562
G1 X114.364 Y114.328 E86.45013
G1 X114.364 Y113.412 E86.46841
G1 F1604.3 X114.39 Y112.78 E86.48021
G1 F1729.1 X114.391 Y112.288 E86.48873
G1 F1621.6 X114.428 Y112.144 E86.49148
G1 F1507.5 X114.529 Y112.091 E86.49374
G1 F1500 X115.124 Y112.088 E86.50561
G1 X115.324 Y112.211 E86.5103
G1 X115.324 Y114.328 E86.55255
G1 X116.018 Y114.33 E86.5664
G1 X116.188 Y114.528 E86.5716
G1 X116.186 Y114.995 E86.58092
G1 X116.064 Y115.159 E86.585
G1 X113.7 Y115.16 E86.63218
G0 F9000 X113.7 Y115.873
G0 X111.66 Y115.873
G0 X111.66 Y114.978
G1 F1369.9 X111.655 Y113.145 E86.67223
G1 F2700 E81.67223
G0 F9000 X110.477 Y113.294
G0 X110 Y112.994
G1 F2700 E86.67223
G1 F1500 X109.91 Y113.086 E86.6748
G1 X109.868 Y113.223 E86.67766
G1 X109.868 Y114.978 E86.71269
G1 X109.822 Y115.088 E86.71506
G1 X109.703 Y115.158 E86.71782
G1 X109.027 Y115.16 E86.73131
G1 F1428.6 X108.91 Y115.017 E86.73518
G1 F1304.3 X108.835 Y113.1 E86.77921
G1 X108.042 Y115.041 E86.82733
G1 F1428.6 X107.903 Y115.158 E86.83114
G1 F1500 X107.204 Y115.16 E86.84509
G1 X107.081 Y115.118 E86.84768
G1 X107.016 Y115.029 E86.84988
G1 F1550.4 X106.756 Y114.278 E86.86522
G1 F1456.3 X106.623 Y114.028 E86.87104
G1 F1330.4 X106.5 Y113.69 E86.87914
G1 F1492.5 X106.386 Y113.235 E86.88854
G1 X106.438 Y113.7 E86.89793
G1 F1330.4 X106.312 Y113.903 E86.9033
G1 F1388.9 X105.051 Y113.907 E86.93048
G1 F1449.3 X105.051 Y114.321 E86.93903
G1 F1388.9 X106.334 Y114.316 E86.96668
G1 F1442.3 X106.445 Y114.528 E86.97165
G1 F1558.4 X106.457 Y115.011 E86.98093
G1 F1519 X106.379 Y115.118 E86.98354
G1 F1500 X106.291 Y115.158 E86.98547
G1 X104.253 Y115.159 E87.02614
G1 X104.159 Y115.12 E87.02817
G1 X104.083 Y114.995 E87.03109
G1 X104.08 Y112.288 E87.08511
G1 X104.151 Y112.134 E87.0885
G1 X104.245 Y112.091 E87.09056
G1 X104.844 Y112.088 E87.10251
G1 X104.994 Y112.155 E87.10579
G1 X105.044 Y112.288 E87.10863
G1 X105.044 Y113.068 E87.12419
G1 F1534.5 X106.212 Y113.076 E87.14698
G1 F1587.3 X106.354 Y113.189 E87.1504
G1 F1546.4 X106.03 Y112.323 E87.1683
G1 F1500 X106.078 Y112.155 E87.17178
G1 X106.193 Y112.091 E87.17441
G1 X106.788 Y112.088 E87.18629
G1 X106.959 Y112.17 E87.19007
G1 X107.167 Y112.767 E87.20269
G1 X107.905 Y112.767 E87.21741
G1 X108.112 Y112.172 E87.22999
G1 X108.249 Y112.091 E87.23316
G1 X108.84 Y112.088 E87.24496
G1 X108.954 Y112.123 E87.24734
G1 F1449.3 X109.058 Y112.279 E87.25121
G1 F1351.4 X108.983 Y112.639 E87.25935
G1 F1398.6 X109.39 Y112.277 E87.27101
G1 F1500 X109.783 Y112.08 E87.27978
G1 X110.26 Y112.048 E87.28933
G1 X110.694 Y112.074 E87.298
G1 X111.041 Y112.222 E87.30553
G1 X111.355 Y112.467 E87.31348
G1 F1492.5 X111.559 Y112.79 E87.32114
G1 F1421.8 X111.655 Y113.145 E87.32888
G1 F1425.2 X111.676 Y112.717 E87.33788
G1 F1500 X111.676 Y112.285 E87.3465
G1 X111.715 Y112.168 E87.34896
G1 X111.841 Y112.091 E87.35191
G1 X113.872 Y112.088 E87.39244
G1 F1507.5 X114.008 Y112.144 E87.39536
G1 F1621.6 X114.045 Y112.288 E87.39811
G1 F1729.1 X114.044 Y112.75 E87.40611
G1 F1604.3 X113.872 Y112.92 E87.41062
G1 F1500 X112.636 Y112.92 E87.43528
G1 X112.636 Y114.978 E87.47635
G1 X112.593 Y115.085 E87.47865
G1 X112.471 Y115.158 E87.48149
G1 X111.81 Y115.157 E87.49468
G1 F1438.8 X111.66 Y114.978 E87.49954
G1 X111.509 Y115.158 E87.50443
G1 F1500 X110.884 Y115.16 E87.5169
G1 X110.73 Y115.088 E87.52029
G1 X110.684 Y114.978 E87.52267
G1 X110.684 Y113.265 E87.55686
G1 X110.569 Y112.988 E87.56284
G1 X110.371 Y112.899 E87.56718
G1 X110.069 Y112.924 E87.57322
G1 X110 Y112.994 E87.57518
G0 F9000 X110.186 Y113.218
G0 X108.978 Y112.664
G1 F1115.2 X108.836 Y113.119 E87.58798
G1 F2700 E82.58798
G0 F9000 X108.836 Y110.085
G0 X117.803 Y110.097
G0 X117.815 Y114.12
G0 X106.386 Y113.235
G1 F2700 E87.58798
G1 F1704.5 X106.377 Y113.207 E87.58849
G1 F2700 E82.58849
G0 F9000 X105.921 Y112.803
G0 X105.282 Y111.85
G0 X103.845 Y111.85
G0 X103.845 Y115.401
G0 X110 Y116.24
G0 X110 Y116.948
G1 F2700 E87.58849
G1 F1500 X115.747 Y116.948 E87.70318
G1 X116.049 Y116.884 E87.70934
G1 X116.365 Y116.742 E87.71626
G1 X116.61 Y116.521 E87.72284
G1 X116.773 Y116.295 E87.7284
G1 X116.884 Y116.05 E87.73377
G1 X116.948 Y115.732 E87.74024
G1 X116.948 Y110.948 E87.83571
G1 X103.048 Y110.948 E88.1131
G1 X103.049 Y115.747 E88.20887
G1 X103.112 Y116.049 E88.21503
G1 X103.254 Y116.365 E88.22194
G1 X103.475 Y116.61 E88.22853
G1 X103.701 Y116.774 E88.2341
G1 X103.946 Y116.884 E88.23946
G1 X104.264 Y116.948 E88.24593
G1 X110 Y116.948 E88.3604
G0 F9000 X110 Y116.173
G1 F2700 E83.3604
G0 F9000 X103.845 Y115.401
G0 X103.845 Y111.85
G0 X109.885 Y111.18
G0 X109.885 Y108.82
G0 X109.885 Y108.645
;TYPE:WALL-INNER
G1 F2700 E88.3604
G1 F1127.8 X110.364 Y108.52 E88.37354
G1 F1010.1 X109.899 Y108.202 E88.39023
G1 F1279.3 X109.666 Y108.3 E88.39615
G1 F1111.1 X109.275 Y108.513 E88.40814
G1 X109.7 Y108.644 E88.42012
G1 F1474.2 X109.885 Y108.645 E88.42388
G0 F9000 X110.364 Y108.52
G1 F906.3 X113.662 Y108.515 E88.5328
G0 F9000 X114.112 Y108.627
G1 F1092.9 X114.688 Y108.52 E88.54885
G1 X114.263 Y108.245 E88.56272
G1 F1357.5 X114.125 Y108.013 E88.56867
G1 X113.961 Y108.245 E88.57493
G1 F1081.1 X113.662 Y108.515 E88.58609
G1 X114.112 Y108.627 E88.59893
G0 F9000 X114.688 Y108.52
G1 F906.3 X115.31 Y108.515 E88.61947
G0 F9000 X116.119 Y108.219
G1 F1449.3 X116.166 Y107.917 E88.62579
G1 F1630.4 X116.166 Y105.116 E88.67721
G1 F1587.3 X116.152 Y104.335 E88.69194
G1 F1526.7 X116.068 Y104.074 E88.69732
G1 X115.805 Y103.875 E88.70378
G1 X115.635 Y103.844 E88.70717
G1 F1132.1 X115.184 Y103.982 E88.71964
G1 X115.741 Y104.289 E88.73646
G1 F1526.7 X115.917 Y104.44 E88.74101
G1 F1587.3 X116.166 Y105.116 E88.75459
G0 F9000 X116.023 Y104.28
G0 X115.184 Y103.982
G1 F898.2 X114.528 Y103.982 E88.77645
G0 F9000 X113.971 Y104.288
G1 F1333.3 X114.184 Y104.196 E88.78166
G1 F1162.8 X114.528 Y103.982 E88.79209
G1 F1013.5 X114.071 Y103.824 E88.80637
G1 X113.392 Y103.982 E88.82696
G1 F996.7 X113.971 Y104.288 E88.84663
G0 F9000 X113.392 Y103.982
G1 F888.9 X112.72 Y103.989 E88.86926
G1 X112.544 Y103.982 E88.8752
G1 F898.2 X110.364 Y103.982 E88.94785
G0 F9000 X109.528 Y104.28
G0 X109.378 Y104.678
G1 F1092.9 X109.579 Y104.383 E88.95763
G1 F1339.3 X110.02 Y104.205 E88.96826
G1 F1376.1 X110.18 Y104.068 E88.97284
G1 F1005 X110.364 Y103.982 E88.97889
G1 F1183.4 X109.96 Y103.864 E88.98953
G1 F1339.3 X109.378 Y103.922 E89.0026
G1 F986.8 X108.392 Y103.982 E89.03257
G1 X109.177 Y104.383 E89.05931
G1 F1092.9 X109.378 Y104.678 E89.06908
G0 F9000 X109.246 Y104.32
G0 X108.392 Y103.982
G1 F898.2 X107.832 Y103.982 E89.08775
G0 F9000 X105.47 Y104.308
G0 X105.056 Y104.463
G0 X104.686 Y104.705
G0 X104.373 Y105.031
G0 X103.849 Y105.834
G1 F1500 X103.959 Y105.47 E89.09534
G1 X104.095 Y105.173 E89.10185
G1 X104.29 Y104.891 E89.1087
G1 X104.577 Y104.598 E89.11688
G1 X104.999 Y104.315 E89.12702
G1 F1595.7 X105.413 Y104.184 E89.13517
G1 F1775.1 X105.811 Y104.134 E89.14193
G1 F1869.2 X106.34 Y104.122 E89.15041
G1 F1829.3 X106.623 Y104.151 E89.15506
G1 F1671.3 X107.252 Y104.295 E89.16662
G1 F1626 X107.488 Y104.198 E89.17132
G1 F1167.3 X107.832 Y103.982 E89.18173
G1 X107.425 Y103.847 E89.19273
G1 F1546.4 X107.207 Y103.862 E89.19696
G1 F1587.3 X106.672 Y103.819 E89.20708
G1 F1829.3 X106.328 Y103.806 E89.21271
G1 F1869.2 X105.784 Y103.811 E89.22142
G1 F1652.9 X105.013 Y103.848 E89.2354
G1 F1500 X104.335 Y103.848 E89.24893
G1 X104.076 Y103.932 E89.25437
G1 X103.879 Y104.192 E89.26088
G1 X103.849 Y104.344 E89.26397
G1 X103.849 Y105.834 E89.2937
G0 F9000 X103.958 Y106.906
G0 X104.509 Y108.249
G1 F1507.5 X104.181 Y107.924 E89.30287
G1 X103.963 Y107.469 E89.31289
G1 X103.847 Y107.091 E89.32074
G1 X103.847 Y108.249 E89.34374
G1 X104.509 Y108.249 E89.35688
G0 F9000 X104.891 Y108.648
G1 F1298.7 X105.274 Y108.586 E89.36582
G1 F1123.6 X105.516 Y108.497 E89.37269
G1 F1271.2 X104.847 Y108.025 E89.39197
G1 F1500 X104.502 Y107.67 E89.40185
G1 X104.323 Y107.296 E89.41013
G1 X104.282 Y107.186 E89.41247
G1 F1222 X104.115 Y106.891 E89.42077
G1 F1047.1 X104.094 Y106.464 E89.43299
G1 F1039.9 X104.123 Y105.988 E89.44672
G1 F1212.1 X104.287 Y105.736 E89.45415
G1 F1500 X104.322 Y105.637 E89.45624
G1 X104.501 Y105.246 E89.46482
G1 X104.832 Y104.912 E89.47421
G1 X105.162 Y104.687 E89.48218
G1 X105.537 Y104.547 E89.49017
G1 X105.965 Y104.484 E89.4988
G1 X106.433 Y104.479 E89.50814
G1 X107.11 Y104.694 E89.52231
G1 X107.316 Y104.846 E89.52742
G1 X107.451 Y104.652 E89.53214
G1 X107.757 Y104.516 E89.53882
G1 X108.392 Y104.516 E89.55149
G1 X108.831 Y104.706 E89.56104
G1 X108.935 Y104.859 E89.56473
G1 X108.993 Y105.116 E89.56999
G1 X108.992 Y105.459 E89.57684
G1 X109.234 Y105.469 E89.58167
G1 X109.57 Y105.528 E89.58848
G1 X109.764 Y105.605 E89.59264
G1 X109.764 Y105.108 E89.60256
G1 X109.821 Y104.859 E89.60766
G1 X109.925 Y104.706 E89.61135
G1 X110.152 Y104.554 E89.6168
G1 X110.289 Y104.516 E89.61964
G1 X112.606 Y104.516 E89.66588
G1 X112.803 Y104.523 E89.66981
G1 X113.392 Y104.516 E89.68157
G1 X113.675 Y104.586 E89.68738
G1 X113.914 Y104.82 E89.69406
G1 X113.944 Y104.93 E89.69633
G1 X114.147 Y104.651 E89.70322
G1 X114.447 Y104.516 E89.70978
G1 X115.184 Y104.516 E89.72449
G1 X115.414 Y104.561 E89.72917
G1 X115.625 Y104.708 E89.7343
G1 X115.784 Y105.116 E89.74304
G1 X115.784 Y107.871 E89.79802
G1 X115.73 Y108.041 E89.80158
G1 F1123.6 X115.31 Y108.515 E89.81845
G1 F998.3 X115.714 Y108.582 E89.83073
G1 F1284.8 X116.119 Y108.648 E89.84029
G1 F1500 X116.548 Y108.648 E89.84885
G1 X116.548 Y104.294 E89.93574
G1 X116.502 Y104.072 E89.94026
G1 X116.403 Y103.856 E89.94501
G1 X116.251 Y103.684 E89.94959
G1 X115.927 Y103.495 E89.95707
G1 X115.692 Y103.448 E89.96185
G1 X110.167 Y103.448 E90.07211
G1 X109.96 Y103.475 E90.07628
G1 X109.378 Y103.448 E90.0879
G1 X104.294 Y103.448 E90.18936
G1 X103.855 Y103.593 E90.19859
G1 X103.684 Y103.745 E90.20315
G1 X103.495 Y104.069 E90.21064
G1 X103.449 Y104.304 E90.21542
G1 X103.449 Y105.629 E90.24186
G1 F1212.1 X103.543 Y105.914 E90.24927
G1 F1039.9 X103.53 Y106.464 E90.26511
G1 F1047.1 X103.539 Y106.941 E90.27875
G1 F1222 X103.448 Y107.291 E90.2876
G1 F1500 X103.448 Y108.648 E90.31468
G1 X104.891 Y108.648 E90.34348
G0 F9000 X105.5 Y108.503
G1 F923.1 X106.048 Y108.542 E90.3613
G1 F949.4 X106.553 Y108.523 E90.37723
G0 F9000 X107.253 Y108.627
G1 F1090.9 X107.834 Y108.52 E90.39344
G1 X107.405 Y108.244 E90.40744
G1 F1354.4 X107.319 Y108.127 E90.41065
G1 X106.964 Y108.299 E90.41937
G1 F1094.9 X106.553 Y108.523 E90.43216
G1 F1061.9 X106.883 Y108.61 E90.44178
G1 F1304.3 X107.253 Y108.627 E90.45028
G0 F9000 X107.834 Y108.52
G1 F903.6 X109.275 Y108.513 E90.49802
G0 F9000 X110 Y109.048
;TYPE:WALL-OUTER
G1 F1500 X116.948 Y109.048 E90.63668
G1 X116.948 Y104.253 E90.73236
G1 X116.884 Y103.947 E90.7386
G1 X116.742 Y103.635 E90.74544
G1 X116.521 Y103.386 E90.75209
G1 X116.295 Y103.223 E90.75765
G1 X116.05 Y103.112 E90.76302
G1 X115.732 Y103.048 E90.76949
G1 X110.167 Y103.048 E90.88055
G1 X109.96 Y103.057 E90.88468
G1 X109.378 Y103.048 E90.8963
G1 X104.253 Y103.048 E90.99857
G1 X103.947 Y103.112 E91.00481
G1 X103.635 Y103.254 E91.01165
G1 X103.386 Y103.475 E91.01829
G1 X103.223 Y103.701 E91.02386
G1 X103.112 Y103.946 E91.02922
G1 X103.049 Y104.264 E91.03569
G1 X103.048 Y109.048 E91.13116
G1 X110 Y109.048 E91.2699
G1 F2700 E86.2699
G0 F9000 X110 Y108.74
G0 X109.956 Y107.952
G0 X110.189 Y107.162
G1 F2700 E91.2699
G1 F1744.2 X110.195 Y106.841 E91.27541
G0 F9000 X111.26 Y107.024
G1 F892.9 X112.298 Y107.024 E91.31021
G1 F952.4 X112.602 Y107.169 E91.32079
G1 F1181.1 X112.682 Y107.36 E91.32604
G1 F1398.6 X112.682 Y107.81 E91.33567
G0 F9000 X112.602 Y107.169
G1 F1092.9 X112.641 Y107.003 E91.34034
G1 F1500 X112.759 Y106.82 E91.34469
G1 F2033.9 X112.76 Y106.164 E91.35434
G1 F1363.6 X112.606 Y105.921 E91.36066
G1 F1049 X112.614 Y105.771 E91.36495
G1 X112.523 Y105.838 E91.36817
G1 F1287.6 X112.3 Y105.724 E91.37399
G1 F1704.5 X111.1 Y105.724 E91.39507
G1 X111.1 Y106.076 E91.40125
G1 X112.3 Y106.076 E91.42232
G1 F1287.6 X112.485 Y105.994 E91.42703
G1 F1098.9 X112.48 Y106.91 E91.45198
G1 F1015.2 X112.298 Y107.024 E91.45831
G1 F952.4 X112.602 Y107.169 E91.4689
G0 F9000 X112.614 Y105.771
G1 F1307.2 X112.719 Y105.578 E91.47393
G1 F1699.7 X112.72 Y105.116 E91.48206
G1 F2700 E86.48206
G0 F9000 X112.72 Y104.208
G0 X109.928 Y104.68
G0 X109.919 Y105.24
G0 X108.803 Y105.651
G0 X107.638 Y106.092
G1 F2700 E91.48206
G1 F1621.6 X107.656 Y106.482 E91.48927
G1 F1643.8 X107.643 Y106.796 E91.49499
G1 F2700 E86.49499
G0 F9000 X107.423 Y107.737
G0 X106.017 Y108.034
G1 F2700 E91.49499
G1 F1500 X105.556 Y107.962 E91.50431
G1 X105.152 Y107.764 E91.51328
G1 X104.847 Y107.456 E91.52193
G1 X104.683 Y107.123 E91.52934
G1 X104.599 Y106.807 E91.53587
G1 X104.576 Y106.45 E91.54301
G1 X104.602 Y106.113 E91.54975
G1 X104.686 Y105.804 E91.55614
G1 X104.837 Y105.475 E91.56337
G1 X105.1 Y105.209 E91.57083
G1 X105.37 Y105.036 E91.57723
G1 X105.654 Y104.934 E91.58325
G1 X105.938 Y104.886 E91.589
G1 X106.372 Y104.88 E91.59766
G1 X106.956 Y105.061 E91.60986
G1 X107.327 Y105.385 E91.61969
G1 F1503.8 X107.543 Y105.753 E91.62819
G1 F1515.2 X107.638 Y106.067 E91.63467
G1 X107.632 Y105.116 E91.65346
G1 F1500 X107.667 Y105.001 E91.65586
G1 X107.797 Y104.918 E91.65893
G1 X108.392 Y104.916 E91.67081
G1 X108.539 Y104.979 E91.674
G1 X108.593 Y105.116 E91.67694
G1 X108.592 Y105.857 E91.69173
G1 X109.164 Y105.863 E91.70314
G1 F1515.2 X109.538 Y105.929 E91.71064
G1 F1546.4 X109.955 Y106.197 E91.72024
G1 F1595.7 X110.123 Y106.444 E91.72584
G1 F1694.9 X110.195 Y106.841 E91.73297
G1 F1626 X110.164 Y106.401 E91.74109
G1 F1500 X110.164 Y105.113 E91.76679
G1 X110.217 Y104.979 E91.76967
G1 X110.329 Y104.918 E91.77221
G1 X112.6 Y104.918 E91.81753
G1 F1595.7 X112.72 Y105.116 E91.82188
G1 X112.84 Y104.918 E91.82622
G1 F1500 X113.463 Y104.916 E91.83865
G1 X113.592 Y105.042 E91.84225
G1 X113.593 Y106.357 E91.86849
G1 X114.38 Y104.971 E91.9003
G1 X114.493 Y104.918 E91.90279
G1 X115.239 Y104.916 E91.91768
G1 X115.331 Y104.98 E91.91991
G1 X115.384 Y105.116 E91.92283
G1 X115.382 Y107.863 E91.97765
G1 X115.219 Y107.99 E91.98177
G1 X114.688 Y107.992 E91.99237
G1 X114.551 Y107.938 E91.99531
G1 X114.488 Y107.792 E91.99848
G1 X114.488 Y106.526 E92.02374
G1 X113.688 Y107.93 E92.05599
G1 X113.571 Y107.99 E92.05862
G1 F1496.3 X112.809 Y107.992 E92.07386
G1 F1442.3 X112.682 Y107.81 E92.07847
G1 X112.556 Y107.99 E92.08303
G1 F1496.3 X110.364 Y107.992 E92.12688
G1 F1500 X110.245 Y107.953 E92.12938
G1 X110.164 Y107.833 E92.13227
G1 F1507.5 X110.165 Y107.541 E92.13807
G1 F1604.3 X110.189 Y107.162 E92.14515
G1 X110.06 Y107.562 E92.15299
G1 F1500 X109.8 Y107.801 E92.16004
G1 X109.588 Y107.905 E92.16475
G1 X109.183 Y107.986 E92.173
G1 X107.833 Y107.992 E92.19994
G1 X107.694 Y107.938 E92.20291
G1 F1522.8 X107.631 Y107.84 E92.2052
G1 F1562.5 X107.643 Y106.796 E92.2252
G1 F1550.4 X107.568 Y107.121 E92.23164
G1 F1511.3 X107.418 Y107.441 E92.23864
G1 F1503.8 X107.099 Y107.765 E92.2477
G1 F1500 X106.742 Y107.934 E92.25558
G1 X106.443 Y108.008 E92.26172
G1 X106.017 Y108.034 E92.27024
G1 F2700 E87.27024
G0 F9000 X105.968 Y108.342
G0 X105.481 Y108.204
G0 X105.009 Y107.972
G0 X104.636 Y107.598
G0 X104.443 Y107.195
G0 X104.327 Y106.469
G0 X104.442 Y105.741
G0 X105.303 Y104.143
;TYPE:FILL
G1 F2700 E92.27024
G1 F3000 X105.082 Y103.923 E92.27646
G1 X104.915 Y103.928
G1 X103.975 Y104.18 E92.29589
G0 F9000 X104.091 Y104.232
G1 F2700 E87.29589
;MESH:NONMESH
G0 F300 Z1.28
G0 F9000 X104.479 Y105.754
G0 X105.818 Y106.199
G0 X106.028 Y106.772
;TIME_ELAPSED:347.995052
;LAYER:9
;TYPE:WALL-INNER
;MESH:Lens_Openscad 2.stl
G1 F2700 E92.29589
G1 F1591.5 X106.245 Y106.76 E92.29997
G1 X106.301 Y106.619 E92.30283
G1 X106.301 Y106.221 E92.31031
G1 X106.183 Y106.115 E92.3133
G1 X106.064 Y106.12 E92.31554
G1 X105.964 Y106.254 E92.31868
G1 X105.935 Y106.471 E92.3228
G1 X105.96 Y106.657 E92.32633
G1 X106.028 Y106.772 E92.32884
G0 F9000 X106.056 Y107.185
;TYPE:WALL-OUTER
G1 F1500 X106.324 Y107.16 E92.33421
G1 X106.469 Y107.089 E92.33743
G1 X106.576 Y106.971 E92.34061
G1 X106.683 Y106.714 E92.34617
G1 X106.706 Y106.463 E92.3512
G1 X106.683 Y106.198 E92.35651
G1 X106.614 Y106 E92.36069
G1 X106.465 Y105.821 E92.36534
G1 X106.265 Y105.723 E92.36978
G1 X105.925 Y105.737 E92.37657
G1 X105.709 Y105.904 E92.38202
G1 X105.589 Y106.134 E92.3872
G1 X105.543 Y106.469 E92.39395
G1 X105.585 Y106.788 E92.40037
G1 X105.773 Y107.102 E92.40767
G1 X106.056 Y107.185 E92.41356
G1 F2700 E87.41356
G0 F9000 X106.089 Y106.875
G0 X106.459 Y106.664
G0 X108.873 Y106.952
G0 X108.608 Y107.139
G1 F2700 E92.41356
G1 F1388.9 X108.608 Y106.705 E92.42291
G1 F1392.1 X109.109 Y106.707 E92.43369
G1 F1395.3 X109.214 Y106.807 E92.4368
G1 F1398.6 X109.24 Y107.008 E92.44113
G1 X109.174 Y107.102 E92.44359
G1 X109.052 Y107.138 E92.44631
G1 F1395.3 X108.608 Y107.139 E92.45584
G1 F2700 E87.45584
G0 F9000 X108.873 Y109.915
G0 X107.603 Y110.085
G0 X107.603 Y113.667
G1 F2700 E92.45584
G1 F1094.9 X107.569 Y113.726 E92.4577
G1 X107.501 Y113.726 E92.45956
G1 X107.467 Y113.667 E92.46142
G1 X107.501 Y113.608 E92.46328
G1 X107.569 Y113.608 E92.46514
G1 X107.603 Y113.667 E92.467
G1 F2700 E87.467
G0 F9000 X106.002 Y112.86
G0 X105.561 Y112.551
;TYPE:WALL-INNER
G1 F2700 E92.467
G1 F985.2 X105.536 Y112.288 E92.47503
G1 F2700 E87.47503
G0 F9000 X105.282 Y111.85
G0 X103.845 Y111.85
G0 X103.564 Y112.288
G1 F2700 E92.47503
G1 F940.4 X103.569 Y115.084 E92.56403
G0 F9000 X103.755 Y115.836
G0 X104.216 Y116.04
G1 F1041.7 X104.352 Y116.054 E92.56796
G1 F1013.5 X106.393 Y116.054 E92.62824
G1 F931.7 X106.73 Y116.003 E92.63919
G1 F937.5 X107.204 Y116.054 E92.65441
G1 F1020.4 X107.868 Y116.054 E92.67389
G1 F1006.7 X108.058 Y116.046 E92.67954
G0 F9000 X108.488 Y116.157
G1 F1237.1 X109.108 Y116.054 E92.69475
G1 X108.588 Y115.804 E92.70871
G1 F1570.7 X108.488 Y115.725 E92.71114
G1 F1217 X108.058 Y116.046 E92.72434
G1 X108.488 Y116.157 E92.73526
G0 F9000 X109.108 Y116.054
G1 F1006.7 X109.858 Y116.046 E92.75756
G0 F9000 X110 Y116.084
G1 F1438.8 X110.276 Y116.159 E92.76351
G1 F1239.7 X110.884 Y116.054 E92.77841
G1 X110.373 Y115.808 E92.79211
G1 F1379.3 X110.284 Y115.731 E92.79466
G1 F1094.9 X109.858 Y116.046 E92.80915
G1 F1132.1 X110 Y116.084 E92.81303
G0 F9000 X110.884 Y116.054
G1 F1006.7 X112.626 Y116.046 E92.86483
G0 F9000 X113.068 Y116.155
G1 F1232 X113.7 Y116.054 E92.88038
G1 X113.17 Y115.8 E92.89466
G1 F1363.6 X113.079 Y115.718 E92.89735
G1 F1090.9 X112.626 Y116.046 E92.9127
G1 F1212.1 X113.068 Y116.155 E92.92394
G0 F9000 X113.7 Y116.054
G1 F1020.4 X115.655 Y116.054 E92.98129
G0 F9000 X110 Y116.24
G0 X110 Y116.548
G1 F1500 X115.706 Y116.548 E93.09516
G1 X116.143 Y116.403 E93.10435
G1 X116.311 Y116.252 E93.10886
G1 X116.501 Y115.927 E93.11637
G1 X116.548 Y115.692 E93.12115
G1 F1562.5 X116.564 Y115.06 E93.13326
G1 X116.26 Y115.496 E93.14345
G1 F1500 X115.988 Y115.56 E93.14902
G1 X113.7 Y115.56 E93.19468
G1 X113.38 Y115.468 E93.20133
G1 X113.229 Y115.333 E93.20537
G1 F1382.5 X113.068 Y115.015 E93.21309
G1 X112.907 Y115.333 E93.2208
G1 F1500 X112.756 Y115.468 E93.22485
G1 X112.519 Y115.56 E93.22992
G1 X111.794 Y115.56 E93.24439
G1 X111.66 Y115.519 E93.24718
G1 X111.521 Y115.56 E93.25008
G1 X110.884 Y115.56 E93.26279
G1 X110.574 Y115.474 E93.26921
G1 X110.422 Y115.344 E93.2732
G1 F1463.4 X110.276 Y115.013 E93.2806
G1 X110.13 Y115.344 E93.288
G1 F1500 X109.978 Y115.474 E93.29199
G1 X109.751 Y115.56 E93.29683
G1 X109.108 Y115.56 E93.30967
G1 X108.793 Y115.471 E93.3162
G1 X108.682 Y115.383 E93.31903
G1 X108.544 Y115.166 E93.32416
G1 X108.507 Y114.959 E93.32835
G1 X108.432 Y115.166 E93.33275
G1 X108.294 Y115.383 E93.33788
G1 X108.183 Y115.471 E93.34071
G1 X107.951 Y115.56 E93.34566
G1 X107.204 Y115.56 E93.36057
G1 X106.955 Y115.507 E93.36565
G1 X106.835 Y115.434 E93.36846
G1 X106.73 Y115.289 E93.37203
G1 X106.625 Y115.434 E93.3756
G1 X106.334 Y115.56 E93.38193
G1 X104.244 Y115.559 E93.42364
G1 F1301.5 X103.961 Y115.482 E93.43038
G1 F1029.2 X103.569 Y115.084 E93.44663
G1 F1149.4 X103.449 Y115.705 E93.4631
G1 F1500 X103.593 Y116.143 E93.4723
G1 X103.744 Y116.311 E93.47681
G1 X104.069 Y116.501 E93.48432
G1 X104.304 Y116.548 E93.48911
G1 X110 Y116.548 E93.60278
G0 F9000 X110 Y116.24
G0 X110.276 Y115.873
G0 X110.276 Y115.013
G1 F1435.4 X110.276 Y113.318 E93.63812
G1 F2700 E88.63812
G0 F9000 X110.449 Y115.401
G0 X112.877 Y115.401
G0 X113.319 Y113.65
G0 X113.068 Y114.528
G1 F2700 E93.63812
G1 F1287.6 X113.068 Y115.015 E93.64945
G0 F9000 X113.068 Y114.528
G1 F1202.4 X113.464 Y113.903 E93.66787
G1 F1156.1 X113.912 Y113.876 E93.67949
G1 F1190.5 X113.912 Y113.339 E93.69299
G1 X113.872 Y113.372 E93.69429
G1 F1181.1 X113.543 Y113.375 E93.70263
G1 F1147.2 X113.37 Y113.387 E93.70716
G1 F1123.6 X113.103 Y113.387 E93.71427
G1 X113.103 Y113.654 E93.72138
G1 F1202.4 X113.068 Y114.528 E93.74316
G1 F2700 E88.74316
G0 F9000 X113.319 Y113.65
G0 X113.262 Y114.092
G0 X113.262 Y115.401
G0 X116.428 Y115.401
G0 X116.428 Y114.092
G0 X116.136 Y113.527
G1 F2700 E93.74316
G1 F1415.1 X116.136 Y112.288 E93.76937
G1 F1252.6 X116.081 Y111.815 E93.78075
G1 F2700 E88.78075
G0 F9000 X110 Y111.687
G1 F2700 E93.78075
G1 F1676 X110.283 Y111.673 E93.78581
G1 F1662 X110.797 Y111.696 E93.79508
G1 F1428.6 X111.225 Y111.829 E93.80447
G1 F1279.3 X111.364 Y111.919 E93.80834
G1 X111.473 Y111.798 E93.81215
G1 F1418.4 X111.774 Y111.709 E93.81878
G1 F1604.3 X113.872 Y111.703 E93.85792
G1 F1538.5 X114.131 Y111.742 E93.86302
G1 F1467 X114.218 Y111.802 E93.86518
G1 F1526.7 X114.462 Y111.709 E93.8703
G1 F1604.3 X115.124 Y111.703 E93.88265
G1 F1558.4 X115.663 Y112.022 E93.89468
G1 F1500 X115.724 Y112.288 E93.90012
G1 X115.724 Y113.928 E93.93285
G1 X116.076 Y113.934 E93.93988
G1 F1578.9 X116.568 Y114.528 E93.9545
G1 X116.548 Y113.527 E93.97348
G1 F1500 X116.548 Y111.348 E94.01697
G1 F1558.4 X115.124 Y111.333 E94.04432
G1 F1604.3 X114.43 Y111.335 E94.05727
G1 F1526.7 X114.218 Y111.352 E94.06144
G1 F1538.5 X113.872 Y111.333 E94.06818
G1 F1604.3 X111.742 Y111.335 E94.10792
G1 F1418.4 X111.324 Y111.382 E94.1168
G1 F1388.9 X110.961 Y111.345 E94.12467
G1 F1587.3 X110.694 Y111.33 E94.12971
G1 F1685.4 X110.197 Y111.323 E94.13854
G1 F1662 X109.707 Y111.332 E94.14736
G1 F1470.6 X109.319 Y111.37 E94.1553
G1 X108.84 Y111.333 E94.16508
G1 F1604.3 X108.15 Y111.335 E94.17795
G1 F1293.1 X107.536 Y111.424 E94.19231
G1 F1304.3 X106.788 Y111.333 E94.20961
G1 F1604.3 X106.094 Y111.335 E94.22256
G1 F1327.4 X105.536 Y111.411 E94.23526
G1 F1339.3 X104.844 Y111.333 E94.25082
G1 F1604.3 X104.146 Y111.335 E94.26385
G1 F1415.1 X103.72 Y111.384 E94.27292
G1 F1271.2 X103.484 Y111.384 E94.27847
G1 X103.484 Y111.62 E94.28403
G1 F1087 X103.564 Y112.288 E94.30256
G1 X103.871 Y111.8 E94.31844
G1 F1415.1 X104.178 Y111.709 E94.32521
G1 F1604.3 X104.844 Y111.703 E94.33764
G1 F1339.3 X105.34 Y111.847 E94.34918
G1 F1127.8 X105.456 Y112.015 E94.3546
G1 F1067.6 X105.536 Y112.288 E94.36258
G1 X105.616 Y112.015 E94.37055
G1 F1127.8 X105.732 Y111.847 E94.37597
G1 F1327.4 X106.126 Y111.709 E94.38538
G1 F1604.3 X106.788 Y111.703 E94.39774
G1 F1304.3 X107.319 Y111.87 E94.41051
G1 F1088.9 X107.505 Y112.292 E94.42319
G1 X107.567 Y112.292 E94.42489
G1 X107.753 Y111.87 E94.43757
G1 F1293.1 X108.182 Y111.709 E94.44818
G1 F1604.3 X108.84 Y111.703 E94.46046
G1 F1470.6 X109.193 Y111.775 E94.46779
G1 F1348.3 X109.279 Y111.861 E94.47049
G1 F1456.3 X109.641 Y111.705 E94.47859
G1 F1612.9 X110 Y111.687 E94.48526
G1 F2700 E89.48526
G0 F9000 X115.563 Y111.85
G0 X116.27 Y113.65
G0 X116.568 Y114.528
G1 F2700 E94.48526
G1 F1648.4 X116.564 Y115.06 E94.49492
G0 F9000 X116.243 Y115.835
G0 X113.7 Y115.873
G0 X113.7 Y115.16
;TYPE:WALL-OUTER
G1 F1500 X113.543 Y115.085 E94.4984
G1 X113.5 Y114.978 E94.5007
G1 X113.5 Y114.528 E94.50968
G1 X113.637 Y114.328 E94.51452
G1 X114.364 Y114.328 E94.52902
G1 X114.364 Y113.412 E94.5473
G1 F1604.3 X114.39 Y112.78 E94.55911
G1 F1729.1 X114.391 Y112.288 E94.56762
G1 F1621.6 X114.428 Y112.144 E94.57037
G1 F1507.5 X114.529 Y112.091 E94.57263
G1 F1500 X115.124 Y112.088 E94.58451
G1 X115.324 Y112.211 E94.58919
G1 X115.324 Y114.328 E94.63144
G1 X116.018 Y114.33 E94.64529
G1 X116.188 Y114.528 E94.6505
G1 X116.186 Y114.995 E94.65982
G1 X116.064 Y115.159 E94.6639
G1 X113.7 Y115.16 E94.71107
G0 F9000 X113.7 Y115.873
G0 X111.66 Y115.873
G0 X111.66 Y114.978
G1 F1369.9 X111.655 Y113.145 E94.75113
G1 F2700 E89.75113
G0 F9000 X110.477 Y113.294
G0 X110 Y112.981
G1 F2700 E94.75113
G1 F1500 X109.948 Y113.02 E94.75242
G1 X109.868 Y113.209 E94.75652
G1 X109.868 Y114.978 E94.79182
G1 X109.822 Y115.088 E94.7942
G1 X109.703 Y115.158 E94.79696
G1 X109.027 Y115.16 E94.81045
G1 F1428.6 X108.91 Y115.017 E94.81432
G1 F1304.3 X108.835 Y113.1 E94.85835
G1 X108.042 Y115.041 E94.90647
G1 F1428.6 X107.903 Y115.158 E94.91027
G1 F1500 X107.204 Y115.16 E94.92422
G1 X107.081 Y115.118 E94.92682
G1 X107.016 Y115.029 E94.92901
G1 F1550.4 X106.756 Y114.278 E94.94436
G1 F1456.3 X106.623 Y114.028 E94.95018
G1 F1330.4 X106.5 Y113.69 E94.95827
G1 F1492.5 X106.386 Y113.235 E94.96768
G1 X106.438 Y113.7 E94.97706
G1 F1330.4 X106.312 Y113.903 E94.98244
G1 F1388.9 X105.051 Y113.907 E95.00962
G1 F1449.3 X105.051 Y114.321 E95.01817
G1 F1388.9 X106.334 Y114.316 E95.04582
G1 F1442.3 X106.445 Y114.528 E95.05079
G1 F1558.4 X106.457 Y115.011 E95.06007
G1 F1519 X106.379 Y115.118 E95.06268
G1 F1500 X106.291 Y115.158 E95.06461
G1 X104.253 Y115.159 E95.10528
G1 X104.159 Y115.12 E95.10731
G1 X104.083 Y114.995 E95.11023
G1 X104.08 Y112.288 E95.16425
G1 X104.151 Y112.134 E95.16763
G1 X104.245 Y112.091 E95.1697
G1 X104.844 Y112.088 E95.18165
G1 X104.994 Y112.155 E95.18493
G1 X105.044 Y112.288 E95.18776
G1 X105.044 Y113.068 E95.20333
G1 F1534.5 X106.212 Y113.076 E95.22611
G1 F1587.3 X106.354 Y113.189 E95.22954
G1 F1546.4 X106.03 Y112.323 E95.24743
G1 F1500 X106.078 Y112.155 E95.25092
G1 X106.193 Y112.091 E95.25355
G1 X106.788 Y112.088 E95.26542
G1 X106.959 Y112.17 E95.26921
G1 X107.167 Y112.767 E95.28182
G1 X107.905 Y112.767 E95.29655
G1 X108.112 Y112.172 E95.30912
G1 X108.249 Y112.091 E95.3123
G1 X108.84 Y112.088 E95.32409
G1 X108.954 Y112.123 E95.32647
G1 F1449.3 X109.058 Y112.279 E95.33034
G1 F1351.4 X108.983 Y112.639 E95.33849
G1 F1398.6 X109.39 Y112.277 E95.35015
G1 F1500 X109.783 Y112.08 E95.35892
G1 X110.26 Y112.048 E95.36846
G1 X110.694 Y112.074 E95.37714
G1 X111.041 Y112.222 E95.38467
G1 X111.355 Y112.467 E95.39261
G1 F1492.5 X111.559 Y112.79 E95.40028
G1 F1421.8 X111.655 Y113.145 E95.40802
G1 F1425.2 X111.676 Y112.717 E95.41702
G1 F1500 X111.676 Y112.285 E95.42564
G1 X111.715 Y112.168 E95.4281
G1 X111.841 Y112.091 E95.43105
G1 X113.872 Y112.088 E95.47158
G1 F1507.5 X114.008 Y112.144 E95.4745
G1 F1621.6 X114.045 Y112.288 E95.47724
G1 F1729.1 X114.044 Y112.75 E95.48524
G1 F1604.3 X113.872 Y112.92 E95.48975
G1 F1500 X112.636 Y112.92 E95.51442
G1 X112.636 Y114.978 E95.55549
G1 X112.593 Y115.085 E95.55779
G1 X112.471 Y115.158 E95.56063
G1 X111.81 Y115.157 E95.57382
G1 F1438.8 X111.66 Y114.978 E95.57868
G1 X111.509 Y115.158 E95.58357
G1 F1500 X110.884 Y115.16 E95.59604
G1 X110.73 Y115.088 E95.59943
G1 X110.684 Y114.978 E95.60181
G1 X110.684 Y113.265 E95.636
G1 X110.568 Y112.988 E95.64199
G1 X110.375 Y112.903 E95.6462
G1 X110.077 Y112.924 E95.65216
G1 X110 Y112.981 E95.65407
G0 F9000 X110.183 Y113.233
G0 X108.978 Y112.664
G1 F1115.2 X108.836 Y113.119 E95.66686
G1 F2700 E90.66686
G0 F9000 X108.836 Y110.085
G0 X117.803 Y110.097
G0 X117.815 Y114.12
G0 X106.386 Y113.235
G1 F2700 E95.66686
G1 F1704.5 X106.377 Y113.207 E95.66738
G1 F2700 E90.66738
G0 F9000 X105.921 Y112.803
G0 X105.282 Y111.85
G0 X103.845 Y111.85
G0 X103.845 Y115.401
G0 X110 Y116.24
G0 X110 Y116.948
G1 F2700 E95.66738
G1 F1500 X115.747 Y116.948 E95.78207
G1 X116.049 Y116.884 E95.78823
G1 X116.365 Y116.742 E95.79514
G1 X116.61 Y116.521 E95.80173
G1 X116.773 Y116.295 E95.80729
G1 X116.884 Y116.05 E95.81265
G1 X116.948 Y115.732 E95.81913
G1 X116.948 Y110.948 E95.9146
G1 X103.048 Y110.948 E96.19199
G1 X103.049 Y115.747 E96.28776
G1 X103.112 Y116.049 E96.29391
G1 X103.254 Y116.365 E96.30083
G1 X103.475 Y116.61 E96.30741
G1 X103.701 Y116.774 E96.31298
G1 X103.946 Y116.884 E96.31834
G1 X104.264 Y116.948 E96.32482
G1 X110 Y116.948 E96.43928
G0 F9000 X110 Y116.173
G1 F2700 E91.43928
G0 F9000 X103.845 Y115.401
G0 X103.845 Y111.85
G0 X109.885 Y111.18
G0 X109.885 Y108.82
G0 X109.885 Y108.645
;TYPE:WALL-INNER
G1 F2700 E96.43928
G1 F1127.8 X110.364 Y108.52 E96.45242
G1 F1010.1 X109.899 Y108.202 E96.46912
G1 F1279.3 X109.666 Y108.3 E96.47503
G1 F1111.1 X109.275 Y108.513 E96.48703
G1 X109.7 Y108.644 E96.49901
G1 F1474.2 X109.885 Y108.645 E96.50277
G0 F9000 X110.364 Y108.52
G1 F906.3 X113.662 Y108.515 E96.61169
G0 F9000 X114.112 Y108.627
G1 F1092.9 X114.688 Y108.52 E96.62774
G1 X114.263 Y108.245 E96.6416
G1 F1357.5 X114.125 Y108.013 E96.64755
G1 X113.961 Y108.245 E96.65382
G1 F1081.1 X113.662 Y108.515 E96.66497
G1 X114.112 Y108.627 E96.67781
G0 F9000 X114.688 Y108.52
G1 F906.3 X115.31 Y108.515 E96.69836
G0 F9000 X116.119 Y108.219
G1 F1449.3 X116.166 Y107.917 E96.70467
G1 F1630.4 X116.166 Y105.116 E96.7561
G1 F1587.3 X116.152 Y104.335 E96.77083
G1 F1526.7 X116.068 Y104.074 E96.7762
G1 X115.805 Y103.875 E96.78267
G1 X115.635 Y103.844 E96.78606
G1 F1132.1 X115.184 Y103.982 E96.79853
G1 X115.741 Y104.289 E96.81535
G1 F1526.7 X115.917 Y104.44 E96.81989
G1 F1587.3 X116.166 Y105.116 E96.83348
G0 F9000 X116.023 Y104.28
G0 X115.184 Y103.982
G1 F898.2 X114.528 Y103.982 E96.85534
G0 F9000 X113.971 Y104.288
G1 F1333.3 X114.184 Y104.196 E96.86055
G1 F1162.8 X114.528 Y103.982 E96.87098
G1 F1013.5 X114.071 Y103.824 E96.88526
G1 X113.392 Y103.982 E96.90585
G1 F996.7 X113.971 Y104.288 E96.92552
G0 F9000 X113.392 Y103.982
G1 F888.9 X112.72 Y103.989 E96.94815
G1 X112.544 Y103.982 E96.95408
G1 F898.2 X110.364 Y103.982 E97.02673
G0 F9000 X109.528 Y104.28
G0 X109.378 Y104.678
G1 F1092.9 X109.579 Y104.383 E97.03651
G1 F1339.3 X110.02 Y104.205 E97.04714
G1 F1376.1 X110.18 Y104.068 E97.05172
G1 F1005 X110.364 Y103.982 E97.05777
G1 F1183.4 X109.96 Y103.864 E97.06842
G1 F1339.3 X109.378 Y103.922 E97.08149
G1 F986.8 X108.392 Y103.982 E97.11145
G1 X109.177 Y104.383 E97.13819
G1 F1092.9 X109.378 Y104.678 E97.14797
G0 F9000 X109.246 Y104.32
G0 X108.392 Y103.982
G1 F898.2 X107.832 Y103.982 E97.16663
G0 F9000 X105.47 Y104.308
G0 X105.056 Y104.463
G0 X104.686 Y104.705
G0 X104.373 Y105.031
G0 X103.838 Y105.914
G1 F1643.8 X103.823 Y106.1 E97.17003
G1 F1769.9 X103.812 Y106.468 E97.17626
G1 F1734.1 X103.829 Y106.941 E97.18443
G0 F9000 X103.838 Y105.914
G1 F1558.4 X103.924 Y105.547 E97.19167
G1 F1519 X104.095 Y105.173 E97.19977
G1 F1500 X104.29 Y104.891 E97.20661
G1 X104.577 Y104.598 E97.2148
G1 X104.999 Y104.315 E97.22494
G1 F1595.7 X105.413 Y104.184 E97.23308
G1 F1775.1 X105.811 Y104.134 E97.23985
G1 F1869.2 X106.34 Y104.122 E97.24832
G1 F1829.3 X106.623 Y104.151 E97.25298
G1 F1671.3 X107.252 Y104.295 E97.26453
G1 F1626 X107.488 Y104.198 E97.26923
G1 F1167.3 X107.832 Y103.982 E97.27965
G1 X107.425 Y103.847 E97.29064
G1 F1546.4 X107.207 Y103.862 E97.29487
G1 F1587.3 X106.672 Y103.819 E97.305
G1 F1829.3 X106.328 Y103.806 E97.31063
G1 F1869.2 X105.784 Y103.811 E97.31934
G1 F1652.9 X105.013 Y103.848 E97.33332
G1 F1500 X104.335 Y103.848 E97.34685
G1 X104.076 Y103.932 E97.35228
G1 X103.879 Y104.192 E97.35879
G1 X103.849 Y104.344 E97.36189
G1 F1511.3 X103.846 Y105.629 E97.38734
G1 F1550.4 X103.838 Y105.914 E97.39284
G0 F9000 X104.041 Y107.189
G0 X104.509 Y108.249
G1 F1507.5 X104.181 Y107.924 E97.40201
G1 F1511.3 X103.915 Y107.368 E97.41422
G1 F1578.9 X103.829 Y106.941 E97.42248
G1 F1583.1 X103.845 Y107.291 E97.4291
G1 F1515.2 X103.847 Y108.249 E97.44803
G1 F1507.5 X104.509 Y108.249 E97.46117
G0 F9000 X104.891 Y108.648
G1 F1298.7 X105.274 Y108.586 E97.47012
G1 F1123.6 X105.516 Y108.497 E97.47699
G1 F1271.2 X104.847 Y108.025 E97.49627
G1 F1500 X104.502 Y107.669 E97.50616
G1 X104.295 Y107.237 E97.51572
G1 X104.205 Y106.876 E97.52314
G1 X104.176 Y106.468 E97.53131
G1 X104.2 Y106.068 E97.5393
G1 X104.301 Y105.683 E97.54725
G1 X104.501 Y105.246 E97.55684
G1 X104.832 Y104.912 E97.56622
G1 X105.162 Y104.687 E97.57419
G1 X105.537 Y104.547 E97.58218
G1 X105.965 Y104.484 E97.59081
G1 X106.433 Y104.479 E97.60015
G1 X107.11 Y104.694 E97.61433
G1 X107.316 Y104.846 E97.61944
G1 X107.451 Y104.652 E97.62415
G1 X107.757 Y104.516 E97.63083
G1 X108.392 Y104.516 E97.64351
G1 X108.831 Y104.706 E97.65305
G1 X108.935 Y104.859 E97.65674
G1 X108.992 Y105.108 E97.66184
G1 X108.992 Y105.459 E97.66885
G1 X109.24 Y105.469 E97.6738
G1 X109.569 Y105.529 E97.68047
G1 X109.764 Y105.602 E97.68463
G1 X109.764 Y105.108 E97.69449
G1 X109.821 Y104.859 E97.69959
G1 X109.925 Y104.706 E97.70328
G1 X110.152 Y104.554 E97.70873
G1 X110.289 Y104.516 E97.71157
G1 X112.606 Y104.516 E97.7578
G1 X112.803 Y104.523 E97.76174
G1 X113.392 Y104.516 E97.77349
G1 X113.675 Y104.586 E97.77931
G1 X113.914 Y104.82 E97.78599
G1 X113.944 Y104.93 E97.78826
G1 X114.147 Y104.651 E97.79515
G1 X114.447 Y104.516 E97.80171
G1 X115.184 Y104.516 E97.81642
G1 X115.414 Y104.561 E97.8211
G1 X115.625 Y104.708 E97.82623
G1 X115.784 Y105.116 E97.83497
G1 X115.784 Y107.871 E97.88995
G1 X115.73 Y108.041 E97.89351
G1 F1123.6 X115.31 Y108.515 E97.91038
G1 F998.3 X115.714 Y108.582 E97.92266
G1 F1284.8 X116.119 Y108.648 E97.93222
G1 F1500 X116.548 Y108.648 E97.94078
G1 X116.548 Y104.294 E98.02767
G1 X116.502 Y104.072 E98.03219
G1 X116.403 Y103.856 E98.03693
G1 X116.251 Y103.684 E98.04151
G1 X115.927 Y103.495 E98.049
G1 X115.692 Y103.448 E98.05378
G1 X110.167 Y103.448 E98.16404
G1 X109.96 Y103.475 E98.1682
G1 X109.378 Y103.448 E98.17983
G1 X104.294 Y103.448 E98.28129
G1 X103.855 Y103.593 E98.29051
G1 X103.684 Y103.745 E98.29508
G1 X103.495 Y104.069 E98.30257
G1 X103.449 Y104.304 E98.30734
G1 X103.448 Y108.648 E98.39403
G1 X104.891 Y108.648 E98.42283
G0 F9000 X105.5 Y108.503
G1 F923.1 X106.048 Y108.542 E98.44065
G1 F949.4 X106.553 Y108.523 E98.45658
G0 F9000 X107.253 Y108.627
G1 F1090.9 X107.834 Y108.52 E98.47279
G1 X107.405 Y108.244 E98.48679
G1 F1354.4 X107.319 Y108.127 E98.49
G1 X106.964 Y108.299 E98.49872
G1 F1094.9 X106.553 Y108.523 E98.51151
G1 F1061.9 X106.883 Y108.61 E98.52113
G1 F1304.3 X107.253 Y108.627 E98.52963
G0 F9000 X107.834 Y108.52
G1 F903.6 X109.275 Y108.513 E98.57737
G0 F9000 X110 Y109.048
;TYPE:WALL-OUTER
G1 F1500 X116.948 Y109.048 E98.71602
G1 X116.948 Y104.253 E98.81171
G1 X116.884 Y103.947 E98.81795
G1 X116.742 Y103.635 E98.82479
G1 X116.521 Y103.386 E98.83144
G1 X116.295 Y103.223 E98.837
G1 X116.05 Y103.112 E98.84237
G1 X115.732 Y103.048 E98.84884
G1 X110.167 Y103.048 E98.95989
G1 X109.96 Y103.057 E98.96403
G1 X109.378 Y103.048 E98.97565
G1 X104.253 Y103.048 E99.07792
G1 X103.947 Y103.112 E99.08416
G1 X103.635 Y103.254 E99.091
G1 X103.386 Y103.475 E99.09764
G1 X103.223 Y103.701 E99.1032
G1 X103.112 Y103.946 E99.10857
G1 X103.049 Y104.264 E99.11504
G1 X103.048 Y109.048 E99.21051
G1 X110 Y109.048 E99.34925
G1 F2700 E94.34925
G0 F9000 X110 Y108.74
G0 X109.956 Y107.952
G0 X110.189 Y107.162
G1 F2700 E99.34925
G1 F1769.9 X110.2 Y106.798 E99.35541
G0 F9000 X111.26 Y107.024
G1 F892.9 X112.298 Y107.024 E99.39021
G1 F952.4 X112.602 Y107.169 E99.40079
G1 F1181.1 X112.682 Y107.36 E99.40604
G1 F1398.6 X112.682 Y107.81 E99.41567
G0 F9000 X112.602 Y107.169
G1 F1092.9 X112.641 Y107.003 E99.42034
G1 F1500 X112.759 Y106.82 E99.42469
G1 F2033.9 X112.76 Y106.164 E99.43434
G1 F1363.6 X112.606 Y105.921 E99.44066
G1 F1049 X112.614 Y105.771 E99.44494
G1 X112.523 Y105.838 E99.44817
G1 F1287.6 X112.3 Y105.724 E99.45399
G1 F1704.5 X111.1 Y105.724 E99.47506
G1 X111.1 Y106.076 E99.48125
G1 X112.3 Y106.076 E99.50232
G1 F1287.6 X112.485 Y105.994 E99.50702
G1 F1098.9 X112.48 Y106.91 E99.53198
G1 F1015.2 X112.298 Y107.024 E99.53831
G1 F952.4 X112.602 Y107.169 E99.5489
G0 F9000 X112.614 Y105.771
G1 F1307.2 X112.719 Y105.578 E99.55393
G1 F1699.7 X112.72 Y105.116 E99.56206
G1 F2700 E94.56206
G0 F9000 X112.72 Y104.208
G0 X109.928 Y104.68
G0 X109.919 Y105.24
G0 X108.803 Y105.651
G0 X107.645 Y106.161
G1 F2700 E99.56206
G1 F1652.9 X107.656 Y106.478 E99.56781
G1 F1643.8 X107.643 Y106.796 E99.5736
G1 F2700 E94.5736
G0 F9000 X107.423 Y107.737
G0 X106.017 Y108.034
G1 F2700 E99.5736
G1 F1500 X105.556 Y107.962 E99.58291
G1 X105.152 Y107.764 E99.59189
G1 X104.847 Y107.456 E99.60054
G1 X104.683 Y107.123 E99.60795
G1 X104.599 Y106.807 E99.61448
G1 X104.576 Y106.454 E99.62154
G1 X104.602 Y106.113 E99.62836
G1 X104.686 Y105.804 E99.63475
G1 X104.837 Y105.475 E99.64197
G1 X105.1 Y105.209 E99.64944
G1 X105.37 Y105.036 E99.65584
G1 X105.654 Y104.934 E99.66186
G1 X105.938 Y104.886 E99.66761
G1 X106.372 Y104.88 E99.67627
G1 X106.956 Y105.061 E99.68847
G1 X107.326 Y105.385 E99.69829
G1 X107.537 Y105.732 E99.70639
G1 F1550.4 X107.645 Y106.161 E99.71493
G1 X107.632 Y105.746 E99.72295
G1 F1500 X107.632 Y105.116 E99.73552
G1 X107.667 Y105.001 E99.73792
G1 X107.797 Y104.918 E99.741
G1 X108.392 Y104.916 E99.75287
G1 X108.539 Y104.979 E99.75606
G1 X108.592 Y105.116 E99.75899
G1 X108.592 Y105.857 E99.77378
G1 X109.168 Y105.863 E99.78528
G1 X109.53 Y105.929 E99.79262
G1 X109.852 Y106.108 E99.79997
G1 X110.057 Y106.321 E99.80587
G1 F1570.7 X110.194 Y106.725 E99.814
G1 X110.164 Y106.334 E99.82148
G1 F1500 X110.164 Y105.113 E99.84584
G1 X110.217 Y104.979 E99.84872
G1 X110.329 Y104.918 E99.85126
G1 X112.6 Y104.918 E99.89658
G1 F1595.7 X112.72 Y105.116 E99.90093
G1 X112.84 Y104.918 E99.90527
G1 F1500 X113.463 Y104.916 E99.9177
G1 X113.592 Y105.042 E99.9213
G1 X113.593 Y106.357 E99.94754
G1 X114.38 Y104.971 E99.97935
G1 X114.493 Y104.918 E99.98184
G1 X115.239 Y104.916 E99.99673
G1 X115.331 Y104.98 E99.99896
G1 X115.384 Y105.116 E100.00188
G1 X115.382 Y107.863 E100.0567
G1 X115.219 Y107.99 E100.06082
G1 X114.688 Y107.992 E100.07142
G1 X114.551 Y107.938 E100.07436
G1 X114.488 Y107.792 E100.07753
G1 X114.488 Y106.526 E100.10279
G1 X113.688 Y107.93 E100.13504
G1 X113.571 Y107.99 E100.13766
G1 F1496.3 X112.809 Y107.992 E100.15291
G1 F1442.3 X112.682 Y107.81 E100.15752
G1 X112.556 Y107.99 E100.16208
G1 F1496.3 X110.364 Y107.992 E100.20593
G1 F1500 X110.245 Y107.953 E100.20843
G1 X110.164 Y107.833 E100.21132
G1 F1507.5 X110.165 Y107.541 E100.21711
G1 F1604.3 X110.189 Y107.162 E100.2242
G1 X110.06 Y107.562 E100.23204
G1 F1500 X109.8 Y107.801 E100.23909
G1 X109.588 Y107.905 E100.2438
G1 X109.183 Y107.986 E100.25205
G1 X107.833 Y107.992 E100.27899
G1 X107.694 Y107.938 E100.28196
G1 F1522.8 X107.631 Y107.84 E100.28425
G1 F1562.5 X107.643 Y106.796 E100.30425
G1 F1550.4 X107.568 Y107.121 E100.31069
G1 F1511.3 X107.418 Y107.441 E100.31769
G1 F1503.8 X107.099 Y107.765 E100.32674
G1 F1500 X106.742 Y107.934 E100.33463
G1 X106.443 Y108.008 E100.34077
G1 X106.017 Y108.034 E100.34929
G1 F2700 E95.34929
G0 F9000 X105.968 Y108.342
G0 X105.481 Y108.204
G0 X105.009 Y107.972
G0 X104.636 Y107.598
G0 X104.443 Y107.195
G0 X104.327 Y106.469
G0 X104.442 Y105.741
G0 X105.404 Y104.124
;TYPE:FILL
G1 F2700 E100.34929
G1 F3000 X105.193 Y103.914 E100.35523
G0 F9000 X105.413 Y103.883
G1 F3000 X103.929 Y104.28 E100.38589
G0 F9000 X104.071 Y104.309
G1 F2700 E95.38589
;MESH:NONMESH
G0 F300 Z1.4
G0 F9000 X104.479 Y105.754
G0 X105.81 Y106.207
G0 X106.027 Y106.772
;TIME_ELAPSED:382.523612
;LAYER:10
;TYPE:WALL-INNER
;MESH:Lens_Openscad 2.stl
G1 F2700 E100.38589
G1 F1595.7 X106.235 Y106.768 E100.38979
G1 X106.316 Y106.448 E100.39598
G1 F1591.5 X106.271 Y106.194 E100.40083
G1 X106.183 Y106.115 E100.40306
G1 X106.064 Y106.12 E100.4053
G1 X105.964 Y106.254 E100.40844
G1 F1595.7 X105.935 Y106.471 E100.41255
G1 X105.96 Y106.657 E100.41607
G1 X106.027 Y106.772 E100.41857
G0 F9000 X106.056 Y107.185
;TYPE:WALL-OUTER
G1 F1500 X106.319 Y107.16 E100.42384
G1 X106.539 Y107.024 E100.429
G1 X106.661 Y106.794 E100.4342
G1 X106.706 Y106.456 E100.441
G1 X106.683 Y106.199 E100.44615
G1 X106.614 Y106 E100.45035
G1 X106.465 Y105.821 E100.455
G1 X106.265 Y105.723 E100.45945
G1 X105.925 Y105.737 E100.46624
G1 X105.709 Y105.904 E100.47169
G1 X105.589 Y106.134 E100.47686
G1 X105.543 Y106.469 E100.48361
G1 X105.585 Y106.788 E100.49003
G1 X105.773 Y107.102 E100.49734
G1 X106.056 Y107.185 E100.50322
G1 F2700 E95.50322
G0 F9000 X106.089 Y106.875
G0 X106.442 Y106.719
G0 X108.873 Y106.952
G0 X108.608 Y107.139
G1 F2700 E100.50322
G1 F1388.9 X108.608 Y106.705 E100.51257
G1 X109.087 Y106.706 E100.5229
G1 F1392.1 X109.213 Y106.788 E100.52613
G1 X109.239 Y107.007 E100.53087
G1 X109.172 Y107.101 E100.53336
G1 X109.052 Y107.137 E100.53605
G1 F1388.9 X108.608 Y107.139 E100.54562
G1 F2700 E95.54562
G0 F9000 X108.873 Y109.915
G0 X107.603 Y110.085
G0 X107.603 Y113.667
G1 F2700 E100.54562
G1 F1094.9 X107.569 Y113.726 E100.54748
G1 X107.501 Y113.726 E100.54934
G1 X107.467 Y113.667 E100.5512
G1 X107.501 Y113.608 E100.55306
G1 X107.569 Y113.608 E100.55492
G1 X107.603 Y113.667 E100.55678
G1 F2700 E95.55678
G0 F9000 X106.002 Y112.86
G0 X105.561 Y112.551
;TYPE:WALL-INNER
G1 F2700 E100.55678
G1 F985.2 X105.536 Y112.288 E100.56481
G1 F2700 E95.56481
G0 F9000 X105.282 Y111.85
G0 X103.845 Y111.85
G0 X103.564 Y112.288
G1 F2700 E100.56481
G1 F940.4 X103.569 Y115.084 E100.65381
G0 F9000 X103.755 Y115.836
G0 X104.216 Y116.04
G1 F1041.7 X104.352 Y116.054 E100.65774
G1 F1013.5 X106.393 Y116.054 E100.71802
G1 F931.7 X106.73 Y116.003 E100.72897
G1 F937.5 X107.204 Y116.054 E100.74419
G1 F1020.4 X107.868 Y116.054 E100.76367
G1 F1006.7 X108.058 Y116.046 E100.76932
G0 F9000 X108.488 Y116.157
G1 F1237.1 X109.108 Y116.054 E100.78453
G1 X108.588 Y115.804 E100.79849
G1 F1570.7 X108.488 Y115.725 E100.80092
G1 F1217 X108.058 Y116.046 E100.81412
G1 X108.488 Y116.157 E100.82504
G0 F9000 X109.108 Y116.054
G1 F1006.7 X109.858 Y116.046 E100.84734
G0 F9000 X110 Y116.084
G1 F1438.8 X110.276 Y116.159 E100.85329
G1 F1239.7 X110.884 Y116.054 E100.86819
G1 X110.373 Y115.808 E100.88189
G1 F1379.3 X110.284 Y115.731 E100.88444
G1 F1094.9 X109.858 Y116.046 E100.89893
G1 F1132.1 X110 Y116.084 E100.90281
G0 F9000 X110.884 Y116.054
G1 F1006.7 X112.626 Y116.046 E100.95461
G0 F9000 X113.068 Y116.155
G1 F1232 X113.7 Y116.054 E100.97016
G1 X113.17 Y115.8 E100.98444
G1 F1363.6 X113.079 Y115.718 E100.98713
G1 F1090.9 X112.626 Y116.046 E101.00248
G1 F1212.1 X113.068 Y116.155 E101.01372
G0 F9000 X113.7 Y116.054
G1 F1020.4 X115.655 Y116.054 E101.07107
G0 F9000 X110 Y116.24
G0 X110 Y116.548
G1 F1500 X115.706 Y116.548 E101.18494
G1 X116.143 Y116.403 E101.19413
G1 X116.311 Y116.252 E101.19864
G1 X116.501 Y115.927 E101.20615
G1 X116.548 Y115.692 E101.21093
G1 F1562.5 X116.564 Y115.06 E101.22304
G1 X116.26 Y115.496 E101.23322
G1 F1500 X115.988 Y115.56 E101.2388
G1 X113.7 Y115.56 E101.28446
G1 X113.38 Y115.468 E101.29111
G1 X113.229 Y115.333 E101.29515
G1 F1382.5 X113.068 Y115.015 E101.30286
G1 X112.907 Y115.333 E101.31058
G1 F1500 X112.756 Y115.468 E101.31462
G1 X112.519 Y115.56 E101.3197
G1 X111.794 Y115.56 E101.33417
G1 X111.66 Y115.519 E101.33696
G1 X111.521 Y115.56 E101.33985
G1 X110.884 Y115.56 E101.35257
G1 X110.574 Y115.474 E101.35899
G1 X110.422 Y115.344 E101.36298
G1 F1463.4 X110.276 Y115.013 E101.37038
G1 X110.13 Y115.344 E101.37778
G1 F1500 X109.978 Y115.474 E101.38177
G1 X109.751 Y115.56 E101.38661
G1 X109.108 Y115.56 E101.39945
G1 X108.793 Y115.471 E101.40598
G1 X108.682 Y115.383 E101.4088
G1 X108.544 Y115.166 E101.41394
G1 X108.507 Y114.959 E101.41813
G1 X108.432 Y115.166 E101.42253
G1 X108.294 Y115.383 E101.42766
G1 X108.183 Y115.471 E101.43049
G1 X107.951 Y115.56 E101.43544
G1 X107.204 Y115.56 E101.45035
G1 X106.955 Y115.507 E101.45543
G1 X106.835 Y115.434 E101.45823
G1 X106.73 Y115.289 E101.46181
G1 X106.625 Y115.434 E101.46538
G1 X106.334 Y115.56 E101.47171
G1 X104.244 Y115.559 E101.51342
G1 F1301.5 X103.961 Y115.482 E101.52016
G1 F1029.2 X103.569 Y115.084 E101.53641
G1 F1149.4 X103.449 Y115.705 E101.55288
G1 F1500 X103.593 Y116.143 E101.56208
G1 X103.744 Y116.311 E101.56659
G1 X104.069 Y116.501 E101.5741
G1 X104.304 Y116.548 E101.57889
G1 X110 Y116.548 E101.69256
G0 F9000 X110 Y116.24
G0 X110.276 Y115.873
G0 X110.276 Y115.013
G1 F1442.3 X110.278 Y113.314 E101.72782
G1 F2700 E96.72782
G0 F9000 X110.449 Y115.401
G0 X112.877 Y115.401
G0 X113.319 Y113.65
G0 X113.068 Y114.528
G1 F2700 E101.72782
G1 F1287.6 X113.068 Y115.015 E101.73914
G0 F9000 X113.068 Y114.528
G1 F1202.4 X113.464 Y113.903 E101.75756
G1 F1156.1 X113.912 Y113.876 E101.76918
G1 F1190.5 X113.912 Y113.339 E101.78268
G1 X113.872 Y113.372 E101.78399
G1 F1181.1 X113.543 Y113.375 E101.79233
G1 F1147.2 X113.37 Y113.387 E101.79685
G1 F1123.6 X113.103 Y113.387 E101.80396
G1 X113.103 Y113.654 E101.81108
G1 F1202.4 X113.068 Y114.528 E101.83285
G1 F2700 E96.83285
G0 F9000 X113.319 Y113.65
G0 X113.262 Y114.092
G0 X113.262 Y115.401
G0 X116.428 Y115.401
G0 X116.428 Y114.092
G0 X116.136 Y113.527
G1 F2700 E101.83285
G1 F1415.1 X116.136 Y112.288 E101.85906
G1 F1252.6 X116.081 Y111.815 E101.87044
G1 F2700 E96.87044
G0 F9000 X110 Y111.687
G1 F2700 E101.87044
G1 F1676 X110.283 Y111.673 E101.8755
G1 F1662 X110.797 Y111.696 E101.88477
G1 F1428.6 X111.225 Y111.829 E101.89416
G1 F1279.3 X111.364 Y111.919 E101.89804
G1 X111.473 Y111.798 E101.90185
G1 F1418.4 X111.774 Y111.709 E101.90847
G1 F1604.3 X113.872 Y111.703 E101.94762
G1 F1538.5 X114.131 Y111.742 E101.95271
G1 F1467 X114.218 Y111.802 E101.95487
G1 F1526.7 X114.462 Y111.709 E101.95999
G1 F1604.3 X115.124 Y111.703 E101.97234
G1 F1558.4 X115.663 Y112.022 E101.98437
G1 F1500 X115.724 Y112.288 E101.98982
G1 X115.724 Y113.928 E102.02255
G1 X116.076 Y113.934 E102.02957
G1 F1578.9 X116.568 Y114.528 E102.04419
G1 X116.548 Y113.527 E102.06317
G1 F1500 X116.548 Y111.348 E102.10666
G1 F1558.4 X115.124 Y111.333 E102.13401
G1 F1604.3 X114.43 Y111.335 E102.14696
G1 F1526.7 X114.218 Y111.352 E102.15113
G1 F1538.5 X113.872 Y111.333 E102.15787
G1 F1604.3 X111.742 Y111.335 E102.19762
G1 F1418.4 X111.324 Y111.382 E102.20649
G1 F1388.9 X110.961 Y111.345 E102.21436
G1 F1587.3 X110.694 Y111.33 E102.2194
G1 F1685.4 X110.197 Y111.323 E102.22823
G1 F1662 X109.707 Y111.332 E102.23706
G1 F1470.6 X109.319 Y111.37 E102.24499
G1 X108.84 Y111.333 E102.25477
G1 F1604.3 X108.15 Y111.335 E102.26765
G1 F1293.1 X107.536 Y111.424 E102.28201
G1 F1304.3 X106.788 Y111.333 E102.2993
G1 F1604.3 X106.094 Y111.335 E102.31225
G1 F1327.4 X105.536 Y111.411 E102.32495
G1 F1339.3 X104.844 Y111.333 E102.34051
G1 F1604.3 X104.146 Y111.335 E102.35354
G1 F1415.1 X103.72 Y111.384 E102.36261
G1 F1271.2 X103.484 Y111.384 E102.36817
G1 X103.484 Y111.62 E102.37372
G1 F1087 X103.564 Y112.288 E102.39225
G1 X103.871 Y111.8 E102.40813
G1 F1415.1 X104.178 Y111.709 E102.4149
G1 F1604.3 X104.844 Y111.703 E102.42733
G1 F1339.3 X105.34 Y111.847 E102.43887
G1 F1127.8 X105.456 Y112.015 E102.44429
G1 F1067.6 X105.536 Y112.288 E102.45227
G1 X105.616 Y112.015 E102.46024
G1 F1127.8 X105.732 Y111.847 E102.46566
G1 F1327.4 X106.126 Y111.709 E102.47508
G1 F1604.3 X106.788 Y111.703 E102.48743
G1 F1304.3 X107.319 Y111.87 E102.5002
G1 F1088.9 X107.505 Y112.292 E102.51288
G1 X107.567 Y112.292 E102.51459
G1 X107.753 Y111.87 E102.52726
G1 F1293.1 X108.182 Y111.709 E102.53787
G1 F1604.3 X108.84 Y111.703 E102.55015
G1 F1470.6 X109.193 Y111.775 E102.55748
G1 F1348.3 X109.279 Y111.861 E102.56018
G1 F1456.3 X109.641 Y111.705 E102.56829
G1 F1612.9 X110 Y111.687 E102.57496
G1 F2700 E97.57496
G0 F9000 X115.563 Y111.85
G0 X116.27 Y113.65
G0 X116.568 Y114.528
G1 F2700 E102.57496
G1 F1648.4 X116.564 Y115.06 E102.58462
G0 F9000 X116.243 Y115.835
G0 X113.7 Y115.873
G0 X113.7 Y115.16
;TYPE:WALL-OUTER
G1 F1500 X113.543 Y115.085 E102.58809
G1 X113.5 Y114.978 E102.59039
G1 X113.5 Y114.528 E102.59937
G1 X113.637 Y114.328 E102.60421
G1 X114.364 Y114.328 E102.61872
G1 X114.364 Y113.412 E102.637
G1 F1604.3 X114.39 Y112.78 E102.6488
G1 F1729.1 X114.391 Y112.288 E102.65732
G1 F1621.6 X114.428 Y112.144 E102.66006
G1 F1507.5 X114.529 Y112.091 E102.66233
G1 F1500 X115.124 Y112.088 E102.6742
G1 X115.324 Y112.211 E102.67889
G1 X115.324 Y114.328 E102.72113
G1 X116.018 Y114.33 E102.73498
G1 X116.188 Y114.528 E102.74019
G1 X116.186 Y114.995 E102.74951
G1 X116.064 Y115.159 E102.75359
G1 X113.7 Y115.16 E102.80077
G0 F9000 X113.7 Y115.873
G0 X111.66 Y115.873
G0 X111.66 Y114.978
G1 F1369.9 X111.655 Y113.145 E102.84082
G1 F2700 E97.84082
G0 F9000 X110.477 Y113.294
G0 X110 Y112.973
G1 F2700 E102.84082
G1 F1500 X109.97 Y112.993 E102.84154
G1 X109.868 Y113.168 E102.84558
G1 X109.868 Y114.978 E102.8817
G1 X109.822 Y115.088 E102.88408
G1 X109.703 Y115.158 E102.88684
G1 X109.027 Y115.16 E102.90033
G1 F1428.6 X108.91 Y115.017 E102.9042
G1 F1304.3 X108.835 Y113.1 E102.94823
G1 X108.042 Y115.041 E102.99635
G1 F1428.6 X107.903 Y115.158 E103.00015
G1 F1500 X107.204 Y115.16 E103.0141
G1 X107.081 Y115.118 E103.0167
G1 X107.016 Y115.029 E103.0189
G1 F1550.4 X106.756 Y114.278 E103.03424
G1 F1456.3 X106.623 Y114.028 E103.04006
G1 F1330.4 X106.5 Y113.69 E103.04815
G1 F1492.5 X106.386 Y113.235 E103.05756
G1 X106.438 Y113.7 E103.06694
G1 F1330.4 X106.312 Y113.903 E103.07232
G1 F1388.9 X105.051 Y113.907 E103.0995
G1 F1449.3 X105.051 Y114.321 E103.10805
G1 F1388.9 X106.334 Y114.316 E103.1357
G1 F1442.3 X106.445 Y114.528 E103.14067
G1 F1558.4 X106.457 Y115.011 E103.14995
G1 F1519 X106.379 Y115.118 E103.15256
G1 F1500 X106.291 Y115.158 E103.15449
G1 X104.253 Y115.159 E103.19516
G1 X104.159 Y115.12 E103.19719
G1 X104.083 Y114.995 E103.20011
G1 X104.08 Y112.288 E103.25413
G1 X104.151 Y112.134 E103.25751
G1 X104.245 Y112.091 E103.25958
G1 X104.844 Y112.088 E103.27153
G1 X104.994 Y112.155 E103.27481
G1 X105.044 Y112.288 E103.27764
G1 X105.044 Y113.068 E103.29321
G1 F1534.5 X106.212 Y113.076 E103.31599
G1 F1587.3 X106.354 Y113.189 E103.31942
G1 F1546.4 X106.03 Y112.323 E103.33731
G1 F1500 X106.078 Y112.155 E103.3408
G1 X106.193 Y112.091 E103.34343
G1 X106.788 Y112.088 E103.3553
G1 X106.959 Y112.17 E103.35909
G1 X107.167 Y112.767 E103.3717
G1 X107.905 Y112.767 E103.38643
G1 X108.112 Y112.172 E103.399
G1 X108.249 Y112.091 E103.40218
G1 X108.84 Y112.088 E103.41397
G1 X108.954 Y112.123 E103.41635
G1 F1449.3 X109.058 Y112.279 E103.42022
G1 F1351.4 X108.983 Y112.639 E103.42837
G1 F1398.6 X109.39 Y112.277 E103.44003
G1 F1500 X109.783 Y112.08 E103.4488
G1 X110.26 Y112.048 E103.45834
G1 X110.694 Y112.074 E103.46702
G1 X111.041 Y112.222 E103.47455
G1 X111.355 Y112.467 E103.48249
G1 F1492.5 X111.559 Y112.79 E103.49016
G1 F1421.8 X111.655 Y113.145 E103.4979
G1 F1425.2 X111.676 Y112.717 E103.5069
G1 F1500 X111.676 Y112.285 E103.51552
G1 X111.715 Y112.168 E103.51798
G1 X111.841 Y112.091 E103.52093
G1 X113.872 Y112.088 E103.56146
G1 F1507.5 X114.008 Y112.144 E103.56438
G1 F1621.6 X114.045 Y112.288 E103.56712
G1 F1729.1 X114.044 Y112.75 E103.57512
G1 F1604.3 X113.872 Y112.92 E103.57963
G1 F1500 X112.636 Y112.92 E103.6043
G1 X112.636 Y114.978 E103.64537
G1 X112.593 Y115.085 E103.64767
G1 X112.471 Y115.158 E103.65051
G1 X111.81 Y115.157 E103.6637
G1 F1438.8 X111.66 Y114.978 E103.66856
G1 X111.509 Y115.158 E103.67345
G1 F1500 X110.884 Y115.16 E103.68592
G1 X110.73 Y115.088 E103.68931
G1 X110.684 Y114.978 E103.69169
G1 X110.684 Y113.265 E103.72588
G1 X110.569 Y112.988 E103.73186
G1 X110.371 Y112.899 E103.73619
G1 X110.073 Y112.924 E103.74216
G1 X110 Y112.973 E103.74392
G0 F9000 X110.201 Y113.209
G0 X108.978 Y112.664
G1 F1115.2 X108.836 Y113.119 E103.75671
G1 F2700 E98.75671
G0 F9000 X108.836 Y110.085
G0 X117.803 Y110.097
G0 X117.815 Y114.12
G0 X106.386 Y113.235
G1 F2700 E103.75671
G1 F1704.5 X106.377 Y113.207 E103.75723
G1 F2700 E98.75723
G0 F9000 X105.921 Y112.803
G0 X105.282 Y111.85
G0 X103.845 Y111.85
G0 X103.845 Y115.401
G0 X110 Y116.24
G0 X110 Y116.948
G1 F2700 E103.75723
G1 F1500 X115.747 Y116.948 E103.87191
G1 X116.049 Y116.884 E103.87807
G1 X116.365 Y116.742 E103.88499
G1 X116.61 Y116.521 E103.89157
G1 X116.773 Y116.295 E103.89713
G1 X116.884 Y116.05 E103.9025
G1 X116.948 Y115.732 E103.90897
G1 X116.948 Y110.948 E104.00444
G1 X103.048 Y110.948 E104.28183
G1 X103.049 Y115.747 E104.3776
G1 X103.112 Y116.049 E104.38376
G1 X103.254 Y116.365 E104.39067
G1 X103.475 Y116.61 E104.39726
G1 X103.701 Y116.774 E104.40283
G1 X103.946 Y116.884 E104.40819
G1 X104.264 Y116.948 E104.41466
G1 X110 Y116.948 E104.52913
G0 F9000 X110 Y116.173
G1 F2700 E99.52913
G0 F9000 X103.845 Y115.401
G0 X103.845 Y111.85
G0 X109.885 Y111.18
G0 X109.885 Y108.82
G0 X109.885 Y108.645
;TYPE:WALL-INNER
G1 F2700 E104.52913
G1 F1127.8 X110.364 Y108.52 E104.54227
G1 F1010.1 X109.899 Y108.202 E104.55896
G1 F1279.3 X109.666 Y108.3 E104.56488
G1 F1111.1 X109.275 Y108.513 E104.57687
G1 X109.7 Y108.644 E104.58885
G1 F1474.2 X109.885 Y108.645 E104.59261
G0 F9000 X110.364 Y108.52
G1 F906.3 X113.662 Y108.515 E104.70154
G0 F9000 X114.112 Y108.627
G1 F1092.9 X114.688 Y108.52 E104.71758
G1 X114.263 Y108.245 E104.73145
G1 F1357.5 X114.125 Y108.013 E104.7374
G1 X113.961 Y108.245 E104.74366
G1 F1081.1 X113.662 Y108.515 E104.75482
G1 X114.112 Y108.627 E104.76766
G0 F9000 X114.688 Y108.52
G1 F906.3 X115.31 Y108.515 E104.7882
G0 F9000 X116.119 Y108.219
G1 F1449.3 X116.166 Y107.917 E104.79452
G1 F1630.4 X116.166 Y105.116 E104.84594
G1 F1587.3 X116.152 Y104.335 E104.86067
G1 F1526.7 X116.068 Y104.074 E104.86605
G1 X115.805 Y103.875 E104.87251
G1 X115.635 Y103.844 E104.8759
G1 F1132.1 X115.184 Y103.982 E104.88837
G1 X115.741 Y104.289 E104.90519
G1 F1526.7 X115.917 Y104.44 E104.90974
G1 F1587.3 X116.166 Y105.116 E104.92332
G0 F9000 X116.023 Y104.28
G0 X115.184 Y103.982
G1 F898.2 X114.528 Y103.982 E104.94519
G0 F9000 X113.971 Y104.288
G1 F1333.3 X114.184 Y104.196 E104.95039
G1 F1162.8 X114.528 Y103.982 E104.96082
G1 F1013.5 X114.071 Y103.824 E104.9751
G1 X113.392 Y103.982 E104.99569
G1 F996.7 X113.971 Y104.288 E105.01536
G0 F9000 X113.392 Y103.982
G1 F888.9 X112.72 Y103.989 E105.038
G1 X112.544 Y103.982 E105.04393
G1 F898.2 X110.364 Y103.982 E105.11658
G0 F9000 X109.528 Y104.28
G0 X109.378 Y104.678
G1 F1092.9 X109.579 Y104.383 E105.12636
G1 F1339.3 X110.02 Y104.205 E105.13699
G1 F1376.1 X110.18 Y104.068 E105.14157
G1 F1005 X110.364 Y103.982 E105.14762
G1 F1183.4 X109.96 Y103.864 E105.15826
G1 F1339.3 X109.378 Y103.922 E105.17134
G1 F986.8 X108.392 Y103.982 E105.2013
G1 X109.177 Y104.383 E105.22804
G1 F1092.9 X109.378 Y104.678 E105.23781
G0 F9000 X109.246 Y104.32
G0 X108.392 Y103.982
G1 F898.2 X107.832 Y103.982 E105.25648
G0 F9000 X105.47 Y104.308
G0 X105.056 Y104.463
G0 X104.686 Y104.705
G0 X104.373 Y105.031
G0 X103.849 Y105.834
G1 F1500 X103.959 Y105.47 E105.26407
G1 X104.095 Y105.173 E105.27059
G1 X104.29 Y104.891 E105.27743
G1 X104.577 Y104.598 E105.28561
G1 X104.999 Y104.315 E105.29575
G1 F1595.7 X105.413 Y104.184 E105.3039
G1 F1775.1 X105.811 Y104.134 E105.31066
G1 F1869.2 X106.34 Y104.122 E105.31914
G1 F1829.3 X106.623 Y104.151 E105.32379
G1 F1671.3 X107.252 Y104.295 E105.33535
G1 F1626 X107.488 Y104.198 E105.34005
G1 F1167.3 X107.832 Y103.982 E105.35046
G1 X107.425 Y103.847 E105.36146
G1 F1546.4 X107.207 Y103.862 E105.36569
G1 F1587.3 X106.672 Y103.819 E105.37581
G1 F1829.3 X106.328 Y103.806 E105.38144
G1 F1869.2 X105.784 Y103.811 E105.39016
G1 F1652.9 X105.013 Y103.848 E105.40413
G1 F1500 X104.335 Y103.848 E105.41766
G1 X104.076 Y103.932 E105.4231
G1 X103.879 Y104.192 E105.42961
G1 X103.849 Y104.344 E105.4327
G1 X103.849 Y105.834 E105.46243
G0 F9000 X103.958 Y106.906
G0 X104.509 Y108.249
G1 F1507.5 X104.181 Y107.924 E105.4716
G1 X103.963 Y107.469 E105.48162
G1 X103.847 Y107.091 E105.48947
G1 X103.847 Y108.249 E105.51247
G1 X104.509 Y108.249 E105.52561
G0 F9000 X104.891 Y108.648
G1 F1298.7 X105.274 Y108.586 E105.53455
G1 F1123.6 X105.516 Y108.497 E105.54142
G1 F1271.2 X104.847 Y108.025 E105.5607
G1 F1500 X104.502 Y107.67 E105.57058
G1 X104.323 Y107.296 E105.57886
G1 X104.282 Y107.186 E105.5812
G1 F1222 X104.115 Y106.891 E105.5895
G1 F1047.1 X104.094 Y106.464 E105.60172
G1 F1039.9 X104.123 Y105.988 E105.61545
G1 F1212.1 X104.287 Y105.736 E105.62288
G1 F1500 X104.322 Y105.637 E105.62497
G1 X104.501 Y105.246 E105.63355
G1 X104.832 Y104.912 E105.64294
G1 X105.162 Y104.687 E105.65091
G1 X105.537 Y104.547 E105.6589
G1 X105.965 Y104.484 E105.66753
G1 X106.433 Y104.479 E105.67687
G1 X107.11 Y104.694 E105.69104
G1 X107.316 Y104.846 E105.69615
G1 X107.451 Y104.652 E105.70087
G1 X107.757 Y104.516 E105.70755
G1 X108.392 Y104.516 E105.72022
G1 X108.831 Y104.706 E105.72977
G1 X108.935 Y104.859 E105.73346
G1 X108.993 Y105.116 E105.73872
G1 X108.992 Y105.459 E105.74557
G1 X109.234 Y105.469 E105.7504
G1 X109.57 Y105.528 E105.75721
G1 X109.764 Y105.605 E105.76137
G1 X109.764 Y105.108 E105.77129
G1 X109.821 Y104.859 E105.77639
G1 X109.925 Y104.706 E105.78008
G1 X110.152 Y104.554 E105.78553
G1 X110.289 Y104.516 E105.78837
G1 X112.606 Y104.516 E105.83461
G1 X112.803 Y104.523 E105.83854
G1 X113.392 Y104.516 E105.8503
G1 X113.675 Y104.586 E105.85611
G1 X113.914 Y104.82 E105.86279
G1 X113.944 Y104.93 E105.86506
G1 X114.147 Y104.651 E105.87195
G1 X114.447 Y104.516 E105.87851
G1 X115.184 Y104.516 E105.89322
G1 X115.414 Y104.561 E105.8979
G1 X115.625 Y104.708 E105.90303
G1 X115.784 Y105.116 E105.91177
G1 X115.784 Y107.871 E105.96675
G1 X115.73 Y108.041 E105.97031
G1 F1123.6 X115.31 Y108.515 E105.98718
G1 F998.3 X115.714 Y108.582 E105.99946
G1 F1284.8 X116.119 Y108.648 E106.00902
G1 F1500 X116.548 Y108.648 E106.01758
G1 X116.548 Y104.294 E106.10447
G1 X116.502 Y104.072 E106.10899
G1 X116.403 Y103.856 E106.11374
G1 X116.251 Y103.684 E106.11832
G1 X115.927 Y103.495 E106.1258
G1 X115.692 Y103.448 E106.13058
G1 X110.167 Y103.448 E106.24084
G1 X109.96 Y103.475 E106.24501
G1 X109.378 Y103.448 E106.25663
G1 X104.294 Y103.448 E106.35809
G1 X103.855 Y103.593 E106.36732
G1 X103.684 Y103.745 E106.37188
G1 X103.495 Y104.069 E106.37937
G1 X103.449 Y104.304 E106.38415
G1 X103.449 Y105.629 E106.41059
G1 F1212.1 X103.543 Y105.914 E106.418
G1 F1039.9 X103.53 Y106.464 E106.43384
G1 F1047.1 X103.539 Y106.941 E106.44748
G1 F1222 X103.448 Y107.291 E106.45633
G1 F1500 X103.448 Y108.648 E106.48341
G1 X104.891 Y108.648 E106.51221
G0 F9000 X105.5 Y108.503
G1 F923.1 X106.048 Y108.542 E106.53003
G1 F949.4 X106.553 Y108.523 E106.54596
G0 F9000 X107.253 Y108.627
G1 F1090.9 X107.834 Y108.52 E106.56217
G1 X107.405 Y108.244 E106.57617
G1 F1354.4 X107.319 Y108.127 E106.57938
G1 X106.964 Y108.299 E106.5881
G1 F1094.9 X106.553 Y108.523 E106.60089
G1 F1061.9 X106.883 Y108.61 E106.61051
G1 F1304.3 X107.253 Y108.627 E106.61901
G0 F9000 X107.834 Y108.52
G1 F903.6 X109.275 Y108.513 E106.66675
G0 F9000 X110 Y109.048
;TYPE:WALL-OUTER
G1 F1500 X116.948 Y109.048 E106.80541
G1 X116.948 Y104.253 E106.9011
G1 X116.884 Y103.947 E106.90733
G1 X116.742 Y103.635 E106.91417
G1 X116.521 Y103.386 E106.92082
G1 X116.295 Y103.223 E106.92638
G1 X116.05 Y103.112 E106.93175
G1 X115.732 Y103.048 E106.93822
G1 X110.167 Y103.048 E107.04928
G1 X109.96 Y103.057 E107.05341
G1 X109.378 Y103.048 E107.06503
G1 X104.253 Y103.048 E107.1673
G1 X103.947 Y103.112 E107.17354
G1 X103.635 Y103.254 E107.18038
G1 X103.386 Y103.475 E107.18703
G1 X103.223 Y103.701 E107.19259
G1 X103.112 Y103.946 E107.19795
G1 X103.049 Y104.264 E107.20442
G1 X103.048 Y109.048 E107.29989
G1 X110 Y109.048 E107.43863
G1 F2700 E102.43863
G0 F9000 X110 Y108.74
G0 X109.956 Y107.952
G0 X110.189 Y107.162
G1 F2700 E107.43863
G1 F1744.2 X110.195 Y106.841 E107.44414
G0 F9000 X111.26 Y107.024
G1 F892.9 X112.298 Y107.024 E107.47894
G1 F952.4 X112.602 Y107.169 E107.48952
G1 F1181.1 X112.682 Y107.36 E107.49477
G1 F1398.6 X112.682 Y107.81 E107.5044
G0 F9000 X112.602 Y107.169
G1 F1092.9 X112.641 Y107.003 E107.50907
G1 F1500 X112.759 Y106.82 E107.51342
G1 F2033.9 X112.76 Y106.164 E107.52307
G1 F1363.6 X112.606 Y105.921 E107.52939
G1 F1049 X112.614 Y105.771 E107.53368
G1 X112.523 Y105.838 E107.5369
G1 F1287.6 X112.3 Y105.724 E107.54272
G1 F1704.5 X111.1 Y105.724 E107.5638
G1 X111.1 Y106.076 E107.56998
G1 X112.3 Y106.076 E107.59105
G1 F1287.6 X112.485 Y105.994 E107.59576
G1 F1098.9 X112.48 Y106.91 E107.62071
G1 F1015.2 X112.298 Y107.024 E107.62704
G1 F952.4 X112.602 Y107.169 E107.63763
G0 F9000 X112.614 Y105.771
G1 F1307.2 X112.719 Y105.578 E107.64266
G1 F1699.7 X112.72 Y105.116 E107.6508
G1 F2700 E102.6508
G0 F9000 X112.72 Y104.208
G0 X109.928 Y104.68
G0 X109.919 Y105.24
G0 X108.803 Y105.651
G0 X107.658 Y106.322
G1 F2700 E107.6508
G1 F1652.9 X107.643 Y106.796 E107.65938
G1 F2700 E102.65938
G0 F9000 X107.423 Y107.737
G0 X106.017 Y108.034
G1 F2700 E107.65938
G1 F1500 X105.556 Y107.962 E107.66869
G1 X105.152 Y107.764 E107.67767
G1 X104.847 Y107.456 E107.68632
G1 X104.683 Y107.123 E107.69373
G1 X104.599 Y106.807 E107.70026
G1 X104.576 Y106.45 E107.7074
G1 X104.602 Y106.113 E107.71414
G1 X104.686 Y105.804 E107.72053
G1 X104.837 Y105.475 E107.72775
G1 X105.1 Y105.209 E107.73522
G1 X105.37 Y105.036 E107.74162
G1 X105.654 Y104.934 E107.74764
G1 X105.938 Y104.886 E107.75339
G1 X106.372 Y104.88 E107.76205
G1 X106.956 Y105.061 E107.77425
G1 X107.326 Y105.384 E107.78405
G1 X107.585 Y105.81 E107.794
G1 F1604.3 X107.658 Y106.322 E107.80365
G1 X107.632 Y105.836 E107.81273
G1 F1500 X107.632 Y105.116 E107.8271
G1 X107.667 Y105.001 E107.8295
G1 X107.797 Y104.918 E107.83258
G1 X108.392 Y104.916 E107.84445
G1 X108.539 Y104.979 E107.84764
G1 X108.593 Y105.116 E107.85058
G1 X108.592 Y105.857 E107.86537
G1 X109.164 Y105.863 E107.87679
G1 F1515.2 X109.538 Y105.929 E107.88429
G1 F1546.4 X109.955 Y106.197 E107.89388
G1 F1595.7 X110.123 Y106.444 E107.89949
G1 F1694.9 X110.195 Y106.841 E107.90661
G1 F1626 X110.164 Y106.401 E107.91473
G1 F1500 X110.164 Y105.113 E107.94044
G1 X110.217 Y104.979 E107.94331
G1 X110.329 Y104.918 E107.94586
G1 X112.6 Y104.918 E107.99118
G1 F1595.7 X112.72 Y105.116 E107.99552
G1 X112.84 Y104.918 E107.99987
G1 F1500 X113.463 Y104.916 E108.0123
G1 X113.592 Y105.042 E108.0159
G1 X113.593 Y106.357 E108.04214
G1 X114.38 Y104.971 E108.07395
G1 X114.493 Y104.918 E108.07644
G1 X115.239 Y104.916 E108.09132
G1 X115.331 Y104.98 E108.09356
G1 X115.384 Y105.116 E108.09647
G1 X115.382 Y107.863 E108.15129
G1 X115.219 Y107.99 E108.15542
G1 X114.688 Y107.992 E108.16601
G1 X114.551 Y107.938 E108.16895
G1 X114.488 Y107.792 E108.17212
G1 X114.488 Y106.526 E108.19739
G1 X113.688 Y107.93 E108.22964
G1 X113.571 Y107.99 E108.23226
G1 F1496.3 X112.809 Y107.992 E108.24751
G1 F1442.3 X112.682 Y107.81 E108.25211
G1 X112.556 Y107.99 E108.25667
G1 F1496.3 X110.364 Y107.992 E108.30052
G1 F1500 X110.245 Y107.953 E108.30302
G1 X110.164 Y107.833 E108.30591
G1 F1507.5 X110.165 Y107.541 E108.31171
G1 F1604.3 X110.189 Y107.162 E108.3188
G1 X110.06 Y107.562 E108.32664
G1 F1500 X109.8 Y107.801 E108.33369
G1 X109.588 Y107.905 E108.3384
G1 X109.183 Y107.986 E108.34664
G1 X107.833 Y107.992 E108.37358
G1 X107.694 Y107.938 E108.37656
G1 F1522.8 X107.631 Y107.84 E108.37885
G1 F1562.5 X107.643 Y106.796 E108.39885
G1 F1550.4 X107.568 Y107.121 E108.40529
G1 F1511.3 X107.418 Y107.441 E108.41229
G1 F1503.8 X107.099 Y107.765 E108.42134
G1 F1500 X106.742 Y107.934 E108.42922
G1 X106.443 Y108.008 E108.43537
G1 X106.017 Y108.034 E108.44389
G1 F2700 E103.44389
G0 F9000 X105.968 Y108.342
G0 X105.481 Y108.204
G0 X105.009 Y107.972
G0 X104.636 Y107.598
G0 X104.443 Y107.195
G0 X104.327 Y106.469
G0 X104.442 Y105.741
G0 X104.55 Y105.511
G0 X105.515 Y104.117
;TYPE:FILL
G1 F2700 E108.44389
G1 F3000 X105.296 Y103.897 E108.45008
G0 F9000 X105.848 Y103.853
G1 F3000 X103.929 Y104.368 E108.48973
G0 F9000 X106.42 Y104.083
G1 F3000 X106.443 Y103.997 E108.49151
G0 F9000 X106.408 Y103.868
G1 F2700 E103.49151
;MESH:NONMESH
G0 F300 Z1.52
G0 F9000 X105.991 Y104.676
G0 X106.047 Y105.943
G0 X106.027 Y106.772
;TIME_ELAPSED:417.069106
;LAYER:11
;TYPE:WALL-INNER
;MESH:Lens_Openscad 2.stl
G1 F2700 E108.49151
G1 F1595.7 X106.235 Y106.768 E108.49541
G1 X106.316 Y106.448 E108.5016
G1 F1591.5 X106.271 Y106.194 E108.50646
G1 X106.183 Y106.115 E108.50868
G1 X106.064 Y106.12 E108.51092
G1 X105.964 Y106.254 E108.51406
G1 F1595.7 X105.935 Y106.471 E108.51817
G1 X105.96 Y106.657 E108.52169
G1 X106.027 Y106.772 E108.52419
G0 F9000 X106.056 Y107.185
;TYPE:WALL-OUTER
G1 F1500 X106.319 Y107.16 E108.52946
G1 X106.539 Y107.024 E108.53462
G1 X106.661 Y106.794 E108.53982
G1 X106.706 Y106.456 E108.54662
G1 X106.683 Y106.199 E108.55177
G1 X106.614 Y106 E108.55598
G1 X106.465 Y105.821 E108.56062
G1 X106.265 Y105.723 E108.56507
G1 X105.925 Y105.737 E108.57186
G1 X105.709 Y105.904 E108.57731
G1 X105.589 Y106.134 E108.58248
G1 X105.543 Y106.469 E108.58923
G1 X105.585 Y106.788 E108.59565
G1 X105.773 Y107.102 E108.60296
G1 X106.056 Y107.185 E108.60884
G1 F2700 E103.60884
G0 F9000 X106.089 Y106.875
G0 X106.442 Y106.719
G0 X108.873 Y106.952
G0 X108.608 Y107.139
G1 F2700 E108.60884
G1 F1388.9 X108.608 Y106.705 E108.6182
G1 F1392.1 X109.109 Y106.707 E108.62897
G1 F1395.3 X109.214 Y106.807 E108.63208
G1 F1398.6 X109.24 Y107.008 E108.63642
G1 X109.174 Y107.102 E108.63888
G1 X109.052 Y107.138 E108.6416
G1 F1395.3 X108.608 Y107.139 E108.65112
G1 F2700 E103.65112
G0 F9000 X108.873 Y109.915
G0 X107.603 Y110.085
G0 X107.603 Y113.667
G1 F2700 E108.65112
G1 F1094.9 X107.569 Y113.726 E108.65298
G1 X107.501 Y113.726 E108.65484
G1 X107.467 Y113.667 E108.65671
G1 X107.501 Y113.608 E108.65857
G1 X107.569 Y113.608 E108.66043
G1 X107.603 Y113.667 E108.66229
G1 F2700 E103.66229
G0 F9000 X106.002 Y112.86
G0 X105.561 Y112.551
;TYPE:WALL-INNER
G1 F2700 E108.66229
G1 F985.2 X105.536 Y112.288 E108.67031
G1 F2700 E103.67031
G0 F9000 X105.282 Y111.85
G0 X103.845 Y111.85
G0 X103.564 Y112.288
G1 F2700 E108.67031
G1 F940.4 X103.569 Y115.084 E108.75931
G0 F9000 X103.755 Y115.836
G0 X104.216 Y116.04
G1 F1041.7 X104.352 Y116.054 E108.76324
G1 F1013.5 X106.393 Y116.054 E108.82352
G1 F931.7 X106.73 Y116.003 E108.83447
G1 F937.5 X107.204 Y116.054 E108.84969
G1 F1020.4 X107.868 Y116.054 E108.86917
G1 F1006.7 X108.058 Y116.046 E108.87483
G0 F9000 X108.488 Y116.157
G1 F1237.1 X109.108 Y116.054 E108.89004
G1 X108.588 Y115.804 E108.904
G1 F1570.7 X108.488 Y115.725 E108.90642
G1 F1217 X108.058 Y116.046 E108.91962
G1 X108.488 Y116.157 E108.93055
G0 F9000 X109.108 Y116.054
G1 F1006.7 X109.858 Y116.046 E108.95285
G0 F9000 X110 Y116.084
G1 F1438.8 X110.276 Y116.159 E108.9588
G1 F1239.7 X110.884 Y116.054 E108.9737
G1 X110.373 Y115.808 E108.98739
G1 F1379.3 X110.284 Y115.731 E108.98995
G1 F1094.9 X109.858 Y116.046 E109.00443
G1 F1132.1 X110 Y116.084 E109.00832
G0 F9000 X110.884 Y116.054
G1 F1006.7 X112.626 Y116.046 E109.06012
G0 F9000 X113.068 Y116.155
G1 F1232 X113.7 Y116.054 E109.07567
G1 X113.17 Y115.8 E109.08995
G1 F1363.6 X113.079 Y115.718 E109.09263
G1 F1090.9 X112.626 Y116.046 E109.10798
G1 F1212.1 X113.068 Y116.155 E109.11922
G0 F9000 X113.7 Y116.054
G1 F1020.4 X115.655 Y116.054 E109.17657
G0 F9000 X110 Y116.24
G0 X110 Y116.548
G1 F1500 X115.706 Y116.548 E109.29044
G1 X116.143 Y116.403 E109.29963
G1 X116.311 Y116.252 E109.30414
G1 X116.501 Y115.927 E109.31165
G1 X116.548 Y115.692 E109.31643
G1 F1562.5 X116.564 Y115.06 E109.32855
G1 X116.26 Y115.496 E109.33873
G1 F1500 X115.988 Y115.56 E109.34431
G1 X113.7 Y115.56 E109.38996
G1 X113.38 Y115.468 E109.39661
G1 X113.229 Y115.333 E109.40065
G1 F1382.5 X113.068 Y115.015 E109.40837
G1 X112.907 Y115.333 E109.41609
G1 F1500 X112.756 Y115.468 E109.42013
G1 X112.519 Y115.56 E109.4252
G1 X111.794 Y115.56 E109.43967
G1 X111.66 Y115.519 E109.44247
G1 X111.521 Y115.56 E109.44536
G1 X110.884 Y115.56 E109.45807
G1 X110.574 Y115.474 E109.46449
G1 X110.422 Y115.344 E109.46848
G1 F1463.4 X110.276 Y115.013 E109.47588
G1 X110.13 Y115.344 E109.48328
G1 F1500 X109.978 Y115.474 E109.48727
G1 X109.751 Y115.56 E109.49212
G1 X109.108 Y115.56 E109.50495
G1 X108.793 Y115.471 E109.51148
G1 X108.682 Y115.383 E109.51431
G1 X108.544 Y115.166 E109.51944
G1 X108.507 Y114.959 E109.52364
G1 X108.432 Y115.166 E109.52803
G1 X108.294 Y115.383 E109.53316
G1 X108.183 Y115.471 E109.53599
G1 X107.951 Y115.56 E109.54095
G1 X107.204 Y115.56 E109.55586
G1 X106.955 Y115.507 E109.56094
G1 X106.835 Y115.434 E109.56374
G1 X106.73 Y115.289 E109.56731
G1 X106.625 Y115.434 E109.57088
G1 X106.334 Y115.56 E109.57721
G1 X104.244 Y115.559 E109.61892
G1 F1301.5 X103.961 Y115.482 E109.62567
G1 F1029.2 X103.569 Y115.084 E109.64191
G1 F1149.4 X103.449 Y115.705 E109.65839
G1 F1500 X103.593 Y116.143 E109.66759
G1 X103.744 Y116.311 E109.6721
G1 X104.069 Y116.501 E109.67961
G1 X104.304 Y116.548 E109.68439
G1 X110 Y116.548 E109.79806
G0 F9000 X110 Y116.24
G0 X110.276 Y115.873
G0 X110.276 Y115.013
G1 F1442.3 X110.278 Y113.314 E109.83332
G1 F2700 E104.83332
G0 F9000 X110.449 Y115.401
G0 X112.877 Y115.401
G0 X113.319 Y113.65
G0 X113.068 Y114.528
G1 F2700 E109.83332
G1 F1287.6 X113.068 Y115.015 E109.84464
G0 F9000 X113.068 Y114.528
G1 F1202.4 X113.464 Y113.903 E109.86306
G1 F1156.1 X113.912 Y113.876 E109.87469
G1 F1190.5 X113.912 Y113.339 E109.88819
G1 X113.872 Y113.372 E109.88949
G1 F1181.1 X113.543 Y113.375 E109.89783
G1 F1147.2 X113.37 Y113.387 E109.90236
G1 F1123.6 X113.103 Y113.387 E109.90947
G1 X113.103 Y113.654 E109.91658
G1 F1202.4 X113.068 Y114.528 E109.93836
G1 F2700 E104.93836
G0 F9000 X113.319 Y113.65
G0 X113.262 Y114.092
G0 X113.262 Y115.401
G0 X116.428 Y115.401
G0 X116.428 Y114.092
G0 X116.136 Y113.527
G1 F2700 E109.93836
G1 F1415.1 X116.136 Y112.288 E109.96457
G1 F1252.6 X116.081 Y111.815 E109.97595
G1 F2700 E104.97595
G0 F9000 X110 Y111.687
G1 F2700 E109.97595
G1 F1676 X110.283 Y111.673 E109.98101
G1 F1662 X110.797 Y111.696 E109.99027
G1 F1428.6 X111.225 Y111.829 E109.99966
G1 F1279.3 X111.364 Y111.919 E110.00354
G1 X111.473 Y111.798 E110.00735
G1 F1418.4 X111.774 Y111.709 E110.01397
G1 F1604.3 X113.872 Y111.703 E110.05312
G1 F1538.5 X114.131 Y111.742 E110.05822
G1 F1467 X114.218 Y111.802 E110.06037
G1 F1526.7 X114.462 Y111.709 E110.06549
G1 F1604.3 X115.124 Y111.703 E110.07785
G1 F1558.4 X115.663 Y112.022 E110.08988
G1 F1500 X115.724 Y112.288 E110.09532
G1 X115.724 Y113.928 E110.12805
G1 X116.076 Y113.934 E110.13508
G1 F1578.9 X116.568 Y114.528 E110.1497
G1 X116.548 Y113.527 E110.16868
G1 F1500 X116.548 Y111.348 E110.21216
G1 F1558.4 X115.124 Y111.333 E110.23952
G1 F1604.3 X114.43 Y111.335 E110.25247
G1 F1526.7 X114.218 Y111.352 E110.25664
G1 F1538.5 X113.872 Y111.333 E110.26338
G1 F1604.3 X111.742 Y111.335 E110.30312
G1 F1418.4 X111.324 Y111.382 E110.312
G1 F1388.9 X110.961 Y111.345 E110.31986
G1 F1587.3 X110.694 Y111.33 E110.32491
G1 F1685.4 X110.197 Y111.323 E110.33373
G1 F1662 X109.707 Y111.332 E110.34256
G1 F1470.6 X109.319 Y111.37 E110.3505
G1 X108.84 Y111.333 E110.36028
G1 F1604.3 X108.15 Y111.335 E110.37315
G1 F1293.1 X107.536 Y111.424 E110.38751
G1 F1304.3 X106.788 Y111.333 E110.40481
G1 F1604.3 X106.094 Y111.335 E110.41775
G1 F1327.4 X105.536 Y111.411 E110.43045
G1 F1339.3 X104.844 Y111.333 E110.44602
G1 F1604.3 X104.146 Y111.335 E110.45904
G1 F1415.1 X103.72 Y111.384 E110.46811
G1 F1271.2 X103.484 Y111.384 E110.47367
G1 X103.484 Y111.62 E110.47923
G1 F1087 X103.564 Y112.288 E110.49776
G1 X103.871 Y111.8 E110.51363
G1 F1415.1 X104.178 Y111.709 E110.52041
G1 F1604.3 X104.844 Y111.703 E110.53283
G1 F1339.3 X105.34 Y111.847 E110.54438
G1 F1127.8 X105.456 Y112.015 E110.5498
G1 F1067.6 X105.536 Y112.288 E110.55777
G1 X105.616 Y112.015 E110.56575
G1 F1127.8 X105.732 Y111.847 E110.57117
G1 F1327.4 X106.126 Y111.709 E110.58058
G1 F1604.3 X106.788 Y111.703 E110.59293
G1 F1304.3 X107.319 Y111.87 E110.60571
G1 F1088.9 X107.505 Y112.292 E110.61839
G1 X107.567 Y112.292 E110.62009
G1 X107.753 Y111.87 E110.63277
G1 F1293.1 X108.182 Y111.709 E110.64338
G1 F1604.3 X108.84 Y111.703 E110.65565
G1 F1470.6 X109.193 Y111.775 E110.66299
G1 F1348.3 X109.279 Y111.861 E110.66569
G1 F1456.3 X109.641 Y111.705 E110.67379
G1 F1612.9 X110 Y111.687 E110.68046
G1 F2700 E105.68046
G0 F9000 X115.563 Y111.85
G0 X116.27 Y113.65
G0 X116.568 Y114.528
G1 F2700 E110.68046
G1 F1648.4 X116.564 Y115.06 E110.69012
G0 F9000 X116.243 Y115.835
G0 X113.7 Y115.873
G0 X113.7 Y115.16
;TYPE:WALL-OUTER
G1 F1500 X113.543 Y115.085 E110.69359
G1 X113.5 Y114.978 E110.6959
G1 X113.5 Y114.528 E110.70488
G1 X113.637 Y114.328 E110.70971
G1 X114.364 Y114.328 E110.72422
G1 X114.364 Y113.412 E110.7425
G1 F1604.3 X114.39 Y112.78 E110.7543
G1 F1729.1 X114.391 Y112.288 E110.76282
G1 F1621.6 X114.428 Y112.144 E110.76557
G1 F1507.5 X114.529 Y112.091 E110.76783
G1 F1500 X115.124 Y112.088 E110.7797
G1 X115.324 Y112.211 E110.78439
G1 X115.324 Y114.328 E110.82664
G1 X116.018 Y114.33 E110.84049
G1 X116.188 Y114.528 E110.84569
G1 X116.186 Y114.995 E110.85501
G1 X116.064 Y115.159 E110.85909
G1 X113.7 Y115.16 E110.90627
G0 F9000 X113.7 Y115.873
G0 X111.66 Y115.873
G0 X111.66 Y114.978
G1 F1369.9 X111.655 Y113.145 E110.94632
G1 F2700 E105.94632
G0 F9000 X110.477 Y113.294
G0 X110 Y112.992
G1 F2700 E110.94632
G1 F1500 X109.909 Y113.082 E110.94888
G1 X109.872 Y113.244 E110.95219
G1 X109.868 Y114.978 E110.9868
G1 X109.822 Y115.088 E110.98918
G1 X109.703 Y115.158 E110.99193
G1 X109.027 Y115.16 E111.00542
G1 F1428.6 X108.91 Y115.017 E111.00929
G1 F1304.3 X108.835 Y113.1 E111.05332
G1 X108.042 Y115.041 E111.10144
G1 F1428.6 X107.903 Y115.158 E111.10525
G1 F1500 X107.204 Y115.16 E111.1192
G1 X107.081 Y115.118 E111.12179
G1 X107.016 Y115.029 E111.12399
G1 F1550.4 X106.756 Y114.278 E111.13934
G1 F1456.3 X106.623 Y114.028 E111.14516
G1 F1330.4 X106.5 Y113.69 E111.15325
G1 F1492.5 X106.386 Y113.235 E111.16266
G1 X106.438 Y113.7 E111.17204
G1 F1330.4 X106.312 Y113.903 E111.17742
G1 F1388.9 X105.051 Y113.907 E111.20459
G1 F1449.3 X105.051 Y114.321 E111.21315
G1 F1388.9 X106.334 Y114.316 E111.2408
G1 F1442.3 X106.445 Y114.528 E111.24576
G1 F1558.4 X106.457 Y115.011 E111.25504
G1 F1519 X106.379 Y115.118 E111.25765
G1 F1500 X106.291 Y115.158 E111.25958
G1 X104.253 Y115.159 E111.30025
G1 X104.159 Y115.12 E111.30228
G1 X104.083 Y114.995 E111.3052
G1 X104.08 Y112.288 E111.35923
G1 X104.151 Y112.134 E111.36261
G1 X104.245 Y112.091 E111.36467
G1 X104.844 Y112.088 E111.37663
G1 X104.994 Y112.155 E111.3799
G1 X105.044 Y112.288 E111.38274
G1 X105.044 Y113.068 E111.39831
G1 F1534.5 X106.212 Y113.076 E111.42109
G1 F1587.3 X106.354 Y113.189 E111.42451
G1 F1546.4 X106.03 Y112.323 E111.44241
G1 F1500 X106.078 Y112.155 E111.4459
G1 X106.193 Y112.091 E111.44852
G1 X106.788 Y112.088 E111.4604
G1 X106.959 Y112.17 E111.46418
G1 X107.167 Y112.767 E111.4768
G1 X107.905 Y112.767 E111.49153
G1 X108.112 Y112.172 E111.5041
G1 X108.249 Y112.091 E111.50727
G1 X108.84 Y112.088 E111.51907
G1 X108.954 Y112.123 E111.52145
G1 F1449.3 X109.058 Y112.279 E111.52532
G1 F1351.4 X108.983 Y112.639 E111.53347
G1 F1398.6 X109.39 Y112.277 E111.54512
G1 F1500 X109.783 Y112.08 E111.5539
G1 X110.26 Y112.048 E111.56344
G1 X110.694 Y112.074 E111.57211
G1 X111.041 Y112.222 E111.57964
G1 X111.355 Y112.467 E111.58759
G1 F1492.5 X111.559 Y112.79 E111.59525
G1 F1421.8 X111.655 Y113.145 E111.603
G1 F1425.2 X111.676 Y112.717 E111.612
G1 F1500 X111.676 Y112.285 E111.62062
G1 X111.715 Y112.168 E111.62308
G1 X111.841 Y112.091 E111.62602
G1 X113.872 Y112.088 E111.66656
G1 F1507.5 X114.008 Y112.144 E111.66948
G1 F1621.6 X114.045 Y112.288 E111.67222
G1 F1729.1 X114.044 Y112.75 E111.68022
G1 F1604.3 X113.872 Y112.92 E111.68473
G1 F1500 X112.636 Y112.92 E111.7094
G1 X112.636 Y114.978 E111.75047
G1 X112.593 Y115.085 E111.75277
G1 X112.471 Y115.158 E111.7556
G1 X111.81 Y115.157 E111.7688
G1 F1438.8 X111.66 Y114.978 E111.77365
G1 X111.509 Y115.158 E111.77854
G1 F1500 X110.884 Y115.16 E111.79102
G1 X110.73 Y115.088 E111.79441
G1 X110.684 Y114.978 E111.79679
G1 X110.684 Y113.265 E111.83097
G1 X110.569 Y112.988 E111.83696
G1 X110.371 Y112.899 E111.84129
G1 X110.068 Y112.924 E111.84736
G1 X110 Y112.992 E111.84928
G0 F9000 X110.187 Y113.218
G0 X108.978 Y112.664
G1 F1115.2 X108.836 Y113.119 E111.86207
G1 F2700 E106.86207
G0 F9000 X108.836 Y110.085
G0 X117.803 Y110.097
G0 X117.815 Y114.12
G0 X106.386 Y113.235
G1 F2700 E111.86207
G1 F1704.5 X106.377 Y113.207 E111.86259
G1 F2700 E106.86259
G0 F9000 X105.921 Y112.803
G0 X105.282 Y111.85
G0 X103.845 Y111.85
G0 X103.845 Y115.401
G0 X110 Y116.24
G0 X110 Y116.948
G1 F2700 E111.86259
G1 F1500 X115.747 Y116.948 E111.97727
G1 X116.049 Y116.884 E111.98343
G1 X116.365 Y116.742 E111.99035
G1 X116.61 Y116.521 E111.99693
G1 X116.773 Y116.295 E112.00249
G1 X116.884 Y116.05 E112.00786
G1 X116.948 Y115.732 E112.01433
G1 X116.948 Y110.948 E112.1098
G1 X103.048 Y110.948 E112.38719
G1 X103.049 Y115.747 E112.48296
G1 X103.112 Y116.049 E112.48912
G1 X103.254 Y116.365 E112.49603
G1 X103.475 Y116.61 E112.50262
G1 X103.701 Y116.774 E112.50819
G1 X103.946 Y116.884 E112.51355
G1 X104.264 Y116.948 E112.52002
G1 X110 Y116.948 E112.63449
G0 F9000 X110 Y116.173
G1 F2700 E107.63449
G0 F9000 X103.845 Y115.401
G0 X103.845 Y111.85
G0 X109.885 Y111.18
G0 X109.885 Y108.82
G0 X109.885 Y108.645
;TYPE:WALL-INNER
G1 F2700 E112.63449
G1 F1127.8 X110.364 Y108.52 E112.64763
G1 F1010.1 X109.899 Y108.202 E112.66432
G1 F1279.3 X109.666 Y108.3 E112.67024
G1 F1111.1 X109.275 Y108.513 E112.68223
G1 X109.7 Y108.644 E112.69421
G1 F1474.2 X109.885 Y108.645 E112.69797
G0 F9000 X110.364 Y108.52
G1 F906.3 X113.662 Y108.515 E112.8069
G0 F9000 X114.112 Y108.627
G1 F1092.9 X114.688 Y108.52 E112.82294
G1 X114.263 Y108.245 E112.83681
G1 F1357.5 X114.125 Y108.013 E112.84276
G1 X113.961 Y108.245 E112.84902
G1 F1081.1 X113.662 Y108.515 E112.86018
G1 X114.112 Y108.627 E112.87302
G0 F9000 X114.688 Y108.52
G1 F906.3 X115.31 Y108.515 E112.89356
G0 F9000 X116.119 Y108.219
G1 F1449.3 X116.166 Y107.917 E112.89988
G1 F1630.4 X116.166 Y105.116 E112.9513
G1 F1587.3 X116.152 Y104.335 E112.96603
G1 F1526.7 X116.068 Y104.074 E112.97141
G1 X115.805 Y103.875 E112.97787
G1 X115.635 Y103.844 E112.98126
G1 F1132.1 X115.184 Y103.982 E112.99373
G1 X115.741 Y104.289 E113.01055
G1 F1526.7 X115.917 Y104.44 E113.0151
G1 F1587.3 X116.166 Y105.116 E113.02868
G0 F9000 X116.023 Y104.28
G0 X115.184 Y103.982
G1 F898.2 X114.528 Y103.982 E113.05055
G0 F9000 X113.971 Y104.288
G1 F1333.3 X114.184 Y104.196 E113.05575
G1 F1162.8 X114.528 Y103.982 E113.06618
G1 F1013.5 X114.071 Y103.824 E113.08047
G1 X113.392 Y103.982 E113.10106
G1 F996.7 X113.971 Y104.288 E113.12072
G0 F9000 X113.392 Y103.982
G1 F888.9 X112.72 Y103.989 E113.14336
G1 X112.544 Y103.982 E113.14929
G1 F898.2 X110.364 Y103.982 E113.22194
G0 F9000 X109.528 Y104.28
G0 X109.378 Y104.678
G1 F1092.9 X109.579 Y104.383 E113.23172
G1 F1339.3 X110.02 Y104.205 E113.24235
G1 F1376.1 X110.18 Y104.068 E113.24693
G1 F1005 X110.364 Y103.982 E113.25298
G1 F1183.4 X109.96 Y103.864 E113.26362
G1 F1339.3 X109.378 Y103.922 E113.2767
G1 F986.8 X108.392 Y103.982 E113.30666
G1 X109.177 Y104.383 E113.3334
G1 F1092.9 X109.378 Y104.678 E113.34318
G0 F9000 X109.246 Y104.32
G0 X108.392 Y103.982
G1 F898.2 X107.832 Y103.982 E113.36184
G0 F9000 X105.47 Y104.308
G0 X105.056 Y104.463
G0 X104.686 Y104.705
G0 X104.373 Y105.031
G0 X103.838 Y105.914
G1 F1643.8 X103.823 Y106.1 E113.36524
G1 F1769.9 X103.812 Y106.468 E113.37146
G1 F1734.1 X103.829 Y106.941 E113.37963
G0 F9000 X103.838 Y105.914
G1 F1558.4 X103.924 Y105.547 E113.38687
G1 F1519 X104.095 Y105.173 E113.39498
G1 F1500 X104.29 Y104.891 E113.40182
G1 X104.577 Y104.598 E113.41
G1 X104.999 Y104.315 E113.42014
G1 F1595.7 X105.413 Y104.184 E113.42829
G1 F1775.1 X105.811 Y104.134 E113.43505
G1 F1869.2 X106.34 Y104.122 E113.44353
G1 F1829.3 X106.623 Y104.151 E113.44818
G1 F1671.3 X107.251 Y104.295 E113.45972
G1 F1626 X107.488 Y104.198 E113.46444
G1 F1167.3 X107.832 Y103.982 E113.47485
G1 X107.425 Y103.847 E113.48585
G1 F1546.4 X107.207 Y103.862 E113.49008
G1 F1587.3 X106.672 Y103.819 E113.5002
G1 F1829.3 X106.328 Y103.806 E113.50583
G1 F1869.2 X105.784 Y103.811 E113.51455
G1 F1652.9 X105.013 Y103.848 E113.52853
G1 F1500 X104.335 Y103.848 E113.54206
G1 X104.076 Y103.932 E113.54749
G1 X103.879 Y104.192 E113.554
G1 X103.849 Y104.344 E113.55709
G1 F1511.3 X103.846 Y105.629 E113.58254
G1 F1550.4 X103.838 Y105.914 E113.58805
G0 F9000 X104.041 Y107.189
G0 X104.509 Y108.249
G1 F1507.5 X104.181 Y107.924 E113.59722
G1 F1511.3 X103.915 Y107.368 E113.60942
G1 F1578.9 X103.829 Y106.941 E113.61768
G1 F1583.1 X103.845 Y107.291 E113.62431
G1 F1515.2 X103.847 Y108.249 E113.64323
G1 F1507.5 X104.509 Y108.249 E113.65638
G0 F9000 X104.891 Y108.648
G1 F1298.7 X105.274 Y108.586 E113.66532
G1 F1123.6 X105.516 Y108.497 E113.67219
G1 F1271.2 X104.847 Y108.025 E113.69147
G1 F1500 X104.502 Y107.669 E113.70136
G1 X104.295 Y107.237 E113.71092
G1 X104.205 Y106.876 E113.71835
G1 X104.176 Y106.468 E113.72651
G1 X104.2 Y106.068 E113.73451
G1 X104.301 Y105.683 E113.74245
G1 X104.501 Y105.246 E113.75204
G1 X104.832 Y104.912 E113.76142
G1 X105.162 Y104.687 E113.7694
G1 X105.537 Y104.547 E113.77738
G1 X105.965 Y104.484 E113.78602
G1 X106.433 Y104.479 E113.79536
G1 X107.111 Y104.694 E113.80955
G1 X107.316 Y104.845 E113.81463
G1 X107.45 Y104.653 E113.8193
G1 X107.757 Y104.516 E113.82601
G1 X108.392 Y104.516 E113.83869
G1 X108.831 Y104.706 E113.84823
G1 X108.935 Y104.859 E113.85192
G1 X108.992 Y105.108 E113.85702
G1 X108.992 Y105.459 E113.86403
G1 X109.24 Y105.469 E113.86898
G1 X109.569 Y105.529 E113.87565
G1 X109.764 Y105.602 E113.87981
G1 X109.764 Y105.108 E113.88967
G1 X109.821 Y104.859 E113.89476
G1 X109.925 Y104.706 E113.89846
G1 X110.152 Y104.554 E113.90391
G1 X110.289 Y104.516 E113.90674
G1 X112.606 Y104.516 E113.95298
G1 X112.803 Y104.523 E113.95692
G1 X113.392 Y104.516 E113.96867
G1 X113.675 Y104.586 E113.97449
G1 X113.914 Y104.82 E113.98116
G1 X113.944 Y104.93 E113.98344
G1 X114.147 Y104.651 E113.99032
G1 X114.447 Y104.516 E113.99689
G1 X115.184 Y104.516 E114.0116
G1 X115.414 Y104.561 E114.01627
G1 X115.625 Y104.708 E114.02141
G1 X115.784 Y105.116 E114.03014
G1 X115.784 Y107.871 E114.08512
G1 X115.73 Y108.041 E114.08868
G1 F1123.6 X115.31 Y108.515 E114.10556
G1 F998.3 X115.714 Y108.582 E114.11783
G1 F1284.8 X116.119 Y108.648 E114.1274
G1 F1500 X116.548 Y108.648 E114.13596
G1 X116.548 Y104.294 E114.22284
G1 X116.502 Y104.072 E114.22737
G1 X116.403 Y103.856 E114.23211
G1 X116.251 Y103.684 E114.23669
G1 X115.927 Y103.495 E114.24418
G1 X115.692 Y103.448 E114.24896
G1 X110.167 Y103.448 E114.35922
G1 X109.96 Y103.475 E114.36338
G1 X109.378 Y103.448 E114.37501
G1 X104.294 Y103.448 E114.47647
G1 X103.855 Y103.593 E114.48569
G1 X103.684 Y103.745 E114.49026
G1 X103.495 Y104.069 E114.49774
G1 X103.449 Y104.304 E114.50252
G1 X103.448 Y108.648 E114.58921
G1 X104.891 Y108.648 E114.61801
G0 F9000 X105.5 Y108.503
G1 F923.1 X106.048 Y108.542 E114.63582
G1 F949.4 X106.553 Y108.523 E114.65176
G0 F9000 X107.253 Y108.627
G1 F1090.9 X107.834 Y108.52 E114.66797
G1 X107.405 Y108.244 E114.68197
G1 F1354.4 X107.319 Y108.127 E114.68518
G1 X106.964 Y108.299 E114.69389
G1 F1094.9 X106.553 Y108.523 E114.70669
G1 F1061.9 X106.883 Y108.61 E114.71631
G1 F1304.3 X107.253 Y108.627 E114.72481
G0 F9000 X107.834 Y108.52
G1 F903.6 X109.275 Y108.513 E114.77255
G0 F9000 X110 Y109.048
;TYPE:WALL-OUTER
G1 F1500 X116.948 Y109.048 E114.9112
G1 X116.948 Y104.253 E115.00689
G1 X116.884 Y103.947 E115.01313
G1 X116.742 Y103.635 E115.01997
G1 X116.521 Y103.386 E115.02662
G1 X116.295 Y103.223 E115.03218
G1 X116.05 Y103.112 E115.03754
G1 X115.732 Y103.048 E115.04402
G1 X110.167 Y103.048 E115.15507
G1 X109.96 Y103.057 E115.15921
G1 X109.378 Y103.048 E115.17082
G1 X104.253 Y103.048 E115.2731
G1 X103.947 Y103.112 E115.27934
G1 X103.635 Y103.254 E115.28618
G1 X103.386 Y103.475 E115.29282
G1 X103.223 Y103.701 E115.29838
G1 X103.112 Y103.946 E115.30375
G1 X103.049 Y104.264 E115.31022
G1 X103.048 Y109.048 E115.40569
G1 X110 Y109.048 E115.54442
G1 F2700 E110.54442
G0 F9000 X110 Y108.74
G0 X109.956 Y107.952
G0 X110.189 Y107.162
G1 F2700 E115.54442
G1 F1749.3 X110.196 Y106.85 E115.54976
G0 F9000 X111.26 Y107.024
G1 F892.9 X112.298 Y107.024 E115.58457
G1 F952.4 X112.602 Y107.169 E115.59515
G1 F1181.1 X112.682 Y107.36 E115.6004
G1 F1398.6 X112.682 Y107.81 E115.61003
G0 F9000 X112.602 Y107.169
G1 F1092.9 X112.641 Y107.003 E115.6147
G1 F1500 X112.759 Y106.82 E115.61905
G1 F2033.9 X112.76 Y106.164 E115.6287
G1 F1363.6 X112.606 Y105.921 E115.63502
G1 F1049 X112.614 Y105.771 E115.6393
G1 X112.523 Y105.838 E115.64253
G1 F1287.6 X112.3 Y105.724 E115.64835
G1 F1704.5 X111.1 Y105.724 E115.66942
G1 X111.1 Y106.076 E115.67561
G1 X112.3 Y106.076 E115.69668
G1 F1287.6 X112.485 Y105.994 E115.70138
G1 F1098.9 X112.48 Y106.91 E115.72634
G1 F1015.2 X112.298 Y107.024 E115.73267
G1 F952.4 X112.602 Y107.169 E115.74325
G0 F9000 X112.614 Y105.771
G1 F1307.2 X112.719 Y105.578 E115.74829
G1 F1699.7 X112.72 Y105.116 E115.75642
G1 F2700 E110.75642
G0 F9000 X112.72 Y104.208
G0 X109.928 Y104.68
G0 X109.919 Y105.24
G0 X108.803 Y105.651
G0 X107.659 Y106.281
G1 F2700 E115.75642
G1 F1657.5 X107.643 Y106.796 E115.76573
G1 F2700 E110.76573
G0 F9000 X107.423 Y107.737
G0 X106.017 Y108.034
G1 F2700 E115.76573
G1 F1500 X105.556 Y107.962 E115.77504
G1 X105.152 Y107.764 E115.78402
G1 X104.847 Y107.456 E115.79267
G1 X104.683 Y107.123 E115.80008
G1 X104.599 Y106.807 E115.8066
G1 X104.576 Y106.454 E115.81366
G1 X104.602 Y106.113 E115.82049
G1 X104.686 Y105.804 E115.82688
G1 X104.837 Y105.475 E115.8341
G1 X105.1 Y105.209 E115.84156
G1 X105.37 Y105.036 E115.84796
G1 X105.654 Y104.934 E115.85399
G1 X105.938 Y104.886 E115.85973
G1 X106.372 Y104.88 E115.8684
G1 X106.956 Y105.06 E115.88059
G1 X107.323 Y105.385 E115.89037
G1 X107.561 Y105.784 E115.89964
G1 F1608.6 X107.659 Y106.281 E115.90907
G1 X107.632 Y105.801 E115.91802
G1 F1500 X107.632 Y105.116 E115.93169
G1 X107.667 Y105.002 E115.93407
G1 X107.797 Y104.918 E115.93716
G1 X108.392 Y104.916 E115.94903
G1 X108.539 Y104.979 E115.95222
G1 X108.592 Y105.116 E115.95515
G1 X108.592 Y105.857 E115.96994
G1 X109.168 Y105.863 E115.98144
G1 X109.53 Y105.929 E115.98878
G1 X109.858 Y106.111 E115.99627
G1 X110.062 Y106.344 E116.00245
G1 F1522.8 X110.15 Y106.527 E116.00644
G1 F1657.5 X110.196 Y106.85 E116.01233
G1 X110.17 Y106.523 E116.01825
G1 F1522.8 X110.164 Y105.113 E116.04597
G1 F1500 X110.217 Y104.979 E116.04885
G1 X110.329 Y104.918 E116.05139
G1 X112.6 Y104.918 E116.09671
G1 F1595.7 X112.72 Y105.116 E116.10105
G1 X112.84 Y104.918 E116.1054
G1 F1500 X113.463 Y104.916 E116.11783
G1 X113.592 Y105.042 E116.12143
G1 X113.593 Y106.357 E116.14767
G1 X114.38 Y104.971 E116.17948
G1 X114.493 Y104.918 E116.18197
G1 X115.239 Y104.916 E116.19686
G1 X115.331 Y104.98 E116.19909
G1 X115.384 Y105.116 E116.202
G1 X115.382 Y107.863 E116.25682
G1 X115.219 Y107.99 E116.26095
G1 X114.688 Y107.992 E116.27154
G1 X114.551 Y107.938 E116.27448
G1 X114.488 Y107.792 E116.27766
G1 X114.488 Y106.526 E116.30292
G1 X113.688 Y107.93 E116.33517
G1 X113.571 Y107.99 E116.33779
G1 F1496.3 X112.809 Y107.992 E116.35304
G1 F1442.3 X112.682 Y107.81 E116.35764
G1 X112.556 Y107.99 E116.3622
G1 F1496.3 X110.364 Y107.992 E116.40606
G1 F1500 X110.245 Y107.953 E116.40856
G1 X110.164 Y107.833 E116.41144
G1 F1507.5 X110.165 Y107.541 E116.41724
G1 F1604.3 X110.189 Y107.162 E116.42433
G1 X110.06 Y107.562 E116.43217
G1 F1500 X109.8 Y107.801 E116.43922
G1 X109.588 Y107.905 E116.44393
G1 X109.183 Y107.986 E116.45217
G1 X107.833 Y107.992 E116.47911
G1 X107.694 Y107.938 E116.48209
G1 F1522.8 X107.631 Y107.84 E116.48438
G1 F1562.5 X107.643 Y106.796 E116.50438
G1 F1550.4 X107.568 Y107.121 E116.51082
G1 F1511.3 X107.418 Y107.441 E116.51782
G1 F1503.8 X107.099 Y107.765 E116.52687
G1 F1500 X106.742 Y107.934 E116.53475
G1 X106.443 Y108.008 E116.5409
G1 X106.017 Y108.034 E116.54942
G1 F2700 E111.54942
G0 F9000 X105.968 Y108.342
G0 X105.481 Y108.204
G0 X105.009 Y107.972
G0 X104.636 Y107.598
G0 X104.443 Y107.195
G0 X104.327 Y106.469
G0 X104.442 Y105.741
G0 X104.596 Y105.413
G0 X105.628 Y104.109
;TYPE:FILL
G1 F2700 E116.54942
G1 F3000 X105.403 Y103.884 E116.55577
G0 F9000 X106.209 Y103.845
G1 F3000 X103.929 Y104.455 E116.60287
G0 F9000 X106.348 Y103.866
G0 X106.331 Y104.085
G1 F3000 X106.396 Y103.844 E116.60785
G0 F9000 X106.417 Y104.06
G1 F2700 E111.60785
;MESH:NONMESH
G0 F300 Z1.64
G0 F9000 X106.431 Y103.872
G0 X106.843 Y104.784
G0 X106.272 Y105.958
G0 X106.237 Y106.77
;TIME_ELAPSED:451.833208
;LAYER:12
;TYPE:WALL-INNER
;MESH:Lens_Openscad 2.stl
G1 F2700 E116.60785
G1 F1612.9 X106.288 Y106.674 E116.60987
G1 F1595.7 X106.314 Y106.448 E116.61414
G1 F1578.9 X106.269 Y106.195 E116.61901
G1 X106.183 Y106.117 E116.62121
G1 X106.065 Y106.122 E116.62345
G1 X105.961 Y106.262 E116.62675
G1 F1595.7 X105.935 Y106.574 E116.63263
G1 F1612.9 X106.006 Y106.768 E116.63646
G1 X106.237 Y106.77 E116.64075
G0 F9000 X106.056 Y107.185
;TYPE:WALL-OUTER
G1 F1500 X106.319 Y107.16 E116.64602
G1 X106.539 Y107.024 E116.65118
G1 X106.662 Y106.793 E116.6564
G1 X106.706 Y106.456 E116.66319
G1 X106.683 Y106.199 E116.66834
G1 X106.614 Y106 E116.67254
G1 X106.465 Y105.821 E116.67719
G1 X106.265 Y105.723 E116.68163
G1 X105.925 Y105.737 E116.68842
G1 X105.709 Y105.904 E116.69387
G1 X105.585 Y106.137 E116.69914
G1 X105.523 Y106.551 E116.70749
G1 X105.637 Y106.919 E116.71518
G1 X105.815 Y107.114 E116.72045
G1 X106.056 Y107.185 E116.72546
G1 F2700 E111.72546
G0 F9000 X106.089 Y106.875
G0 X106.442 Y106.719
G0 X108.873 Y106.952
G0 X108.608 Y107.139
G1 F2700 E116.72546
G1 F1388.9 X108.608 Y106.705 E116.73482
G1 F1392.1 X109.109 Y106.707 E116.74559
G1 F1395.3 X109.214 Y106.807 E116.7487
G1 F1398.6 X109.24 Y107.008 E116.75304
G1 X109.174 Y107.102 E116.7555
G1 X109.052 Y107.138 E116.75822
G1 F1395.3 X108.608 Y107.139 E116.76774
G1 F2700 E111.76774
G0 F9000 X108.873 Y109.915
G0 X107.603 Y110.085
G0 X107.603 Y113.667
G1 F2700 E116.76774
G1 F1094.9 X107.569 Y113.726 E116.76961
G1 X107.501 Y113.726 E116.77146
G1 X107.467 Y113.667 E116.77333
G1 X107.501 Y113.608 E116.77519
G1 X107.569 Y113.608 E116.77705
G1 X107.603 Y113.667 E116.77891
G1 F2700 E111.77891
G0 F9000 X106.002 Y112.86
G0 X105.561 Y112.551
;TYPE:WALL-INNER
G1 F2700 E116.77891
G1 F985.2 X105.536 Y112.288 E116.78694
G1 F2700 E111.78694
G0 F9000 X105.282 Y111.85
G0 X103.845 Y111.85
G0 X103.564 Y112.288
G1 F2700 E116.78694
G1 F940.4 X103.569 Y115.084 E116.87593
G0 F9000 X103.755 Y115.836
G0 X104.216 Y116.04
G1 F1041.7 X104.352 Y116.054 E116.87986
G1 F1013.5 X106.393 Y116.054 E116.94014
G1 F931.7 X106.73 Y116.003 E116.95109
G1 F937.5 X107.204 Y116.054 E116.96631
G1 F1020.4 X107.868 Y116.054 E116.98579
G1 F1006.7 X108.058 Y116.046 E116.99145
G0 F9000 X108.488 Y116.157
G1 F1237.1 X109.108 Y116.054 E117.00666
G1 X108.588 Y115.804 E117.02062
G1 F1570.7 X108.488 Y115.725 E117.02305
G1 F1217 X108.058 Y116.046 E117.03624
G1 X108.488 Y116.157 E117.04717
G0 F9000 X109.108 Y116.054
G1 F1006.7 X109.858 Y116.046 E117.06947
G0 F9000 X110 Y116.084
G1 F1438.8 X110.276 Y116.159 E117.07542
G1 F1239.7 X110.884 Y116.054 E117.09032
G1 X110.373 Y115.808 E117.10401
G1 F1379.3 X110.284 Y115.731 E117.10657
G1 F1094.9 X109.858 Y116.046 E117.12105
G1 F1132.1 X110 Y116.084 E117.12494
G0 F9000 X110.884 Y116.054
G1 F1006.7 X112.626 Y116.046 E117.17674
G0 F9000 X113.068 Y116.155
G1 F1232 X113.7 Y116.054 E117.19229
G1 X113.17 Y115.8 E117.20657
G1 F1363.6 X113.079 Y115.718 E117.20925
G1 F1090.9 X112.626 Y116.046 E117.2246
G1 F1212.1 X113.068 Y116.155 E117.23584
G0 F9000 X113.7 Y116.054
G1 F1020.4 X115.655 Y116.054 E117.29319
G0 F9000 X110 Y116.24
G0 X110 Y116.548
G1 F1500 X115.706 Y116.548 E117.40706
G1 X116.143 Y116.403 E117.41625
G1 X116.311 Y116.252 E117.42076
G1 X116.501 Y115.927 E117.42827
G1 X116.548 Y115.692 E117.43306
G1 F1562.5 X116.564 Y115.06 E117.44517
G1 X116.26 Y115.496 E117.45535
G1 F1500 X115.988 Y115.56 E117.46093
G1 X113.7 Y115.56 E117.50659
G1 X113.38 Y115.468 E117.51323
G1 X113.229 Y115.333 E117.51727
G1 F1382.5 X113.068 Y115.015 E117.52499
G1 X112.907 Y115.333 E117.53271
G1 F1500 X112.756 Y115.468 E117.53675
G1 X112.519 Y115.56 E117.54182
G1 X111.794 Y115.56 E117.55629
G1 X111.66 Y115.519 E117.55909
G1 X111.521 Y115.56 E117.56198
G1 X110.884 Y115.56 E117.57469
G1 X110.574 Y115.474 E117.58111
G1 X110.422 Y115.344 E117.5851
G1 F1463.4 X110.276 Y115.013 E117.5925
G1 X110.13 Y115.344 E117.5999
G1 F1500 X109.978 Y115.474 E117.60389
G1 X109.751 Y115.56 E117.60874
G1 X109.108 Y115.56 E117.62157
G1 X108.793 Y115.471 E117.6281
G1 X108.682 Y115.383 E117.63093
G1 X108.544 Y115.166 E117.63606
G1 X108.507 Y114.959 E117.64026
G1 X108.432 Y115.166 E117.64465
G1 X108.294 Y115.383 E117.64978
G1 X108.183 Y115.471 E117.65261
G1 X107.951 Y115.56 E117.65757
G1 X107.204 Y115.56 E117.67248
G1 X106.955 Y115.507 E117.67756
G1 X106.835 Y115.434 E117.68036
G1 X106.73 Y115.289 E117.68393
G1 X106.625 Y115.434 E117.68751
G1 X106.334 Y115.56 E117.69383
G1 X104.244 Y115.559 E117.73554
G1 F1301.5 X103.961 Y115.482 E117.74229
G1 F1029.2 X103.569 Y115.084 E117.75854
G1 F1149.4 X103.449 Y115.705 E117.77501
G1 F1500 X103.593 Y116.143 E117.78421
G1 X103.744 Y116.311 E117.78872
G1 X104.069 Y116.501 E117.79623
G1 X104.304 Y116.548 E117.80101
G1 X110 Y116.548 E117.91468
G0 F9000 X110 Y116.24
G0 X110.276 Y115.873
G0 X110.276 Y115.013
G1 F1435.4 X110.276 Y113.316 E117.95007
G1 F2700 E112.95007
G0 F9000 X110.449 Y115.401
G0 X112.877 Y115.401
G0 X113.319 Y113.65
G0 X113.068 Y114.528
G1 F2700 E117.95007
G1 F1287.6 X113.068 Y115.015 E117.96139
G0 F9000 X113.068 Y114.528
G1 F1202.4 X113.464 Y113.903 E117.97981
G1 F1156.1 X113.912 Y113.876 E117.99143
G1 F1190.5 X113.912 Y113.339 E118.00494
G1 X113.872 Y113.372 E118.00624
G1 F1181.1 X113.543 Y113.375 E118.01458
G1 F1147.2 X113.37 Y113.387 E118.0191
G1 F1123.6 X113.103 Y113.387 E118.02622
G1 X113.103 Y113.654 E118.03333
G1 F1202.4 X113.068 Y114.528 E118.05511
G1 F2700 E113.05511
G0 F9000 X113.319 Y113.65
G0 X113.262 Y114.092
G0 X113.262 Y115.401
G0 X116.428 Y115.401
G0 X116.428 Y114.092
G0 X116.136 Y113.527
G1 F2700 E118.05511
G1 F1415.1 X116.136 Y112.288 E118.08131
G1 F1252.6 X116.081 Y111.815 E118.09269
G1 F2700 E113.09269
G0 F9000 X110 Y111.687
G1 F2700 E118.09269
G1 F1676 X110.283 Y111.673 E118.09776
G1 F1662 X110.797 Y111.696 E118.10702
G1 F1428.6 X111.225 Y111.829 E118.11641
G1 F1279.3 X111.364 Y111.919 E118.12029
G1 X111.473 Y111.798 E118.1241
G1 F1418.4 X111.774 Y111.709 E118.13072
G1 F1604.3 X113.872 Y111.703 E118.16987
G1 F1538.5 X114.131 Y111.742 E118.17497
G1 F1467 X114.218 Y111.802 E118.17712
G1 F1526.7 X114.462 Y111.709 E118.18224
G1 F1604.3 X115.124 Y111.703 E118.19459
G1 F1558.4 X115.663 Y112.022 E118.20662
G1 F1500 X115.724 Y112.288 E118.21207
G1 X115.724 Y113.928 E118.2448
G1 X116.076 Y113.934 E118.25182
G1 F1578.9 X116.568 Y114.528 E118.26645
G1 X116.548 Y113.527 E118.28543
G1 F1500 X116.548 Y111.348 E118.32891
G1 F1558.4 X115.124 Y111.333 E118.35627
G1 F1604.3 X114.43 Y111.335 E118.36921
G1 F1526.7 X114.218 Y111.352 E118.37338
G1 F1538.5 X113.872 Y111.333 E118.38013
G1 F1604.3 X111.742 Y111.335 E118.41987
G1 F1418.4 X111.324 Y111.382 E118.42875
G1 F1388.9 X110.961 Y111.345 E118.43661
G1 F1587.3 X110.694 Y111.33 E118.44165
G1 F1685.4 X110.197 Y111.323 E118.45048
G1 F1662 X109.707 Y111.332 E118.45931
G1 F1470.6 X109.319 Y111.37 E118.46724
G1 X108.84 Y111.333 E118.47702
G1 F1604.3 X108.15 Y111.335 E118.4899
G1 F1293.1 X107.536 Y111.424 E118.50426
G1 F1304.3 X106.788 Y111.333 E118.52155
G1 F1604.3 X106.094 Y111.335 E118.5345
G1 F1327.4 X105.536 Y111.411 E118.5472
G1 F1339.3 X104.844 Y111.333 E118.56277
G1 F1604.3 X104.146 Y111.335 E118.57579
G1 F1415.1 X103.72 Y111.384 E118.58486
G1 F1271.2 X103.484 Y111.384 E118.59042
G1 X103.484 Y111.62 E118.59598
G1 F1087 X103.564 Y112.288 E118.6145
G1 X103.871 Y111.8 E118.63038
G1 F1415.1 X104.178 Y111.709 E118.63716
G1 F1604.3 X104.844 Y111.703 E118.64958
G1 F1339.3 X105.34 Y111.847 E118.66113
G1 F1127.8 X105.456 Y112.015 E118.66654
G1 F1067.6 X105.536 Y112.288 E118.67452
G1 X105.616 Y112.015 E118.6825
G1 F1127.8 X105.732 Y111.847 E118.68792
G1 F1327.4 X106.126 Y111.709 E118.69733
G1 F1604.3 X106.788 Y111.703 E118.70968
G1 F1304.3 X107.319 Y111.87 E118.72246
G1 F1088.9 X107.505 Y112.292 E118.73514
G1 X107.567 Y112.292 E118.73684
G1 X107.753 Y111.87 E118.74952
G1 F1293.1 X108.182 Y111.709 E118.76012
G1 F1604.3 X108.84 Y111.703 E118.7724
G1 F1470.6 X109.193 Y111.775 E118.77974
G1 F1348.3 X109.279 Y111.861 E118.78244
G1 F1456.3 X109.641 Y111.705 E118.79054
G1 F1612.9 X110 Y111.687 E118.79721
G1 F2700 E113.79721
G0 F9000 X115.563 Y111.85
G0 X116.27 Y113.65
G0 X116.568 Y114.528
G1 F2700 E118.79721
G1 F1648.4 X116.564 Y115.06 E118.80687
G0 F9000 X116.243 Y115.835
G0 X113.7 Y115.873
G0 X113.7 Y115.16
;TYPE:WALL-OUTER
G1 F1500 X113.543 Y115.085 E118.81034
G1 X113.5 Y114.978 E118.81264
G1 X113.5 Y114.528 E118.82162
G1 X113.637 Y114.328 E118.82646
G1 X114.364 Y114.328 E118.84097
G1 X114.364 Y113.412 E118.85925
G1 F1604.3 X114.39 Y112.78 E118.87105
G1 F1729.1 X114.391 Y112.288 E118.87957
G1 F1621.6 X114.428 Y112.144 E118.88231
G1 F1507.5 X114.529 Y112.091 E118.88458
G1 F1500 X115.124 Y112.088 E118.89645
G1 X115.324 Y112.211 E118.90114
G1 X115.324 Y114.328 E118.94339
G1 X116.018 Y114.33 E118.95724
G1 X116.188 Y114.528 E118.96244
G1 X116.186 Y114.995 E118.97176
G1 X116.064 Y115.159 E118.97584
G1 X113.7 Y115.16 E119.02302
G0 F9000 X113.7 Y115.873
G0 X111.66 Y115.873
G0 X111.66 Y114.978
G1 F1373 X111.656 Y113.081 E119.06438
G1 F2700 E114.06438
G0 F9000 X110.477 Y113.294
G0 X110 Y112.994
G1 F2700 E119.06438
G1 F1507.5 X109.911 Y113.085 E119.0669
G1 F1500 X109.868 Y113.229 E119.0699
G1 X109.868 Y114.978 E119.10481
G1 X109.822 Y115.088 E119.10719
G1 X109.703 Y115.158 E119.10994
G1 X109.027 Y115.16 E119.12343
G1 F1428.6 X108.91 Y115.017 E119.1273
G1 F1304.3 X108.835 Y113.1 E119.17133
G1 X108.042 Y115.041 E119.21945
G1 F1428.6 X107.903 Y115.158 E119.22326
G1 F1500 X107.204 Y115.16 E119.23721
G1 X107.081 Y115.118 E119.2398
G1 X107.016 Y115.029 E119.242
G1 F1550.4 X106.756 Y114.278 E119.25734
G1 F1456.3 X106.623 Y114.028 E119.26316
G1 F1330.4 X106.5 Y113.69 E119.27126
G1 F1492.5 X106.386 Y113.235 E119.28066
G1 X106.438 Y113.7 E119.29005
G1 F1330.4 X106.312 Y113.903 E119.29542
G1 F1388.9 X105.051 Y113.907 E119.3226
G1 F1449.3 X105.051 Y114.321 E119.33115
G1 F1388.9 X106.334 Y114.316 E119.35881
G1 F1442.3 X106.445 Y114.528 E119.36377
G1 F1558.4 X106.457 Y115.011 E119.37305
G1 F1519 X106.379 Y115.118 E119.37566
G1 F1500 X106.291 Y115.158 E119.37759
G1 X104.253 Y115.159 E119.41826
G1 X104.159 Y115.12 E119.42029
G1 X104.083 Y114.995 E119.42321
G1 X104.08 Y112.288 E119.47723
G1 X104.151 Y112.134 E119.48062
G1 X104.245 Y112.091 E119.48268
G1 X104.844 Y112.088 E119.49463
G1 X104.994 Y112.155 E119.49791
G1 X105.044 Y112.288 E119.50075
G1 X105.044 Y113.068 E119.51631
G1 F1534.5 X106.212 Y113.076 E119.5391
G1 F1587.3 X106.354 Y113.189 E119.54252
G1 F1546.4 X106.03 Y112.323 E119.56042
G1 F1500 X106.078 Y112.155 E119.56391
G1 X106.193 Y112.091 E119.56653
G1 X106.788 Y112.088 E119.57841
G1 X106.959 Y112.17 E119.58219
G1 X107.167 Y112.767 E119.59481
G1 X107.905 Y112.767 E119.60953
G1 X108.112 Y112.172 E119.62211
G1 X108.249 Y112.091 E119.62528
G1 X108.84 Y112.088 E119.63708
G1 X108.954 Y112.123 E119.63946
G1 F1449.3 X109.058 Y112.279 E119.64333
G1 F1351.4 X108.983 Y112.639 E119.65147
G1 F1398.6 X109.39 Y112.277 E119.66313
G1 F1500 X109.783 Y112.08 E119.67191
G1 X110.26 Y112.048 E119.68145
G1 X110.694 Y112.074 E119.69012
G1 X111.041 Y112.222 E119.69765
G1 F1492.5 X111.357 Y112.469 E119.70569
G1 F1470.6 X111.566 Y112.812 E119.71387
G1 F1411.8 X111.656 Y113.081 E119.71989
G1 F1421.8 X111.675 Y112.723 E119.72743
G1 F1492.5 X111.676 Y112.285 E119.73622
G1 F1500 X111.715 Y112.168 E119.73868
G1 X111.841 Y112.091 E119.74163
G1 X113.872 Y112.088 E119.78216
G1 F1507.5 X114.008 Y112.144 E119.78508
G1 F1621.6 X114.045 Y112.288 E119.78782
G1 F1729.1 X114.044 Y112.75 E119.79582
G1 F1604.3 X113.872 Y112.92 E119.80033
G1 F1500 X112.636 Y112.92 E119.825
G1 X112.636 Y114.978 E119.86607
G1 X112.593 Y115.085 E119.86837
G1 X112.471 Y115.158 E119.87121
G1 X111.81 Y115.157 E119.8844
G1 F1438.8 X111.66 Y114.978 E119.88926
G1 X111.509 Y115.158 E119.89414
G1 F1500 X110.884 Y115.16 E119.90662
G1 X110.73 Y115.088 E119.91001
G1 X110.684 Y114.978 E119.91239
G1 X110.684 Y113.265 E119.94657
G1 X110.569 Y112.988 E119.95256
G1 X110.371 Y112.899 E119.95689
G1 X110.069 Y112.924 E119.96294
G1 F1507.5 X110 Y112.994 E119.96489
G0 F9000 X110.186 Y113.218
G0 X108.978 Y112.664
G1 F1115.2 X108.836 Y113.119 E119.97768
G1 F2700 E114.97768
G0 F9000 X108.836 Y110.085
G0 X117.803 Y110.097
G0 X117.815 Y114.12
G0 X106.386 Y113.235
G1 F2700 E119.97768
G1 F1704.5 X106.377 Y113.207 E119.9782
G1 F2700 E114.9782
G0 F9000 X105.921 Y112.803
G0 X105.282 Y111.85
G0 X103.845 Y111.85
G0 X103.845 Y115.401
G0 X110 Y116.24
G0 X110 Y116.948
G1 F2700 E119.9782
G1 F1500 X115.747 Y116.948 E120.09289
G1 X116.049 Y116.884 E120.09905
G1 X116.365 Y116.742 E120.10596
G1 X116.61 Y116.521 E120.11255
G1 X116.773 Y116.295 E120.11811
G1 X116.884 Y116.05 E120.12347
G1 X116.948 Y115.732 E120.12995
G1 X116.948 Y110.948 E120.22542
G1 X103.048 Y110.948 E120.50281
G1 X103.049 Y115.747 E120.59858
G1 X103.112 Y116.049 E120.60473
G1 X103.254 Y116.365 E120.61165
G1 X103.475 Y116.61 E120.61823
G1 X103.701 Y116.774 E120.6238
G1 X103.946 Y116.884 E120.62916
G1 X104.264 Y116.948 E120.63563
G1 X110 Y116.948 E120.7501
G0 F9000 X110 Y116.173
G1 F2700 E115.7501
G0 F9000 X103.845 Y115.401
G0 X103.845 Y111.85
G0 X109.885 Y111.18
G0 X109.885 Y108.82
G0 X109.885 Y108.645
;TYPE:WALL-INNER
G1 F2700 E120.7501
G1 F1127.8 X110.364 Y108.52 E120.76324
G1 F1010.1 X109.899 Y108.202 E120.77994
G1 F1279.3 X109.666 Y108.3 E120.78585
G1 F1111.1 X109.275 Y108.513 E120.79785
G1 X109.7 Y108.644 E120.80983
G1 F1474.2 X109.885 Y108.645 E120.81358
G0 F9000 X110.364 Y108.52
G1 F906.3 X113.662 Y108.515 E120.92251
G0 F9000 X114.112 Y108.627
G1 F1092.9 X114.688 Y108.52 E120.93855
G1 X114.263 Y108.245 E120.95242
G1 F1357.5 X114.125 Y108.013 E120.95837
G1 X113.961 Y108.245 E120.96464
G1 F1081.1 X113.662 Y108.515 E120.97579
G1 X114.112 Y108.627 E120.98863
G0 F9000 X114.688 Y108.52
G1 F906.3 X115.31 Y108.515 E121.00918
G0 F9000 X116.119 Y108.219
G1 F1449.3 X116.166 Y107.917 E121.01549
G1 F1630.4 X116.166 Y105.116 E121.06691
G1 F1587.3 X116.152 Y104.335 E121.08165
G1 F1526.7 X116.068 Y104.074 E121.08702
G1 X115.805 Y103.875 E121.09349
G1 X115.635 Y103.844 E121.09688
G1 F1132.1 X115.184 Y103.982 E121.10935
G1 X115.741 Y104.289 E121.12616
G1 F1526.7 X115.917 Y104.44 E121.13071
G1 F1587.3 X116.166 Y105.116 E121.1443
G0 F9000 X116.023 Y104.28
G0 X115.184 Y103.982
G1 F898.2 X114.528 Y103.982 E121.16616
G0 F9000 X113.971 Y104.288
G1 F1333.3 X114.184 Y104.196 E121.17137
G1 F1162.8 X114.528 Y103.982 E121.1818
G1 F1013.5 X114.071 Y103.824 E121.19608
G1 X113.392 Y103.982 E121.21667
G1 F996.7 X113.971 Y104.288 E121.23634
G0 F9000 X113.392 Y103.982
G1 F888.9 X112.72 Y103.989 E121.25897
G1 X112.544 Y103.982 E121.2649
G1 F898.2 X110.364 Y103.982 E121.33755
G0 F9000 X109.528 Y104.28
G0 X109.378 Y104.678
G1 F1092.9 X109.579 Y104.383 E121.34733
G1 F1339.3 X110.02 Y104.205 E121.35796
G1 F1376.1 X110.18 Y104.068 E121.36254
G1 F1005 X110.364 Y103.982 E121.36859
G1 F1183.4 X109.96 Y103.864 E121.37924
G1 F1339.3 X109.378 Y103.922 E121.39231
G1 F986.8 X108.392 Y103.982 E121.42227
G1 X109.177 Y104.383 E121.44901
G1 F1092.9 X109.378 Y104.678 E121.45879
G0 F9000 X109.246 Y104.32
G0 X108.392 Y103.982
G1 F898.2 X107.832 Y103.982 E121.47745
G0 F9000 X105.47 Y104.308
G0 X105.056 Y104.463
G0 X104.686 Y104.705
G0 X104.373 Y105.031
G0 X103.838 Y105.914
G1 F1643.8 X103.823 Y106.1 E121.48085
G1 F1769.9 X103.812 Y106.468 E121.48708
G1 F1734.1 X103.829 Y106.941 E121.49525
G0 F9000 X103.838 Y105.914
G1 F1558.4 X103.924 Y105.547 E121.50249
G1 F1519 X104.095 Y105.173 E121.51059
G1 F1500 X104.29 Y104.891 E121.51743
G1 X104.577 Y104.598 E121.52562
G1 X104.999 Y104.315 E121.53576
G1 F1595.7 X105.413 Y104.184 E121.5439
G1 F1775.1 X105.811 Y104.134 E121.55067
G1 F1869.2 X106.34 Y104.122 E121.55914
G1 F1829.3 X106.623 Y104.151 E121.5638
G1 F1671.3 X107.252 Y104.295 E121.57535
G1 F1626 X107.488 Y104.198 E121.58005
G1 F1167.3 X107.832 Y103.982 E121.59047
G1 X107.425 Y103.847 E121.60146
G1 F1546.4 X107.207 Y103.862 E121.60569
G1 F1587.3 X106.672 Y103.819 E121.61581
G1 F1829.3 X106.328 Y103.806 E121.62145
G1 F1869.2 X105.784 Y103.811 E121.63016
G1 F1652.9 X105.013 Y103.848 E121.64414
G1 F1500 X104.335 Y103.848 E121.65767
G1 X104.076 Y103.932 E121.6631
G1 X103.879 Y104.192 E121.66961
G1 X103.849 Y104.344 E121.6727
G1 F1511.3 X103.846 Y105.629 E121.69816
G1 F1550.4 X103.838 Y105.914 E121.70366
G0 F9000 X104.041 Y107.189
G0 X104.509 Y108.249
G1 F1507.5 X104.181 Y107.924 E121.71283
G1 F1511.3 X103.915 Y107.368 E121.72504
G1 F1578.9 X103.829 Y106.941 E121.7333
G1 F1583.1 X103.845 Y107.291 E121.73992
G1 F1515.2 X103.847 Y108.249 E121.75885
G1 F1507.5 X104.509 Y108.249 E121.77199
G0 F9000 X104.891 Y108.648
G1 F1298.7 X105.274 Y108.586 E121.78093
G1 F1123.6 X105.516 Y108.497 E121.7878
G1 F1271.2 X104.847 Y108.025 E121.80708
G1 F1500 X104.502 Y107.669 E121.81698
G1 X104.295 Y107.237 E121.82654
G1 X104.205 Y106.876 E121.83396
G1 X104.176 Y106.468 E121.84212
G1 X104.2 Y106.068 E121.85012
G1 X104.301 Y105.683 E121.85806
G1 X104.501 Y105.246 E121.86765
G1 X104.832 Y104.912 E121.87704
G1 X105.162 Y104.687 E121.88501
G1 X105.537 Y104.547 E121.893
G1 X105.965 Y104.484 E121.90163
G1 X106.433 Y104.479 E121.91097
G1 X107.11 Y104.694 E121.92515
G1 X107.316 Y104.846 E121.93025
G1 X107.451 Y104.652 E121.93497
G1 X107.757 Y104.516 E121.94165
G1 X108.392 Y104.516 E121.95433
G1 X108.831 Y104.706 E121.96387
G1 X108.935 Y104.859 E121.96756
G1 X108.992 Y105.108 E121.97266
G1 X108.992 Y105.459 E121.97967
G1 X109.24 Y105.469 E121.98462
G1 X109.569 Y105.529 E121.99129
G1 X109.764 Y105.602 E121.99545
G1 X109.764 Y105.108 E122.00531
G1 X109.821 Y104.859 E122.0104
G1 X109.925 Y104.706 E122.0141
G1 X110.152 Y104.554 E122.01955
G1 X110.289 Y104.516 E122.02238
G1 X112.606 Y104.516 E122.06862
G1 X112.803 Y104.523 E122.07256
G1 X113.392 Y104.516 E122.08431
G1 X113.675 Y104.586 E122.09013
G1 X113.914 Y104.82 E122.0968
G1 X113.944 Y104.93 E122.09908
G1 X114.147 Y104.651 E122.10597
G1 X114.447 Y104.516 E122.11253
G1 X115.184 Y104.516 E122.12724
G1 X115.414 Y104.561 E122.13191
G1 X115.625 Y104.708 E122.13705
G1 X115.784 Y105.116 E122.14579
G1 X115.784 Y107.871 E122.20076
G1 X115.73 Y108.041 E122.20432
G1 F1123.6 X115.31 Y108.515 E122.2212
G1 F998.3 X115.714 Y108.582 E122.23347
G1 F1284.8 X116.119 Y108.648 E122.24304
G1 F1500 X116.548 Y108.648 E122.2516
G1 X116.548 Y104.294 E122.33849
G1 X116.502 Y104.072 E122.34301
G1 X116.403 Y103.856 E122.34775
G1 X116.251 Y103.684 E122.35233
G1 X115.927 Y103.495 E122.35982
G1 X115.692 Y103.448 E122.3646
G1 X110.167 Y103.448 E122.47486
G1 X109.96 Y103.475 E122.47902
G1 X109.378 Y103.448 E122.49065
G1 X104.294 Y103.448 E122.59211
G1 X103.855 Y103.593 E122.60133
G1 X103.684 Y103.745 E122.6059
G1 X103.495 Y104.069 E122.61338
G1 X103.449 Y104.304 E122.61816
G1 X103.448 Y108.648 E122.70485
G1 X104.891 Y108.648 E122.73365
G0 F9000 X105.5 Y108.503
G1 F923.1 X106.048 Y108.542 E122.75146
G1 F949.4 X106.553 Y108.523 E122.7674
G0 F9000 X107.253 Y108.627
G1 F1090.9 X107.834 Y108.52 E122.78361
G1 X107.405 Y108.244 E122.79761
G1 F1354.4 X107.319 Y108.127 E122.80082
G1 X106.964 Y108.299 E122.80953
G1 F1094.9 X106.553 Y108.523 E122.82233
G1 F1061.9 X106.883 Y108.61 E122.83195
G1 F1304.3 X107.253 Y108.627 E122.84045
G0 F9000 X107.834 Y108.52
G1 F903.6 X109.275 Y108.513 E122.88819
G0 F9000 X110 Y109.048
;TYPE:WALL-OUTER
G1 F1500 X116.948 Y109.048 E123.02684
G1 X116.948 Y104.253 E123.12253
G1 X116.884 Y103.947 E123.12877
G1 X116.742 Y103.635 E123.13561
G1 X116.521 Y103.386 E123.14226
G1 X116.295 Y103.223 E123.14782
G1 X116.05 Y103.112 E123.15318
G1 X115.732 Y103.048 E123.15966
G1 X110.167 Y103.048 E123.27071
G1 X109.96 Y103.057 E123.27485
G1 X109.378 Y103.048 E123.28646
G1 X104.253 Y103.048 E123.38874
G1 X103.947 Y103.112 E123.39498
G1 X103.635 Y103.254 E123.40182
G1 X103.386 Y103.475 E123.40846
G1 X103.223 Y103.701 E123.41402
G1 X103.112 Y103.946 E123.41939
G1 X103.049 Y104.264 E123.42586
G1 X103.048 Y109.048 E123.52133
G1 X110 Y109.048 E123.66006
G1 F2700 E118.66006
G0 F9000 X110 Y108.74
G0 X109.956 Y107.952
G0 X110.189 Y107.166
G1 F2700 E123.66006
G1 F1690.1 X110.184 Y106.695 E123.66841
G0 F9000 X111.26 Y107.024
G1 F892.9 X112.298 Y107.024 E123.70321
G1 F952.4 X112.602 Y107.169 E123.71379
G1 F1181.1 X112.682 Y107.36 E123.71904
G1 F1398.6 X112.682 Y107.81 E123.72867
G0 F9000 X112.602 Y107.169
G1 F1092.9 X112.641 Y107.003 E123.73334
G1 F1500 X112.759 Y106.82 E123.73769
G1 F2033.9 X112.76 Y106.164 E123.74734
G1 F1363.6 X112.606 Y105.921 E123.75366
G1 F1049 X112.614 Y105.771 E123.75795
G1 X112.523 Y105.838 E123.76117
G1 F1287.6 X112.3 Y105.724 E123.76699
G1 F1704.5 X111.1 Y105.724 E123.78807
G1 X111.1 Y106.076 E123.79425
G1 X112.3 Y106.076 E123.81532
G1 F1287.6 X112.485 Y105.994 E123.82003
G1 F1098.9 X112.48 Y106.91 E123.84498
G1 F1015.2 X112.298 Y107.024 E123.85131
G1 F952.4 X112.602 Y107.169 E123.8619
G0 F9000 X112.614 Y105.771
G1 F1307.2 X112.719 Y105.578 E123.86693
G1 F1699.7 X112.72 Y105.116 E123.87506
G1 F2700 E118.87506
G0 F9000 X112.72 Y104.208
G0 X109.928 Y104.68
G0 X109.919 Y105.24
G0 X108.803 Y105.651
G0 X107.656 Y106.31
G1 F2700 E123.87506
G1 F1643.8 X107.643 Y106.796 E123.88392
G1 F2700 E118.88392
G0 F9000 X107.423 Y107.737
G0 X106.017 Y108.034
G1 F2700 E123.88392
G1 F1500 X105.556 Y107.962 E123.89323
G1 X105.152 Y107.764 E123.90221
G1 X104.847 Y107.456 E123.91086
G1 X104.683 Y107.123 E123.91827
G1 X104.599 Y106.807 E123.92479
G1 X104.576 Y106.454 E123.93185
G1 X104.602 Y106.113 E123.93867
G1 X104.686 Y105.804 E123.94507
G1 X104.837 Y105.475 E123.95229
G1 X105.1 Y105.209 E123.95975
G1 X105.37 Y105.036 E123.96615
G1 X105.654 Y104.934 E123.97218
G1 X105.938 Y104.886 E123.97792
G1 X106.372 Y104.88 E123.98659
G1 X106.956 Y105.061 E123.99879
G1 X107.326 Y105.384 E124.00859
G1 X107.585 Y105.81 E124.01854
G1 F1595.7 X107.656 Y106.31 E124.02801
G1 X107.632 Y105.837 E124.03689
G1 F1500 X107.632 Y105.116 E124.05128
G1 X107.667 Y105.001 E124.05368
G1 X107.797 Y104.918 E124.05676
G1 X108.392 Y104.916 E124.06863
G1 X108.539 Y104.979 E124.07183
G1 X108.592 Y105.116 E124.07476
G1 X108.592 Y105.857 E124.08954
G1 X109.168 Y105.863 E124.10104
G1 X109.53 Y105.929 E124.10838
G1 X109.852 Y106.108 E124.11573
G1 F1530.6 X110.052 Y106.315 E124.12136
G1 F1591.5 X110.182 Y106.651 E124.12814
G1 F1554.4 X110.164 Y106.24 E124.13606
G1 F1500 X110.164 Y105.113 E124.15855
G1 X110.217 Y104.979 E124.16143
G1 X110.329 Y104.918 E124.16397
G1 X112.6 Y104.918 E124.20929
G1 F1595.7 X112.72 Y105.116 E124.21364
G1 X112.84 Y104.918 E124.21798
G1 F1500 X113.463 Y104.916 E124.23041
G1 X113.592 Y105.042 E124.23401
G1 X113.593 Y106.357 E124.26025
G1 X114.38 Y104.971 E124.29206
G1 X114.493 Y104.918 E124.29455
G1 X115.239 Y104.916 E124.30944
G1 X115.331 Y104.98 E124.31168
G1 X115.384 Y105.116 E124.31459
G1 X115.382 Y107.863 E124.36941
G1 X115.219 Y107.99 E124.37353
G1 X114.688 Y107.992 E124.38413
G1 X114.551 Y107.938 E124.38707
G1 X114.488 Y107.792 E124.39024
G1 X114.488 Y106.526 E124.4155
G1 X113.688 Y107.93 E124.44775
G1 X113.571 Y107.99 E124.45038
G1 F1496.3 X112.809 Y107.992 E124.46562
G1 F1442.3 X112.682 Y107.81 E124.47023
G1 X112.556 Y107.99 E124.47479
G1 F1496.3 X110.364 Y107.992 E124.51864
G1 F1500 X110.245 Y107.953 E124.52114
G1 F1503.8 X110.164 Y107.833 E124.52402
G1 F1507.5 X110.166 Y107.542 E124.5298
G1 F1558.4 X110.187 Y107.192 E124.53653
G1 F1578.9 X110.058 Y107.565 E124.54402
G1 F1526.7 X109.8 Y107.801 E124.55087
G1 F1500 X109.588 Y107.905 E124.55558
G1 X109.183 Y107.986 E124.56383
G1 X107.833 Y107.992 E124.59077
G1 X107.694 Y107.938 E124.59374
G1 F1522.8 X107.631 Y107.84 E124.59603
G1 F1562.5 X107.643 Y106.796 E124.61604
G1 F1550.4 X107.568 Y107.121 E124.62248
G1 F1511.3 X107.418 Y107.441 E124.62948
G1 F1503.8 X107.099 Y107.765 E124.63853
G1 F1500 X106.742 Y107.934 E124.64641
G1 X106.443 Y108.008 E124.65256
G1 X106.017 Y108.034 E124.66107
G1 F2700 E119.66107
G0 F9000 X105.968 Y108.342
G0 X105.481 Y108.204
G0 X105.009 Y107.972
G0 X104.636 Y107.598
G0 X104.443 Y107.195
G0 X104.327 Y106.469
G0 X104.421 Y105.879
G0 X104.952 Y104.269
;TYPE:FILL
G1 F2700 E124.66107
G1 F3000 X103.929 Y104.543 E124.68221
G0 F9000 X105.521 Y104.117
G1 F3000 X106.441 Y103.87 E124.70122
G1 X106.308 Y103.844
G1 X106.243 Y104.086 E124.70622
G0 F9000 X105.741 Y104.102
G1 F3000 X105.515 Y103.876 E124.7126
G0 F9000 X105.496 Y103.938
G1 F2700 E119.7126
;MESH:NONMESH
G0 F300 Z1.76
G0 F9000 X106.198 Y104.672
G0 X106.221 Y105.954
G0 X106.234 Y106.767
;TIME_ELAPSED:486.498022
;LAYER:13
;TYPE:WALL-INNER
;MESH:Lens_Openscad 2.stl
G1 F2700 E124.7126
G1 F1583.1 X106.285 Y106.673 E124.71462
G1 F1578.9 X106.314 Y106.448 E124.71892
G1 X106.269 Y106.195 E124.72379
G1 X106.183 Y106.117 E124.72599
G1 X106.065 Y106.122 E124.72823
G1 X105.961 Y106.262 E124.73154
G1 X105.938 Y106.573 E124.73745
G1 F1583.1 X106.008 Y106.765 E124.74131
G1 X106.234 Y106.767 E124.74559
G0 F9000 X106.056 Y107.185
;TYPE:WALL-OUTER
G1 F1500 X106.319 Y107.16 E124.75086
G1 X106.539 Y107.024 E124.75602
G1 X106.662 Y106.793 E124.76124
G1 X106.706 Y106.456 E124.76803
G1 X106.683 Y106.199 E124.77317
G1 X106.614 Y106 E124.77738
G1 X106.465 Y105.821 E124.78203
G1 X106.265 Y105.723 E124.78647
G1 X105.925 Y105.737 E124.79326
G1 X105.709 Y105.904 E124.79871
G1 X105.585 Y106.137 E124.80398
G1 X105.524 Y106.553 E124.81237
G1 X105.637 Y106.919 E124.82001
G1 X105.815 Y107.114 E124.82528
G1 X106.056 Y107.185 E124.83029
G1 F2700 E119.83029
G0 F9000 X106.089 Y106.875
G0 X106.442 Y106.719
G0 X108.873 Y106.952
G0 X108.608 Y107.139
G1 F2700 E124.83029
G1 F1388.9 X108.608 Y106.705 E124.83965
G1 X109.087 Y106.706 E124.84997
G1 F1392.1 X109.213 Y106.788 E124.8532
G1 X109.239 Y107.007 E124.85795
G1 X109.172 Y107.101 E124.86043
G1 X109.052 Y107.137 E124.86312
G1 F1388.9 X108.608 Y107.139 E124.87269
G1 F2700 E119.87269
G0 F9000 X108.873 Y109.915
G0 X107.603 Y110.085
G0 X107.603 Y113.667
G1 F2700 E124.87269
G1 F1094.9 X107.569 Y113.726 E124.87455
G1 X107.501 Y113.726 E124.87641
G1 X107.467 Y113.667 E124.87827
G1 X107.501 Y113.608 E124.88014
G1 X107.569 Y113.608 E124.882
G1 X107.603 Y113.667 E124.88386
G1 F2700 E119.88386
G0 F9000 X106.002 Y112.86
G0 X105.561 Y112.551
;TYPE:WALL-INNER
G1 F2700 E124.88386
G1 F985.2 X105.536 Y112.288 E124.89188
G1 F2700 E119.89188
G0 F9000 X105.282 Y111.85
G0 X103.845 Y111.85
G0 X103.564 Y112.288
G1 F2700 E124.89188
G1 F940.4 X103.569 Y115.084 E124.98088
G0 F9000 X103.755 Y115.836
G0 X104.216 Y116.04
G1 F1041.7 X104.352 Y116.054 E124.98481
G1 F1013.5 X106.393 Y116.054 E125.04509
G1 F931.7 X106.73 Y116.003 E125.05604
G1 F937.5 X107.204 Y116.054 E125.07126
G1 F1020.4 X107.868 Y116.054 E125.09074
G1 F1006.7 X108.058 Y116.046 E125.0964
G0 F9000 X108.488 Y116.157
G1 F1237.1 X109.108 Y116.054 E125.1116
G1 X108.588 Y115.804 E125.12557
G1 F1570.7 X108.488 Y115.725 E125.12799
G1 F1217 X108.058 Y116.046 E125.14119
G1 X108.488 Y116.157 E125.15211
G0 F9000 X109.108 Y116.054
G1 F1006.7 X109.858 Y116.046 E125.17442
G0 F9000 X110 Y116.084
G1 F1438.8 X110.276 Y116.159 E125.18037
G1 F1239.7 X110.884 Y116.054 E125.19527
G1 X110.373 Y115.808 E125.20896
G1 F1379.3 X110.284 Y115.731 E125.21151
G1 F1094.9 X109.858 Y116.046 E125.226
G1 F1132.1 X110 Y116.084 E125.22989
G0 F9000 X110.884 Y116.054
G1 F1006.7 X112.626 Y116.046 E125.28168
G0 F9000 X113.068 Y116.155
G1 F1232 X113.7 Y116.054 E125.29723
G1 X113.17 Y115.8 E125.31151
G1 F1363.6 X113.079 Y115.718 E125.3142
G1 F1090.9 X112.626 Y116.046 E125.32955
G1 F1212.1 X113.068 Y116.155 E125.34079
G0 F9000 X113.7 Y116.054
G1 F1020.4 X115.655 Y116.054 E125.39814
G0 F9000 X110 Y116.24
G0 X110 Y116.548
G1 F1500 X115.706 Y116.548 E125.51201
G1 X116.143 Y116.403 E125.5212
G1 X116.311 Y116.252 E125.52571
G1 X116.501 Y115.927 E125.53322
G1 X116.548 Y115.692 E125.538
G1 F1562.5 X116.564 Y115.06 E125.55012
G1 X116.26 Y115.496 E125.5603
G1 F1500 X115.988 Y115.56 E125.56587
G1 X113.7 Y115.56 E125.61153
G1 X113.38 Y115.468 E125.61818
G1 X113.229 Y115.333 E125.62222
G1 F1382.5 X113.068 Y115.015 E125.62994
G1 X112.907 Y115.333 E125.63766
G1 F1500 X112.756 Y115.468 E125.6417
G1 X112.519 Y115.56 E125.64677
G1 X111.794 Y115.56 E125.66124
G1 X111.66 Y115.519 E125.66404
G1 X111.521 Y115.56 E125.66693
G1 X110.884 Y115.56 E125.67964
G1 X110.574 Y115.474 E125.68606
G1 X110.422 Y115.344 E125.69005
G1 F1463.4 X110.276 Y115.013 E125.69745
G1 X110.13 Y115.344 E125.70485
G1 F1500 X109.978 Y115.474 E125.70884
G1 X109.751 Y115.56 E125.71369
G1 X109.108 Y115.56 E125.72652
G1 X108.793 Y115.471 E125.73305
G1 X108.682 Y115.383 E125.73588
G1 X108.544 Y115.166 E125.74101
G1 X108.507 Y114.959 E125.74521
G1 X108.432 Y115.166 E125.7496
G1 X108.294 Y115.383 E125.75473
G1 X108.183 Y115.471 E125.75756
G1 X107.951 Y115.56 E125.76252
G1 X107.204 Y115.56 E125.77742
G1 X106.955 Y115.507 E125.78251
G1 X106.835 Y115.434 E125.78531
G1 X106.73 Y115.289 E125.78888
G1 X106.625 Y115.434 E125.79245
G1 X106.334 Y115.56 E125.79878
G1 X104.244 Y115.559 E125.84049
G1 F1301.5 X103.961 Y115.482 E125.84724
G1 F1029.2 X103.569 Y115.084 E125.86348
G1 F1149.4 X103.449 Y115.705 E125.87996
G1 F1500 X103.593 Y116.143 E125.88916
G1 X103.744 Y116.311 E125.89366
G1 X104.069 Y116.501 E125.90118
G1 X104.304 Y116.548 E125.90596
G1 X110 Y116.548 E126.01963
G0 F9000 X110 Y116.24
G0 X110.276 Y115.873
G0 X110.276 Y115.013
G1 F1442.3 X110.278 Y113.314 E126.05489
G1 F2700 E121.05489
G0 F9000 X110.449 Y115.401
G0 X112.877 Y115.401
G0 X113.319 Y113.65
G0 X113.068 Y114.528
G1 F2700 E126.05489
G1 F1287.6 X113.068 Y115.015 E126.06621
G0 F9000 X113.068 Y114.528
G1 F1202.4 X113.464 Y113.903 E126.08463
G1 F1156.1 X113.912 Y113.876 E126.09625
G1 F1190.5 X113.912 Y113.339 E126.10976
G1 X113.872 Y113.372 E126.11106
G1 F1181.1 X113.543 Y113.375 E126.1194
G1 F1147.2 X113.37 Y113.387 E126.12392
G1 F1123.6 X113.103 Y113.387 E126.13104
G1 X113.103 Y113.654 E126.13815
G1 F1202.4 X113.068 Y114.528 E126.15993
G1 F2700 E121.15993
G0 F9000 X113.319 Y113.65
G0 X113.262 Y114.092
G0 X113.262 Y115.401
G0 X116.428 Y115.401
G0 X116.428 Y114.092
G0 X116.136 Y113.527
G1 F2700 E126.15993
G1 F1415.1 X116.136 Y112.288 E126.18614
G1 F1252.6 X116.081 Y111.815 E126.19752
G1 F2700 E121.19752
G0 F9000 X110 Y111.687
G1 F2700 E126.19752
G1 F1676 X110.283 Y111.673 E126.20258
G1 F1662 X110.797 Y111.696 E126.21184
G1 F1428.6 X111.225 Y111.829 E126.22123
G1 F1279.3 X111.364 Y111.919 E126.22511
G1 X111.473 Y111.798 E126.22892
G1 F1418.4 X111.774 Y111.709 E126.23554
G1 F1604.3 X113.872 Y111.703 E126.27469
G1 F1538.5 X114.131 Y111.742 E126.27979
G1 F1467 X114.218 Y111.802 E126.28194
G1 F1526.7 X114.462 Y111.709 E126.28706
G1 F1604.3 X115.124 Y111.703 E126.29941
G1 F1558.4 X115.663 Y112.022 E126.31145
G1 F1500 X115.724 Y112.288 E126.31689
G1 X115.724 Y113.928 E126.34962
G1 X116.076 Y113.934 E126.35664
G1 F1578.9 X116.568 Y114.528 E126.37127
G1 X116.548 Y113.527 E126.39025
G1 F1500 X116.548 Y111.348 E126.43373
G1 F1558.4 X115.124 Y111.333 E126.46109
G1 F1604.3 X114.43 Y111.335 E126.47404
G1 F1526.7 X114.218 Y111.352 E126.47821
G1 F1538.5 X113.872 Y111.333 E126.48495
G1 F1604.3 X111.742 Y111.335 E126.52469
G1 F1418.4 X111.324 Y111.382 E126.53357
G1 F1388.9 X110.961 Y111.345 E126.54143
G1 F1587.3 X110.694 Y111.33 E126.54648
G1 F1685.4 X110.197 Y111.323 E126.5553
G1 F1662 X109.707 Y111.332 E126.56413
G1 F1470.6 X109.319 Y111.37 E126.57207
G1 X108.84 Y111.333 E126.58184
G1 F1604.3 X108.15 Y111.335 E126.59472
G1 F1293.1 X107.536 Y111.424 E126.60908
G1 F1304.3 X106.788 Y111.333 E126.62637
G1 F1604.3 X106.094 Y111.335 E126.63932
G1 F1327.4 X105.536 Y111.411 E126.65202
G1 F1339.3 X104.844 Y111.333 E126.66759
G1 F1604.3 X104.146 Y111.335 E126.68061
G1 F1415.1 X103.72 Y111.384 E126.68968
G1 F1271.2 X103.484 Y111.384 E126.69524
G1 X103.484 Y111.62 E126.7008
G1 F1087 X103.564 Y112.288 E126.71932
G1 X103.871 Y111.8 E126.7352
G1 F1415.1 X104.178 Y111.709 E126.74198
G1 F1604.3 X104.844 Y111.703 E126.7544
G1 F1339.3 X105.34 Y111.847 E126.76595
G1 F1127.8 X105.456 Y112.015 E126.77137
G1 F1067.6 X105.536 Y112.288 E126.77934
G1 X105.616 Y112.015 E126.78732
G1 F1127.8 X105.732 Y111.847 E126.79274
G1 F1327.4 X106.126 Y111.709 E126.80215
G1 F1604.3 X106.788 Y111.703 E126.8145
G1 F1304.3 X107.319 Y111.87 E126.82728
G1 F1088.9 X107.505 Y112.292 E126.83996
G1 X107.567 Y112.292 E126.84166
G1 X107.753 Y111.87 E126.85434
G1 F1293.1 X108.182 Y111.709 E126.86494
G1 F1604.3 X108.84 Y111.703 E126.87722
G1 F1470.6 X109.193 Y111.775 E126.88456
G1 F1348.3 X109.279 Y111.861 E126.88726
G1 F1456.3 X109.641 Y111.705 E126.89536
G1 F1612.9 X110 Y111.687 E126.90203
G1 F2700 E121.90203
G0 F9000 X115.563 Y111.85
G0 X116.27 Y113.65
G0 X116.568 Y114.528
G1 F2700 E126.90203
G1 F1648.4 X116.564 Y115.06 E126.91169
G0 F9000 X116.243 Y115.835
G0 X113.7 Y115.873
G0 X113.7 Y115.16
;TYPE:WALL-OUTER
G1 F1500 X113.543 Y115.085 E126.91516
G1 X113.5 Y114.978 E126.91746
G1 X113.5 Y114.528 E126.92644
G1 X113.637 Y114.328 E126.93128
G1 X114.364 Y114.328 E126.94579
G1 X114.364 Y113.412 E126.96407
G1 F1604.3 X114.39 Y112.78 E126.97587
G1 F1729.1 X114.391 Y112.288 E126.98439
G1 F1621.6 X114.428 Y112.144 E126.98713
G1 F1507.5 X114.529 Y112.091 E126.9894
G1 F1500 X115.124 Y112.088 E127.00127
G1 X115.324 Y112.211 E127.00596
G1 X115.324 Y114.328 E127.04821
G1 X116.018 Y114.33 E127.06206
G1 X116.188 Y114.528 E127.06726
G1 X116.186 Y114.995 E127.07658
G1 X116.064 Y115.159 E127.08066
G1 X113.7 Y115.16 E127.12784
G0 F9000 X113.7 Y115.873
G0 X111.66 Y115.873
G0 X111.66 Y114.978
G1 F1373 X111.656 Y113.081 E127.1692
G1 F2700 E122.1692
G0 F9000 X110.477 Y113.294
G0 X110 Y112.994
G1 F2700 E127.1692
G1 F1507.5 X109.914 Y113.081 E127.17163
G1 F1500 X109.872 Y113.256 E127.17522
G1 X109.868 Y114.978 E127.20958
G1 X109.822 Y115.088 E127.21196
G1 X109.703 Y115.158 E127.21472
G1 X109.027 Y115.16 E127.22821
G1 F1428.6 X108.91 Y115.017 E127.23208
G1 F1304.3 X108.835 Y113.1 E127.27611
G1 X108.042 Y115.041 E127.32423
G1 F1428.6 X107.903 Y115.158 E127.32803
G1 F1500 X107.204 Y115.16 E127.34198
G1 X107.081 Y115.118 E127.34458
G1 X107.016 Y115.029 E127.34678
G1 F1550.4 X106.756 Y114.278 E127.36212
G1 F1456.3 X106.623 Y114.028 E127.36794
G1 F1330.4 X106.5 Y113.69 E127.37603
G1 F1492.5 X106.386 Y113.235 E127.38544
G1 X106.438 Y113.7 E127.39482
G1 F1330.4 X106.312 Y113.903 E127.4002
G1 F1388.9 X105.051 Y113.907 E127.42738
G1 F1449.3 X105.051 Y114.321 E127.43593
G1 F1388.9 X106.334 Y114.316 E127.46358
G1 F1442.3 X106.445 Y114.528 E127.46855
G1 F1558.4 X106.457 Y115.011 E127.47783
G1 F1519 X106.379 Y115.118 E127.48044
G1 F1500 X106.291 Y115.158 E127.48237
G1 X104.253 Y115.159 E127.52304
G1 X104.159 Y115.12 E127.52507
G1 X104.083 Y114.995 E127.52799
G1 X104.08 Y112.288 E127.58201
G1 X104.151 Y112.134 E127.58539
G1 X104.245 Y112.091 E127.58746
G1 X104.844 Y112.088 E127.59941
G1 X104.994 Y112.155 E127.60269
G1 X105.044 Y112.288 E127.60552
G1 X105.044 Y113.068 E127.62109
G1 F1534.5 X106.212 Y113.076 E127.64387
G1 F1587.3 X106.354 Y113.189 E127.6473
G1 F1546.4 X106.03 Y112.323 E127.66519
G1 F1500 X106.078 Y112.155 E127.66868
G1 X106.193 Y112.091 E127.67131
G1 X106.788 Y112.088 E127.68318
G1 X106.959 Y112.17 E127.68697
G1 X107.167 Y112.767 E127.69958
G1 X107.905 Y112.767 E127.71431
G1 X108.112 Y112.172 E127.72688
G1 X108.249 Y112.091 E127.73006
G1 X108.84 Y112.088 E127.74185
G1 X108.954 Y112.123 E127.74423
G1 F1449.3 X109.058 Y112.279 E127.7481
G1 F1351.4 X108.983 Y112.639 E127.75625
G1 F1398.6 X109.39 Y112.277 E127.76791
G1 F1500 X109.783 Y112.08 E127.77668
G1 X110.26 Y112.048 E127.78622
G1 X110.694 Y112.074 E127.7949
G1 X111.041 Y112.222 E127.80243
G1 F1492.5 X111.357 Y112.469 E127.81047
G1 F1470.6 X111.566 Y112.812 E127.81865
G1 F1411.8 X111.656 Y113.081 E127.82466
G1 F1421.8 X111.675 Y112.723 E127.83221
G1 F1492.5 X111.676 Y112.285 E127.84099
G1 F1500 X111.715 Y112.168 E127.84345
G1 X111.841 Y112.091 E127.8464
G1 X113.872 Y112.088 E127.88693
G1 F1507.5 X114.008 Y112.144 E127.88985
G1 F1621.6 X114.045 Y112.288 E127.8926
G1 F1729.1 X114.044 Y112.75 E127.9006
G1 F1604.3 X113.872 Y112.92 E127.90511
G1 F1500 X112.636 Y112.92 E127.92977
G1 X112.636 Y114.978 E127.97084
G1 X112.593 Y115.085 E127.97314
G1 X112.471 Y115.158 E127.97598
G1 X111.81 Y115.157 E127.98917
G1 F1438.8 X111.66 Y114.978 E127.99403
G1 X111.509 Y115.158 E127.99892
G1 F1500 X110.884 Y115.16 E128.01139
G1 X110.73 Y115.088 E128.01478
G1 X110.684 Y114.978 E128.01716
G1 X110.684 Y113.265 E128.05135
G1 X110.569 Y112.988 E128.05733
G1 X110.371 Y112.899 E128.06167
G1 X110.069 Y112.924 E128.06771
G1 F1507.5 X110 Y112.994 E128.06966
G0 F9000 X110.186 Y113.218
G0 X108.978 Y112.664
G1 F1115.2 X108.836 Y113.119 E128.08246
G1 F2700 E123.08246
G0 F9000 X108.836 Y110.085
G0 X117.803 Y110.097
G0 X117.815 Y114.12
G0 X106.386 Y113.235
G1 F2700 E128.08246
G1 F1704.5 X106.377 Y113.207 E128.08297
G1 F2700 E123.08297
G0 F9000 X105.921 Y112.803
G0 X105.282 Y111.85
G0 X103.845 Y111.85
G0 X103.845 Y115.401
G0 X110 Y116.24
G0 X110 Y116.948
G1 F2700 E128.08297
G1 F1500 X115.747 Y116.948 E128.19766
G1 X116.049 Y116.884 E128.20382
G1 X116.365 Y116.742 E128.21074
G1 X116.61 Y116.521 E128.21732
G1 X116.773 Y116.295 E128.22288
G1 X116.884 Y116.05 E128.22825
G1 X116.948 Y115.732 E128.23472
G1 X116.948 Y110.948 E128.33019
G1 X103.048 Y110.948 E128.60758
G1 X103.049 Y115.747 E128.70335
G1 X103.112 Y116.049 E128.70951
G1 X103.254 Y116.365 E128.71642
G1 X103.475 Y116.61 E128.72301
G1 X103.701 Y116.774 E128.72858
G1 X103.946 Y116.884 E128.73394
G1 X104.264 Y116.948 E128.74041
G1 X110 Y116.948 E128.85488
G0 F9000 X110 Y116.173
G1 F2700 E123.85488
G0 F9000 X103.845 Y115.401
G0 X103.845 Y111.85
G0 X109.885 Y111.18
G0 X109.885 Y108.82
G0 X109.885 Y108.645
;TYPE:WALL-INNER
G1 F2700 E128.85488
G1 F1127.8 X110.364 Y108.52 E128.86802
G1 F1010.1 X109.899 Y108.202 E128.88471
G1 F1279.3 X109.666 Y108.3 E128.89063
G1 F1111.1 X109.275 Y108.513 E128.90262
G1 X109.7 Y108.644 E128.9146
G1 F1474.2 X109.885 Y108.645 E128.91836
G0 F9000 X110.364 Y108.52
G1 F906.3 X113.662 Y108.515 E129.02728
G0 F9000 X114.112 Y108.627
G1 F1092.9 X114.688 Y108.52 E129.04333
G1 X114.263 Y108.245 E129.0572
G1 F1357.5 X114.125 Y108.013 E129.06315
G1 X113.961 Y108.245 E129.06941
G1 F1081.1 X113.662 Y108.515 E129.08057
G1 X114.112 Y108.627 E129.09341
G0 F9000 X114.688 Y108.52
G1 F906.3 X115.31 Y108.515 E129.11395
G0 F9000 X116.119 Y108.219
G1 F1449.3 X116.166 Y107.917 E129.12027
G1 F1630.4 X116.166 Y105.116 E129.17169
G1 F1587.3 X116.152 Y104.335 E129.18642
G1 F1526.7 X116.068 Y104.074 E129.1918
G1 X115.805 Y103.875 E129.19826
G1 X115.635 Y103.844 E129.20165
G1 F1132.1 X115.184 Y103.982 E129.21412
G1 X115.741 Y104.289 E129.23094
G1 F1526.7 X115.917 Y104.44 E129.23549
G1 F1587.3 X116.166 Y105.116 E129.24907
G0 F9000 X116.023 Y104.28
G0 X115.184 Y103.982
G1 F898.2 X114.528 Y103.982 E129.27093
G0 F9000 X113.971 Y104.288
G1 F1333.3 X114.184 Y104.196 E129.27614
G1 F1162.8 X114.528 Y103.982 E129.28657
G1 F1013.5 X114.071 Y103.824 E129.30085
G1 X113.392 Y103.982 E129.32144
G1 F996.7 X113.971 Y104.288 E129.34111
G0 F9000 X113.392 Y103.982
G1 F888.9 X112.72 Y103.989 E129.36374
G1 X112.544 Y103.982 E129.36968
G1 F898.2 X110.364 Y103.982 E129.44233
G0 F9000 X109.528 Y104.28
G0 X109.378 Y104.675
G1 F1092.9 X109.579 Y104.383 E129.45204
G1 F1339.3 X110.02 Y104.205 E129.46267
G1 F1376.1 X110.18 Y104.068 E129.46725
G1 F1005 X110.364 Y103.982 E129.4733
G1 F1183.4 X109.96 Y103.864 E129.48394
G1 F1339.3 X109.378 Y103.922 E129.49702
G1 F986.8 X108.392 Y103.982 E129.52698
G1 X109.177 Y104.383 E129.55372
G1 F1092.9 X109.378 Y104.675 E129.56343
G0 F9000 X109.246 Y104.319
G0 X108.392 Y103.982
G1 F898.2 X107.832 Y103.982 E129.58209
G0 F9000 X105.47 Y104.308
G0 X105.056 Y104.463
G0 X104.686 Y104.705
G0 X104.373 Y105.031
G0 X103.838 Y105.907
G1 F1639.3 X103.823 Y106.097 E129.58557
G1 F1769.9 X103.812 Y106.468 E129.59185
G1 F1734.1 X103.829 Y106.941 E129.60002
G0 F9000 X103.838 Y105.907
G1 F1554.4 X103.925 Y105.544 E129.60721
G1 F1515.2 X104.095 Y105.173 E129.61527
G1 F1500 X104.29 Y104.891 E129.62211
G1 X104.577 Y104.598 E129.6303
G1 X104.999 Y104.315 E129.64044
G1 F1595.7 X105.413 Y104.184 E129.64858
G1 F1775.1 X105.811 Y104.134 E129.65535
G1 F1869.2 X106.34 Y104.122 E129.66382
G1 F1829.3 X106.623 Y104.151 E129.66848
G1 F1671.3 X107.252 Y104.295 E129.68003
G1 F1626 X107.488 Y104.198 E129.68473
G1 F1167.3 X107.832 Y103.982 E129.69515
G1 X107.425 Y103.847 E129.70614
G1 F1546.4 X107.207 Y103.862 E129.71037
G1 F1587.3 X106.672 Y103.819 E129.72049
G1 F1829.3 X106.328 Y103.806 E129.72613
G1 F1869.2 X105.784 Y103.811 E129.73484
G1 F1652.9 X105.013 Y103.848 E129.74882
G1 F1500 X104.335 Y103.848 E129.76235
G1 X104.076 Y103.932 E129.76778
G1 X103.879 Y104.192 E129.77429
G1 X103.849 Y104.344 E129.77738
G1 X103.848 Y105.446 E129.79938
G1 F1534.5 X103.838 Y105.907 E129.80837
G0 F9000 X104.041 Y107.189
G0 X104.509 Y108.249
G1 F1507.5 X104.181 Y107.924 E129.81754
G1 F1511.3 X103.915 Y107.368 E129.82975
G1 F1578.9 X103.829 Y106.941 E129.83801
G1 F1583.1 X103.845 Y107.291 E129.84463
G1 F1515.2 X103.847 Y108.249 E129.86356
G1 F1507.5 X104.509 Y108.249 E129.8767
G0 F9000 X104.891 Y108.648
G1 F1298.7 X105.274 Y108.586 E129.88564
G1 F1123.6 X105.516 Y108.497 E129.89251
G1 F1271.2 X104.847 Y108.025 E129.91179
G1 F1500 X104.502 Y107.669 E129.92169
G1 X104.295 Y107.237 E129.93125
G1 X104.205 Y106.876 E129.93867
G1 X104.176 Y106.468 E129.94683
G1 X104.201 Y106.06 E129.95499
G1 X104.3 Y105.685 E129.96273
G1 X104.501 Y105.246 E129.97237
G1 X104.832 Y104.912 E129.98175
G1 X105.162 Y104.687 E129.98972
G1 X105.537 Y104.547 E129.99771
G1 X105.965 Y104.484 E130.00634
G1 X106.433 Y104.479 E130.01568
G1 X107.11 Y104.694 E130.02986
G1 X107.316 Y104.846 E130.03497
G1 X107.451 Y104.652 E130.03968
G1 X107.757 Y104.516 E130.04637
G1 X108.392 Y104.516 E130.05904
G1 X108.831 Y104.706 E130.06858
G1 X108.932 Y104.854 E130.07216
G1 X108.992 Y105.094 E130.0771
G1 X108.992 Y105.46 E130.0844
G1 X109.384 Y105.466 E130.09222
G1 X109.764 Y105.598 E130.10025
G1 X109.764 Y105.094 E130.11031
G1 X109.824 Y104.854 E130.11525
G1 X109.925 Y104.706 E130.11882
G1 X110.152 Y104.554 E130.12427
G1 X110.289 Y104.516 E130.12711
G1 X112.606 Y104.516 E130.17335
G1 X112.803 Y104.523 E130.17728
G1 X113.392 Y104.516 E130.18904
G1 X113.675 Y104.586 E130.19486
G1 X113.914 Y104.82 E130.20153
G1 X113.944 Y104.93 E130.20381
G1 X114.147 Y104.651 E130.21069
G1 X114.447 Y104.516 E130.21726
G1 X115.184 Y104.516 E130.23196
G1 X115.414 Y104.561 E130.23664
G1 X115.625 Y104.708 E130.24177
G1 X115.784 Y105.116 E130.25051
G1 X115.784 Y107.871 E130.30549
G1 X115.73 Y108.041 E130.30905
G1 F1123.6 X115.31 Y108.515 E130.32592
G1 F998.3 X115.714 Y108.582 E130.3382
G1 F1284.8 X116.119 Y108.648 E130.34776
G1 F1500 X116.548 Y108.648 E130.35632
G1 X116.548 Y104.294 E130.44321
G1 X116.502 Y104.072 E130.44774
G1 X116.403 Y103.856 E130.45248
G1 X116.251 Y103.684 E130.45706
G1 X115.927 Y103.495 E130.46454
G1 X115.692 Y103.448 E130.46933
G1 X110.167 Y103.448 E130.57958
G1 X109.96 Y103.475 E130.58375
G1 X109.378 Y103.448 E130.59538
G1 X104.294 Y103.448 E130.69683
G1 X103.855 Y103.593 E130.70606
G1 X103.684 Y103.745 E130.71063
G1 X103.495 Y104.069 E130.71811
G1 X103.449 Y104.304 E130.72289
G1 X103.448 Y108.648 E130.80958
G1 X104.891 Y108.648 E130.83838
G0 F9000 X105.5 Y108.503
G1 F923.1 X106.048 Y108.542 E130.85619
G1 F949.4 X106.553 Y108.523 E130.87213
G0 F9000 X107.253 Y108.627
G1 F1090.9 X107.834 Y108.52 E130.88834
G1 X107.405 Y108.244 E130.90233
G1 F1354.4 X107.319 Y108.127 E130.90554
G1 X106.964 Y108.299 E130.91426
G1 F1094.9 X106.553 Y108.523 E130.92706
G1 F1061.9 X106.883 Y108.61 E130.93668
G1 F1304.3 X107.253 Y108.627 E130.94518
G0 F9000 X107.834 Y108.52
G1 F903.6 X109.275 Y108.513 E130.99292
G0 F9000 X110 Y109.048
;TYPE:WALL-OUTER
G1 F1500 X116.948 Y109.048 E131.13157
G1 X116.948 Y104.253 E131.22726
G1 X116.884 Y103.947 E131.2335
G1 X116.742 Y103.635 E131.24034
G1 X116.521 Y103.386 E131.24698
G1 X116.295 Y103.223 E131.25254
G1 X116.05 Y103.112 E131.25791
G1 X115.732 Y103.048 E131.26438
G1 X110.167 Y103.048 E131.37544
G1 X109.96 Y103.057 E131.37957
G1 X109.378 Y103.048 E131.39119
G1 X104.253 Y103.048 E131.49347
G1 X103.947 Y103.112 E131.4997
G1 X103.635 Y103.254 E131.50655
G1 X103.386 Y103.475 E131.51319
G1 X103.223 Y103.701 E131.51875
G1 X103.112 Y103.946 E131.52412
G1 X103.049 Y104.264 E131.53059
G1 X103.048 Y109.048 E131.62606
G1 X110 Y109.048 E131.76479
G1 F2700 E126.76479
G0 F9000 X110 Y108.74
G0 X109.956 Y107.952
G0 X110.19 Y107.143
G1 F2700 E131.76479
G1 F1749.3 X110.195 Y106.825 E131.77023
G1 X110.19 Y107.143 E131.77568
G0 F9000 X111.26 Y107.024
G1 F892.9 X112.298 Y107.024 E131.81048
G1 F952.4 X112.602 Y107.169 E131.82106
G1 F1181.1 X112.682 Y107.36 E131.82631
G1 F1398.6 X112.682 Y107.81 E131.83594
G0 F9000 X112.602 Y107.169
G1 F1092.9 X112.641 Y107.003 E131.84061
G1 F1500 X112.759 Y106.82 E131.84496
G1 F2033.9 X112.76 Y106.164 E131.85461
G1 F1363.6 X112.606 Y105.921 E131.86093
G1 F1049 X112.614 Y105.771 E131.86521
G1 X112.523 Y105.838 E131.86844
G1 F1287.6 X112.3 Y105.724 E131.87426
G1 F1704.5 X111.1 Y105.724 E131.89534
G1 X111.1 Y106.076 E131.90152
G1 X112.3 Y106.076 E131.92259
G1 F1287.6 X112.485 Y105.994 E131.9273
G1 F1098.9 X112.48 Y106.91 E131.95225
G1 F1015.2 X112.298 Y107.024 E131.95858
G1 F952.4 X112.602 Y107.169 E131.96917
G0 F9000 X112.614 Y105.771
G1 F1307.2 X112.719 Y105.578 E131.9742
G1 F1699.7 X112.72 Y105.116 E131.98233
G1 F2700 E126.98233
G0 F9000 X112.72 Y104.208
G0 X109.928 Y104.68
G0 X109.919 Y105.239
G0 X108.803 Y105.65
G0 X107.656 Y106.297
G1 F2700 E131.98233
G1 F1643.8 X107.643 Y106.796 E131.99142
G1 F2700 E126.99142
G0 F9000 X107.423 Y107.737
G0 X106.017 Y108.034
G1 F2700 E131.99142
G1 F1500 X105.556 Y107.962 E132.00074
G1 X105.152 Y107.764 E132.00971
G1 X104.847 Y107.456 E132.01836
G1 X104.683 Y107.123 E132.02577
G1 X104.599 Y106.807 E132.0323
G1 X104.576 Y106.454 E132.03936
G1 X104.602 Y106.108 E132.04628
G1 X104.674 Y105.836 E132.0519
G1 X104.837 Y105.476 E132.05978
G1 X105.1 Y105.209 E132.06726
G1 X105.37 Y105.036 E132.07366
G1 X105.654 Y104.934 E132.07968
G1 X105.938 Y104.886 E132.08543
G1 X106.372 Y104.88 E132.09409
G1 X106.956 Y105.061 E132.10629
G1 X107.326 Y105.384 E132.11609
G1 X107.585 Y105.81 E132.12604
G1 F1595.7 X107.656 Y106.297 E132.13528
G1 X107.632 Y105.836 E132.14393
G1 F1500 X107.632 Y105.116 E132.1583
G1 X107.667 Y105.001 E132.1607
G1 X107.797 Y104.918 E132.16378
G1 X108.392 Y104.916 E132.17565
G1 X108.539 Y104.979 E132.17885
G1 X108.592 Y105.108 E132.18163
G1 X108.592 Y105.86 E132.19664
G1 X109.295 Y105.862 E132.21066
G1 X109.668 Y105.988 E132.21852
G1 X109.92 Y106.162 E132.22463
G1 F1530.6 X110.15 Y106.541 E132.2333
G1 F1666.7 X110.195 Y106.825 E132.23847
G1 X110.173 Y106.535 E132.24369
G1 F1530.6 X110.164 Y106.132 E132.25157
G1 F1500 X110.164 Y105.108 E132.27201
G1 X110.217 Y104.979 E132.27479
G1 X110.329 Y104.918 E132.27734
G1 X112.6 Y104.918 E132.32266
G1 F1595.7 X112.72 Y105.116 E132.327
G1 X112.84 Y104.918 E132.33134
G1 F1500 X113.463 Y104.916 E132.34378
G1 X113.592 Y105.042 E132.34738
G1 X113.593 Y106.357 E132.37362
G1 X114.38 Y104.971 E132.40542
G1 X114.493 Y104.918 E132.40792
G1 X115.239 Y104.916 E132.4228
G1 X115.331 Y104.98 E132.42504
G1 X115.384 Y105.116 E132.42795
G1 X115.382 Y107.863 E132.48277
G1 X115.219 Y107.99 E132.4869
G1 X114.688 Y107.992 E132.49749
G1 X114.551 Y107.938 E132.50043
G1 X114.488 Y107.792 E132.5036
G1 X114.488 Y106.526 E132.52887
G1 X113.688 Y107.93 E132.56112
G1 X113.571 Y107.99 E132.56374
G1 F1496.3 X112.809 Y107.992 E132.57898
G1 F1442.3 X112.682 Y107.81 E132.58359
G1 X112.556 Y107.99 E132.58815
G1 F1496.3 X110.364 Y107.992 E132.632
G1 F1500 X110.245 Y107.953 E132.6345
G1 F1503.8 X110.164 Y107.833 E132.63738
G1 F1507.5 X110.166 Y107.542 E132.64316
G1 F1558.4 X110.187 Y107.192 E132.6499
G1 F1578.9 X110.058 Y107.565 E132.65738
G1 F1526.7 X109.8 Y107.801 E132.66424
G1 F1500 X109.588 Y107.905 E132.66895
G1 X109.183 Y107.986 E132.67719
G1 X107.833 Y107.992 E132.70413
G1 X107.694 Y107.938 E132.70711
G1 F1522.8 X107.631 Y107.84 E132.7094
G1 F1562.5 X107.643 Y106.796 E132.7294
G1 F1550.4 X107.568 Y107.121 E132.73584
G1 F1511.3 X107.418 Y107.441 E132.74284
G1 F1503.8 X107.099 Y107.765 E132.75189
G1 F1500 X106.742 Y107.934 E132.75977
G1 X106.443 Y108.008 E132.76592
G1 X106.017 Y108.034 E132.77444
G1 F2700 E127.77444
G0 F9000 X105.968 Y108.342
G0 X105.481 Y108.204
G0 X105.009 Y107.972
G0 X104.636 Y107.598
G0 X104.443 Y107.195
G0 X104.327 Y106.469
G0 X104.689 Y104.428
;TYPE:FILL
G1 F2700 E132.77444
G1 F3000 X103.929 Y104.631 E132.79013
G0 F9000 X105.628 Y103.868
G1 F3000 X105.853 Y104.094 E132.7965
G1 X105.942 Y104.092
G1 X106.442 Y103.958 E132.80683
G0 F9000 X106.22 Y103.844
G1 F3000 X106.154 Y104.088 E132.81187
G0 F9000 X105.93 Y103.948
G1 F2700 E127.81187
;MESH:NONMESH
G0 F300 Z1.88
G0 F9000 X105.757 Y104.705
G0 X106.027 Y105.963
G0 X106.094 Y106.793
;TIME_ELAPSED:521.132478
;LAYER:14
;TYPE:WALL-INNER
;MESH:Lens_Openscad 2.stl
G1 F2700 E132.81187
G1 F1604.3 X106.245 Y106.76 E132.81476
G1 X106.302 Y106.619 E132.8176
G1 F1595.7 X106.298 Y106.222 E132.82504
G1 F1587.3 X106.183 Y106.117 E132.82798
G1 F1578.9 X106.065 Y106.122 E132.83022
G1 X105.961 Y106.262 E132.83352
G1 F1591.5 X105.938 Y106.572 E132.83937
G1 F1604.3 X106.007 Y106.767 E132.84323
G1 X106.094 Y106.793 E132.84493
G0 F9000 X106.056 Y107.185
;TYPE:WALL-OUTER
G1 F1500 X106.324 Y107.16 E132.8503
G1 X106.469 Y107.089 E132.85352
G1 X106.576 Y106.971 E132.8567
G1 X106.683 Y106.714 E132.86225
G1 X106.706 Y106.463 E132.86728
G1 X106.683 Y106.199 E132.87257
G1 X106.614 Y106 E132.87677
G1 X106.465 Y105.821 E132.88142
G1 X106.265 Y105.723 E132.88587
G1 X105.925 Y105.737 E132.89266
G1 X105.709 Y105.904 E132.89811
G1 X105.585 Y106.137 E132.90337
G1 X105.527 Y106.544 E132.91158
G1 X105.638 Y106.92 E132.9194
G1 X105.815 Y107.114 E132.92464
G1 X106.056 Y107.185 E132.92966
G1 F2700 E127.92966
G0 F9000 X106.089 Y106.875
G0 X106.459 Y106.664
G0 X108.873 Y106.952
G0 X108.608 Y107.139
G1 F2700 E132.92966
G1 F1388.9 X108.608 Y106.705 E132.93901
G1 F1392.1 X109.109 Y106.707 E132.94978
G1 F1395.3 X109.214 Y106.807 E132.95289
G1 F1398.6 X109.24 Y107.008 E132.95723
G1 X109.174 Y107.102 E132.95969
G1 X109.052 Y107.138 E132.96241
G1 F1395.3 X108.608 Y107.139 E132.97194
G1 F2700 E127.97194
G0 F9000 X108.873 Y109.915
G0 X107.603 Y110.085
G0 X107.603 Y113.667
G1 F2700 E132.97194
G1 F1094.9 X107.569 Y113.726 E132.9738
G1 X107.501 Y113.726 E132.97566
G1 X107.467 Y113.667 E132.97752
G1 X107.501 Y113.608 E132.97938
G1 X107.569 Y113.608 E132.98124
G1 X107.603 Y113.667 E132.9831
G1 F2700 E127.9831
G0 F9000 X106.002 Y112.86
G0 X105.561 Y112.551
;TYPE:WALL-INNER
G1 F2700 E132.9831
G1 F985.2 X105.536 Y112.288 E132.99113
G1 F2700 E127.99113
G0 F9000 X105.282 Y111.85
G0 X103.845 Y111.85
G0 X103.564 Y112.288
G1 F2700 E132.99113
G1 F940.4 X103.569 Y115.084 E133.08013
G0 F9000 X103.755 Y115.836
G0 X104.216 Y116.04
G1 F1041.7 X104.352 Y116.054 E133.08405
G1 F1013.5 X106.393 Y116.054 E133.14434
G1 F931.7 X106.73 Y116.003 E133.15529
G1 F937.5 X107.204 Y116.054 E133.17051
G1 F1020.4 X107.868 Y116.054 E133.18999
G1 F1006.7 X108.058 Y116.046 E133.19564
G0 F9000 X108.488 Y116.157
G1 F1237.1 X109.108 Y116.054 E133.21085
G1 X108.588 Y115.804 E133.22481
G1 F1570.7 X108.488 Y115.725 E133.22724
G1 F1217 X108.058 Y116.046 E133.24044
G1 X108.488 Y116.157 E133.25136
G0 F9000 X109.108 Y116.054
G1 F1006.7 X109.858 Y116.046 E133.27366
G0 F9000 X110 Y116.084
G1 F1438.8 X110.276 Y116.159 E133.27961
G1 F1239.7 X110.884 Y116.054 E133.29451
G1 X110.373 Y115.808 E133.30821
G1 F1379.3 X110.284 Y115.731 E133.31076
G1 F1094.9 X109.858 Y116.046 E133.32524
G1 F1132.1 X110 Y116.084 E133.32913
G0 F9000 X110.884 Y116.054
G1 F1006.7 X112.626 Y116.046 E133.38093
G0 F9000 X113.068 Y116.155
G1 F1232 X113.7 Y116.054 E133.39648
G1 X113.17 Y115.8 E133.41076
G1 F1363.6 X113.079 Y115.718 E133.41345
G1 F1090.9 X112.626 Y116.046 E133.42879
G1 F1212.1 X113.068 Y116.155 E133.44004
G0 F9000 X113.7 Y116.054
G1 F1020.4 X115.655 Y116.054 E133.49739
G0 F9000 X110 Y116.24
G0 X110 Y116.548
G1 F1500 X115.706 Y116.548 E133.61126
G1 X116.143 Y116.403 E133.62045
G1 X116.424 Y116.095 E133.62877
G1 X116.54 Y115.747 E133.63609
G1 F1578.9 X116.561 Y115.06 E133.64912
G1 X116.223 Y115.513 E133.65983
G1 F1500 X116.065 Y115.556 E133.6631
G1 X113.7 Y115.56 E133.7103
G1 X113.38 Y115.468 E133.71694
G1 X113.229 Y115.333 E133.72098
G1 F1382.5 X113.068 Y115.015 E133.7287
G1 X112.907 Y115.333 E133.73642
G1 F1500 X112.756 Y115.468 E133.74046
G1 X112.519 Y115.56 E133.74553
G1 X111.794 Y115.56 E133.76
G1 X111.66 Y115.519 E133.7628
G1 X111.521 Y115.56 E133.76569
G1 X110.884 Y115.56 E133.7784
G1 X110.574 Y115.474 E133.78482
G1 X110.422 Y115.344 E133.78881
G1 F1463.4 X110.276 Y115.013 E133.79621
G1 X110.13 Y115.344 E133.80361
G1 F1500 X109.978 Y115.474 E133.8076
G1 X109.751 Y115.56 E133.81245
G1 X109.108 Y115.56 E133.82528
G1 X108.793 Y115.471 E133.83181
G1 X108.682 Y115.383 E133.83464
G1 X108.544 Y115.166 E133.83977
G1 X108.507 Y114.959 E133.84397
G1 X108.432 Y115.166 E133.84836
G1 X108.294 Y115.383 E133.85349
G1 X108.183 Y115.471 E133.85632
G1 X107.951 Y115.56 E133.86128
G1 X107.204 Y115.56 E133.87619
G1 X106.955 Y115.507 E133.88127
G1 X106.835 Y115.434 E133.88407
G1 X106.73 Y115.289 E133.88764
G1 X106.625 Y115.434 E133.89122
G1 X106.334 Y115.56 E133.89754
G1 X104.244 Y115.559 E133.93925
G1 F1301.5 X103.961 Y115.482 E133.946
G1 F1029.2 X103.569 Y115.084 E133.96225
G1 F1149.4 X103.449 Y115.705 E133.97872
G1 F1500 X103.593 Y116.143 E133.98792
G1 X103.744 Y116.311 E133.99243
G1 X104.069 Y116.501 E133.99994
G1 X104.304 Y116.548 E134.00472
G1 X110 Y116.548 E134.11839
G0 F9000 X110 Y116.24
G0 X110.276 Y115.873
G0 X110.276 Y115.013
G1 F1435.4 X110.276 Y113.316 E134.15378
G1 F2700 E129.15378
G0 F9000 X110.449 Y115.401
G0 X112.877 Y115.401
G0 X113.319 Y113.65
G0 X113.068 Y114.528
G1 F2700 E134.15378
G1 F1287.6 X113.068 Y115.015 E134.1651
G0 F9000 X113.068 Y114.528
G1 F1202.4 X113.464 Y113.903 E134.18352
G1 F1156.1 X113.912 Y113.876 E134.19514
G1 F1190.5 X113.912 Y113.339 E134.20865
G1 X113.872 Y113.372 E134.20995
G1 F1181.1 X113.543 Y113.375 E134.21829
G1 F1147.2 X113.37 Y113.387 E134.22281
G1 F1123.6 X113.103 Y113.387 E134.22993
G1 X113.103 Y113.654 E134.23704
G1 F1202.4 X113.068 Y114.528 E134.25882
G1 F2700 E129.25882
G0 F9000 X113.319 Y113.65
G0 X113.262 Y114.092
G0 X113.262 Y115.401
G0 X116.428 Y115.401
G0 X116.428 Y114.092
G0 X116.134 Y113.529
G1 F2700 E134.25882
G1 F1432 X116.135 Y112.288 E134.28476
G1 F1260.5 X116.08 Y111.815 E134.29607
G1 F2700 E129.29607
G0 F9000 X110 Y111.687
G1 F2700 E134.29607
G1 F1676 X110.283 Y111.673 E134.30113
G1 F1662 X110.797 Y111.696 E134.31039
G1 F1428.6 X111.225 Y111.829 E134.31978
G1 F1279.3 X111.364 Y111.919 E134.32366
G1 X111.473 Y111.798 E134.32747
G1 F1418.4 X111.774 Y111.709 E134.33409
G1 F1604.3 X113.872 Y111.703 E134.37324
G1 F1538.5 X114.131 Y111.742 E134.37834
G1 F1467 X114.218 Y111.802 E134.38049
G1 F1526.7 X114.462 Y111.709 E134.38561
G1 F1604.3 X115.124 Y111.703 E134.39797
G1 F1558.4 X115.663 Y112.021 E134.40999
G1 F1500 X115.725 Y112.288 E134.41546
G1 X115.724 Y113.928 E134.44818
G1 X116.075 Y113.933 E134.45519
G1 F1591.5 X116.565 Y114.528 E134.46969
G1 X116.543 Y113.529 E134.48848
G1 F1500 X116.546 Y111.349 E134.53199
G1 F1558.4 X115.124 Y111.333 E134.5593
G1 F1604.3 X114.43 Y111.335 E134.57225
G1 F1526.7 X114.218 Y111.352 E134.57642
G1 F1538.5 X113.872 Y111.333 E134.58316
G1 F1604.3 X111.742 Y111.335 E134.62291
G1 F1418.4 X111.324 Y111.382 E134.63178
G1 F1388.9 X110.961 Y111.345 E134.63965
G1 F1587.3 X110.694 Y111.33 E134.64469
G1 F1685.4 X110.197 Y111.323 E134.65352
G1 F1662 X109.707 Y111.332 E134.66235
G1 F1470.6 X109.319 Y111.37 E134.67028
G1 X108.84 Y111.333 E134.68006
G1 F1604.3 X108.15 Y111.335 E134.69293
G1 F1293.1 X107.536 Y111.424 E134.7073
G1 F1304.3 X106.788 Y111.333 E134.72459
G1 F1604.3 X106.094 Y111.335 E134.73754
G1 F1327.4 X105.536 Y111.411 E134.75024
G1 F1339.3 X104.844 Y111.333 E134.7658
G1 F1604.3 X104.146 Y111.335 E134.77883
G1 F1415.1 X103.72 Y111.384 E134.7879
G1 F1271.2 X103.484 Y111.384 E134.79345
G1 X103.484 Y111.62 E134.79901
G1 F1087 X103.564 Y112.288 E134.81754
G1 X103.871 Y111.8 E134.83342
G1 F1415.1 X104.178 Y111.709 E134.84019
G1 F1604.3 X104.844 Y111.703 E134.85262
G1 F1339.3 X105.34 Y111.847 E134.86416
G1 F1127.8 X105.456 Y112.015 E134.86958
G1 F1067.6 X105.536 Y112.288 E134.87756
G1 X105.616 Y112.015 E134.88553
G1 F1127.8 X105.732 Y111.847 E134.89095
G1 F1327.4 X106.126 Y111.709 E134.90037
G1 F1604.3 X106.788 Y111.703 E134.91272
G1 F1304.3 X107.319 Y111.87 E134.92549
G1 F1088.9 X107.505 Y112.292 E134.93817
G1 X107.567 Y112.292 E134.93988
G1 X107.753 Y111.87 E134.95255
G1 F1293.1 X108.182 Y111.709 E134.96316
G1 F1604.3 X108.84 Y111.703 E134.97544
G1 F1470.6 X109.193 Y111.775 E134.98277
G1 F1348.3 X109.279 Y111.861 E134.98547
G1 F1456.3 X109.641 Y111.705 E134.99357
G1 F1612.9 X110 Y111.687 E135.00024
G1 F2700 E130.00024
G0 F9000 X115.563 Y111.85
G0 X116.265 Y113.65
G0 X116.565 Y114.528
G1 F2700 E135.00024
G1 F1680.7 X116.561 Y115.06 E135.00972
G0 F9000 X116.245 Y115.835
G0 X113.7 Y115.873
G0 X113.7 Y115.16
;TYPE:WALL-OUTER
G1 F1500 X113.543 Y115.085 E135.01319
G1 X113.5 Y114.978 E135.01549
G1 X113.5 Y114.528 E135.02447
G1 X113.637 Y114.328 E135.02931
G1 X114.364 Y114.328 E135.04382
G1 X114.364 Y113.412 E135.0621
G1 F1604.3 X114.39 Y112.78 E135.0739
G1 F1729.1 X114.391 Y112.288 E135.08242
G1 F1621.6 X114.428 Y112.144 E135.08516
G1 F1507.5 X114.529 Y112.091 E135.08743
G1 F1500 X115.124 Y112.088 E135.0993
G1 X115.325 Y112.212 E135.10402
G1 X115.324 Y114.328 E135.14624
G1 X116.017 Y114.329 E135.16007
G1 X116.188 Y114.528 E135.16531
G1 X116.186 Y114.995 E135.17463
G1 X116.056 Y115.159 E135.1788
G1 X113.7 Y115.16 E135.22582
G0 F9000 X113.7 Y115.873
G0 X111.66 Y115.873
G0 X111.66 Y114.978
G1 F1369.9 X111.655 Y113.145 E135.26588
G1 F2700 E130.26588
G0 F9000 X110.477 Y113.294
G0 X110 Y112.994
G1 F2700 E135.26588
G1 F1500 X109.911 Y113.084 E135.2684
G1 X109.868 Y113.236 E135.27155
G1 X109.868 Y114.978 E135.30632
G1 X109.822 Y115.088 E135.3087
G1 X109.703 Y115.158 E135.31145
G1 X109.027 Y115.16 E135.32494
G1 F1428.6 X108.91 Y115.017 E135.32881
G1 F1304.3 X108.835 Y113.1 E135.37284
G1 X108.042 Y115.041 E135.42096
G1 F1428.6 X107.903 Y115.158 E135.42477
G1 F1500 X107.204 Y115.16 E135.43872
G1 X107.081 Y115.118 E135.44131
G1 X107.016 Y115.029 E135.44351
G1 F1550.4 X106.756 Y114.278 E135.45886
G1 F1456.3 X106.623 Y114.028 E135.46468
G1 F1330.4 X106.5 Y113.69 E135.47277
G1 F1492.5 X106.386 Y113.235 E135.48218
G1 X106.438 Y113.7 E135.49156
G1 F1330.4 X106.312 Y113.903 E135.49694
G1 F1388.9 X105.051 Y113.907 E135.52411
G1 F1449.3 X105.051 Y114.321 E135.53267
G1 F1388.9 X106.334 Y114.316 E135.56032
G1 F1442.3 X106.445 Y114.528 E135.56528
G1 F1558.4 X106.457 Y115.011 E135.57456
G1 F1519 X106.379 Y115.118 E135.57717
G1 F1500 X106.291 Y115.158 E135.5791
G1 X104.253 Y115.159 E135.61977
G1 X104.159 Y115.12 E135.6218
G1 X104.083 Y114.995 E135.62472
G1 X104.08 Y112.288 E135.67874
G1 X104.151 Y112.134 E135.68213
G1 X104.245 Y112.091 E135.68419
G1 X104.844 Y112.088 E135.69615
G1 X104.994 Y112.155 E135.69942
G1 X105.044 Y112.288 E135.70226
G1 X105.044 Y113.068 E135.71782
G1 F1534.5 X106.212 Y113.076 E135.74061
G1 F1587.3 X106.354 Y113.189 E135.74403
G1 F1546.4 X106.03 Y112.323 E135.76193
G1 F1500 X106.078 Y112.155 E135.76542
G1 X106.193 Y112.091 E135.76804
G1 X106.788 Y112.088 E135.77992
G1 X106.959 Y112.17 E135.7837
G1 X107.167 Y112.767 E135.79632
G1 X107.905 Y112.767 E135.81105
G1 X108.112 Y112.172 E135.82362
G1 X108.249 Y112.091 E135.82679
G1 X108.84 Y112.088 E135.83859
G1 X108.954 Y112.123 E135.84097
G1 F1449.3 X109.058 Y112.279 E135.84484
G1 F1351.4 X108.983 Y112.639 E135.85299
G1 F1398.6 X109.39 Y112.277 E135.86464
G1 F1500 X109.783 Y112.08 E135.87342
G1 X110.26 Y112.048 E135.88296
G1 X110.694 Y112.074 E135.89163
G1 X111.041 Y112.222 E135.89916
G1 X111.355 Y112.467 E135.90711
G1 F1492.5 X111.559 Y112.79 E135.91477
G1 F1421.8 X111.655 Y113.145 E135.92251
G1 F1425.2 X111.676 Y112.717 E135.93152
G1 F1500 X111.676 Y112.285 E135.94014
G1 X111.715 Y112.168 E135.9426
G1 X111.841 Y112.091 E135.94554
G1 X113.872 Y112.088 E135.98607
G1 F1507.5 X114.008 Y112.144 E135.989
G1 F1621.6 X114.045 Y112.288 E135.99174
G1 F1729.1 X114.044 Y112.75 E135.99974
G1 F1604.3 X113.872 Y112.92 E136.00425
G1 F1500 X112.636 Y112.92 E136.02892
G1 X112.636 Y114.978 E136.06999
G1 X112.593 Y115.085 E136.07229
G1 X112.471 Y115.158 E136.07512
G1 X111.81 Y115.157 E136.08832
G1 F1438.8 X111.66 Y114.978 E136.09317
G1 X111.509 Y115.158 E136.09806
G1 F1500 X110.884 Y115.16 E136.11053
G1 X110.73 Y115.088 E136.11393
G1 X110.684 Y114.978 E136.11631
G1 X110.684 Y113.265 E136.15049
G1 X110.569 Y112.988 E136.15648
G1 X110.371 Y112.899 E136.16081
G1 X110.069 Y112.924 E136.16686
G1 X110 Y112.994 E136.16882
G0 F9000 X110.186 Y113.218
G0 X108.978 Y112.664
G1 F1115.2 X108.836 Y113.119 E136.18161
G1 F2700 E131.18161
G0 F9000 X108.836 Y110.085
G0 X117.804 Y110.097
G0 X117.81 Y114.122
G0 X106.386 Y113.235
G1 F2700 E136.18161
G1 F1704.5 X106.377 Y113.207 E136.18213
G1 F2700 E131.18213
G0 F9000 X105.921 Y112.803
G0 X105.282 Y111.85
G0 X103.845 Y111.85
G0 X103.845 Y115.401
G0 X110 Y116.24
G0 X110 Y116.948
G1 F2700 E136.18213
G1 F1500 X115.747 Y116.948 E136.29681
G1 X116.049 Y116.884 E136.30298
G1 X116.365 Y116.742 E136.30989
G1 X116.61 Y116.521 E136.31647
G1 X116.773 Y116.295 E136.32203
G1 X116.884 Y116.045 E136.32749
G1 X116.94 Y115.79 E136.3327
G1 X116.947 Y110.949 E136.42931
G1 X103.048 Y110.948 E136.70668
G1 X103.049 Y115.747 E136.80245
G1 X103.112 Y116.049 E136.80861
G1 X103.254 Y116.365 E136.81552
G1 X103.475 Y116.61 E136.8221
G1 X103.701 Y116.774 E136.82768
G1 X103.946 Y116.884 E136.83304
G1 X104.264 Y116.948 E136.83951
G1 X110 Y116.948 E136.95398
G0 F9000 X110 Y116.173
G1 F2700 E131.95398
G0 F9000 X103.845 Y115.401
G0 X103.845 Y111.85
G0 X109.885 Y111.18
G0 X109.885 Y108.82
G0 X109.885 Y108.645
;TYPE:WALL-INNER
G1 F2700 E136.95398
G1 F1127.8 X110.364 Y108.52 E136.96712
G1 F1010.1 X109.899 Y108.202 E136.98381
G1 F1279.3 X109.666 Y108.3 E136.98973
G1 F1111.1 X109.275 Y108.513 E137.00172
G1 X109.7 Y108.644 E137.0137
G1 F1474.2 X109.885 Y108.645 E137.01746
G0 F9000 X110.364 Y108.52
G1 F906.3 X113.662 Y108.515 E137.12638
G0 F9000 X114.112 Y108.627
G1 F1092.9 X114.688 Y108.52 E137.14243
G1 X114.263 Y108.245 E137.15629
G1 F1357.5 X114.125 Y108.013 E137.16225
G1 X113.961 Y108.245 E137.16851
G1 F1081.1 X113.662 Y108.515 E137.17967
G1 X114.112 Y108.627 E137.19251
G0 F9000 X114.688 Y108.52
G1 F906.3 X115.31 Y108.515 E137.21305
G0 F9000 X116.119 Y108.219
G1 F1449.3 X116.166 Y107.917 E137.21936
G1 F1630.4 X116.166 Y105.116 E137.27079
G1 F1587.3 X116.152 Y104.335 E137.28552
G1 F1526.7 X116.068 Y104.074 E137.2909
G1 X115.805 Y103.875 E137.29736
G1 X115.635 Y103.844 E137.30075
G1 F1132.1 X115.184 Y103.982 E137.31322
G1 X115.741 Y104.289 E137.33004
G1 F1526.7 X115.917 Y104.44 E137.33458
G1 F1587.3 X116.166 Y105.116 E137.34817
G0 F9000 X116.023 Y104.28
G0 X115.184 Y103.982
G1 F898.2 X114.528 Y103.982 E137.37003
G0 F9000 X113.971 Y104.288
G1 F1333.3 X114.184 Y104.196 E137.37524
G1 F1162.8 X114.528 Y103.982 E137.38567
G1 F1013.5 X114.071 Y103.824 E137.39995
G1 X113.392 Y103.982 E137.42054
G1 F996.7 X113.971 Y104.288 E137.44021
G0 F9000 X113.392 Y103.982
G1 F888.9 X112.72 Y103.989 E137.46284
G1 X112.544 Y103.982 E137.46877
G1 F898.2 X110.364 Y103.982 E137.54143
G0 F9000 X109.528 Y104.28
G0 X109.378 Y104.675
G1 F1092.9 X109.579 Y104.383 E137.55114
G1 F1339.3 X110.02 Y104.205 E137.56177
G1 F1376.1 X110.18 Y104.068 E137.56635
G1 F1005 X110.364 Y103.982 E137.5724
G1 F1183.4 X109.96 Y103.864 E137.58304
G1 F1339.3 X109.378 Y103.922 E137.59611
G1 F986.8 X108.392 Y103.982 E137.62608
G1 X109.177 Y104.383 E137.65282
G1 F1092.9 X109.378 Y104.675 E137.66253
G0 F9000 X109.246 Y104.319
G0 X108.392 Y103.982
G1 F898.2 X107.832 Y103.982 E137.68119
G0 F9000 X107.223 Y104.313
G1 F1318.7 X107.488 Y104.197 E137.68776
G1 F1165 X107.832 Y103.982 E137.69818
G1 X107.425 Y103.845 E137.70921
G1 F1538.5 X107.198 Y103.857 E137.71364
G1 F1094.9 X106.664 Y103.988 E137.72867
G1 F978.8 X107.223 Y104.313 E137.74844
G0 F9000 X106.664 Y103.988
G1 F916 X106.34 Y103.964 E137.75906
G1 F946.4 X105.96 Y103.966 E137.77108
G1 F898.2 X105.496 Y103.998 E137.78658
G0 F9000 X104.419 Y104.996
G0 X103.854 Y105.814
G1 F1500 X103.959 Y105.47 E137.79376
G1 X104.095 Y105.174 E137.80026
G1 X104.29 Y104.891 E137.80712
G1 X104.596 Y104.582 E137.8158
G1 X104.889 Y104.389 E137.8228
G1 X105.091 Y104.286 E137.82732
G1 F1090.9 X105.496 Y103.998 E137.84096
G1 F970.9 X105.278 Y103.915 E137.84815
G1 F1282.1 X105.013 Y103.848 E137.85453
G1 F1500 X104.335 Y103.848 E137.86806
G1 X104.076 Y103.932 E137.8735
G1 X103.92 Y104.102 E137.8781
G1 X103.856 Y104.295 E137.88216
G1 X103.854 Y105.814 E137.91247
G0 F9000 X103.915 Y106.642
G0 X104.031 Y107.189
G0 X104.509 Y108.249
G1 F1507.5 X104.18 Y107.924 E137.92165
G1 X103.965 Y107.467 E137.93168
G1 X103.85 Y107.058 E137.94012
G1 X103.848 Y108.249 E137.96377
G1 X104.509 Y108.249 E137.97689
G0 F9000 X104.891 Y108.648
G1 F1298.7 X105.274 Y108.586 E137.98584
G1 F1123.6 X105.516 Y108.497 E137.99271
G1 F1271.2 X104.847 Y108.025 E138.01198
G1 F1500 X104.501 Y107.669 E138.02189
G1 X104.325 Y107.297 E138.0301
G1 F1239.7 X104.085 Y106.674 E138.04623
G1 F1052.6 X104.116 Y106.002 E138.06536
G1 F1234.6 X104.287 Y105.736 E138.07302
G1 F1500 X104.323 Y105.637 E138.07513
G1 X104.502 Y105.245 E138.08373
G1 X104.832 Y104.912 E138.09308
G1 X105.162 Y104.687 E138.10105
G1 X105.537 Y104.547 E138.10904
G1 X105.965 Y104.484 E138.11767
G1 X106.427 Y104.479 E138.12689
G1 X107.091 Y104.677 E138.14072
G1 X107.317 Y104.843 E138.14632
G1 X107.453 Y104.651 E138.15101
G1 X107.757 Y104.516 E138.15765
G1 X108.392 Y104.516 E138.17032
G1 X108.831 Y104.706 E138.17987
G1 X108.932 Y104.854 E138.18344
G1 X108.992 Y105.094 E138.18838
G1 X108.992 Y105.46 E138.19568
G1 X109.384 Y105.466 E138.20351
G1 X109.764 Y105.598 E138.21154
G1 X109.764 Y105.094 E138.22159
G1 X109.824 Y104.854 E138.22653
G1 X109.925 Y104.706 E138.23011
G1 X110.152 Y104.554 E138.23556
G1 X110.289 Y104.516 E138.2384
G1 X112.606 Y104.516 E138.28463
G1 X112.803 Y104.523 E138.28857
G1 X113.392 Y104.516 E138.30032
G1 X113.675 Y104.586 E138.30614
G1 X113.914 Y104.82 E138.31282
G1 X113.944 Y104.93 E138.31509
G1 X114.147 Y104.651 E138.32198
G1 X114.447 Y104.516 E138.32854
G1 X115.184 Y104.516 E138.34325
G1 X115.414 Y104.561 E138.34793
G1 X115.625 Y104.708 E138.35306
G1 X115.784 Y105.116 E138.3618
G1 X115.784 Y107.871 E138.41678
G1 X115.73 Y108.041 E138.42033
G1 F1123.6 X115.31 Y108.515 E138.43721
G1 F998.3 X115.714 Y108.582 E138.44949
G1 F1284.8 X116.119 Y108.648 E138.45905
G1 F1500 X116.548 Y108.648 E138.46761
G1 X116.548 Y104.294 E138.5545
G1 X116.502 Y104.072 E138.55902
G1 X116.403 Y103.856 E138.56376
G1 X116.251 Y103.684 E138.56834
G1 X115.927 Y103.495 E138.57583
G1 X115.692 Y103.448 E138.58061
G1 X110.167 Y103.448 E138.69087
G1 X109.96 Y103.475 E138.69503
G1 X109.378 Y103.448 E138.70666
G1 X104.294 Y103.448 E138.80812
G1 X103.855 Y103.593 E138.81734
G1 X103.571 Y103.901 E138.8257
G1 X103.456 Y104.252 E138.83308
G1 X103.454 Y105.63 E138.86058
G1 F1214.6 X103.547 Y105.915 E138.86796
G1 F1041.7 X103.534 Y106.749 E138.89193
G1 F1244.8 X103.451 Y107.259 E138.90436
G1 F1500 X103.449 Y108.648 E138.93208
G1 X104.891 Y108.648 E138.96085
G0 F9000 X105.5 Y108.503
G1 F923.1 X106.048 Y108.542 E138.97867
G1 F949.4 X106.553 Y108.523 E138.9946
G0 F9000 X107.253 Y108.627
G1 F1090.9 X107.834 Y108.52 E139.01081
G1 X107.405 Y108.244 E139.02481
G1 F1354.4 X107.319 Y108.127 E139.02802
G1 X106.964 Y108.299 E139.03674
G1 F1094.9 X106.553 Y108.523 E139.04954
G1 F1061.9 X106.883 Y108.61 E139.05916
G1 F1304.3 X107.253 Y108.627 E139.06766
G0 F9000 X107.834 Y108.52
G1 F903.6 X109.275 Y108.513 E139.11539
G0 F9000 X110 Y109.048
;TYPE:WALL-OUTER
G1 F1500 X116.948 Y109.048 E139.25405
G1 X116.948 Y104.253 E139.34974
G1 X116.884 Y103.947 E139.35598
G1 X116.742 Y103.635 E139.36282
G1 X116.521 Y103.386 E139.36946
G1 X116.295 Y103.223 E139.37502
G1 X116.05 Y103.112 E139.38039
G1 X115.732 Y103.048 E139.38686
G1 X110.167 Y103.048 E139.49792
G1 X109.96 Y103.057 E139.50205
G1 X109.378 Y103.048 E139.51367
G1 X104.253 Y103.048 E139.61594
G1 X103.947 Y103.112 E139.62218
G1 X103.635 Y103.254 E139.62902
G1 X103.386 Y103.475 E139.63567
G1 X103.223 Y103.701 E139.64123
G1 X103.112 Y103.951 E139.64669
G1 X103.056 Y104.21 E139.65198
G1 X103.049 Y109.048 E139.74852
G1 X110 Y109.048 E139.88724
G1 F2700 E134.88724
G0 F9000 X110 Y108.74
G0 X109.956 Y107.952
G0 X110.189 Y107.166
G1 F2700 E139.88724
G1 F1759.5 X110.198 Y106.8 E139.89347
G1 F1775.1 X110.192 Y106.73 E139.89465
G0 F9000 X111.26 Y107.024
G1 F892.9 X112.298 Y107.024 E139.92945
G1 F952.4 X112.602 Y107.169 E139.94004
G1 F1181.1 X112.682 Y107.36 E139.94529
G1 F1398.6 X112.682 Y107.81 E139.95492
G0 F9000 X112.602 Y107.169
G1 F1092.9 X112.641 Y107.003 E139.95959
G1 F1500 X112.759 Y106.82 E139.96393
G1 F2033.9 X112.76 Y106.164 E139.97359
G1 F1363.6 X112.606 Y105.921 E139.9799
G1 F1049 X112.614 Y105.771 E139.98419
G1 X112.523 Y105.838 E139.98741
G1 F1287.6 X112.3 Y105.724 E139.99324
G1 F1704.5 X111.1 Y105.724 E140.01431
G1 X111.1 Y106.076 E140.02049
G1 X112.3 Y106.076 E140.04157
G1 F1287.6 X112.485 Y105.994 E140.04627
G1 F1098.9 X112.48 Y106.91 E140.07122
G1 F1015.2 X112.298 Y107.024 E140.07755
G1 F952.4 X112.602 Y107.169 E140.08814
G0 F9000 X112.614 Y105.771
G1 F1307.2 X112.719 Y105.578 E140.09317
G1 F1699.7 X112.72 Y105.116 E140.10131
G1 F2700 E135.10131
G0 F9000 X112.72 Y104.208
G0 X109.928 Y104.68
G0 X109.919 Y105.239
G0 X108.803 Y105.65
G0 X107.658 Y106.306
G1 F2700 E140.10131
G1 F1652.9 X107.643 Y106.796 E140.11019
G1 F2700 E135.11019
G0 F9000 X107.423 Y107.737
G0 X106.017 Y108.034
G1 F2700 E140.11019
G1 F1500 X105.556 Y107.962 E140.1195
G1 X105.152 Y107.764 E140.12848
G1 X104.847 Y107.456 E140.13713
G1 X104.672 Y107.083 E140.14535
G1 X104.57 Y106.619 E140.15483
G1 X104.602 Y106.113 E140.16495
G1 X104.686 Y105.804 E140.17134
G1 X104.837 Y105.475 E140.17856
G1 X105.1 Y105.209 E140.18603
G1 X105.37 Y105.036 E140.19243
G1 X105.654 Y104.934 E140.19845
G1 X105.938 Y104.886 E140.2042
G1 X106.369 Y104.88 E140.2128
G1 X106.957 Y105.057 E140.22505
G1 X107.386 Y105.439 E140.23652
G1 X107.601 Y105.884 E140.24638
G1 F1604.3 X107.658 Y106.306 E140.25432
G1 X107.632 Y105.881 E140.26227
G1 F1500 X107.632 Y105.116 E140.27753
G1 X107.667 Y105.001 E140.27993
G1 X107.797 Y104.918 E140.28301
G1 X108.392 Y104.916 E140.29489
G1 X108.539 Y104.979 E140.29808
G1 X108.592 Y105.108 E140.30086
G1 X108.592 Y105.86 E140.31587
G1 X109.295 Y105.862 E140.3299
G1 X109.672 Y105.989 E140.33784
G1 X109.922 Y106.175 E140.34405
G1 F1554.4 X110.08 Y106.366 E140.34883
G1 F1676 X110.192 Y106.73 E140.35563
G1 F1612.9 X110.164 Y106.307 E140.3635
G1 F1500 X110.164 Y105.108 E140.38742
G1 X110.217 Y104.979 E140.39021
G1 X110.329 Y104.918 E140.39275
G1 X112.6 Y104.918 E140.43807
G1 F1595.7 X112.72 Y105.116 E140.44242
G1 X112.84 Y104.918 E140.44676
G1 F1500 X113.463 Y104.916 E140.45919
G1 X113.592 Y105.042 E140.46279
G1 X113.593 Y106.357 E140.48903
G1 X114.38 Y104.971 E140.52084
G1 X114.493 Y104.918 E140.52333
G1 X115.239 Y104.916 E140.53822
G1 X115.331 Y104.98 E140.54045
G1 X115.384 Y105.116 E140.54337
G1 X115.382 Y107.863 E140.59819
G1 X115.219 Y107.99 E140.60231
G1 X114.688 Y107.992 E140.61291
G1 X114.551 Y107.938 E140.61585
G1 X114.488 Y107.792 E140.61902
G1 X114.488 Y106.526 E140.64428
G1 X113.688 Y107.93 E140.67653
G1 X113.571 Y107.99 E140.67915
G1 F1496.3 X112.809 Y107.992 E140.6944
G1 F1442.3 X112.682 Y107.81 E140.69901
G1 X112.556 Y107.99 E140.70357
G1 F1496.3 X110.364 Y107.992 E140.74742
G1 F1500 X110.245 Y107.953 E140.74992
G1 F1503.8 X110.164 Y107.833 E140.7528
G1 F1507.5 X110.166 Y107.542 E140.75858
G1 F1558.4 X110.187 Y107.192 E140.76531
G1 F1578.9 X110.058 Y107.565 E140.7728
G1 F1526.7 X109.8 Y107.801 E140.77965
G1 F1500 X109.588 Y107.905 E140.78436
G1 X109.183 Y107.986 E140.79261
G1 X107.833 Y107.992 E140.81955
G1 X107.694 Y107.938 E140.82252
G1 F1522.8 X107.631 Y107.84 E140.82481
G1 F1562.5 X107.643 Y106.796 E140.84481
G1 F1550.4 X107.568 Y107.121 E140.85125
G1 F1511.3 X107.418 Y107.441 E140.85825
G1 F1503.8 X107.099 Y107.765 E140.8673
G1 F1500 X106.742 Y107.934 E140.87519
G1 X106.443 Y108.008 E140.88133
G1 X106.017 Y108.034 E140.88985
G1 F2700 E135.88985
G0 F9000 X105.968 Y108.342
G0 X105.481 Y108.204
G0 X105.009 Y107.972
G0 X104.636 Y107.598
G0 X104.44 Y107.187
G0 X104.341 Y106.723
G0 X104.499 Y104.567
;TYPE:FILL
G1 F2700 E140.88985
G1 F3000 X103.935 Y104.718 E140.9015
G0 F9000 X104.067 Y104.718
G1 F2700 E135.9015
;MESH:NONMESH
G0 F300 Z2
G0 F9000 X104.479 Y105.754
G0 X105.81 Y106.207
G0 X106.237 Y106.769
;TIME_ELAPSED:555.576257
;LAYER:15
;TYPE:WALL-INNER
;MESH:Lens_Openscad 2.stl
G1 F2700 E140.9015
G1 F1600 X106.317 Y106.47 E140.90729
G1 F1612.9 X106.274 Y106.192 E140.91251
G1 F1626 X106.184 Y106.111 E140.91474
G1 X106.028 Y106.14 E140.91766
G1 X105.942 Y106.327 E140.92145
G1 F1612.9 X105.942 Y106.589 E140.92632
G1 F1600 X106.007 Y106.767 E140.92986
G1 X106.237 Y106.769 E140.93416
G0 F9000 X106.056 Y107.185
;TYPE:WALL-OUTER
G1 F1500 X106.32 Y107.16 E140.93946
G1 X106.539 Y107.024 E140.9446
G1 X106.655 Y106.807 E140.94951
G1 X106.706 Y106.484 E140.95604
G1 X106.682 Y106.198 E140.96176
G1 X106.614 Y106 E140.96594
G1 X106.465 Y105.821 E140.97059
G1 X106.265 Y105.723 E140.97503
G1 X105.998 Y105.735 E140.98037
G1 X105.789 Y105.825 E140.98491
G1 X105.64 Y106.008 E140.98962
G1 X105.56 Y106.265 E140.99499
G1 X105.553 Y106.643 E141.00254
G1 X105.637 Y106.92 E141.00831
G1 X105.815 Y107.114 E141.01357
G1 X106.056 Y107.185 E141.01858
G1 F2700 E136.01858
G0 F9000 X106.089 Y106.875
G0 X106.438 Y106.736
G0 X108.873 Y106.952
G0 X108.608 Y107.139
G1 F2700 E141.01858
G1 F1388.9 X108.608 Y106.705 E141.02793
G1 F1392.1 X109.109 Y106.707 E141.03871
G1 F1395.3 X109.214 Y106.807 E141.04182
G1 F1398.6 X109.24 Y107.008 E141.04615
G1 X109.174 Y107.102 E141.04861
G1 X109.052 Y107.138 E141.05134
G1 F1395.3 X108.608 Y107.139 E141.06086
G1 F2700 E136.06086
G0 F9000 X108.873 Y109.915
G0 X107.603 Y110.085
G0 X107.603 Y113.667
G1 F2700 E141.06086
G1 F1094.9 X107.569 Y113.726 E141.06272
G1 X107.501 Y113.726 E141.06458
G1 X107.467 Y113.667 E141.06644
G1 X107.501 Y113.608 E141.0683
G1 X107.569 Y113.608 E141.07016
G1 X107.603 Y113.667 E141.07203
G1 F2700 E136.07203
G0 F9000 X106.002 Y112.86
G0 X105.561 Y112.551
;TYPE:WALL-INNER
G1 F2700 E141.07203
G1 F985.2 X105.536 Y112.288 E141.08005
G1 F2700 E136.08005
G0 F9000 X105.282 Y111.85
G0 X103.845 Y111.85
G0 X103.564 Y112.288
G1 F2700 E141.08005
G1 F940.4 X103.569 Y115.084 E141.16905
G0 F9000 X103.755 Y115.836
G0 X104.216 Y116.04
G1 F1041.7 X104.352 Y116.054 E141.17298
G1 F1013.5 X106.393 Y116.054 E141.23326
G1 F931.7 X106.73 Y116.003 E141.24421
G1 F937.5 X107.204 Y116.054 E141.25943
G1 F1020.4 X107.868 Y116.054 E141.27891
G1 F1006.7 X108.058 Y116.046 E141.28457
G0 F9000 X108.488 Y116.157
G1 F1237.1 X109.108 Y116.054 E141.29977
G1 X108.588 Y115.804 E141.31373
G1 F1570.7 X108.488 Y115.725 E141.31616
G1 F1217 X108.058 Y116.046 E141.32936
G1 X108.488 Y116.157 E141.34028
G0 F9000 X109.108 Y116.054
G1 F1006.7 X109.858 Y116.046 E141.36259
G0 F9000 X110 Y116.084
G1 F1438.8 X110.276 Y116.159 E141.36854
G1 F1239.7 X110.884 Y116.054 E141.38343
G1 X110.373 Y115.808 E141.39713
G1 F1379.3 X110.284 Y115.731 E141.39968
G1 F1094.9 X109.858 Y116.046 E141.41417
G1 F1132.1 X110 Y116.084 E141.41805
G0 F9000 X110.884 Y116.054
G1 F1006.7 X112.626 Y116.046 E141.46985
G0 F9000 X113.068 Y116.155
G1 F1232 X113.7 Y116.054 E141.4854
G1 X113.17 Y115.8 E141.49968
G1 F1363.6 X113.079 Y115.718 E141.50237
G1 F1090.9 X112.626 Y116.046 E141.51772
G1 F1212.1 X113.068 Y116.155 E141.52896
G0 F9000 X113.7 Y116.054
G1 F1020.4 X115.655 Y116.054 E141.58631
G0 F9000 X110 Y116.24
G0 X110 Y116.548
G1 F1500 X115.706 Y116.548 E141.70018
G1 X116.143 Y116.403 E141.70937
G1 X116.311 Y116.252 E141.71388
G1 X116.501 Y115.927 E141.72139
G1 X116.548 Y115.692 E141.72617
G1 F1562.5 X116.564 Y115.06 E141.73828
G1 X116.26 Y115.496 E141.74847
G1 F1500 X115.988 Y115.56 E141.75404
G1 X113.7 Y115.56 E141.7997
G1 X113.38 Y115.468 E141.80635
G1 X113.229 Y115.333 E141.81039
G1 F1382.5 X113.068 Y115.015 E141.81811
G1 X112.907 Y115.333 E141.82582
G1 F1500 X112.756 Y115.468 E141.82987
G1 X112.519 Y115.56 E141.83494
G1 X111.794 Y115.56 E141.84941
G1 X111.66 Y115.519 E141.8522
G1 X111.521 Y115.56 E141.8551
G1 X110.884 Y115.56 E141.86781
G1 X110.574 Y115.474 E141.87423
G1 X110.422 Y115.344 E141.87822
G1 F1463.4 X110.276 Y115.013 E141.88562
G1 X110.13 Y115.344 E141.89302
G1 F1500 X109.978 Y115.474 E141.89701
G1 X109.751 Y115.56 E141.90186
G1 X109.108 Y115.56 E141.91469
G1 X108.793 Y115.471 E141.92122
G1 X108.682 Y115.383 E141.92405
G1 X108.544 Y115.166 E141.92918
G1 X108.507 Y114.959 E141.93337
G1 X108.432 Y115.166 E141.93777
G1 X108.294 Y115.383 E141.9429
G1 X108.183 Y115.471 E141.94573
G1 X107.951 Y115.56 E141.95069
G1 X107.204 Y115.56 E141.96559
G1 X106.955 Y115.507 E141.97067
G1 X106.835 Y115.434 E141.97348
G1 X106.73 Y115.289 E141.97705
G1 X106.625 Y115.434 E141.98062
G1 X106.334 Y115.56 E141.98695
G1 X104.244 Y115.559 E142.02866
G1 F1301.5 X103.961 Y115.482 E142.0354
G1 F1029.2 X103.569 Y115.084 E142.05165
G1 F1149.4 X103.449 Y115.705 E142.06812
G1 F1500 X103.593 Y116.143 E142.07732
G1 X103.744 Y116.311 E142.08183
G1 X104.069 Y116.501 E142.08935
G1 X104.304 Y116.548 E142.09413
G1 X110 Y116.548 E142.2078
G0 F9000 X110 Y116.24
G0 X110.276 Y115.873
G0 X110.276 Y115.013
G1 F1442.3 X110.278 Y113.314 E142.24306
G1 F2700 E137.24306
G0 F9000 X110.449 Y115.401
G0 X112.877 Y115.401
G0 X113.319 Y113.65
G0 X113.068 Y114.528
G1 F2700 E142.24306
G1 F1287.6 X113.068 Y115.015 E142.25438
G0 F9000 X113.068 Y114.528
G1 F1202.4 X113.464 Y113.903 E142.2728
G1 F1156.1 X113.912 Y113.876 E142.28442
G1 F1190.5 X113.912 Y113.339 E142.29793
G1 X113.872 Y113.372 E142.29923
G1 F1181.1 X113.543 Y113.375 E142.30757
G1 F1147.2 X113.37 Y113.387 E142.31209
G1 F1123.6 X113.103 Y113.387 E142.31921
G1 X113.103 Y113.654 E142.32632
G1 F1202.4 X113.068 Y114.528 E142.34809
G1 F2700 E137.34809
G0 F9000 X113.319 Y113.65
G0 X113.262 Y114.092
G0 X113.262 Y115.401
G0 X116.428 Y115.401
G0 X116.428 Y114.092
G0 X116.136 Y113.527
G1 F2700 E142.34809
G1 F1415.1 X116.136 Y112.288 E142.3743
G1 F1252.6 X116.081 Y111.815 E142.38568
G1 F2700 E137.38568
G0 F9000 X110 Y111.687
G1 F2700 E142.38568
G1 F1676 X110.283 Y111.673 E142.39074
G1 F1662 X110.797 Y111.696 E142.40001
G1 F1428.6 X111.225 Y111.829 E142.4094
G1 F1279.3 X111.364 Y111.919 E142.41328
G1 X111.473 Y111.798 E142.41709
G1 F1418.4 X111.774 Y111.709 E142.42371
G1 F1604.3 X113.872 Y111.703 E142.46286
G1 F1538.5 X114.131 Y111.742 E142.46795
G1 F1467 X114.218 Y111.802 E142.47011
G1 F1526.7 X114.462 Y111.709 E142.47523
G1 F1604.3 X115.124 Y111.703 E142.48758
G1 F1558.4 X115.663 Y112.022 E142.49961
G1 F1500 X115.724 Y112.288 E142.50506
G1 X115.724 Y113.928 E142.53779
G1 X116.076 Y113.934 E142.54481
G1 F1578.9 X116.568 Y114.528 E142.55944
G1 X116.548 Y113.527 E142.57842
G1 F1500 X116.548 Y111.348 E142.6219
G1 F1558.4 X115.124 Y111.333 E142.64925
G1 F1604.3 X114.43 Y111.335 E142.6622
G1 F1526.7 X114.218 Y111.352 E142.66637
G1 F1538.5 X113.872 Y111.333 E142.67312
G1 F1604.3 X111.742 Y111.335 E142.71286
G1 F1418.4 X111.324 Y111.382 E142.72174
G1 F1388.9 X110.961 Y111.345 E142.7296
G1 F1587.3 X110.694 Y111.33 E142.73464
G1 F1685.4 X110.197 Y111.323 E142.74347
G1 F1662 X109.707 Y111.332 E142.7523
G1 F1470.6 X109.319 Y111.37 E142.76023
G1 X108.84 Y111.333 E142.77001
G1 F1604.3 X108.15 Y111.335 E142.78289
G1 F1293.1 X107.536 Y111.424 E142.79725
G1 F1304.3 X106.788 Y111.333 E142.81454
G1 F1604.3 X106.094 Y111.335 E142.82749
G1 F1327.4 X105.536 Y111.411 E142.84019
G1 F1339.3 X104.844 Y111.333 E142.85576
G1 F1604.3 X104.146 Y111.335 E142.86878
G1 F1415.1 X103.72 Y111.384 E142.87785
G1 F1271.2 X103.484 Y111.384 E142.88341
G1 X103.484 Y111.62 E142.88897
G1 F1087 X103.564 Y112.288 E142.90749
G1 X103.871 Y111.8 E142.92337
G1 F1415.1 X104.178 Y111.709 E142.93014
G1 F1604.3 X104.844 Y111.703 E142.94257
G1 F1339.3 X105.34 Y111.847 E142.95412
G1 F1127.8 X105.456 Y112.015 E142.95953
G1 F1067.6 X105.536 Y112.288 E142.96751
G1 X105.616 Y112.015 E142.97549
G1 F1127.8 X105.732 Y111.847 E142.98091
G1 F1327.4 X106.126 Y111.709 E142.99032
G1 F1604.3 X106.788 Y111.703 E143.00267
G1 F1304.3 X107.319 Y111.87 E143.01545
G1 F1088.9 X107.505 Y112.292 E143.02812
G1 X107.567 Y112.292 E143.02983
G1 X107.753 Y111.87 E143.04251
G1 F1293.1 X108.182 Y111.709 E143.05311
G1 F1604.3 X108.84 Y111.703 E143.06539
G1 F1470.6 X109.193 Y111.775 E143.07272
G1 F1348.3 X109.279 Y111.861 E143.07542
G1 F1456.3 X109.641 Y111.705 E143.08353
G1 F1612.9 X110 Y111.687 E143.0902
G1 F2700 E138.0902
G0 F9000 X115.563 Y111.85
G0 X116.27 Y113.65
G0 X116.568 Y114.528
G1 F2700 E143.0902
G1 F1648.4 X116.564 Y115.06 E143.09986
G0 F9000 X116.243 Y115.835
G0 X113.7 Y115.873
G0 X113.7 Y115.16
;TYPE:WALL-OUTER
G1 F1500 X113.543 Y115.085 E143.10333
G1 X113.5 Y114.978 E143.10563
G1 X113.5 Y114.528 E143.11461
G1 X113.637 Y114.328 E143.11945
G1 X114.364 Y114.328 E143.13396
G1 X114.364 Y113.412 E143.15224
G1 F1604.3 X114.39 Y112.78 E143.16404
G1 F1729.1 X114.391 Y112.288 E143.17256
G1 F1621.6 X114.428 Y112.144 E143.1753
G1 F1507.5 X114.529 Y112.091 E143.17757
G1 F1500 X115.124 Y112.088 E143.18944
G1 X115.324 Y112.211 E143.19413
G1 X115.324 Y114.328 E143.23637
G1 X116.018 Y114.33 E143.25022
G1 X116.188 Y114.528 E143.25543
G1 X116.186 Y114.995 E143.26475
G1 X116.064 Y115.159 E143.26883
G1 X113.7 Y115.16 E143.31601
G0 F9000 X113.7 Y115.873
G0 X111.66 Y115.873
G0 X111.66 Y114.978
G1 F1369.9 X111.655 Y113.145 E143.35606
G1 F2700 E138.35606
G0 F9000 X110.477 Y113.294
G0 X110 Y112.994
G1 F2700 E143.35606
G1 F1507.5 X109.914 Y113.081 E143.35849
G1 F1500 X109.872 Y113.26 E143.36216
G1 X109.868 Y114.978 E143.39644
G1 X109.822 Y115.088 E143.39882
G1 X109.703 Y115.158 E143.40158
G1 X109.027 Y115.16 E143.41507
G1 F1428.6 X108.91 Y115.017 E143.41894
G1 F1304.3 X108.835 Y113.1 E143.46297
G1 X108.042 Y115.041 E143.51109
G1 F1428.6 X107.903 Y115.158 E143.5149
G1 F1500 X107.204 Y115.16 E143.52884
G1 X107.081 Y115.118 E143.53144
G1 X107.016 Y115.029 E143.53364
G1 F1550.4 X106.756 Y114.278 E143.54898
G1 F1456.3 X106.623 Y114.028 E143.5548
G1 F1330.4 X106.5 Y113.69 E143.5629
G1 F1492.5 X106.386 Y113.235 E143.5723
G1 X106.438 Y113.7 E143.58169
G1 F1330.4 X106.312 Y113.903 E143.58706
G1 F1388.9 X105.051 Y113.907 E143.61424
G1 F1449.3 X105.051 Y114.321 E143.62279
G1 F1388.9 X106.334 Y114.316 E143.65044
G1 F1442.3 X106.445 Y114.528 E143.65541
G1 F1558.4 X106.457 Y115.011 E143.66469
G1 F1519 X106.379 Y115.118 E143.6673
G1 F1500 X106.291 Y115.158 E143.66923
G1 X104.253 Y115.159 E143.7099
G1 X104.159 Y115.12 E143.71193
G1 X104.083 Y114.995 E143.71485
G1 X104.08 Y112.288 E143.76887
G1 X104.151 Y112.134 E143.77226
G1 X104.245 Y112.091 E143.77432
G1 X104.844 Y112.088 E143.78627
G1 X104.994 Y112.155 E143.78955
G1 X105.044 Y112.288 E143.79239
G1 X105.044 Y113.068 E143.80795
G1 F1534.5 X106.212 Y113.076 E143.83074
G1 F1587.3 X106.354 Y113.189 E143.83416
G1 F1546.4 X106.03 Y112.323 E143.85206
G1 F1500 X106.078 Y112.155 E143.85554
G1 X106.193 Y112.091 E143.85817
G1 X106.788 Y112.088 E143.87004
G1 X106.959 Y112.17 E143.87383
G1 X107.167 Y112.767 E143.88645
G1 X107.905 Y112.767 E143.90117
G1 X108.112 Y112.172 E143.91374
G1 X108.249 Y112.091 E143.91692
G1 X108.84 Y112.088 E143.92872
G1 X108.954 Y112.123 E143.93109
G1 F1449.3 X109.058 Y112.279 E143.93497
G1 F1351.4 X108.983 Y112.639 E143.94311
G1 F1398.6 X109.39 Y112.277 E143.95477
G1 F1500 X109.783 Y112.08 E143.96354
G1 X110.26 Y112.048 E143.97308
G1 X110.694 Y112.074 E143.98176
G1 X111.041 Y112.222 E143.98929
G1 X111.355 Y112.467 E143.99724
G1 F1492.5 X111.559 Y112.79 E144.0049
G1 F1421.8 X111.655 Y113.145 E144.01264
G1 F1425.2 X111.676 Y112.717 E144.02164
G1 F1500 X111.676 Y112.285 E144.03026
G1 X111.715 Y112.168 E144.03272
G1 X111.841 Y112.091 E144.03567
G1 X113.872 Y112.088 E144.0762
G1 F1507.5 X114.008 Y112.144 E144.07912
G1 F1621.6 X114.045 Y112.288 E144.08187
G1 F1729.1 X114.044 Y112.75 E144.08986
G1 F1604.3 X113.872 Y112.92 E144.09438
G1 F1500 X112.636 Y112.92 E144.11904
G1 X112.636 Y114.978 E144.16011
G1 X112.593 Y115.085 E144.16241
G1 X112.471 Y115.158 E144.16525
G1 X111.81 Y115.157 E144.17844
G1 F1438.8 X111.66 Y114.978 E144.1833
G1 X111.509 Y115.158 E144.18819
G1 F1500 X110.884 Y115.16 E144.20066
G1 X110.73 Y115.088 E144.20405
G1 X110.684 Y114.978 E144.20643
G1 X110.684 Y113.265 E144.24062
G1 X110.569 Y112.988 E144.2466
G1 X110.371 Y112.899 E144.25094
G1 X110.069 Y112.924 E144.25698
G1 F1507.5 X110 Y112.994 E144.25893
G0 F9000 X110.186 Y113.218
G0 X108.978 Y112.664
G1 F1115.2 X108.836 Y113.119 E144.27173
G1 F2700 E139.27173
G0 F9000 X108.836 Y110.085
G0 X117.803 Y110.097
G0 X117.815 Y114.12
G0 X106.386 Y113.235
G1 F2700 E144.27173
G1 F1704.5 X106.377 Y113.207 E144.27224
G1 F2700 E139.27224
G0 F9000 X105.921 Y112.803
G0 X105.282 Y111.85
G0 X103.845 Y111.85
G0 X103.845 Y115.401
G0 X110 Y116.24
G0 X110 Y116.948
G1 F2700 E144.27224
G1 F1500 X115.747 Y116.948 E144.38693
G1 X116.049 Y116.884 E144.39309
G1 X116.365 Y116.742 E144.40001
G1 X116.61 Y116.521 E144.40659
G1 X116.773 Y116.295 E144.41215
G1 X116.884 Y116.05 E144.41752
G1 X116.948 Y115.732 E144.42399
G1 X116.948 Y110.948 E144.51946
G1 X103.048 Y110.948 E144.79685
G1 X103.049 Y115.747 E144.89262
G1 X103.112 Y116.049 E144.89878
G1 X103.254 Y116.365 E144.90569
G1 X103.475 Y116.61 E144.91228
G1 X103.701 Y116.774 E144.91785
G1 X103.946 Y116.884 E144.92321
G1 X104.264 Y116.948 E144.92968
G1 X110 Y116.948 E145.04415
G0 F9000 X110 Y116.173
G1 F2700 E140.04415
G0 F9000 X103.845 Y115.401
G0 X103.845 Y111.85
G0 X109.885 Y111.18
G0 X109.885 Y108.82
G0 X109.885 Y108.645
;TYPE:WALL-INNER
G1 F2700 E145.04415
G1 F1127.8 X110.364 Y108.52 E145.05729
G1 F1010.1 X109.899 Y108.202 E145.07398
G1 F1279.3 X109.666 Y108.3 E145.0799
G1 F1111.1 X109.275 Y108.513 E145.09189
G1 X109.7 Y108.644 E145.10387
G1 F1474.2 X109.885 Y108.645 E145.10763
G0 F9000 X110.364 Y108.52
G1 F906.3 X113.662 Y108.515 E145.21655
G0 F9000 X114.112 Y108.627
G1 F1092.9 X114.688 Y108.52 E145.2326
G1 X114.263 Y108.245 E145.24647
G1 F1357.5 X114.125 Y108.013 E145.25242
G1 X113.961 Y108.245 E145.25868
G1 F1081.1 X113.662 Y108.515 E145.26984
G1 X114.112 Y108.627 E145.28268
G0 F9000 X114.688 Y108.52
G1 F906.3 X115.31 Y108.515 E145.30322
G0 F9000 X116.119 Y108.219
G1 F1449.3 X116.166 Y107.917 E145.30953
G1 F1630.4 X116.166 Y105.116 E145.36096
G1 F1587.3 X116.152 Y104.335 E145.37569
G1 F1526.7 X116.068 Y104.074 E145.38107
G1 X115.805 Y103.875 E145.38753
G1 X115.635 Y103.844 E145.39092
G1 F1132.1 X115.184 Y103.982 E145.40339
G1 X115.741 Y104.289 E145.42021
G1 F1526.7 X115.917 Y104.44 E145.42476
G1 F1587.3 X116.166 Y105.116 E145.43834
G0 F9000 X116.023 Y104.28
G0 X115.184 Y103.982
G1 F898.2 X114.528 Y103.982 E145.4602
G0 F9000 X113.971 Y104.288
G1 F1333.3 X114.184 Y104.196 E145.46541
G1 F1162.8 X114.528 Y103.982 E145.47584
G1 F1013.5 X114.071 Y103.824 E145.49012
G1 X113.392 Y103.982 E145.51071
G1 F996.7 X113.971 Y104.288 E145.53038
G0 F9000 X113.392 Y103.982
G1 F888.9 X112.72 Y103.989 E145.55301
G1 X112.544 Y103.982 E145.55895
G1 F898.2 X110.364 Y103.982 E145.6316
G0 F9000 X109.528 Y104.28
G0 X109.378 Y104.678
G1 F1092.9 X109.579 Y104.383 E145.64138
G1 F1339.3 X110.02 Y104.205 E145.652
G1 F1376.1 X110.18 Y104.068 E145.65659
G1 F1005 X110.364 Y103.982 E145.66264
G1 F1183.4 X109.96 Y103.864 E145.67328
G1 F1339.3 X109.378 Y103.922 E145.68635
G1 F986.8 X108.392 Y103.982 E145.71632
G1 X109.177 Y104.383 E145.74306
G1 F1092.9 X109.378 Y104.678 E145.75283
G0 F9000 X109.246 Y104.32
G0 X108.392 Y103.982
G1 F898.2 X107.832 Y103.982 E145.7715
G0 F9000 X105.47 Y104.308
G0 X105.056 Y104.463
G0 X104.686 Y104.705
G0 X104.373 Y105.031
G0 X103.838 Y105.914
G1 F1643.8 X103.823 Y106.1 E145.7749
G1 F1769.9 X103.812 Y106.468 E145.78112
G1 F1734.1 X103.829 Y106.941 E145.78929
G0 F9000 X103.838 Y105.914
G1 F1558.4 X103.924 Y105.547 E145.79653
G1 F1519 X104.095 Y105.173 E145.80464
G1 F1500 X104.29 Y104.891 E145.81148
G1 X104.577 Y104.598 E145.81966
G1 X104.999 Y104.315 E145.8298
G1 F1595.7 X105.413 Y104.184 E145.83795
G1 F1775.1 X105.811 Y104.134 E145.84471
G1 F1869.2 X106.34 Y104.122 E145.85319
G1 F1829.3 X106.623 Y104.151 E145.85784
G1 F1671.3 X107.252 Y104.295 E145.8694
G1 F1626 X107.488 Y104.198 E145.8741
G1 F1167.3 X107.832 Y103.982 E145.88451
G1 X107.425 Y103.847 E145.89551
G1 F1546.4 X107.207 Y103.862 E145.89974
G1 F1587.3 X106.672 Y103.819 E145.90986
G1 F1829.3 X106.328 Y103.806 E145.91549
G1 F1869.2 X105.784 Y103.811 E145.92421
G1 F1652.9 X105.013 Y103.848 E145.93819
G1 F1500 X104.335 Y103.848 E145.95172
G1 X104.076 Y103.932 E145.95715
G1 X103.879 Y104.192 E145.96366
G1 X103.849 Y104.344 E145.96675
G1 F1511.3 X103.846 Y105.629 E145.9922
G1 F1550.4 X103.838 Y105.914 E145.99771
G0 F9000 X104.041 Y107.189
G0 X104.509 Y108.249
G1 F1507.5 X104.181 Y107.924 E146.00688
G1 F1511.3 X103.915 Y107.368 E146.01908
G1 F1578.9 X103.829 Y106.941 E146.02734
G1 F1583.1 X103.845 Y107.291 E146.03397
G1 F1515.2 X103.847 Y108.249 E146.05289
G1 F1507.5 X104.509 Y108.249 E146.06604
G0 F9000 X104.891 Y108.648
G1 F1298.7 X105.274 Y108.586 E146.07498
G1 F1123.6 X105.516 Y108.497 E146.08185
G1 F1271.2 X104.847 Y108.025 E146.10113
G1 F1500 X104.502 Y107.669 E146.11102
G1 X104.295 Y107.237 E146.12058
G1 X104.205 Y106.876 E146.12801
G1 X104.176 Y106.468 E146.13617
G1 X104.2 Y106.068 E146.14417
G1 X104.301 Y105.683 E146.15211
G1 X104.501 Y105.246 E146.1617
G1 X104.832 Y104.912 E146.17108
G1 X105.162 Y104.687 E146.17905
G1 X105.537 Y104.547 E146.18704
G1 X105.965 Y104.484 E146.19568
G1 X106.433 Y104.479 E146.20502
G1 X107.11 Y104.694 E146.21919
G1 X107.316 Y104.845 E146.22429
G1 X107.451 Y104.652 E146.22899
G1 X107.757 Y104.516 E146.23567
G1 X108.392 Y104.516 E146.24834
G1 X108.831 Y104.706 E146.25789
G1 X108.935 Y104.859 E146.26158
G1 X108.993 Y105.116 E146.26684
G1 X108.992 Y105.459 E146.27368
G1 X109.234 Y105.469 E146.27852
G1 X109.57 Y105.528 E146.28532
G1 X109.764 Y105.605 E146.28949
G1 X109.764 Y105.108 E146.29941
G1 X109.821 Y104.859 E146.30451
G1 X109.925 Y104.706 E146.3082
G1 X110.152 Y104.554 E146.31365
G1 X110.289 Y104.516 E146.31649
G1 X112.606 Y104.516 E146.36273
G1 X112.803 Y104.523 E146.36666
G1 X113.392 Y104.516 E146.37841
G1 X113.675 Y104.586 E146.38423
G1 X113.914 Y104.82 E146.39091
G1 X113.944 Y104.93 E146.39318
G1 X114.147 Y104.651 E146.40007
G1 X114.447 Y104.516 E146.40663
G1 X115.184 Y104.516 E146.42134
G1 X115.414 Y104.561 E146.42602
G1 X115.625 Y104.708 E146.43115
G1 X115.784 Y105.116 E146.43989
G1 X115.784 Y107.871 E146.49487
G1 X115.73 Y108.041 E146.49843
G1 F1123.6 X115.31 Y108.515 E146.5153
G1 F998.3 X115.714 Y108.582 E146.52758
G1 F1284.8 X116.119 Y108.648 E146.53714
G1 F1500 X116.548 Y108.648 E146.5457
G1 X116.548 Y104.294 E146.63259
G1 X116.502 Y104.072 E146.63711
G1 X116.403 Y103.856 E146.64185
G1 X116.251 Y103.684 E146.64643
G1 X115.927 Y103.495 E146.65392
G1 X115.692 Y103.448 E146.6587
G1 X110.167 Y103.448 E146.76896
G1 X109.96 Y103.475 E146.77313
G1 X109.378 Y103.448 E146.78475
G1 X104.294 Y103.448 E146.88621
G1 X103.855 Y103.593 E146.89544
G1 X103.684 Y103.745 E146.9
G1 X103.495 Y104.069 E146.90749
G1 X103.449 Y104.304 E146.91227
G1 X103.448 Y108.648 E146.99895
G1 X104.891 Y108.648 E147.02775
G0 F9000 X105.5 Y108.503
G1 F923.1 X106.048 Y108.542 E147.04557
G1 F949.4 X106.553 Y108.523 E147.0615
G0 F9000 X107.253 Y108.627
G1 F1090.9 X107.834 Y108.52 E147.07771
G1 X107.405 Y108.244 E147.09171
G1 F1354.4 X107.319 Y108.127 E147.09492
G1 X106.964 Y108.299 E147.10364
G1 F1094.9 X106.553 Y108.523 E147.11643
G1 F1061.9 X106.883 Y108.61 E147.12605
G1 F1304.3 X107.253 Y108.627 E147.13455
G0 F9000 X107.834 Y108.52
G1 F903.6 X109.275 Y108.513 E147.18229
G0 F9000 X110 Y109.048
;TYPE:WALL-OUTER
G1 F1500 X116.948 Y109.048 E147.32095
G1 X116.948 Y104.253 E147.41664
G1 X116.884 Y103.947 E147.42287
G1 X116.742 Y103.635 E147.42971
G1 X116.521 Y103.386 E147.43636
G1 X116.295 Y103.223 E147.44192
G1 X116.05 Y103.112 E147.44729
G1 X115.732 Y103.048 E147.45376
G1 X110.167 Y103.048 E147.56482
G1 X109.96 Y103.057 E147.56895
G1 X109.378 Y103.048 E147.58057
G1 X104.253 Y103.048 E147.68284
G1 X103.947 Y103.112 E147.68908
G1 X103.635 Y103.254 E147.69592
G1 X103.386 Y103.475 E147.70256
G1 X103.223 Y103.701 E147.70813
G1 X103.112 Y103.946 E147.71349
G1 X103.049 Y104.264 E147.71996
G1 X103.048 Y109.048 E147.81543
G1 X110 Y109.048 E147.95417
G1 F2700 E142.95417
G0 F9000 X110 Y108.74
G0 X109.956 Y107.952
G0 X110.189 Y107.166
G1 F2700 E147.95417
G1 F1734.1 X110.193 Y106.743 E147.96147
G0 F9000 X111.26 Y107.024
G1 F892.9 X112.298 Y107.024 E147.99627
G1 F952.4 X112.602 Y107.169 E148.00686
G1 F1181.1 X112.682 Y107.36 E148.0121
G1 F1398.6 X112.682 Y107.81 E148.02174
G0 F9000 X112.602 Y107.169
G1 F1092.9 X112.641 Y107.003 E148.02641
G1 F1500 X112.759 Y106.82 E148.03075
G1 F2033.9 X112.76 Y106.164 E148.04041
G1 F1363.6 X112.606 Y105.921 E148.04672
G1 F1049 X112.614 Y105.771 E148.05101
G1 X112.523 Y105.838 E148.05423
G1 F1287.6 X112.3 Y105.724 E148.06006
G1 F1704.5 X111.1 Y105.724 E148.08113
G1 X111.1 Y106.076 E148.08731
G1 X112.3 Y106.076 E148.10838
G1 F1287.6 X112.485 Y105.994 E148.11309
G1 F1098.9 X112.48 Y106.91 E148.13804
G1 F1015.2 X112.298 Y107.024 E148.14437
G1 F952.4 X112.602 Y107.169 E148.15496
G0 F9000 X112.614 Y105.771
G1 F1307.2 X112.719 Y105.578 E148.15999
G1 F1699.7 X112.72 Y105.116 E148.16813
G1 F2700 E143.16813
G0 F9000 X112.72 Y104.208
G0 X109.928 Y104.68
G0 X109.919 Y105.24
G0 X108.803 Y105.651
G0 X107.653 Y106.304
G1 F2700 E148.16813
G1 F1666.7 X107.651 Y106.739 E148.17594
G1 F2700 E143.17594
G0 F9000 X107.423 Y107.737
G0 X106.017 Y108.034
G1 F2700 E148.17594
G1 F1500 X105.556 Y107.962 E148.18525
G1 X105.152 Y107.764 E148.19423
G1 X104.847 Y107.456 E148.20288
G1 X104.683 Y107.123 E148.21029
G1 X104.599 Y106.807 E148.21681
G1 X104.576 Y106.454 E148.22387
G1 X104.602 Y106.113 E148.2307
G1 X104.686 Y105.804 E148.23709
G1 X104.837 Y105.475 E148.24431
G1 X105.1 Y105.209 E148.25178
G1 X105.37 Y105.036 E148.25818
G1 X105.654 Y104.934 E148.2642
G1 X105.938 Y104.886 E148.26995
G1 X106.372 Y104.88 E148.27861
G1 X106.956 Y105.061 E148.29081
G1 X107.399 Y105.447 E148.30253
G1 F1503.8 X107.604 Y105.924 E148.31287
G1 F1587.3 X107.653 Y106.304 E148.32009
G1 X107.633 Y105.922 E148.32731
G1 F1503.8 X107.632 Y105.116 E148.34335
G1 F1500 X107.667 Y105.001 E148.34575
G1 X107.797 Y104.918 E148.34883
G1 X108.392 Y104.916 E148.3607
G1 X108.539 Y104.979 E148.3639
G1 X108.593 Y105.116 E148.36683
G1 X108.592 Y105.857 E148.38162
G1 X109.164 Y105.863 E148.39304
G1 X109.538 Y105.929 E148.40062
G1 X109.921 Y106.175 E148.4097
G1 F1507.5 X110.095 Y106.402 E148.41538
G1 F1630.4 X110.193 Y106.743 E148.42189
G1 X110.167 Y106.38 E148.42857
G1 F1507.5 X110.164 Y105.113 E148.45373
G1 F1500 X110.217 Y104.979 E148.45661
G1 X110.329 Y104.918 E148.45915
G1 X112.6 Y104.918 E148.50447
G1 F1595.7 X112.72 Y105.116 E148.50882
G1 X112.84 Y104.918 E148.51316
G1 F1500 X113.463 Y104.916 E148.52559
G1 X113.592 Y105.042 E148.52919
G1 X113.593 Y106.357 E148.55543
G1 X114.38 Y104.971 E148.58724
G1 X114.493 Y104.918 E148.58973
G1 X115.239 Y104.916 E148.60462
G1 X115.331 Y104.98 E148.60685
G1 X115.384 Y105.116 E148.60977
G1 X115.382 Y107.863 E148.66459
G1 X115.219 Y107.99 E148.66871
G1 X114.688 Y107.992 E148.67931
G1 X114.551 Y107.938 E148.68225
G1 X114.488 Y107.792 E148.68542
G1 X114.488 Y106.526 E148.71068
G1 X113.688 Y107.93 E148.74293
G1 X113.571 Y107.99 E148.74556
G1 F1496.3 X112.809 Y107.992 E148.7608
G1 F1442.3 X112.682 Y107.81 E148.76541
G1 X112.556 Y107.99 E148.76997
G1 F1496.3 X110.364 Y107.992 E148.81382
G1 F1500 X110.245 Y107.953 E148.81632
G1 F1503.8 X110.164 Y107.833 E148.8192
G1 F1507.5 X110.166 Y107.542 E148.82498
G1 F1558.4 X110.183 Y107.205 E148.83146
G1 F1578.9 X110.058 Y107.565 E148.83868
G1 F1526.7 X109.8 Y107.801 E148.84554
G1 F1500 X109.588 Y107.905 E148.85025
G1 X109.183 Y107.986 E148.85849
G1 X107.833 Y107.992 E148.88544
G1 X107.694 Y107.938 E148.88841
G1 X107.632 Y107.841 E148.89071
G1 X107.632 Y107.136 E148.90478
G1 F1574.8 X107.651 Y106.739 E148.91233
G1 X107.57 Y107.122 E148.91977
G1 F1500 X107.418 Y107.442 E148.92684
G1 X107.099 Y107.765 E148.9359
G1 X106.742 Y107.934 E148.94379
G1 X106.443 Y108.008 E148.94993
G1 X106.017 Y108.034 E148.95845
G1 F2700 E143.95845
G0 F9000 X105.968 Y108.342
G0 X105.481 Y108.204
G0 X105.009 Y107.972
G0 X104.636 Y107.598
G0 X104.443 Y107.195
G0 X104.349 Y106.607
G0 X104.379 Y104.687
;TYPE:FILL
G1 F2700 E148.95845
G1 F3000 X103.928 Y104.808 E148.96777
G0 F9000 X105.852 Y103.853
G1 F3000 X106.088 Y104.088 E148.97441
G1 X105.977 Y104.091
G1 X106.043 Y103.845 E148.9795
G0 F9000 X106.041 Y103.874
G1 F2700 E143.9795
;MESH:NONMESH
G0 F300 Z2.12
G0 F9000 X106.18 Y104.672
G0 X106.221 Y105.954
G0 X106.216 Y106.782
;TIME_ELAPSED:590.082419
;LAYER:16
;TYPE:WALL-INNER
;MESH:Lens_Openscad 2.stl
G1 F2700 E148.9795
G1 F1612.9 X106.269 Y106.734 E148.98082
G1 X106.313 Y106.545 E148.98443
G1 F1621.6 X106.297 Y106.211 E148.9906
G1 F1639.3 X106.184 Y106.109 E148.99338
G1 F1643.8 X106.026 Y106.13 E148.99628
G1 F1639.3 X105.938 Y106.264 E148.99921
G1 F1621.6 X105.939 Y106.586 E149.00515
G1 F1612.9 X106.006 Y106.768 E149.00875
G1 X106.216 Y106.782 E149.01266
G0 F9000 X106.056 Y107.185
;TYPE:WALL-OUTER
G1 F1500 X106.324 Y107.16 E149.01803
G1 X106.467 Y107.088 E149.02122
G1 X106.62 Y106.928 E149.02564
G1 X106.702 Y106.578 E149.03282
G1 X106.678 Y106.191 E149.04055
G1 X106.614 Y106.003 E149.04452
G1 X106.464 Y105.821 E149.04922
G1 X106.265 Y105.723 E149.05365
G1 X105.993 Y105.735 E149.05908
G1 X105.752 Y105.852 E149.06443
G1 X105.605 Y106.075 E149.06976
G1 X105.556 Y106.26 E149.07358
G1 X105.553 Y106.642 E149.0812
G1 X105.637 Y106.92 E149.087
G1 X105.815 Y107.114 E149.09225
G1 X106.056 Y107.185 E149.09727
G1 F2700 E144.09727
G0 F9000 X106.089 Y106.875
G0 X106.421 Y106.789
G0 X108.873 Y106.952
G0 X108.608 Y107.139
G1 F2700 E149.09727
G1 F1388.9 X108.608 Y106.705 E149.10662
G1 F1392.1 X109.019 Y106.707 E149.11546
G1 F1398.6 X109.199 Y106.773 E149.11956
G1 F1401.9 X109.246 Y106.991 E149.12432
G1 X109.173 Y107.103 E149.12718
G1 X109.053 Y107.138 E149.12985
G1 F1395.3 X108.608 Y107.139 E149.13939
G1 F2700 E144.13939
G0 F9000 X108.873 Y109.915
G0 X107.603 Y110.085
G0 X107.603 Y113.667
G1 F2700 E149.13939
G1 F1094.9 X107.569 Y113.726 E149.14125
G1 X107.501 Y113.726 E149.14311
G1 X107.467 Y113.667 E149.14497
G1 X107.501 Y113.608 E149.14684
G1 X107.569 Y113.608 E149.1487
G1 X107.603 Y113.667 E149.15056
G1 F2700 E144.15056
G0 F9000 X106.002 Y112.86
G0 X105.561 Y112.551
;TYPE:WALL-INNER
G1 F2700 E149.15056
G1 F985.2 X105.536 Y112.288 E149.15858
G1 F2700 E144.15858
G0 F9000 X105.282 Y111.85
G0 X103.845 Y111.85
G0 X103.564 Y112.288
G1 F2700 E149.15858
G1 F940.4 X103.569 Y115.084 E149.24758
G0 F9000 X103.755 Y115.836
G0 X104.216 Y116.04
G1 F1041.7 X104.352 Y116.054 E149.25151
G1 F1013.5 X106.393 Y116.054 E149.31179
G1 F931.7 X106.73 Y116.003 E149.32274
G1 F937.5 X107.204 Y116.054 E149.33796
G1 F1020.4 X107.868 Y116.054 E149.35744
G1 F1006.7 X108.058 Y116.046 E149.3631
G0 F9000 X108.488 Y116.157
G1 F1237.1 X109.108 Y116.054 E149.3783
G1 X108.588 Y115.804 E149.39227
G1 F1570.7 X108.488 Y115.725 E149.39469
G1 F1217 X108.058 Y116.046 E149.40789
G1 X108.488 Y116.157 E149.41882
G0 F9000 X109.108 Y116.054
G1 F1006.7 X109.858 Y116.046 E149.44112
G0 F9000 X110 Y116.084
G1 F1438.8 X110.276 Y116.159 E149.44707
G1 F1239.7 X110.884 Y116.054 E149.46197
G1 X110.373 Y115.808 E149.47566
G1 F1379.3 X110.284 Y115.731 E149.47821
G1 F1094.9 X109.858 Y116.046 E149.4927
G1 F1132.1 X110 Y116.084 E149.49659
G0 F9000 X110.884 Y116.054
G1 F1006.7 X112.626 Y116.046 E149.54838
G0 F9000 X113.068 Y116.155
G1 F1232 X113.7 Y116.054 E149.56393
G1 X113.17 Y115.8 E149.57821
G1 F1363.6 X113.079 Y115.718 E149.5809
G1 F1090.9 X112.626 Y116.046 E149.59625
G1 F1212.1 X113.068 Y116.155 E149.60749
G0 F9000 X113.7 Y116.054
G1 F1020.4 X115.655 Y116.054 E149.66484
G0 F9000 X110 Y116.24
G0 X110 Y116.548
G1 F1500 X115.706 Y116.548 E149.77871
G1 X116.143 Y116.403 E149.7879
G1 X116.311 Y116.252 E149.79241
G1 X116.501 Y115.927 E149.79992
G1 X116.548 Y115.692 E149.8047
G1 F1562.5 X116.564 Y115.06 E149.81682
G1 X116.26 Y115.496 E149.827
G1 F1500 X115.988 Y115.56 E149.83257
G1 X113.7 Y115.56 E149.87823
G1 X113.38 Y115.468 E149.88488
G1 X113.229 Y115.333 E149.88892
G1 F1382.5 X113.068 Y115.015 E149.89664
G1 X112.907 Y115.333 E149.90436
G1 F1500 X112.756 Y115.468 E149.9084
G1 X112.519 Y115.56 E149.91347
G1 X111.794 Y115.56 E149.92794
G1 X111.66 Y115.519 E149.93074
G1 X111.521 Y115.56 E149.93363
G1 X110.884 Y115.56 E149.94634
G1 X110.574 Y115.474 E149.95276
G1 X110.422 Y115.344 E149.95675
G1 F1463.4 X110.276 Y115.013 E149.96415
G1 X110.13 Y115.344 E149.97155
G1 F1500 X109.978 Y115.474 E149.97554
G1 X109.751 Y115.56 E149.98039
G1 X109.108 Y115.56 E149.99322
G1 X108.793 Y115.471 E149.99975
G1 X108.682 Y115.383 E150.00258
G1 X108.544 Y115.166 E150.00771
G1 X108.507 Y114.959 E150.01191
G1 X108.432 Y115.166 E150.0163
G1 X108.294 Y115.383 E150.02143
G1 X108.183 Y115.471 E150.02426
G1 X107.951 Y115.56 E150.02922
G1 X107.204 Y115.56 E150.04412
G1 X106.955 Y115.507 E150.04921
G1 X106.835 Y115.434 E150.05201
G1 X106.73 Y115.289 E150.05558
G1 X106.625 Y115.434 E150.05915
G1 X106.334 Y115.56 E150.06548
G1 X104.244 Y115.559 E150.10719
G1 F1301.5 X103.961 Y115.482 E150.11394
G1 F1029.2 X103.569 Y115.084 E150.13018
G1 F1149.4 X103.449 Y115.705 E150.14666
G1 F1500 X103.593 Y116.143 E150.15586
G1 X103.744 Y116.311 E150.16036
G1 X104.069 Y116.501 E150.16788
G1 X104.304 Y116.548 E150.17266
G1 X110 Y116.548 E150.28633
G0 F9000 X110 Y116.24
G0 X110.276 Y115.873
G0 X110.276 Y115.013
G1 F1442.3 X110.278 Y113.314 E150.32159
G1 F2700 E145.32159
G0 F9000 X110.449 Y115.401
G0 X112.877 Y115.401
G0 X113.319 Y113.65
G0 X113.068 Y114.528
G1 F2700 E150.32159
G1 F1287.6 X113.068 Y115.015 E150.33291
G0 F9000 X113.068 Y114.528
G1 F1202.4 X113.464 Y113.903 E150.35133
G1 F1156.1 X113.912 Y113.876 E150.36295
G1 F1190.5 X113.912 Y113.339 E150.37646
G1 X113.872 Y113.372 E150.37776
G1 F1181.1 X113.543 Y113.375 E150.3861
G1 F1147.2 X113.37 Y113.387 E150.39062
G1 F1123.6 X113.103 Y113.387 E150.39774
G1 X113.103 Y113.654 E150.40485
G1 F1202.4 X113.068 Y114.528 E150.42663
G1 F2700 E145.42663
G0 F9000 X113.319 Y113.65
G0 X113.262 Y114.092
G0 X113.262 Y115.401
G0 X116.428 Y115.401
G0 X116.428 Y114.092
G0 X116.136 Y113.527
G1 F2700 E150.42663
G1 F1415.1 X116.136 Y112.288 E150.45284
G1 F1252.6 X116.081 Y111.815 E150.46422
G1 F2700 E145.46422
G0 F9000 X110 Y111.687
G1 F2700 E150.46422
G1 F1676 X110.283 Y111.673 E150.46928
G1 F1662 X110.797 Y111.696 E150.47854
G1 F1428.6 X111.225 Y111.829 E150.48793
G1 F1279.3 X111.364 Y111.919 E150.49181
G1 X111.473 Y111.798 E150.49562
G1 F1418.4 X111.774 Y111.709 E150.50224
G1 F1604.3 X113.872 Y111.703 E150.54139
G1 F1538.5 X114.131 Y111.742 E150.54649
G1 F1467 X114.218 Y111.802 E150.54864
G1 F1526.7 X114.462 Y111.709 E150.55376
G1 F1604.3 X115.124 Y111.703 E150.56612
G1 F1558.4 X115.663 Y112.022 E150.57815
G1 F1500 X115.724 Y112.288 E150.58359
G1 X115.724 Y113.928 E150.61632
G1 X116.076 Y113.934 E150.62334
G1 F1578.9 X116.568 Y114.528 E150.63797
G1 X116.548 Y113.527 E150.65695
G1 F1500 X116.548 Y111.348 E150.70043
G1 F1558.4 X115.124 Y111.333 E150.72779
G1 F1604.3 X114.43 Y111.335 E150.74074
G1 F1526.7 X114.218 Y111.352 E150.74491
G1 F1538.5 X113.872 Y111.333 E150.75165
G1 F1604.3 X111.742 Y111.335 E150.79139
G1 F1418.4 X111.324 Y111.382 E150.80027
G1 F1388.9 X110.961 Y111.345 E150.80813
G1 F1587.3 X110.694 Y111.33 E150.81318
G1 F1685.4 X110.197 Y111.323 E150.822
G1 F1662 X109.707 Y111.332 E150.83083
G1 F1470.6 X109.319 Y111.37 E150.83877
G1 X108.84 Y111.333 E150.84854
G1 F1604.3 X108.15 Y111.335 E150.86142
G1 F1293.1 X107.536 Y111.424 E150.87578
G1 F1304.3 X106.788 Y111.333 E150.89307
G1 F1604.3 X106.094 Y111.335 E150.90602
G1 F1327.4 X105.536 Y111.411 E150.91872
G1 F1339.3 X104.844 Y111.333 E150.93429
G1 F1604.3 X104.146 Y111.335 E150.94731
G1 F1415.1 X103.72 Y111.384 E150.95638
G1 F1271.2 X103.484 Y111.384 E150.96194
G1 X103.484 Y111.62 E150.9675
G1 F1087 X103.564 Y112.288 E150.98603
G1 X103.871 Y111.8 E151.0019
G1 F1415.1 X104.178 Y111.709 E151.00868
G1 F1604.3 X104.844 Y111.703 E151.0211
G1 F1339.3 X105.34 Y111.847 E151.03265
G1 F1127.8 X105.456 Y112.015 E151.03807
G1 F1067.6 X105.536 Y112.288 E151.04604
G1 X105.616 Y112.015 E151.05402
G1 F1127.8 X105.732 Y111.847 E151.05944
G1 F1327.4 X106.126 Y111.709 E151.06885
G1 F1604.3 X106.788 Y111.703 E151.0812
G1 F1304.3 X107.319 Y111.87 E151.09398
G1 F1088.9 X107.505 Y112.292 E151.10666
G1 X107.567 Y112.292 E151.10836
G1 X107.753 Y111.87 E151.12104
G1 F1293.1 X108.182 Y111.709 E151.13164
G1 F1604.3 X108.84 Y111.703 E151.14392
G1 F1470.6 X109.193 Y111.775 E151.15126
G1 F1348.3 X109.279 Y111.861 E151.15396
G1 F1456.3 X109.641 Y111.705 E151.16206
G1 F1612.9 X110 Y111.687 E151.16873
G1 F2700 E146.16873
G0 F9000 X115.563 Y111.85
G0 X116.27 Y113.65
G0 X116.568 Y114.528
G1 F2700 E151.16873
G1 F1648.4 X116.564 Y115.06 E151.17839
G0 F9000 X116.243 Y115.835
G0 X113.7 Y115.873
G0 X113.7 Y115.16
;TYPE:WALL-OUTER
G1 F1500 X113.543 Y115.085 E151.18186
G1 X113.5 Y114.978 E151.18416
G1 X113.5 Y114.528 E151.19315
G1 X113.637 Y114.328 E151.19798
G1 X114.364 Y114.328 E151.21249
G1 X114.364 Y113.412 E151.23077
G1 F1604.3 X114.39 Y112.78 E151.24257
G1 F1729.1 X114.391 Y112.288 E151.25109
G1 F1621.6 X114.428 Y112.144 E151.25384
G1 F1507.5 X114.529 Y112.091 E151.2561
G1 F1500 X115.124 Y112.088 E151.26797
G1 X115.324 Y112.211 E151.27266
G1 X115.324 Y114.328 E151.31491
G1 X116.018 Y114.33 E151.32876
G1 X116.188 Y114.528 E151.33396
G1 X116.186 Y114.995 E151.34328
G1 X116.064 Y115.159 E151.34736
G1 X113.7 Y115.16 E151.39454
G0 F9000 X113.7 Y115.873
G0 X111.66 Y115.873
G0 X111.66 Y114.978
G1 F1373 X111.656 Y113.086 E151.43579
G1 F2700 E146.43579
G0 F9000 X110.477 Y113.294
G0 X110 Y112.989
G1 F2700 E151.43579
G1 F1500 X109.918 Y113.07 E151.43809
G1 X109.872 Y113.264 E151.44207
G1 X109.868 Y114.978 E151.47627
G1 X109.822 Y115.088 E151.47865
G1 X109.703 Y115.158 E151.48141
G1 X109.027 Y115.16 E151.4949
G1 F1428.6 X108.91 Y115.017 E151.49877
G1 F1304.3 X108.835 Y113.1 E151.5428
G1 X108.042 Y115.041 E151.59092
G1 F1428.6 X107.903 Y115.158 E151.59472
G1 F1500 X107.204 Y115.16 E151.60867
G1 X107.081 Y115.118 E151.61127
G1 X107.016 Y115.029 E151.61347
G1 F1550.4 X106.756 Y114.278 E151.62881
G1 F1456.3 X106.623 Y114.028 E151.63463
G1 F1330.4 X106.5 Y113.69 E151.64272
G1 F1492.5 X106.386 Y113.235 E151.65213
G1 X106.438 Y113.7 E151.66151
G1 F1330.4 X106.312 Y113.903 E151.66689
G1 F1388.9 X105.051 Y113.907 E151.69407
G1 F1449.3 X105.051 Y114.321 E151.70262
G1 F1388.9 X106.334 Y114.316 E151.73027
G1 F1442.3 X106.445 Y114.528 E151.73524
G1 F1558.4 X106.457 Y115.011 E151.74452
G1 F1519 X106.379 Y115.118 E151.74713
G1 F1500 X106.291 Y115.158 E151.74906
G1 X104.253 Y115.159 E151.78973
G1 X104.159 Y115.12 E151.79176
G1 X104.083 Y114.995 E151.79468
G1 X104.08 Y112.288 E151.8487
G1 X104.151 Y112.134 E151.85208
G1 X104.245 Y112.091 E151.85415
G1 X104.844 Y112.088 E151.8661
G1 X104.994 Y112.155 E151.86938
G1 X105.044 Y112.288 E151.87221
G1 X105.044 Y113.068 E151.88778
G1 F1534.5 X106.212 Y113.076 E151.91056
G1 F1587.3 X106.354 Y113.189 E151.91399
G1 F1546.4 X106.03 Y112.323 E151.93188
G1 F1500 X106.078 Y112.155 E151.93537
G1 X106.193 Y112.091 E151.938
G1 X106.788 Y112.088 E151.94987
G1 X106.959 Y112.17 E151.95366
G1 X107.167 Y112.767 E151.96627
G1 X107.905 Y112.767 E151.981
G1 X108.112 Y112.172 E151.99357
G1 X108.249 Y112.091 E151.99675
G1 X108.84 Y112.088 E152.00854
G1 X108.954 Y112.123 E152.01092
G1 F1449.3 X109.058 Y112.279 E152.01479
G1 F1351.4 X108.983 Y112.639 E152.02294
G1 F1398.6 X109.39 Y112.277 E152.0346
G1 F1500 X109.783 Y112.08 E152.04337
G1 X110.26 Y112.048 E152.05291
G1 X110.694 Y112.074 E152.06159
G1 X111.041 Y112.222 E152.06912
G1 F1492.5 X111.357 Y112.469 E152.07716
G1 F1470.6 X111.566 Y112.813 E152.08535
G1 F1411.8 X111.656 Y113.086 E152.09145
G1 F1421.8 X111.675 Y112.723 E152.0991
G1 F1492.5 X111.676 Y112.285 E152.10789
G1 F1500 X111.715 Y112.168 E152.11035
G1 X111.841 Y112.091 E152.11329
G1 X113.872 Y112.088 E152.15383
G1 F1507.5 X114.008 Y112.144 E152.15675
G1 F1621.6 X114.045 Y112.288 E152.15949
G1 F1729.1 X114.044 Y112.75 E152.16749
G1 F1604.3 X113.872 Y112.92 E152.172
G1 F1500 X112.636 Y112.92 E152.19667
G1 X112.636 Y114.978 E152.23774
G1 X112.593 Y115.085 E152.24004
G1 X112.471 Y115.158 E152.24287
G1 X111.81 Y115.157 E152.25607
G1 F1438.8 X111.66 Y114.978 E152.26092
G1 X111.509 Y115.158 E152.26581
G1 F1500 X110.884 Y115.16 E152.27828
G1 X110.73 Y115.088 E152.28168
G1 X110.684 Y114.978 E152.28406
G1 X110.684 Y113.265 E152.31824
G1 X110.569 Y112.988 E152.32423
G1 X110.371 Y112.899 E152.32856
G1 X110.066 Y112.924 E152.33467
G1 X110 Y112.989 E152.33651
G0 F9000 X110.184 Y113.218
G0 X108.978 Y112.664
G1 F1115.2 X108.836 Y113.119 E152.34931
G1 F2700 E147.34931
G0 F9000 X108.836 Y110.085
G0 X117.803 Y110.097
G0 X117.815 Y114.12
G0 X106.386 Y113.235
G1 F2700 E152.34931
G1 F1704.5 X106.377 Y113.207 E152.34982
G1 F2700 E147.34982
G0 F9000 X105.921 Y112.803
G0 X105.282 Y111.85
G0 X103.845 Y111.85
G0 X103.845 Y115.401
G0 X110 Y116.24
G0 X110 Y116.948
G1 F2700 E152.34982
G1 F1500 X115.747 Y116.948 E152.46451
G1 X116.049 Y116.884 E152.47067
G1 X116.365 Y116.742 E152.47759
G1 X116.61 Y116.521 E152.48417
G1 X116.773 Y116.295 E152.48973
G1 X116.884 Y116.05 E152.4951
G1 X116.948 Y115.732 E152.50157
G1 X116.948 Y110.948 E152.59704
G1 X103.048 Y110.948 E152.87443
G1 X103.049 Y115.747 E152.9702
G1 X103.112 Y116.049 E152.97636
G1 X103.254 Y116.365 E152.98327
G1 X103.475 Y116.61 E152.98986
G1 X103.701 Y116.774 E152.99543
G1 X103.946 Y116.884 E153.00079
G1 X104.264 Y116.948 E153.00726
G1 X110 Y116.948 E153.12173
G0 F9000 X110 Y116.173
G1 F2700 E148.12173
G0 F9000 X103.845 Y115.401
G0 X103.845 Y111.85
G0 X109.885 Y111.18
G0 X109.885 Y108.82
G0 X109.885 Y108.645
;TYPE:WALL-INNER
G1 F2700 E153.12173
G1 F1127.8 X110.364 Y108.52 E153.13487
G1 F1010.1 X109.899 Y108.202 E153.15156
G1 F1279.3 X109.666 Y108.3 E153.15748
G1 F1111.1 X109.275 Y108.513 E153.16947
G1 X109.7 Y108.644 E153.18145
G1 F1474.2 X109.885 Y108.645 E153.18521
G0 F9000 X110.364 Y108.52
G1 F906.3 X113.662 Y108.515 E153.29413
G0 F9000 X114.112 Y108.627
G1 F1092.9 X114.688 Y108.52 E153.31018
G1 X114.263 Y108.245 E153.32405
G1 F1357.5 X114.125 Y108.012 E153.33002
G1 X113.961 Y108.245 E153.3363
G1 F1081.1 X113.662 Y108.515 E153.34746
G1 X114.112 Y108.627 E153.3603
G0 F9000 X114.688 Y108.52
G1 F906.3 X115.31 Y108.515 E153.38084
G0 F9000 X116.119 Y108.219
G1 F1449.3 X116.166 Y107.917 E153.38715
G1 F1630.4 X116.166 Y105.116 E153.43858
G1 F1587.3 X116.152 Y104.335 E153.45331
G1 F1526.7 X116.068 Y104.074 E153.45868
G1 X115.805 Y103.875 E153.46515
G1 X115.635 Y103.844 E153.46854
G1 F1132.1 X115.184 Y103.982 E153.48101
G1 X115.741 Y104.289 E153.49783
G1 F1526.7 X115.917 Y104.44 E153.50237
G1 F1587.3 X116.166 Y105.116 E153.51596
G0 F9000 X116.023 Y104.28
G0 X115.184 Y103.982
G1 F898.2 X114.528 Y103.982 E153.53782
G0 F9000 X113.973 Y104.286
G1 F1333.3 X114.183 Y104.196 E153.54295
G1 F1162.8 X114.528 Y103.982 E153.5534
G1 F1013.5 X114.072 Y103.826 E153.56764
G1 X113.396 Y103.982 E153.58813
G1 F996.7 X113.973 Y104.286 E153.60771
G0 F9000 X113.396 Y103.982
G1 F888.9 X112.72 Y103.989 E153.63048
G1 X112.544 Y103.982 E153.63641
G1 F898.2 X110.364 Y103.982 E153.70906
G0 F9000 X109.528 Y104.28
G0 X109.378 Y104.675
G1 F1092.9 X109.579 Y104.383 E153.71877
G1 F1339.3 X110.02 Y104.205 E153.7294
G1 F1376.1 X110.18 Y104.068 E153.73398
G1 F1005 X110.364 Y103.982 E153.74003
G1 F1183.4 X109.96 Y103.864 E153.75068
G1 F1339.3 X109.378 Y103.922 E153.76375
G1 F986.8 X108.392 Y103.982 E153.79372
G1 X109.177 Y104.383 E153.82045
G1 F1092.9 X109.378 Y104.675 E153.83016
G0 F9000 X109.246 Y104.319
G0 X108.392 Y103.982
G1 F898.2 X107.832 Y103.982 E153.84883
G0 F9000 X105.47 Y104.308
G0 X105.056 Y104.463
G0 X104.686 Y104.705
G0 X104.373 Y105.031
G0 X103.838 Y105.914
G1 F1643.8 X103.823 Y106.1 E153.85223
G1 F1769.9 X103.812 Y106.468 E153.85845
G1 F1734.1 X103.829 Y106.937 E153.86655
G0 F9000 X103.838 Y105.914
G1 F1558.4 X103.924 Y105.547 E153.87379
G1 F1519 X104.095 Y105.173 E153.8819
G1 F1500 X104.29 Y104.891 E153.88874
G1 X104.577 Y104.598 E153.89692
G1 X104.999 Y104.315 E153.90706
G1 F1595.7 X105.413 Y104.184 E153.91521
G1 F1775.1 X105.811 Y104.134 E153.92197
G1 F1869.2 X106.34 Y104.122 E153.93045
G1 F1829.3 X106.623 Y104.151 E153.9351
G1 F1671.3 X107.252 Y104.295 E153.94666
G1 F1626 X107.488 Y104.198 E153.95136
G1 F1167.3 X107.832 Y103.982 E153.96177
G1 X107.425 Y103.847 E153.97277
G1 F1546.4 X107.207 Y103.862 E153.977
G1 F1587.3 X106.672 Y103.819 E153.98712
G1 F1829.3 X106.328 Y103.806 E153.99275
G1 F1869.2 X105.784 Y103.811 E154.00147
G1 F1652.9 X105.013 Y103.848 E154.01545
G1 F1500 X104.335 Y103.848 E154.02898
G1 X104.076 Y103.932 E154.03441
G1 X103.879 Y104.192 E154.04092
G1 X103.849 Y104.344 E154.04401
G1 F1511.3 X103.846 Y105.629 E154.06946
G1 F1550.4 X103.838 Y105.914 E154.07497
G0 F9000 X104.041 Y107.189
G0 X104.509 Y108.249
G1 F1507.5 X104.181 Y107.924 E154.08414
G1 F1526.7 X103.92 Y107.379 E154.09598
G1 F1562.5 X103.831 Y106.985 E154.10372
G1 F1554.4 X103.845 Y107.288 E154.10956
G1 F1515.2 X103.847 Y108.249 E154.12855
G1 F1507.5 X104.509 Y108.249 E154.14169
G0 F9000 X104.891 Y108.648
G1 F1298.7 X105.274 Y108.586 E154.15064
G1 F1123.6 X105.516 Y108.497 E154.15751
G1 F1271.2 X104.847 Y108.025 E154.17679
G1 F1500 X104.502 Y107.67 E154.18667
G1 X104.295 Y107.238 E154.19623
G1 X104.205 Y106.872 E154.20375
G1 X104.176 Y106.468 E154.21183
G1 X104.2 Y106.068 E154.21983
G1 X104.301 Y105.683 E154.22777
G1 X104.501 Y105.246 E154.23736
G1 X104.832 Y104.912 E154.24674
G1 X105.162 Y104.687 E154.25472
G1 X105.537 Y104.547 E154.2627
G1 X105.965 Y104.484 E154.27134
G1 X106.433 Y104.479 E154.28068
G1 X107.11 Y104.694 E154.29485
G1 X107.316 Y104.845 E154.29995
G1 X107.451 Y104.652 E154.30465
G1 X107.757 Y104.516 E154.31133
G1 X108.392 Y104.516 E154.324
G1 X108.831 Y104.706 E154.33355
G1 X108.932 Y104.854 E154.33713
G1 X108.992 Y105.094 E154.34206
G1 X108.992 Y105.46 E154.34937
G1 X109.384 Y105.466 E154.35719
G1 X109.764 Y105.598 E154.36522
G1 X109.764 Y105.094 E154.37528
G1 X109.824 Y104.854 E154.38021
G1 X109.925 Y104.706 E154.38379
G1 X110.152 Y104.554 E154.38924
G1 X110.289 Y104.516 E154.39208
G1 X112.606 Y104.516 E154.43832
G1 X112.803 Y104.523 E154.44225
G1 X113.396 Y104.516 E154.45408
G1 X113.679 Y104.586 E154.4599
G1 X113.918 Y104.82 E154.46658
G1 X113.947 Y104.924 E154.46873
G1 X114.148 Y104.651 E154.4755
G1 X114.447 Y104.516 E154.48204
G1 X115.184 Y104.516 E154.49675
G1 X115.414 Y104.561 E154.50143
G1 X115.625 Y104.708 E154.50656
G1 X115.784 Y105.116 E154.5153
G1 X115.784 Y107.871 E154.57028
G1 X115.73 Y108.041 E154.57384
G1 F1123.6 X115.31 Y108.515 E154.59071
G1 F998.3 X115.714 Y108.582 E154.60299
G1 F1284.8 X116.119 Y108.648 E154.61255
G1 F1500 X116.548 Y108.648 E154.62111
G1 X116.548 Y104.294 E154.708
G1 X116.502 Y104.072 E154.71252
G1 X116.403 Y103.856 E154.71726
G1 X116.251 Y103.684 E154.72185
G1 X115.927 Y103.495 E154.72933
G1 X115.692 Y103.448 E154.73411
G1 X110.167 Y103.448 E154.84437
G1 X109.96 Y103.475 E154.84854
G1 X109.378 Y103.448 E154.86016
G1 X104.294 Y103.448 E154.96162
G1 X103.855 Y103.593 E154.97085
G1 X103.684 Y103.745 E154.97541
G1 X103.495 Y104.069 E154.9829
G1 X103.449 Y104.304 E154.98768
G1 X103.448 Y108.648 E155.07437
G1 X104.891 Y108.648 E155.10316
G0 F9000 X105.5 Y108.503
G1 F923.1 X106.048 Y108.542 E155.12098
G1 F949.4 X106.553 Y108.523 E155.13691
G0 F9000 X107.253 Y108.627
G1 F1090.9 X107.834 Y108.52 E155.15312
G1 X107.405 Y108.244 E155.16712
G1 F1354.4 X107.319 Y108.127 E155.17033
G1 X106.964 Y108.299 E155.17905
G1 F1094.9 X106.553 Y108.523 E155.19184
G1 F1061.9 X106.883 Y108.61 E155.20146
G1 F1304.3 X107.253 Y108.627 E155.20996
G0 F9000 X107.834 Y108.52
G1 F903.6 X109.275 Y108.513 E155.2577
G0 F9000 X110 Y109.048
;TYPE:WALL-OUTER
G1 F1500 X116.948 Y109.048 E155.39636
G1 X116.948 Y104.253 E155.49205
G1 X116.884 Y103.947 E155.49828
G1 X116.742 Y103.635 E155.50513
G1 X116.521 Y103.386 E155.51177
G1 X116.295 Y103.223 E155.51733
G1 X116.05 Y103.112 E155.5227
G1 X115.732 Y103.048 E155.52917
G1 X110.167 Y103.048 E155.64023
G1 X109.96 Y103.057 E155.64436
G1 X109.378 Y103.048 E155.65598
G1 X104.253 Y103.048 E155.75825
G1 X103.947 Y103.112 E155.76449
G1 X103.635 Y103.254 E155.77133
G1 X103.386 Y103.475 E155.77798
G1 X103.223 Y103.701 E155.78354
G1 X103.112 Y103.946 E155.7889
G1 X103.049 Y104.264 E155.79537
G1 X103.048 Y109.048 E155.89084
G1 X110 Y109.048 E156.02958
G1 F2700 E151.02958
G0 F9000 X110 Y108.74
G0 X109.956 Y107.952
G0 X110.189 Y107.166
G1 F2700 E156.02958
G1 F1769.9 X110.2 Y106.773 E156.03623
G0 F9000 X111.26 Y107.024
G1 F892.9 X112.298 Y107.024 E156.07103
G1 F952.4 X112.602 Y107.169 E156.08161
G1 F1181.1 X112.682 Y107.36 E156.08686
G1 F1398.6 X112.682 Y107.81 E156.09649
G0 F9000 X112.602 Y107.169
G1 F1092.9 X112.641 Y107.003 E156.10116
G1 F1500 X112.759 Y106.82 E156.10551
G1 F2033.9 X112.76 Y106.164 E156.11516
G1 F1363.6 X112.606 Y105.921 E156.12148
G1 F1049 X112.614 Y105.771 E156.12577
G1 X112.523 Y105.838 E156.12899
G1 F1287.6 X112.3 Y105.724 E156.13481
G1 F1704.5 X111.1 Y105.724 E156.15589
G1 X111.1 Y106.076 E156.16207
G1 X112.3 Y106.076 E156.18314
G1 F1287.6 X112.485 Y105.994 E156.18785
G1 F1098.9 X112.48 Y106.91 E156.2128
G1 F1015.2 X112.298 Y107.024 E156.21913
G1 F952.4 X112.602 Y107.169 E156.22972
G0 F9000 X112.614 Y105.771
G1 F1307.2 X112.719 Y105.578 E156.23475
G1 F1699.7 X112.72 Y105.116 E156.24289
G1 F2700 E151.24289
G0 F9000 X112.72 Y104.208
G0 X109.928 Y104.68
G0 X109.919 Y105.239
G0 X108.803 Y105.65
G0 X107.656 Y106.301
G1 F2700 E156.24289
G1 F1643.8 X107.643 Y106.796 E156.2519
G1 F2700 E151.2519
G0 F9000 X107.423 Y107.737
G0 X106.017 Y108.034
G1 F2700 E156.2519
G1 F1500 X105.556 Y107.962 E156.26121
G1 X105.152 Y107.764 E156.27019
G1 X104.847 Y107.456 E156.27884
G1 X104.683 Y107.123 E156.28625
G1 X104.599 Y106.803 E156.29285
G1 X104.576 Y106.454 E156.29983
G1 X104.602 Y106.113 E156.30666
G1 X104.686 Y105.804 E156.31305
G1 X104.837 Y105.475 E156.32027
G1 X105.1 Y105.209 E156.32774
G1 X105.37 Y105.036 E156.33413
G1 X105.654 Y104.934 E156.34016
G1 X105.938 Y104.886 E156.3459
G1 X106.372 Y104.88 E156.35457
G1 X106.956 Y105.061 E156.36677
G1 X107.397 Y105.446 E156.37845
G1 F1507.5 X107.603 Y105.924 E156.38879
G1 F1604.3 X107.656 Y106.301 E156.39589
G1 F1595.7 X107.632 Y105.874 E156.40391
G1 F1500 X107.632 Y105.116 E156.41904
G1 X107.667 Y105.001 E156.42144
G1 X107.797 Y104.918 E156.42452
G1 X108.392 Y104.916 E156.43639
G1 X108.539 Y104.979 E156.43958
G1 X108.592 Y105.108 E156.44236
G1 X108.592 Y105.86 E156.45737
G1 X109.295 Y105.862 E156.4714
G1 X109.678 Y105.991 E156.47947
G1 X110.052 Y106.315 E156.48934
G1 F1570.7 X110.194 Y106.697 E156.49711
G1 X110.164 Y106.33 E156.50412
G1 F1500 X110.164 Y105.108 E156.52851
G1 X110.217 Y104.979 E156.53129
G1 X110.329 Y104.918 E156.53384
G1 X112.6 Y104.918 E156.57916
G1 F1595.7 X112.72 Y105.116 E156.5835
G1 X112.84 Y104.918 E156.58785
G1 F1500 X113.467 Y104.916 E156.60036
G1 X113.597 Y105.043 E156.60398
G1 X113.598 Y106.349 E156.63005
G1 X114.38 Y104.971 E156.66167
G1 X114.493 Y104.918 E156.66416
G1 X115.239 Y104.916 E156.67904
G1 X115.331 Y104.98 E156.68128
G1 X115.384 Y105.116 E156.68419
G1 X115.382 Y107.863 E156.73901
G1 X115.219 Y107.99 E156.74314
G1 X114.688 Y107.992 E156.75373
G1 X114.551 Y107.938 E156.75667
G1 X114.488 Y107.792 E156.75985
G1 X114.488 Y106.524 E156.78515
G1 X113.687 Y107.931 E156.81746
G1 X113.571 Y107.99 E156.82006
G1 F1496.3 X112.809 Y107.992 E156.8353
G1 F1442.3 X112.682 Y107.81 E156.83991
G1 X112.556 Y107.99 E156.84447
G1 F1496.3 X110.364 Y107.992 E156.88832
G1 F1500 X110.245 Y107.953 E156.89082
G1 F1503.8 X110.164 Y107.833 E156.8937
G1 F1507.5 X110.166 Y107.542 E156.89948
G1 F1558.4 X110.187 Y107.192 E156.90621
G1 F1578.9 X110.058 Y107.565 E156.9137
G1 F1526.7 X109.8 Y107.801 E156.92055
G1 F1500 X109.588 Y107.905 E156.92526
G1 X109.183 Y107.986 E156.93351
G1 X107.833 Y107.992 E156.96045
G1 X107.694 Y107.938 E156.96342
G1 F1522.8 X107.631 Y107.84 E156.96571
G1 F1562.5 X107.643 Y106.796 E156.98572
G1 F1550.4 X107.568 Y107.121 E156.99216
G1 F1511.3 X107.418 Y107.441 E156.99916
G1 F1503.8 X107.099 Y107.765 E157.00821
G1 F1500 X106.742 Y107.934 E157.01609
G1 X106.443 Y108.008 E157.02224
G1 X106.017 Y108.034 E157.03075
G1 F2700 E152.03075
G0 F9000 X105.968 Y108.342
G0 X105.481 Y108.204
G0 X105.009 Y107.972
G0 X104.636 Y107.598
G0 X104.443 Y107.195
G0 X104.349 Y106.607
G0 X104.526 Y104.511
G0 X104.374 Y104.282
;TYPE:SKIN
G1 F2700 E157.03075
G1 F1190.5 X104.343 Y104.337 E157.03234
G1 X104.28 Y104.337 E157.03392
G1 X104.248 Y104.282 E157.03552
G1 X104.279 Y104.227 E157.03711
G1 X104.342 Y104.227 E157.0387
G1 X104.374 Y104.282 E157.0403
G1 F2700 E152.0403
;MESH:NONMESH
G0 F300 Z2.24
G0 F9000 X104.526 Y104.511
G0 X104.479 Y105.754
G0 X105.822 Y106.168
G0 X106.216 Y106.776
;TIME_ELAPSED:624.478891
;LAYER:17
;TYPE:WALL-INNER
;MESH:Lens_Openscad 2.stl
G1 F2700 E157.0403
G1 F1570.7 X106.32 Y106.538 E157.04525
G1 X106.291 Y106.218 E157.05137
G1 F1562.5 X106.182 Y106.119 E157.05419
G1 F1558.4 X106.03 Y106.139 E157.05714
G1 X105.98 Y106.213 E157.05885
G1 X105.924 Y106.457 E157.06366
G1 F1562.5 X105.956 Y106.646 E157.06733
G1 F1570.7 X106.029 Y106.77 E157.07007
G1 X106.216 Y106.776 E157.07364
G0 F9000 X106.056 Y107.185
;TYPE:WALL-OUTER
G1 F1500 X106.32 Y107.16 E157.07893
G1 X106.462 Y107.09 E157.08209
G1 X106.606 Y106.92 E157.08654
G1 X106.717 Y106.584 E157.0936
G1 X106.683 Y106.198 E157.10133
G1 X106.614 Y106 E157.10552
G1 X106.465 Y105.821 E157.11016
G1 X106.265 Y105.723 E157.11461
G1 X105.993 Y105.735 E157.12004
G1 X105.751 Y105.853 E157.12541
G1 X105.615 Y106.054 E157.13026
G1 X105.524 Y106.446 E157.13829
G1 X105.583 Y106.785 E157.14516
G1 X105.773 Y107.102 E157.15253
G1 X106.056 Y107.185 E157.15842
G1 F2700 E152.15842
G0 F9000 X106.089 Y106.875
G0 X106.485 Y106.559
G0 X108.873 Y106.952
G0 X108.608 Y107.139
G1 F2700 E157.15842
G1 F1388.9 X108.608 Y106.705 E157.16777
G1 F1392.1 X109.015 Y106.707 E157.17652
G1 F1398.6 X109.199 Y106.771 E157.18069
G1 F1401.9 X109.251 Y106.913 E157.18392
G1 X109.216 Y107.066 E157.18727
G1 X109.053 Y107.138 E157.19108
G1 F1395.3 X108.608 Y107.139 E157.20062
G1 F2700 E152.20062
G0 F9000 X108.873 Y109.915
G0 X107.603 Y110.085
G0 X107.603 Y113.667
G1 F2700 E157.20062
G1 F1094.9 X107.569 Y113.726 E157.20248
G1 X107.501 Y113.726 E157.20434
G1 X107.467 Y113.667 E157.20621
G1 X107.501 Y113.608 E157.20807
G1 X107.569 Y113.608 E157.20993
G1 X107.603 Y113.667 E157.21179
G1 F2700 E152.21179
G0 F9000 X106.002 Y112.86
G0 X105.561 Y112.551
;TYPE:WALL-INNER
G1 F2700 E157.21179
G1 F985.2 X105.536 Y112.288 E157.21982
G1 F2700 E152.21982
G0 F9000 X105.282 Y111.85
G0 X103.845 Y111.85
G0 X103.564 Y112.288
G1 F2700 E157.21982
G1 F940.4 X103.569 Y115.084 E157.30881
G0 F9000 X103.755 Y115.836
G0 X104.216 Y116.04
G1 F1041.7 X104.352 Y116.054 E157.31274
G1 F1013.5 X106.393 Y116.054 E157.37302
G1 F931.7 X106.73 Y116.003 E157.38397
G1 F937.5 X107.204 Y116.054 E157.39919
G1 F1020.4 X107.868 Y116.054 E157.41867
G1 F1006.7 X108.058 Y116.046 E157.42433
G0 F9000 X108.488 Y116.157
G1 F1237.1 X109.108 Y116.054 E157.43954
G1 X108.588 Y115.804 E157.4535
G1 F1570.7 X108.488 Y115.725 E157.45593
G1 F1217 X108.058 Y116.046 E157.46912
G1 X108.488 Y116.157 E157.48005
G0 F9000 X109.108 Y116.054
G1 F1006.7 X109.858 Y116.046 E157.50235
G0 F9000 X110 Y116.084
G1 F1438.8 X110.276 Y116.159 E157.5083
G1 F1239.7 X110.884 Y116.054 E157.5232
G1 X110.373 Y115.808 E157.53689
G1 F1379.3 X110.284 Y115.731 E157.53945
G1 F1094.9 X109.858 Y116.046 E157.55393
G1 F1132.1 X110 Y116.084 E157.55782
G0 F9000 X110.884 Y116.054
G1 F1006.7 X112.626 Y116.046 E157.60962
G0 F9000 X113.068 Y116.155
G1 F1232 X113.7 Y116.054 E157.62517
G1 X113.17 Y115.8 E157.63945
G1 F1363.6 X113.079 Y115.718 E157.64213
G1 F1090.9 X112.626 Y116.046 E157.65748
G1 F1212.1 X113.068 Y116.155 E157.66872
G0 F9000 X113.7 Y116.054
G1 F1020.4 X115.655 Y116.054 E157.72607
G0 F9000 X110 Y116.24
G0 X110 Y116.548
G1 F1500 X115.706 Y116.548 E157.83994
G1 X116.143 Y116.403 E157.84913
G1 X116.311 Y116.252 E157.85364
G1 X116.501 Y115.926 E157.86117
G1 X116.548 Y115.699 E157.8658
G1 F1562.5 X116.564 Y115.06 E157.87804
G1 X116.255 Y115.498 E157.88831
G1 F1500 X115.988 Y115.56 E157.89378
G1 X113.7 Y115.56 E157.93944
G1 X113.38 Y115.468 E157.94608
G1 X113.229 Y115.333 E157.95013
G1 F1382.5 X113.068 Y115.015 E157.95784
G1 X112.907 Y115.333 E157.96556
G1 F1500 X112.756 Y115.468 E157.9696
G1 X112.519 Y115.56 E157.97468
G1 X111.794 Y115.56 E157.98915
G1 X111.66 Y115.519 E157.99194
G1 X111.521 Y115.56 E157.99483
G1 X110.884 Y115.56 E158.00755
G1 X110.574 Y115.474 E158.01397
G1 X110.422 Y115.344 E158.01796
G1 F1463.4 X110.276 Y115.013 E158.02536
G1 X110.13 Y115.344 E158.03276
G1 F1500 X109.978 Y115.474 E158.03675
G1 X109.751 Y115.56 E158.04159
G1 X109.108 Y115.56 E158.05443
G1 X108.793 Y115.471 E158.06096
G1 X108.682 Y115.383 E158.06378
G1 X108.544 Y115.166 E158.06892
G1 X108.507 Y114.959 E158.07311
G1 X108.432 Y115.166 E158.07751
G1 X108.294 Y115.383 E158.08264
G1 X108.183 Y115.471 E158.08547
G1 X107.951 Y115.56 E158.09042
G1 X107.204 Y115.56 E158.10533
G1 X106.955 Y115.507 E158.11041
G1 X106.835 Y115.434 E158.11321
G1 X106.73 Y115.289 E158.11679
G1 X106.625 Y115.434 E158.12036
G1 X106.334 Y115.56 E158.12669
G1 X104.244 Y115.559 E158.1684
G1 F1301.5 X103.961 Y115.482 E158.17514
G1 F1029.2 X103.569 Y115.084 E158.19139
G1 F1149.4 X103.449 Y115.705 E158.20786
G1 F1500 X103.593 Y116.143 E158.21706
G1 X103.744 Y116.311 E158.22157
G1 X104.069 Y116.501 E158.22908
G1 X104.304 Y116.548 E158.23387
G1 X110 Y116.548 E158.34754
G0 F9000 X110 Y116.24
G0 X110.276 Y115.873
G0 X110.276 Y115.013
G1 F1442.3 X110.278 Y113.317 E158.38273
G1 F2700 E153.38273
G0 F9000 X110.449 Y115.401
G0 X112.877 Y115.401
G0 X113.319 Y113.65
G0 X113.068 Y114.528
G1 F2700 E158.38273
G1 F1287.6 X113.068 Y115.015 E158.39406
G0 F9000 X113.068 Y114.528
G1 F1202.4 X113.464 Y113.903 E158.41248
G1 F1156.1 X113.912 Y113.876 E158.4241
G1 F1190.5 X113.912 Y113.339 E158.4376
G1 X113.872 Y113.372 E158.4389
G1 F1181.1 X113.543 Y113.375 E158.44724
G1 F1147.2 X113.37 Y113.387 E158.45177
G1 F1123.6 X113.103 Y113.387 E158.45888
G1 X113.103 Y113.654 E158.46599
G1 F1202.4 X113.068 Y114.528 E158.48777
G1 F2700 E153.48777
G0 F9000 X113.319 Y113.65
G0 X113.262 Y114.092
G0 X113.262 Y115.401
G0 X116.428 Y115.401
G0 X116.428 Y114.092
G0 X116.136 Y113.527
G1 F2700 E158.48777
G1 F1415.1 X116.136 Y112.288 E158.51398
G1 F1252.6 X116.081 Y111.815 E158.52536
G1 F2700 E153.52536
G0 F9000 X110 Y111.687
G1 F2700 E158.52536
G1 F1676 X110.283 Y111.673 E158.53042
G1 F1662 X110.797 Y111.696 E158.53969
G1 F1428.6 X111.225 Y111.829 E158.54908
G1 F1279.3 X111.364 Y111.919 E158.55295
G1 X111.473 Y111.798 E158.55676
G1 F1418.4 X111.774 Y111.709 E158.56339
G1 F1604.3 X113.872 Y111.703 E158.60253
G1 F1538.5 X114.131 Y111.742 E158.60763
G1 F1467 X114.218 Y111.802 E158.60979
G1 F1526.7 X114.462 Y111.709 E158.61491
G1 F1604.3 X115.124 Y111.703 E158.62726
G1 F1558.4 X115.663 Y112.022 E158.63929
G1 F1500 X115.724 Y112.288 E158.64474
G1 X115.724 Y113.928 E158.67746
G1 X116.076 Y113.934 E158.68449
G1 F1578.9 X116.568 Y114.528 E158.69911
G1 X116.548 Y113.527 E158.71809
G1 F1500 X116.548 Y111.348 E158.76158
G1 F1558.4 X115.124 Y111.333 E158.78893
G1 F1604.3 X114.43 Y111.335 E158.80188
G1 F1526.7 X114.218 Y111.352 E158.80605
G1 F1538.5 X113.872 Y111.333 E158.81279
G1 F1604.3 X111.742 Y111.335 E158.85254
G1 F1418.4 X111.324 Y111.382 E158.86141
G1 F1388.9 X110.961 Y111.345 E158.86928
G1 F1587.3 X110.694 Y111.33 E158.87432
G1 F1685.4 X110.197 Y111.323 E158.88315
G1 F1662 X109.707 Y111.332 E158.89197
G1 F1470.6 X109.319 Y111.37 E158.89991
G1 X108.84 Y111.333 E158.90969
G1 F1604.3 X108.15 Y111.335 E158.92256
G1 F1293.1 X107.536 Y111.424 E158.93693
G1 F1304.3 X106.788 Y111.333 E158.95422
G1 F1604.3 X106.094 Y111.335 E158.96717
G1 F1327.4 X105.536 Y111.411 E158.97987
G1 F1339.3 X104.844 Y111.333 E158.99543
G1 F1604.3 X104.146 Y111.335 E159.00846
G1 F1415.1 X103.72 Y111.384 E159.01753
G1 F1271.2 X103.484 Y111.384 E159.02308
G1 X103.484 Y111.62 E159.02864
G1 F1087 X103.564 Y112.288 E159.04717
G1 X103.871 Y111.8 E159.06305
G1 F1415.1 X104.178 Y111.709 E159.06982
G1 F1604.3 X104.844 Y111.703 E159.08225
G1 F1339.3 X105.34 Y111.847 E159.09379
G1 F1127.8 X105.456 Y112.015 E159.09921
G1 F1067.6 X105.536 Y112.288 E159.10719
G1 X105.616 Y112.015 E159.11516
G1 F1127.8 X105.732 Y111.847 E159.12058
G1 F1327.4 X106.126 Y111.709 E159.12999
G1 F1604.3 X106.788 Y111.703 E159.14235
G1 F1304.3 X107.319 Y111.87 E159.15512
G1 F1088.9 X107.505 Y112.292 E159.1678
G1 X107.567 Y112.292 E159.1695
G1 X107.753 Y111.87 E159.18218
G1 F1293.1 X108.182 Y111.709 E159.19279
G1 F1604.3 X108.84 Y111.703 E159.20507
G1 F1470.6 X109.193 Y111.775 E159.2124
G1 F1348.3 X109.279 Y111.861 E159.2151
G1 F1456.3 X109.641 Y111.705 E159.2232
G1 F1612.9 X110 Y111.687 E159.22987
G1 F2700 E154.22987
G0 F9000 X115.563 Y111.85
G0 X116.269 Y113.65
G0 X116.568 Y114.528
G1 F2700 E159.22987
G1 F1648.4 X116.564 Y115.06 E159.23954
G0 F9000 X116.244 Y115.836
G0 X113.7 Y115.873
G0 X113.7 Y115.16
;TYPE:WALL-OUTER
G1 F1500 X113.543 Y115.085 E159.24301
G1 X113.5 Y114.978 E159.24531
G1 X113.5 Y114.528 E159.25429
G1 X113.637 Y114.328 E159.25913
G1 X114.364 Y114.328 E159.27363
G1 X114.364 Y113.412 E159.29191
G1 F1604.3 X114.39 Y112.78 E159.30372
G1 F1729.1 X114.391 Y112.288 E159.31223
G1 F1621.6 X114.428 Y112.144 E159.31498
G1 F1507.5 X114.529 Y112.091 E159.31724
G1 F1500 X115.124 Y112.088 E159.32912
G1 X115.324 Y112.211 E159.3338
G1 X115.324 Y114.328 E159.37605
G1 X116.018 Y114.33 E159.3899
G1 X116.188 Y114.528 E159.39511
G1 X116.186 Y114.995 E159.40443
G1 X116.063 Y115.159 E159.40852
G1 X113.7 Y115.16 E159.45567
G0 F9000 X113.7 Y115.873
G0 X111.66 Y115.873
G0 X111.66 Y114.978
G1 F1373 X111.656 Y113.086 E159.49692
G1 F2700 E154.49692
G0 F9000 X110.477 Y113.294
G0 X110 Y112.971
G1 F2700 E159.49692
G1 F1500 X109.961 Y112.996 E159.49785
G1 X109.872 Y113.271 E159.50362
G1 X109.868 Y114.978 E159.53768
G1 X109.822 Y115.088 E159.54006
G1 X109.703 Y115.158 E159.54282
G1 X109.027 Y115.16 E159.55631
G1 F1428.6 X108.91 Y115.017 E159.56018
G1 F1304.3 X108.835 Y113.1 E159.60421
G1 X108.042 Y115.041 E159.65233
G1 F1428.6 X107.903 Y115.158 E159.65613
G1 F1500 X107.204 Y115.16 E159.67008
G1 X107.081 Y115.118 E159.67268
G1 X107.016 Y115.029 E159.67487
G1 F1550.4 X106.756 Y114.278 E159.69022
G1 F1456.3 X106.623 Y114.028 E159.69604
G1 F1330.4 X106.5 Y113.69 E159.70413
G1 F1492.5 X106.386 Y113.235 E159.71354
G1 X106.438 Y113.7 E159.72292
G1 F1330.4 X106.312 Y113.903 E159.7283
G1 F1388.9 X105.051 Y113.907 E159.75548
G1 F1449.3 X105.051 Y114.321 E159.76403
G1 F1388.9 X106.334 Y114.316 E159.79168
G1 F1442.3 X106.445 Y114.528 E159.79665
G1 F1558.4 X106.457 Y115.011 E159.80593
G1 F1519 X106.379 Y115.118 E159.80854
G1 F1500 X106.291 Y115.158 E159.81047
G1 X104.253 Y115.159 E159.85114
G1 X104.159 Y115.12 E159.85317
G1 X104.083 Y114.995 E159.85609
G1 X104.08 Y112.288 E159.91011
G1 X104.151 Y112.134 E159.91349
G1 X104.245 Y112.091 E159.91556
G1 X104.844 Y112.088 E159.92751
G1 X104.994 Y112.155 E159.93079
G1 X105.044 Y112.288 E159.93362
G1 X105.044 Y113.068 E159.94919
G1 F1534.5 X106.212 Y113.076 E159.97197
G1 F1587.3 X106.354 Y113.189 E159.9754
G1 F1546.4 X106.03 Y112.323 E159.99329
G1 F1500 X106.078 Y112.155 E159.99678
G1 X106.193 Y112.091 E159.99941
G1 X106.788 Y112.088 E160.01128
G1 X106.959 Y112.17 E160.01507
G1 X107.167 Y112.767 E160.02768
G1 X107.905 Y112.767 E160.04241
G1 X108.112 Y112.172 E160.05498
G1 X108.249 Y112.091 E160.05816
G1 X108.84 Y112.088 E160.06995
G1 X108.954 Y112.123 E160.07233
G1 F1449.3 X109.058 Y112.279 E160.0762
G1 F1351.4 X108.983 Y112.639 E160.08435
G1 F1398.6 X109.39 Y112.277 E160.09601
G1 F1500 X109.783 Y112.08 E160.10478
G1 X110.26 Y112.048 E160.11432
G1 X110.694 Y112.074 E160.123
G1 X111.041 Y112.222 E160.13053
G1 F1492.5 X111.357 Y112.469 E160.13857
G1 F1470.6 X111.566 Y112.813 E160.14676
G1 F1411.8 X111.656 Y113.086 E160.15286
G1 F1421.8 X111.675 Y112.723 E160.16051
G1 F1492.5 X111.676 Y112.285 E160.1693
G1 F1500 X111.715 Y112.168 E160.17176
G1 X111.841 Y112.091 E160.1747
G1 X113.872 Y112.088 E160.21523
G1 F1507.5 X114.008 Y112.144 E160.21816
G1 F1621.6 X114.045 Y112.288 E160.2209
G1 F1729.1 X114.044 Y112.75 E160.2289
G1 F1604.3 X113.872 Y112.92 E160.23341
G1 F1500 X112.636 Y112.92 E160.25808
G1 X112.636 Y114.978 E160.29915
G1 X112.593 Y115.085 E160.30145
G1 X112.471 Y115.158 E160.30428
G1 X111.81 Y115.157 E160.31748
G1 F1438.8 X111.66 Y114.978 E160.32233
G1 X111.509 Y115.158 E160.32722
G1 F1500 X110.884 Y115.16 E160.33969
G1 X110.73 Y115.088 E160.34309
G1 X110.684 Y114.978 E160.34547
G1 X110.684 Y113.265 E160.37965
G1 X110.569 Y112.988 E160.38564
G1 X110.371 Y112.899 E160.38997
G1 X110.075 Y112.924 E160.3959
G1 X110 Y112.971 E160.39766
G0 F9000 X110.187 Y113.22
G0 X108.978 Y112.664
G1 F1115.2 X108.836 Y113.119 E160.41046
G1 F2700 E155.41046
G0 F9000 X108.836 Y110.085
G0 X117.803 Y110.097
G0 X117.815 Y114.12
G0 X106.386 Y113.235
G1 F2700 E160.41046
G1 F1704.5 X106.377 Y113.207 E160.41097
G1 F2700 E155.41097
G0 F9000 X105.921 Y112.803
G0 X105.282 Y111.85
G0 X103.845 Y111.85
G0 X103.845 Y115.401
G0 X110 Y116.24
G0 X110 Y116.948
G1 F2700 E160.41097
G1 F1500 X115.747 Y116.948 E160.52566
G1 X116.049 Y116.884 E160.53182
G1 X116.365 Y116.742 E160.53873
G1 X116.61 Y116.521 E160.54532
G1 X116.773 Y116.295 E160.55088
G1 X116.884 Y116.05 E160.55625
G1 X116.948 Y115.739 E160.56258
G1 X116.948 Y110.948 E160.65819
G1 X103.048 Y110.948 E160.93558
G1 X103.049 Y115.747 E161.03135
G1 X103.112 Y116.049 E161.03751
G1 X103.254 Y116.365 E161.04442
G1 X103.475 Y116.61 E161.05101
G1 X103.701 Y116.774 E161.05658
G1 X103.946 Y116.884 E161.06194
G1 X104.264 Y116.948 E161.06841
G1 X110 Y116.948 E161.18288
G0 F9000 X110 Y116.173
G1 F2700 E156.18288
G0 F9000 X103.845 Y115.401
G0 X103.845 Y111.85
G0 X109.885 Y111.18
G0 X109.885 Y108.82
G0 X109.885 Y108.645
;TYPE:WALL-INNER
G1 F2700 E161.18288
G1 F1127.8 X110.364 Y108.52 E161.19602
G1 F1010.1 X109.899 Y108.202 E161.21271
G1 F1279.3 X109.666 Y108.3 E161.21863
G1 F1111.1 X109.275 Y108.513 E161.23062
G1 X109.7 Y108.644 E161.2426
G1 F1474.2 X109.885 Y108.645 E161.24636
G0 F9000 X110.364 Y108.52
G1 F906.3 X113.662 Y108.515 E161.35529
G0 F9000 X114.112 Y108.627
G1 F1092.9 X114.688 Y108.52 E161.37133
G1 X114.263 Y108.245 E161.3852
G1 F1357.5 X114.125 Y108.012 E161.39117
G1 X113.961 Y108.245 E161.39745
G1 F1081.1 X113.662 Y108.515 E161.40861
G1 X114.112 Y108.627 E161.42145
G0 F9000 X114.688 Y108.52
G1 F906.3 X115.31 Y108.515 E161.44199
G0 F9000 X116.119 Y108.219
G1 F1449.3 X116.166 Y107.917 E161.4483
G1 F1630.4 X116.166 Y105.116 E161.49973
G1 F1587.3 X116.152 Y104.335 E161.51446
G1 F1526.7 X116.068 Y104.074 E161.51983
G1 X115.805 Y103.875 E161.5263
G1 X115.635 Y103.844 E161.52969
G1 F1132.1 X115.184 Y103.982 E161.54216
G1 X115.741 Y104.289 E161.55898
G1 F1526.7 X115.917 Y104.44 E161.56352
G1 F1587.3 X116.166 Y105.116 E161.57711
G0 F9000 X116.023 Y104.28
G0 X115.184 Y103.982
G1 F898.2 X114.528 Y103.982 E161.59897
G0 F9000 X113.973 Y104.286
G1 F1333.3 X114.183 Y104.196 E161.6041
G1 F1162.8 X114.528 Y103.982 E161.61455
G1 F1013.5 X114.072 Y103.826 E161.62879
G1 X113.396 Y103.982 E161.64928
G1 F996.7 X113.973 Y104.286 E161.66887
G0 F9000 X113.396 Y103.982
G1 F888.9 X112.72 Y103.989 E161.69163
G1 X112.544 Y103.982 E161.69756
G1 F898.2 X110.364 Y103.982 E161.77022
G0 F9000 X109.528 Y104.28
G0 X109.378 Y104.675
G1 F1092.9 X109.579 Y104.383 E161.77992
G1 F1339.3 X110.02 Y104.205 E161.79055
G1 F1376.1 X110.18 Y104.068 E161.79514
G1 F1005 X110.364 Y103.982 E161.80119
G1 F1183.4 X109.96 Y103.864 E161.81183
G1 F1339.3 X109.378 Y103.922 E161.8249
G1 F986.8 X108.392 Y103.982 E161.85487
G1 X109.177 Y104.383 E161.88161
G1 F1092.9 X109.378 Y104.675 E161.89132
G0 F9000 X109.246 Y104.319
G0 X108.392 Y103.982
G1 F898.2 X107.832 Y103.982 E161.90998
G0 F9000 X107.223 Y104.313
G1 F1318.7 X107.488 Y104.197 E161.91655
G1 F1165 X107.832 Y103.982 E161.92697
G1 X107.425 Y103.845 E161.938
G1 F1538.5 X107.198 Y103.857 E161.94242
G1 F1094.9 X106.664 Y103.988 E161.95746
G1 F978.8 X107.223 Y104.313 E161.97723
G0 F9000 X106.664 Y103.988
G1 F916 X106.34 Y103.964 E161.98785
G1 F946.4 X105.96 Y103.966 E161.99987
G1 F898.2 X105.496 Y103.998 E162.01537
G0 F9000 X104.299 Y105.107
G0 X103.838 Y105.907
G1 F1639.3 X103.823 Y106.101 E162.01892
G1 F1769.9 X103.812 Y106.492 E162.02554
G1 F1724.1 X103.831 Y106.941 E162.03334
G0 F9000 X103.838 Y105.907
G1 F1554.4 X103.925 Y105.544 E162.04053
G1 F1515.2 X104.095 Y105.173 E162.04859
G1 F1500 X104.29 Y104.891 E162.05543
G1 X104.577 Y104.598 E162.06362
G1 X104.889 Y104.389 E162.07111
G1 X105.091 Y104.286 E162.07564
G1 F1090.9 X105.496 Y103.998 E162.08927
G1 F970.9 X105.278 Y103.915 E162.09647
G1 F1282.1 X105.013 Y103.848 E162.10285
G1 F1500 X104.335 Y103.848 E162.11638
G1 X104.076 Y103.932 E162.12181
G1 X103.849 Y104.231 E162.1293
G1 X103.848 Y105.446 E162.15355
G1 F1534.5 X103.838 Y105.907 E162.16254
G0 F9000 X104.041 Y107.189
G0 X104.509 Y108.249
G1 F1507.5 X104.183 Y107.926 E162.17166
G1 F1538.5 X103.915 Y107.374 E162.1836
G1 F1595.7 X103.831 Y106.941 E162.19187
G1 F1566.6 X103.847 Y107.504 E162.20263
G1 F1507.5 X103.847 Y108.249 E162.21743
G1 X104.509 Y108.249 E162.23057
G0 F9000 X104.891 Y108.648
G1 F1298.7 X105.274 Y108.586 E162.23951
G1 F1123.6 X105.516 Y108.497 E162.24638
G1 F1271.2 X104.847 Y108.025 E162.26566
G1 F1500 X104.502 Y107.67 E162.27554
G1 X104.295 Y107.242 E162.28503
G1 X104.209 Y106.876 E162.29253
G1 X104.177 Y106.543 E162.29921
G1 X104.2 Y106.063 E162.3088
G1 X104.3 Y105.685 E162.3166
G1 X104.501 Y105.246 E162.32624
G1 X104.832 Y104.912 E162.33562
G1 X105.162 Y104.687 E162.34359
G1 X105.537 Y104.547 E162.35158
G1 X105.965 Y104.484 E162.36021
G1 X106.427 Y104.479 E162.36943
G1 X107.092 Y104.677 E162.38328
G1 X107.316 Y104.842 E162.38883
G1 X107.452 Y104.651 E162.39351
G1 X107.757 Y104.516 E162.40017
G1 X108.392 Y104.516 E162.41284
G1 X108.831 Y104.706 E162.42238
G1 X108.932 Y104.854 E162.42596
G1 X108.992 Y105.094 E162.4309
G1 X108.992 Y105.46 E162.4382
G1 X109.384 Y105.466 E162.44602
G1 X109.764 Y105.598 E162.45405
G1 X109.764 Y105.094 E162.46411
G1 X109.824 Y104.854 E162.46905
G1 X109.925 Y104.706 E162.47262
G1 X110.152 Y104.554 E162.47807
G1 X110.289 Y104.516 E162.48091
G1 X112.606 Y104.516 E162.52715
G1 X112.803 Y104.523 E162.53108
G1 X113.396 Y104.516 E162.54292
G1 X113.679 Y104.586 E162.54874
G1 X113.918 Y104.82 E162.55541
G1 X113.947 Y104.924 E162.55757
G1 X114.148 Y104.651 E162.56433
G1 X114.447 Y104.516 E162.57088
G1 X115.184 Y104.516 E162.58559
G1 X115.414 Y104.561 E162.59026
G1 X115.625 Y104.708 E162.59539
G1 X115.784 Y105.116 E162.60413
G1 X115.784 Y107.871 E162.65911
G1 X115.73 Y108.041 E162.66267
G1 F1123.6 X115.31 Y108.515 E162.67954
G1 F998.3 X115.714 Y108.582 E162.69182
G1 F1284.8 X116.119 Y108.648 E162.70138
G1 F1500 X116.548 Y108.648 E162.70994
G1 X116.548 Y104.294 E162.79683
G1 X116.502 Y104.072 E162.80136
G1 X116.403 Y103.856 E162.8061
G1 X116.251 Y103.684 E162.81068
G1 X115.927 Y103.495 E162.81816
G1 X115.692 Y103.448 E162.82295
G1 X110.167 Y103.448 E162.9332
G1 X109.96 Y103.475 E162.93737
G1 X109.378 Y103.448 E162.949
G1 X104.294 Y103.448 E163.05045
G1 X103.855 Y103.593 E163.05968
G1 X103.684 Y103.745 E163.06425
G1 X103.495 Y104.07 E163.07175
G1 X103.449 Y104.297 E163.07637
G1 X103.448 Y108.648 E163.1632
G1 X104.891 Y108.648 E163.192
G0 F9000 X105.5 Y108.503
G1 F923.1 X106.048 Y108.542 E163.20981
G1 F949.4 X106.553 Y108.523 E163.22575
G0 F9000 X107.253 Y108.627
G1 F1090.9 X107.834 Y108.52 E163.24196
G1 X107.405 Y108.244 E163.25595
G1 F1354.4 X107.319 Y108.127 E163.25916
G1 X106.964 Y108.299 E163.26788
G1 F1094.9 X106.553 Y108.523 E163.28068
G1 F1061.9 X106.883 Y108.61 E163.2903
G1 F1304.3 X107.253 Y108.627 E163.2988
G0 F9000 X107.834 Y108.52
G1 F903.6 X109.275 Y108.513 E163.34654
G0 F9000 X110 Y109.048
;TYPE:WALL-OUTER
G1 F1500 X116.948 Y109.048 E163.48519
G1 X116.948 Y104.253 E163.58088
G1 X116.884 Y103.947 E163.58712
G1 X116.742 Y103.635 E163.59396
G1 X116.521 Y103.386 E163.6006
G1 X116.295 Y103.223 E163.60616
G1 X116.05 Y103.112 E163.61153
G1 X115.732 Y103.048 E163.61801
G1 X110.167 Y103.048 E163.72906
G1 X109.96 Y103.057 E163.7332
G1 X109.378 Y103.048 E163.74481
G1 X104.253 Y103.048 E163.84709
G1 X103.947 Y103.112 E163.85333
G1 X103.635 Y103.254 E163.86017
G1 X103.386 Y103.475 E163.86681
G1 X103.223 Y103.701 E163.87237
G1 X103.112 Y103.946 E163.87774
G1 X103.049 Y104.257 E163.88407
G1 X103.048 Y109.048 E163.97968
G1 X110 Y109.048 E164.11842
G1 F2700 E159.11842
G0 F9000 X110 Y108.74
G0 X109.956 Y107.952
G0 X110.189 Y107.162
G1 F2700 E164.11842
G1 F1749.3 X110.196 Y106.839 E164.12394
G0 F9000 X111.26 Y107.024
G1 F892.9 X112.298 Y107.024 E164.15874
G1 F952.4 X112.602 Y107.169 E164.16933
G1 F1181.1 X112.682 Y107.36 E164.17458
G1 F1398.6 X112.682 Y107.81 E164.18421
G0 F9000 X112.602 Y107.169
G1 F1092.9 X112.641 Y107.003 E164.18888
G1 F1500 X112.759 Y106.82 E164.19323
G1 F2033.9 X112.76 Y106.164 E164.20288
G1 F1363.6 X112.606 Y105.921 E164.2092
G1 F1049 X112.614 Y105.771 E164.21348
G1 X112.523 Y105.838 E164.21671
G1 F1287.6 X112.3 Y105.724 E164.22253
G1 F1704.5 X111.1 Y105.724 E164.2436
G1 X111.1 Y106.076 E164.24978
G1 X112.3 Y106.076 E164.27086
G1 F1287.6 X112.485 Y105.994 E164.27556
G1 F1098.9 X112.48 Y106.91 E164.30052
G1 F1015.2 X112.298 Y107.024 E164.30685
G1 F952.4 X112.602 Y107.169 E164.31743
G0 F9000 X112.614 Y105.771
G1 F1307.2 X112.719 Y105.578 E164.32246
G1 F1699.7 X112.72 Y105.116 E164.3306
G1 F2700 E159.3306
G0 F9000 X112.72 Y104.208
G0 X109.928 Y104.68
G0 X109.919 Y105.239
G0 X108.803 Y105.65
G0 X107.656 Y106.306
G1 F2700 E164.3306
G1 F1643.8 X107.643 Y106.796 E164.33953
G1 F2700 E159.33953
G0 F9000 X107.423 Y107.737
G0 X106.017 Y108.034
G1 F2700 E164.33953
G1 F1500 X105.556 Y107.962 E164.34884
G1 X105.152 Y107.764 E164.35782
G1 X104.847 Y107.456 E164.36647
G1 X104.669 Y107.087 E164.37464
G1 X104.6 Y106.79 E164.38073
G1 X104.576 Y106.509 E164.38636
G1 X104.602 Y106.108 E164.39438
G1 X104.674 Y105.836 E164.39999
G1 X104.837 Y105.476 E164.40788
G1 X105.1 Y105.209 E164.41536
G1 X105.37 Y105.036 E164.42175
G1 X105.654 Y104.934 E164.42778
G1 X105.938 Y104.886 E164.43352
G1 X106.369 Y104.88 E164.44213
G1 X106.956 Y105.056 E164.45436
G1 X107.323 Y105.386 E164.46421
G1 X107.584 Y105.797 E164.47392
G1 F1595.7 X107.656 Y106.306 E164.48356
G1 X107.632 Y105.826 E164.49258
G1 F1500 X107.632 Y105.116 E164.50675
G1 X107.667 Y105.002 E164.50913
G1 X107.797 Y104.918 E164.51222
G1 X108.392 Y104.916 E164.52409
G1 X108.539 Y104.979 E164.52728
G1 X108.592 Y105.108 E164.53007
G1 X108.592 Y105.86 E164.54507
G1 X109.295 Y105.862 E164.5591
G1 X109.668 Y105.988 E164.56696
G1 X109.919 Y106.161 E164.57304
G1 F1522.8 X110.146 Y106.527 E164.58151
G1 F1657.5 X110.196 Y106.839 E164.58721
G1 X110.171 Y106.52 E164.59299
G1 F1522.8 X110.164 Y105.108 E164.62075
G1 F1500 X110.217 Y104.979 E164.62353
G1 X110.329 Y104.918 E164.62608
G1 X112.6 Y104.918 E164.6714
G1 F1595.7 X112.72 Y105.116 E164.67574
G1 X112.84 Y104.918 E164.68008
G1 F1500 X113.467 Y104.916 E164.6926
G1 X113.597 Y105.043 E164.69622
G1 X113.598 Y106.349 E164.72229
G1 X114.38 Y104.971 E164.75391
G1 X114.493 Y104.918 E164.7564
G1 X115.239 Y104.916 E164.77128
G1 X115.331 Y104.98 E164.77352
G1 X115.384 Y105.116 E164.77643
G1 X115.382 Y107.863 E164.83125
G1 X115.219 Y107.99 E164.83538
G1 X114.688 Y107.992 E164.84597
G1 X114.551 Y107.938 E164.84891
G1 X114.488 Y107.792 E164.85208
G1 X114.488 Y106.524 E164.87739
G1 X113.687 Y107.931 E164.9097
G1 X113.571 Y107.99 E164.9123
G1 F1496.3 X112.809 Y107.992 E164.92754
G1 F1442.3 X112.682 Y107.81 E164.93215
G1 X112.556 Y107.99 E164.93671
G1 F1496.3 X110.364 Y107.992 E164.98056
G1 F1500 X110.245 Y107.953 E164.98306
G1 X110.164 Y107.833 E164.98595
G1 F1507.5 X110.165 Y107.541 E164.99175
G1 F1604.3 X110.189 Y107.162 E164.99883
G1 X110.06 Y107.562 E165.00667
G1 F1500 X109.8 Y107.801 E165.01372
G1 X109.588 Y107.905 E165.01843
G1 X109.183 Y107.986 E165.02668
G1 X107.833 Y107.992 E165.05362
G1 X107.694 Y107.938 E165.05659
G1 F1522.8 X107.631 Y107.84 E165.05888
G1 F1562.5 X107.643 Y106.796 E165.07888
G1 F1550.4 X107.568 Y107.121 E165.08532
G1 F1511.3 X107.418 Y107.441 E165.09232
G1 F1503.8 X107.099 Y107.765 E165.10138
G1 F1500 X106.742 Y107.934 E165.10926
G1 X106.443 Y108.008 E165.1154
G1 X106.017 Y108.034 E165.12392
G1 F2700 E160.12392
G0 F9000 X105.968 Y108.342
G0 X105.481 Y108.204
G0 X105.009 Y107.972
G0 X104.636 Y107.598
G0 X104.443 Y107.195
G0 X104.339 Y106.57
G0 X104.526 Y104.511
G0 X104.374 Y104.282
;TYPE:SKIN
G1 F2700 E165.12392
G1 F1190.5 X104.343 Y104.337 E165.12551
G1 X104.28 Y104.337 E165.12709
G1 X104.248 Y104.282 E165.12869
G1 X104.279 Y104.227 E165.13028
G1 X104.342 Y104.227 E165.13186
G1 X104.374 Y104.282 E165.13346
G1 F2700 E160.13346
;MESH:NONMESH
G0 F300 Z2.36
G0 F9000 X104.526 Y104.511
G0 X104.479 Y105.754
G0 X105.83 Y106.15
G0 X106.094 Y106.789
;TIME_ELAPSED:659.087130
;LAYER:18
;TYPE:WALL-INNER
;MESH:Lens_Openscad 2.stl
G1 F2700 E165.13346
G1 F1570.7 X106.214 Y106.777 E165.13576
G1 X106.266 Y106.728 E165.13712
G1 X106.318 Y106.538 E165.14088
G1 F1574.8 X106.294 Y106.216 E165.14702
G1 F1578.9 X106.183 Y106.116 E165.14985
G1 F1583.1 X106.031 Y106.136 E165.15275
G1 X105.933 Y106.415 E165.15834
G1 F1578.9 X105.979 Y106.725 E165.16428
G1 F1570.7 X106.094 Y106.789 E165.16679
G0 F9000 X106.056 Y107.185
;TYPE:WALL-OUTER
G1 F1500 X106.324 Y107.16 E165.17216
G1 X106.466 Y107.089 E165.17533
G1 X106.619 Y106.924 E165.17982
G1 X106.713 Y106.573 E165.18707
G1 X106.682 Y106.198 E165.19458
G1 X106.614 Y106 E165.19876
G1 X106.465 Y105.821 E165.20341
G1 X106.265 Y105.723 E165.20785
G1 X105.993 Y105.735 E165.21328
G1 X105.752 Y105.852 E165.21863
G1 X105.615 Y106.06 E165.2236
G1 X105.525 Y106.455 E165.23168
G1 X105.621 Y106.927 E165.2413
G1 X105.826 Y107.117 E165.24687
G1 X106.056 Y107.185 E165.25166
G1 F2700 E160.25166
G0 F9000 X106.089 Y106.875
G0 X106.485 Y106.554
G0 X108.873 Y106.952
G0 X108.608 Y107.139
G1 F2700 E165.25166
G1 F1388.9 X108.608 Y106.705 E165.26101
G1 F1392.1 X109.108 Y106.707 E165.27177
G1 F1398.6 X109.202 Y106.778 E165.27429
G1 F1401.9 X109.246 Y106.991 E165.27893
G1 X109.173 Y107.103 E165.28179
G1 X109.053 Y107.138 E165.28446
G1 F1395.3 X108.608 Y107.139 E165.294
G1 F2700 E160.294
G0 F9000 X108.873 Y109.915
G0 X107.603 Y110.085
G0 X107.603 Y113.666
G1 F2700 E165.294
G1 F1094.9 X107.569 Y113.725 E165.29586
G1 X107.501 Y113.725 E165.29772
G1 X107.467 Y113.666 E165.29958
G1 X107.501 Y113.607 E165.30145
G1 X107.569 Y113.607 E165.30331
G1 X107.603 Y113.666 E165.30517
G1 F2700 E160.30517
G0 F9000 X106.002 Y112.86
G0 X105.561 Y112.551
;TYPE:WALL-INNER
G1 F2700 E165.30517
G1 F985.2 X105.536 Y112.288 E165.31319
G1 F2700 E160.31319
G0 F9000 X105.282 Y111.85
G0 X103.845 Y111.85
G0 X103.564 Y112.288
G1 F2700 E165.31319
G1 F940.4 X103.569 Y115.084 E165.40219
G0 F9000 X103.755 Y115.836
G0 X104.216 Y116.04
G1 F1041.7 X104.352 Y116.054 E165.40612
G1 F1013.5 X106.393 Y116.054 E165.4664
G1 F931.7 X106.73 Y116.003 E165.47735
G1 F937.5 X107.204 Y116.054 E165.49257
G1 F1020.4 X107.868 Y116.054 E165.51205
G1 F1006.7 X108.058 Y116.046 E165.51771
G0 F9000 X108.488 Y116.157
G1 F1237.1 X109.108 Y116.054 E165.53291
G1 X108.588 Y115.804 E165.54687
G1 F1570.7 X108.488 Y115.725 E165.5493
G1 F1217 X108.058 Y116.046 E165.5625
G1 X108.488 Y116.157 E165.57342
G0 F9000 X109.108 Y116.054
G1 F1006.7 X109.858 Y116.046 E165.59573
G0 F9000 X110 Y116.084
G1 F1438.8 X110.276 Y116.159 E165.60168
G1 F1239.7 X110.884 Y116.054 E165.61658
G1 X110.373 Y115.808 E165.63027
G1 F1379.3 X110.284 Y115.731 E165.63282
G1 F1094.9 X109.858 Y116.046 E165.64731
G1 F1132.1 X110 Y116.084 E165.6512
G0 F9000 X110.884 Y116.054
G1 F1006.7 X112.626 Y116.046 E165.70299
G0 F9000 X113.068 Y116.155
G1 F1232 X113.7 Y116.054 E165.71854
G1 X113.17 Y115.8 E165.73282
G1 F1363.6 X113.079 Y115.718 E165.73551
G1 F1090.9 X112.626 Y116.046 E165.75086
G1 F1212.1 X113.068 Y116.155 E165.7621
G0 F9000 X113.7 Y116.054
G1 F1020.4 X115.655 Y116.054 E165.81945
G0 F9000 X110 Y116.24
G0 X110 Y116.548
G1 F1500 X115.706 Y116.548 E165.93332
G1 X116.143 Y116.403 E165.94251
G1 X116.311 Y116.252 E165.94702
G1 X116.501 Y115.926 E165.95455
G1 X116.548 Y115.699 E165.95917
G1 F1562.5 X116.564 Y115.06 E165.97142
G1 X116.255 Y115.498 E165.98169
G1 F1500 X115.988 Y115.56 E165.98716
G1 X113.7 Y115.56 E166.03282
G1 X113.38 Y115.468 E166.03946
G1 X113.229 Y115.333 E166.04351
G1 F1382.5 X113.068 Y115.015 E166.05122
G1 X112.907 Y115.333 E166.05894
G1 F1500 X112.756 Y115.468 E166.06298
G1 X112.519 Y115.56 E166.06806
G1 X111.796 Y115.56 E166.08248
G1 X111.662 Y115.52 E166.08528
G1 X111.524 Y115.56 E166.08814
G1 X110.884 Y115.56 E166.10091
G1 X110.574 Y115.474 E166.10733
G1 X110.422 Y115.344 E166.11133
G1 F1463.4 X110.276 Y115.013 E166.11873
G1 X110.13 Y115.344 E166.12613
G1 F1500 X109.978 Y115.474 E166.13012
G1 X109.751 Y115.56 E166.13496
G1 X109.108 Y115.56 E166.14779
G1 X108.793 Y115.471 E166.15433
G1 X108.682 Y115.383 E166.15715
G1 X108.544 Y115.166 E166.16228
G1 X108.507 Y114.959 E166.16648
G1 X108.432 Y115.166 E166.17087
G1 X108.294 Y115.383 E166.17601
G1 X108.183 Y115.471 E166.17883
G1 X107.951 Y115.56 E166.18379
G1 X107.204 Y115.56 E166.1987
G1 X106.955 Y115.507 E166.20378
G1 X106.835 Y115.434 E166.20658
G1 X106.73 Y115.289 E166.21016
G1 X106.625 Y115.434 E166.21373
G1 X106.334 Y115.56 E166.22006
G1 X104.244 Y115.559 E166.26176
G1 F1301.5 X103.961 Y115.482 E166.26851
G1 F1029.2 X103.569 Y115.084 E166.28476
G1 F1149.4 X103.449 Y115.705 E166.30123
G1 F1500 X103.593 Y116.143 E166.31043
G1 X103.744 Y116.311 E166.31494
G1 X104.069 Y116.501 E166.32245
G1 X104.304 Y116.548 E166.32723
G1 X110 Y116.548 E166.4409
G0 F9000 X110 Y116.24
G0 X110.276 Y115.873
G0 X110.276 Y115.013
G1 F1442.3 X110.278 Y113.318 E166.47608
G1 F2700 E161.47608
G0 F9000 X110.449 Y115.401
G0 X112.877 Y115.401
G0 X113.319 Y113.65
G0 X113.068 Y114.528
G1 F2700 E166.47608
G1 F1287.6 X113.068 Y115.015 E166.4874
G0 F9000 X113.068 Y114.528
G1 F1202.4 X113.464 Y113.903 E166.50582
G1 F1156.1 X113.912 Y113.876 E166.51745
G1 F1190.5 X113.912 Y113.339 E166.53095
G1 X113.872 Y113.372 E166.53225
G1 F1181.1 X113.543 Y113.375 E166.54059
G1 F1147.2 X113.37 Y113.387 E166.54512
G1 F1123.6 X113.103 Y113.387 E166.55223
G1 X113.103 Y113.654 E166.55934
G1 F1202.4 X113.068 Y114.528 E166.58112
G1 F2700 E161.58112
G0 F9000 X113.319 Y113.65
G0 X113.262 Y114.092
G0 X113.262 Y115.401
G0 X116.428 Y115.401
G0 X116.428 Y114.092
G0 X116.136 Y113.527
G1 F2700 E166.58112
G1 F1415.1 X116.136 Y112.288 E166.60733
G1 F1252.6 X116.081 Y111.815 E166.61871
G1 F2700 E161.61871
G0 F9000 X110 Y111.687
G1 F2700 E166.61871
G1 F1676 X110.283 Y111.673 E166.62377
G1 F1662 X110.797 Y111.696 E166.63303
G1 F1428.6 X111.225 Y111.829 E166.64243
G1 F1279.3 X111.364 Y111.919 E166.6463
G1 X111.473 Y111.798 E166.65011
G1 F1418.4 X111.774 Y111.709 E166.65673
G1 F1604.3 X113.872 Y111.703 E166.69588
G1 F1538.5 X114.131 Y111.742 E166.70098
G1 F1467 X114.218 Y111.802 E166.70313
G1 F1526.7 X114.462 Y111.709 E166.70825
G1 F1604.3 X115.124 Y111.703 E166.72061
G1 F1558.4 X115.663 Y112.022 E166.73264
G1 F1500 X115.724 Y112.288 E166.73808
G1 X115.724 Y113.928 E166.77081
G1 X116.076 Y113.934 E166.77784
G1 F1578.9 X116.568 Y114.528 E166.79246
G1 X116.548 Y113.527 E166.81144
G1 F1500 X116.548 Y111.348 E166.85492
G1 F1558.4 X115.124 Y111.333 E166.88228
G1 F1604.3 X114.43 Y111.335 E166.89523
G1 F1526.7 X114.218 Y111.352 E166.8994
G1 F1538.5 X113.872 Y111.333 E166.90614
G1 F1604.3 X111.742 Y111.335 E166.94588
G1 F1418.4 X111.324 Y111.382 E166.95476
G1 F1388.9 X110.961 Y111.345 E166.96262
G1 F1587.3 X110.694 Y111.33 E166.96767
G1 F1685.4 X110.197 Y111.323 E166.97649
G1 F1662 X109.707 Y111.332 E166.98532
G1 F1470.6 X109.319 Y111.37 E166.99326
G1 X108.84 Y111.333 E167.00304
G1 F1604.3 X108.15 Y111.335 E167.01591
G1 F1293.1 X107.536 Y111.424 E167.03027
G1 F1304.3 X106.788 Y111.333 E167.04757
G1 F1604.3 X106.094 Y111.335 E167.06051
G1 F1327.4 X105.536 Y111.411 E167.07321
G1 F1339.3 X104.844 Y111.333 E167.08878
G1 F1604.3 X104.146 Y111.335 E167.1018
G1 F1415.1 X103.72 Y111.384 E167.11087
G1 F1271.2 X103.484 Y111.384 E167.11643
G1 X103.484 Y111.62 E167.12199
G1 F1087 X103.564 Y112.288 E167.14052
G1 X103.871 Y111.8 E167.15639
G1 F1415.1 X104.178 Y111.709 E167.16317
G1 F1604.3 X104.844 Y111.703 E167.17559
G1 F1339.3 X105.34 Y111.847 E167.18714
G1 F1127.8 X105.456 Y112.015 E167.19256
G1 F1067.6 X105.536 Y112.288 E167.20053
G1 X105.616 Y112.015 E167.20851
G1 F1127.8 X105.732 Y111.847 E167.21393
G1 F1327.4 X106.126 Y111.709 E167.22334
G1 F1604.3 X106.788 Y111.703 E167.23569
G1 F1304.3 X107.319 Y111.87 E167.24847
G1 F1088.9 X107.505 Y112.292 E167.26115
G1 X107.567 Y112.292 E167.26285
G1 X107.753 Y111.87 E167.27553
G1 F1293.1 X108.182 Y111.709 E167.28614
G1 F1604.3 X108.84 Y111.703 E167.29841
G1 F1470.6 X109.193 Y111.775 E167.30575
G1 F1348.3 X109.279 Y111.861 E167.30845
G1 F1456.3 X109.641 Y111.705 E167.31655
G1 F1612.9 X110 Y111.687 E167.32322
G1 F2700 E162.32322
G0 F9000 X115.563 Y111.85
G0 X116.269 Y113.65
G0 X116.568 Y114.528
G1 F2700 E167.32322
G1 F1648.4 X116.564 Y115.06 E167.33288
G0 F9000 X116.244 Y115.836
G0 X113.7 Y115.873
G0 X113.7 Y115.16
;TYPE:WALL-OUTER
G1 F1500 X113.543 Y115.085 E167.33635
G1 X113.5 Y114.978 E167.33866
G1 X113.5 Y114.528 E167.34764
G1 X113.637 Y114.328 E167.35247
G1 X114.364 Y114.328 E167.36698
G1 X114.364 Y113.412 E167.38526
G1 F1604.3 X114.39 Y112.78 E167.39706
G1 F1729.1 X114.391 Y112.288 E167.40558
G1 F1621.6 X114.428 Y112.144 E167.40833
G1 F1507.5 X114.529 Y112.091 E167.41059
G1 F1500 X115.124 Y112.088 E167.42246
G1 X115.324 Y112.211 E167.42715
G1 X115.324 Y114.328 E167.4694
G1 X116.018 Y114.33 E167.48325
G1 X116.188 Y114.528 E167.48846
G1 X116.186 Y114.995 E167.49777
G1 X116.063 Y115.159 E167.50187
G1 X113.7 Y115.16 E167.54902
G0 F9000 X113.7 Y115.873
G0 X111.662 Y115.873
G0 X111.662 Y114.978
G1 F1376.1 X111.655 Y113.131 E167.5892
G1 F2700 E162.5892
G0 F9000 X110.477 Y113.294
G0 X110 Y112.99
G1 F2700 E167.5892
G1 F1500 X109.918 Y113.073 E167.59153
G1 X109.872 Y113.272 E167.5956
G1 X109.868 Y114.978 E167.62965
G1 X109.822 Y115.088 E167.63203
G1 X109.703 Y115.158 E167.63478
G1 X109.027 Y115.16 E167.64827
G1 F1428.6 X108.91 Y115.017 E167.65214
G1 F1304.3 X108.835 Y113.1 E167.69617
G1 X108.042 Y115.041 E167.74429
G1 F1428.6 X107.903 Y115.158 E167.7481
G1 F1500 X107.204 Y115.16 E167.76205
G1 X107.081 Y115.118 E167.76464
G1 X107.016 Y115.029 E167.76684
G1 F1550.4 X106.756 Y114.278 E167.78219
G1 F1456.3 X106.623 Y114.028 E167.78801
G1 F1330.4 X106.5 Y113.69 E167.7961
G1 F1492.5 X106.386 Y113.235 E167.80551
G1 X106.438 Y113.7 E167.81489
G1 F1330.4 X106.312 Y113.903 E167.82027
G1 F1388.9 X105.051 Y113.907 E167.84744
G1 F1449.3 X105.051 Y114.321 E167.856
G1 F1388.9 X106.334 Y114.316 E167.88365
G1 F1442.3 X106.445 Y114.528 E167.88861
G1 F1558.4 X106.457 Y115.011 E167.89789
G1 F1519 X106.379 Y115.118 E167.9005
G1 F1500 X106.291 Y115.158 E167.90243
G1 X104.253 Y115.159 E167.9431
G1 X104.159 Y115.12 E167.94513
G1 X104.083 Y114.995 E167.94805
G1 X104.08 Y112.288 E168.00207
G1 X104.151 Y112.134 E168.00546
G1 X104.245 Y112.091 E168.00752
G1 X104.844 Y112.088 E168.01948
G1 X104.994 Y112.155 E168.02275
G1 X105.044 Y112.288 E168.02559
G1 X105.044 Y113.068 E168.04115
G1 F1534.5 X106.212 Y113.076 E168.06394
G1 F1587.3 X106.354 Y113.189 E168.06736
G1 F1546.4 X106.03 Y112.323 E168.08526
G1 F1500 X106.078 Y112.155 E168.08875
G1 X106.193 Y112.091 E168.09137
G1 X106.788 Y112.088 E168.10325
G1 X106.959 Y112.17 E168.10703
G1 X107.167 Y112.767 E168.11965
G1 X107.905 Y112.767 E168.13438
G1 X108.112 Y112.172 E168.14695
G1 X108.249 Y112.091 E168.15012
G1 X108.84 Y112.088 E168.16192
G1 X108.954 Y112.123 E168.1643
G1 F1449.3 X109.058 Y112.279 E168.16817
G1 F1351.4 X108.983 Y112.639 E168.17632
G1 F1398.6 X109.39 Y112.277 E168.18797
G1 F1500 X109.783 Y112.08 E168.19675
G1 X110.26 Y112.048 E168.20629
G1 X110.694 Y112.074 E168.21496
G1 X111.041 Y112.222 E168.22249
G1 X111.355 Y112.467 E168.23044
G1 F1492.5 X111.559 Y112.791 E168.23812
G1 F1421.8 X111.655 Y113.131 E168.24556
G1 F1425.2 X111.676 Y112.717 E168.25426
G1 F1500 X111.676 Y112.285 E168.26289
G1 X111.715 Y112.168 E168.26535
G1 X111.841 Y112.091 E168.26829
G1 X113.872 Y112.088 E168.30882
G1 F1507.5 X114.008 Y112.144 E168.31174
G1 F1621.6 X114.045 Y112.288 E168.31449
G1 F1729.1 X114.044 Y112.75 E168.32249
G1 F1604.3 X113.872 Y112.92 E168.327
G1 F1500 X112.636 Y112.92 E168.35166
G1 X112.636 Y114.978 E168.39273
G1 X112.593 Y115.085 E168.39504
G1 X112.471 Y115.158 E168.39787
G1 X111.811 Y115.157 E168.41104
G1 F1445.8 X111.662 Y114.978 E168.41587
G1 X111.512 Y115.158 E168.42072
G1 F1500 X110.884 Y115.16 E168.43325
G1 X110.73 Y115.088 E168.43664
G1 X110.684 Y114.978 E168.43902
G1 X110.684 Y113.269 E168.47313
G1 X110.655 Y113.137 E168.47582
G1 X110.534 Y112.96 E168.4801
G1 X110.371 Y112.899 E168.48358
G1 X110.066 Y112.924 E168.48968
G1 X110 Y112.99 E168.49155
G0 F9000 X110.186 Y113.218
G0 X108.978 Y112.664
G1 F1115.2 X108.836 Y113.119 E168.50434
G1 F2700 E163.50434
G0 F9000 X108.836 Y110.085
G0 X117.803 Y110.097
G0 X117.815 Y114.12
G0 X106.386 Y113.235
G1 F2700 E168.50434
G1 F1704.5 X106.377 Y113.207 E168.50486
G1 F2700 E163.50486
G0 F9000 X105.921 Y112.803
G0 X105.282 Y111.85
G0 X103.845 Y111.85
G0 X103.845 Y115.401
G0 X110 Y116.24
G0 X110 Y116.948
G1 F2700 E168.50486
G1 F1500 X115.747 Y116.948 E168.61954
G1 X116.049 Y116.884 E168.6257
G1 X116.365 Y116.742 E168.63262
G1 X116.61 Y116.521 E168.6392
G1 X116.773 Y116.295 E168.64476
G1 X116.884 Y116.05 E168.65013
G1 X116.948 Y115.739 E168.65647
G1 X116.948 Y110.948 E168.75208
G1 X103.048 Y110.948 E169.02947
G1 X103.049 Y115.747 E169.12523
G1 X103.112 Y116.049 E169.13139
G1 X103.254 Y116.365 E169.1383
G1 X103.475 Y116.61 E169.14489
G1 X103.701 Y116.774 E169.15046
G1 X103.946 Y116.884 E169.15582
G1 X104.264 Y116.948 E169.16229
G1 X110 Y116.948 E169.27676
G0 F9000 X110 Y116.173
G1 F2700 E164.27676
G0 F9000 X103.845 Y115.401
G0 X103.845 Y111.85
G0 X109.885 Y111.18
G0 X109.885 Y108.82
G0 X109.885 Y108.645
;TYPE:WALL-INNER
G1 F2700 E169.27676
G1 F1127.8 X110.364 Y108.52 E169.2899
G1 F1010.1 X109.899 Y108.202 E169.3066
G1 F1279.3 X109.666 Y108.3 E169.31251
G1 F1111.1 X109.275 Y108.513 E169.32451
G1 X109.7 Y108.644 E169.33649
G1 F1474.2 X109.885 Y108.645 E169.34024
G0 F9000 X110.364 Y108.52
G1 F906.3 X113.662 Y108.515 E169.44917
G0 F9000 X114.112 Y108.627
G1 F1092.9 X114.688 Y108.52 E169.46521
G1 X114.263 Y108.245 E169.47908
G1 F1357.5 X114.125 Y108.013 E169.48503
G1 X113.961 Y108.245 E169.4913
G1 F1081.1 X113.662 Y108.515 E169.50245
G1 X114.112 Y108.627 E169.51529
G0 F9000 X114.688 Y108.52
G1 F906.3 X115.31 Y108.515 E169.53584
G0 F9000 X116.119 Y108.219
G1 F1449.3 X116.166 Y107.917 E169.54215
G1 F1630.4 X116.166 Y105.116 E169.59357
G1 F1587.3 X116.152 Y104.335 E169.6083
G1 F1526.7 X116.068 Y104.074 E169.61368
G1 X115.805 Y103.875 E169.62015
G1 X115.635 Y103.844 E169.62354
G1 F1132.1 X115.184 Y103.982 E169.63601
G1 X115.741 Y104.289 E169.65282
G1 F1526.7 X115.917 Y104.44 E169.65737
G1 F1587.3 X116.166 Y105.116 E169.67096
G0 F9000 X116.023 Y104.28
G0 X115.184 Y103.982
G1 F898.2 X114.528 Y103.982 E169.69282
G0 F9000 X113.973 Y104.286
G1 F1333.3 X114.183 Y104.196 E169.69795
G1 F1162.8 X114.528 Y103.982 E169.7084
G1 F1013.5 X114.072 Y103.826 E169.72263
G1 X113.396 Y103.982 E169.74312
G1 F996.7 X113.973 Y104.286 E169.76271
G0 F9000 X113.396 Y103.982
G1 F888.9 X112.72 Y103.989 E169.78548
G1 X112.544 Y103.982 E169.79141
G1 F898.2 X110.364 Y103.982 E169.86406
G0 F9000 X109.528 Y104.28
G0 X109.378 Y104.678
G1 F1092.9 X109.579 Y104.383 E169.87384
G1 F1339.3 X110.02 Y104.205 E169.88447
G1 F1376.1 X110.18 Y104.068 E169.88905
G1 F1005 X110.364 Y103.982 E169.8951
G1 F1183.4 X109.96 Y103.864 E169.90574
G1 F1339.3 X109.378 Y103.922 E169.91882
G1 F986.8 X108.392 Y103.982 E169.94878
G1 X109.177 Y104.383 E169.97552
G1 F1092.9 X109.378 Y104.678 E169.9853
G0 F9000 X109.246 Y104.32
G0 X108.392 Y103.982
G1 F898.2 X107.832 Y103.982 E170.00396
G0 F9000 X105.47 Y104.308
G0 X105.056 Y104.463
G0 X104.686 Y104.705
G0 X104.373 Y105.031
G0 X103.838 Y105.914
G1 F1643.8 X103.823 Y106.103 E170.00741
G1 F1769.9 X103.812 Y106.484 E170.01386
G1 F1714.3 X103.833 Y106.958 E170.02214
G0 F9000 X103.838 Y105.914
G1 F1558.4 X103.924 Y105.547 E170.02938
G1 F1519 X104.095 Y105.173 E170.03749
G1 F1500 X104.29 Y104.891 E170.04433
G1 X104.577 Y104.598 E170.05251
G1 X104.999 Y104.315 E170.06265
G1 F1595.7 X105.413 Y104.184 E170.0708
G1 F1775.1 X105.811 Y104.134 E170.07756
G1 F1869.2 X106.34 Y104.122 E170.08604
G1 F1829.3 X106.621 Y104.151 E170.09066
G1 F1574.8 X107.128 Y104.265 E170.10054
G1 F1425.2 X107.225 Y104.315 E170.10283
G1 F1530.6 X107.488 Y104.197 E170.10847
G1 F1165 X107.832 Y103.982 E170.11889
G1 X107.425 Y103.845 E170.12993
G1 F1530.6 X107.204 Y103.858 E170.13425
G1 F1574.8 X106.67 Y103.818 E170.14443
G1 F1829.3 X106.328 Y103.806 E170.15003
G1 F1869.2 X105.784 Y103.811 E170.15875
G1 F1652.9 X105.013 Y103.848 E170.17272
G1 F1500 X104.335 Y103.848 E170.18625
G1 X104.076 Y103.932 E170.19169
G1 F1507.5 X103.849 Y104.231 E170.19914
G1 F1515.2 X103.846 Y105.629 E170.22676
G1 F1550.4 X103.838 Y105.914 E170.23227
G0 F9000 X104.041 Y107.189
G0 X104.509 Y108.249
G1 F1507.5 X104.183 Y107.926 E170.24138
G1 F1530.6 X103.916 Y107.375 E170.25335
G1 F1587.3 X103.833 Y106.958 E170.26137
G1 F1570.7 X103.844 Y107.277 E170.26746
G1 F1519 X103.847 Y108.249 E170.28661
G1 F1507.5 X104.509 Y108.249 E170.29976
G0 F9000 X104.891 Y108.648
G1 F1298.7 X105.274 Y108.586 E170.3087
G1 F1123.6 X105.516 Y108.497 E170.31557
G1 F1271.2 X104.847 Y108.025 E170.33485
G1 F1500 X104.502 Y107.67 E170.34473
G1 X104.294 Y107.242 E170.35422
G1 X104.213 Y106.892 E170.36139
G1 X104.178 Y106.54 E170.36845
G1 X104.2 Y106.071 E170.37782
G1 X104.301 Y105.683 E170.38582
G1 X104.501 Y105.246 E170.39541
G1 X104.832 Y104.912 E170.4048
G1 X105.162 Y104.687 E170.41277
G1 X105.537 Y104.547 E170.42075
G1 X105.965 Y104.484 E170.42939
G1 X106.429 Y104.479 E170.43865
G1 X107.024 Y104.661 E170.45107
G1 X107.313 Y104.848 E170.45793
G1 X107.427 Y104.673 E170.4621
G1 X107.757 Y104.516 E170.4694
G1 X108.392 Y104.516 E170.48207
G1 X108.831 Y104.706 E170.49161
G1 X108.935 Y104.859 E170.49531
G1 X108.992 Y105.108 E170.5004
G1 X108.992 Y105.459 E170.50741
G1 X109.24 Y105.469 E170.51236
G1 X109.569 Y105.529 E170.51903
G1 X109.764 Y105.602 E170.52319
G1 X109.764 Y105.108 E170.53305
G1 X109.821 Y104.859 E170.53815
G1 X109.925 Y104.706 E170.54184
G1 X110.152 Y104.554 E170.54729
G1 X110.289 Y104.516 E170.55013
G1 X112.606 Y104.516 E170.59636
G1 X112.803 Y104.523 E170.6003
G1 X113.396 Y104.516 E170.61213
G1 X113.679 Y104.586 E170.61795
G1 X113.918 Y104.82 E170.62463
G1 X113.947 Y104.924 E170.62678
G1 X114.148 Y104.651 E170.63355
G1 X114.447 Y104.516 E170.64009
G1 X115.184 Y104.516 E170.6548
G1 X115.414 Y104.561 E170.65948
G1 X115.625 Y104.708 E170.66461
G1 X115.784 Y105.116 E170.67335
G1 X115.784 Y107.871 E170.72833
G1 X115.73 Y108.041 E170.73189
G1 F1123.6 X115.31 Y108.515 E170.74876
G1 F998.3 X115.714 Y108.582 E170.76104
G1 F1284.8 X116.119 Y108.648 E170.7706
G1 F1500 X116.548 Y108.648 E170.77916
G1 X116.548 Y104.294 E170.86605
G1 X116.502 Y104.072 E170.87057
G1 X116.403 Y103.856 E170.87531
G1 X116.251 Y103.684 E170.87989
G1 X115.927 Y103.495 E170.88738
G1 X115.692 Y103.448 E170.89216
G1 X110.167 Y103.448 E171.00242
G1 X109.96 Y103.475 E171.00659
G1 X109.378 Y103.448 E171.01821
G1 X104.294 Y103.448 E171.11967
G1 X103.855 Y103.593 E171.1289
G1 X103.684 Y103.745 E171.13346
G1 X103.495 Y104.07 E171.14096
G1 X103.449 Y104.297 E171.14559
G1 X103.448 Y108.648 E171.23242
G1 X104.891 Y108.648 E171.26121
G0 F9000 X105.5 Y108.503
G1 F923.1 X106.048 Y108.542 E171.27903
G1 F949.4 X106.553 Y108.523 E171.29496
G0 F9000 X107.253 Y108.627
G1 F1090.9 X107.834 Y108.52 E171.31117
G1 X107.405 Y108.244 E171.32517
G1 F1354.4 X107.319 Y108.127 E171.32838
G1 X106.964 Y108.299 E171.3371
G1 F1094.9 X106.553 Y108.523 E171.34989
G1 F1061.9 X106.883 Y108.61 E171.35951
G1 F1304.3 X107.253 Y108.627 E171.36801
G0 F9000 X107.834 Y108.52
G1 F903.6 X109.275 Y108.513 E171.41575
G0 F9000 X110 Y109.048
;TYPE:WALL-OUTER
G1 F1500 X116.948 Y109.048 E171.55441
G1 X116.948 Y104.253 E171.6501
G1 X116.884 Y103.947 E171.65633
G1 X116.742 Y103.635 E171.66318
G1 X116.521 Y103.386 E171.66982
G1 X116.295 Y103.223 E171.67538
G1 X116.05 Y103.112 E171.68075
G1 X115.732 Y103.048 E171.68722
G1 X110.167 Y103.048 E171.79828
G1 X109.96 Y103.057 E171.80241
G1 X109.378 Y103.048 E171.81403
G1 X104.253 Y103.048 E171.9163
G1 X103.947 Y103.112 E171.92254
G1 X103.635 Y103.254 E171.92938
G1 X103.386 Y103.475 E171.93603
G1 X103.223 Y103.701 E171.94159
G1 X103.112 Y103.946 E171.94695
G1 X103.049 Y104.257 E171.95329
G1 X103.048 Y109.048 E172.0489
G1 X110 Y109.048 E172.18763
G1 F2700 E167.18763
G0 F9000 X110 Y108.74
G0 X109.956 Y107.952
G0 X110.189 Y107.162
G1 F2700 E172.18763
G1 F1744.2 X110.195 Y106.754 E172.19463
G0 F9000 X111.26 Y107.024
G1 F892.9 X112.298 Y107.024 E172.22943
G1 F952.4 X112.602 Y107.169 E172.24002
G1 F1181.1 X112.682 Y107.36 E172.24527
G1 F1398.6 X112.682 Y107.81 E172.2549
G0 F9000 X112.602 Y107.169
G1 F1092.9 X112.641 Y107.003 E172.25957
G1 F1500 X112.759 Y106.82 E172.26392
G1 F2033.9 X112.76 Y106.164 E172.27357
G1 F1363.6 X112.606 Y105.921 E172.27989
G1 F1049 X112.614 Y105.771 E172.28417
G1 X112.523 Y105.838 E172.2874
G1 F1287.6 X112.3 Y105.724 E172.29322
G1 F1704.5 X111.1 Y105.724 E172.31429
G1 X111.1 Y106.076 E172.32047
G1 X112.3 Y106.076 E172.34155
G1 F1287.6 X112.485 Y105.994 E172.34625
G1 F1098.9 X112.48 Y106.91 E172.37121
G1 F1015.2 X112.298 Y107.024 E172.37754
G1 F952.4 X112.602 Y107.169 E172.38812
G0 F9000 X112.614 Y105.771
G1 F1307.2 X112.719 Y105.578 E172.39315
G1 F1699.7 X112.72 Y105.116 E172.40129
G1 F2700 E167.40129
G0 F9000 X112.72 Y104.208
G0 X109.928 Y104.68
G0 X109.919 Y105.24
G0 X108.803 Y105.651
G0 X107.633 Y106.038
G1 F2700 E172.40129
G1 F1600 X107.656 Y106.452 E172.40905
G1 F1643.8 X107.643 Y106.796 E172.41532
G1 F2700 E167.41532
G0 F9000 X107.423 Y107.737
G0 X106.017 Y108.034
G1 F2700 E172.41532
G1 F1500 X105.556 Y107.962 E172.42463
G1 X105.152 Y107.764 E172.43361
G1 X104.847 Y107.456 E172.44226
G1 X104.669 Y107.087 E172.45043
G1 X104.604 Y106.807 E172.45617
G1 X104.576 Y106.503 E172.46226
G1 X104.602 Y106.113 E172.47006
G1 X104.686 Y105.804 E172.47645
G1 X104.837 Y105.475 E172.48368
G1 X105.1 Y105.209 E172.49114
G1 X105.37 Y105.036 E172.49754
G1 X105.654 Y104.934 E172.50356
G1 X105.938 Y104.886 E172.50931
G1 X106.37 Y104.88 E172.51793
G1 X106.837 Y105.021 E172.52767
G1 X107.186 Y105.239 E172.53588
G1 X107.493 Y105.607 E172.54544
G1 F1503.8 X107.633 Y106.005 E172.55384
G1 X107.632 Y105.067 E172.57251
G1 F1500 X107.697 Y104.968 E172.57488
G1 X107.797 Y104.918 E172.57711
G1 X108.392 Y104.916 E172.58898
G1 X108.539 Y104.979 E172.59217
G1 X108.592 Y105.116 E172.5951
G1 X108.592 Y105.857 E172.60989
G1 X109.168 Y105.863 E172.62139
G1 X109.53 Y105.929 E172.62873
G1 X109.854 Y106.109 E172.63613
G1 F1507.5 X110.096 Y106.362 E172.64308
G1 F1630.4 X110.195 Y106.754 E172.6505
G1 F1639.3 X110.167 Y106.394 E172.6571
G1 F1511.3 X110.164 Y105.113 E172.68247
G1 F1500 X110.217 Y104.979 E172.68534
G1 X110.329 Y104.918 E172.68789
G1 X112.6 Y104.918 E172.73321
G1 F1595.7 X112.72 Y105.116 E172.73755
G1 X112.84 Y104.918 E172.74189
G1 F1500 X113.467 Y104.916 E172.75441
G1 X113.597 Y105.043 E172.75803
G1 X113.598 Y106.349 E172.7841
G1 X114.38 Y104.971 E172.81572
G1 X114.493 Y104.918 E172.81821
G1 X115.239 Y104.916 E172.83309
G1 X115.331 Y104.98 E172.83533
G1 X115.384 Y105.116 E172.83824
G1 X115.382 Y107.863 E172.89306
G1 X115.219 Y107.99 E172.89719
G1 X114.688 Y107.992 E172.90778
G1 X114.551 Y107.938 E172.91072
G1 X114.488 Y107.792 E172.91389
G1 X114.488 Y106.526 E172.93916
G1 X113.688 Y107.93 E172.97141
G1 X113.571 Y107.99 E172.97403
G1 F1496.3 X112.809 Y107.992 E172.98928
G1 F1442.3 X112.682 Y107.81 E172.99388
G1 X112.556 Y107.99 E172.99844
G1 F1496.3 X110.364 Y107.992 E173.04229
G1 F1500 X110.245 Y107.953 E173.04479
G1 X110.164 Y107.833 E173.04768
G1 F1507.5 X110.165 Y107.541 E173.05348
G1 F1604.3 X110.189 Y107.162 E173.06057
G1 X110.06 Y107.562 E173.06841
G1 F1500 X109.8 Y107.801 E173.07546
G1 X109.588 Y107.905 E173.08017
G1 X109.183 Y107.986 E173.08841
G1 X107.833 Y107.992 E173.11535
G1 X107.694 Y107.938 E173.11833
G1 F1522.8 X107.631 Y107.84 E173.12062
G1 F1562.5 X107.643 Y106.796 E173.14062
G1 F1550.4 X107.568 Y107.121 E173.14706
G1 F1511.3 X107.418 Y107.441 E173.15406
G1 F1503.8 X107.099 Y107.765 E173.16311
G1 F1500 X106.742 Y107.934 E173.17099
G1 X106.443 Y108.008 E173.17714
G1 X106.017 Y108.034 E173.18566
G1 F2700 E168.18566
G0 F9000 X105.968 Y108.342
G0 X105.481 Y108.204
G0 X105.009 Y107.972
G0 X104.636 Y107.598
G0 X104.358 Y106.866
G0 X104.355 Y106.428
G0 X104.526 Y104.511
G0 X104.374 Y104.282
;TYPE:SKIN
G1 F2700 E173.18566
G1 F1190.5 X104.343 Y104.337 E173.18724
G1 X104.28 Y104.337 E173.18883
G1 X104.248 Y104.282 E173.19043
G1 X104.279 Y104.227 E173.19202
G1 X104.342 Y104.227 E173.1936
G1 X104.374 Y104.282 E173.1952
G1 F2700 E168.1952
;MESH:NONMESH
G0 F300 Z2.48
G0 F9000 X104.526 Y104.511
G0 X104.479 Y105.754
G0 X105.831 Y106.151
G0 X106.212 Y106.785
;TIME_ELAPSED:693.509617
;LAYER:19
;TYPE:WALL-INNER
;MESH:Lens_Openscad 2.stl
G1 F2700 E173.1952
G1 F1639.3 X106.309 Y106.645 E173.19831
G1 F1626 X106.309 Y106.32 E173.20429
G1 F1612.9 X106.235 Y106.142 E173.20787
G1 X106.026 Y106.134 E173.21175
G1 X105.935 Y106.392 E173.21683
G1 F1626 X105.947 Y106.624 E173.22111
G1 F1639.3 X106.017 Y106.781 E173.22425
G1 X106.212 Y106.785 E173.22781
G0 F9000 X105.978 Y107.192
;TYPE:WALL-OUTER
G1 F1500 X106.319 Y107.16 E173.23464
G1 X106.472 Y107.084 E173.23805
G1 X106.58 Y106.972 E173.24116
G1 X106.692 Y106.731 E173.24646
G1 X106.695 Y106.273 E173.2556
G1 X106.642 Y106.061 E173.25996
G1 X106.481 Y105.812 E173.26588
G1 X106.191 Y105.726 E173.27191
G1 X105.993 Y105.735 E173.27587
G1 X105.751 Y105.853 E173.28124
G1 X105.612 Y106.06 E173.28622
G1 X105.546 Y106.363 E173.29241
G1 X105.57 Y106.718 E173.29951
G1 X105.71 Y107.028 E173.3063
G1 X105.978 Y107.192 E173.31257
G1 F2700 E168.31257
G0 F9000 X106.036 Y106.872
G0 X106.466 Y106.682
G0 X108.873 Y106.952
G0 X108.608 Y107.139
G1 F2700 E173.31257
G1 F1388.9 X108.608 Y106.705 E173.32192
G1 F1392.1 X109.12 Y106.707 E173.33293
G1 F1398.6 X109.236 Y106.843 E173.33675
G1 F1401.9 X109.216 Y107.066 E173.34154
G1 X109.053 Y107.138 E173.34534
G1 F1395.3 X108.608 Y107.139 E173.35489
G1 F2700 E168.35489
G0 F9000 X108.873 Y109.915
G0 X107.603 Y110.085
G0 X107.603 Y113.667
G1 F2700 E173.35489
G1 F1094.9 X107.569 Y113.726 E173.35675
G1 X107.501 Y113.726 E173.35861
G1 X107.467 Y113.667 E173.36047
G1 X107.501 Y113.608 E173.36233
G1 X107.569 Y113.608 E173.36419
G1 X107.603 Y113.667 E173.36605
G1 F2700 E168.36605
G0 F9000 X106.002 Y112.86
G0 X105.561 Y112.551
;TYPE:WALL-INNER
G1 F2700 E173.36605
G1 F985.2 X105.536 Y112.288 E173.37408
G1 F2700 E168.37408
G0 F9000 X105.282 Y111.85
G0 X103.845 Y111.85
G0 X103.564 Y112.288
G1 F2700 E173.37408
G1 F940.4 X103.569 Y115.084 E173.46308
G0 F9000 X103.755 Y115.836
G0 X104.216 Y116.04
G1 F1041.7 X104.352 Y116.054 E173.467
G1 F1013.5 X106.393 Y116.054 E173.52729
G1 F931.7 X106.73 Y116.003 E173.53824
G1 F937.5 X107.204 Y116.054 E173.55346
G1 F1020.4 X107.868 Y116.054 E173.57294
G1 F1006.7 X108.058 Y116.046 E173.57859
G0 F9000 X108.488 Y116.157
G1 F1237.1 X109.108 Y116.054 E173.5938
G1 X108.588 Y115.804 E173.60776
G1 F1570.7 X108.488 Y115.725 E173.61019
G1 F1217 X108.058 Y116.046 E173.62339
G1 X108.488 Y116.157 E173.63431
G0 F9000 X109.108 Y116.054
G1 F1006.7 X109.858 Y116.046 E173.65661
G0 F9000 X110 Y116.084
G1 F1438.8 X110.276 Y116.159 E173.66256
G1 F1239.7 X110.884 Y116.054 E173.67746
G1 X110.373 Y115.808 E173.69116
G1 F1379.3 X110.284 Y115.731 E173.69371
G1 F1094.9 X109.858 Y116.046 E173.70819
G1 F1132.1 X110 Y116.084 E173.71208
G0 F9000 X110.884 Y116.054
G1 F1006.7 X112.626 Y116.046 E173.76388
G0 F9000 X113.068 Y116.155
G1 F1232 X113.7 Y116.054 E173.77943
G1 X113.17 Y115.8 E173.79371
G1 F1363.6 X113.079 Y115.718 E173.7964
G1 F1090.9 X112.626 Y116.046 E173.81174
G1 F1212.1 X113.068 Y116.155 E173.82299
G0 F9000 X113.7 Y116.054
G1 F1020.4 X115.655 Y116.054 E173.88034
G0 F9000 X110 Y116.24
G0 X110 Y116.548
G1 F1500 X115.706 Y116.548 E173.99421
G1 X116.143 Y116.403 E174.0034
G1 X116.311 Y116.252 E174.0079
G1 X116.501 Y115.926 E174.01543
G1 X116.548 Y115.699 E174.02006
G1 F1562.5 X116.564 Y115.06 E174.03231
G1 X116.255 Y115.498 E174.04257
G1 F1500 X115.988 Y115.56 E174.04804
G1 X113.7 Y115.56 E174.0937
G1 X113.38 Y115.468 E174.10035
G1 X113.229 Y115.333 E174.10439
G1 F1382.5 X113.068 Y115.015 E174.11211
G1 X112.907 Y115.333 E174.11983
G1 F1500 X112.756 Y115.468 E174.12387
G1 X112.519 Y115.56 E174.12894
G1 X111.794 Y115.56 E174.14341
G1 X111.66 Y115.519 E174.14621
G1 X111.521 Y115.56 E174.1491
G1 X110.884 Y115.56 E174.16181
G1 X110.574 Y115.474 E174.16823
G1 X110.422 Y115.344 E174.17222
G1 F1463.4 X110.276 Y115.013 E174.17962
G1 X110.13 Y115.344 E174.18702
G1 F1500 X109.978 Y115.474 E174.19101
G1 X109.751 Y115.56 E174.19586
G1 X109.108 Y115.56 E174.20869
G1 X108.793 Y115.471 E174.21522
G1 X108.682 Y115.383 E174.21805
G1 X108.544 Y115.166 E174.22318
G1 X108.507 Y114.959 E174.22738
G1 X108.432 Y115.166 E174.23177
G1 X108.294 Y115.383 E174.2369
G1 X108.183 Y115.471 E174.23973
G1 X107.951 Y115.56 E174.24469
G1 X107.204 Y115.56 E174.25959
G1 X106.955 Y115.507 E174.26468
G1 X106.835 Y115.434 E174.26748
G1 X106.73 Y115.289 E174.27105
G1 X106.625 Y115.434 E174.27462
G1 X106.334 Y115.56 E174.28095
G1 X104.244 Y115.559 E174.32266
G1 F1301.5 X103.961 Y115.482 E174.32941
G1 F1029.2 X103.569 Y115.084 E174.34565
G1 F1149.4 X103.449 Y115.705 E174.36213
G1 F1500 X103.593 Y116.143 E174.37133
G1 X103.744 Y116.311 E174.37583
G1 X104.069 Y116.501 E174.38335
G1 X104.304 Y116.548 E174.38813
G1 X110 Y116.548 E174.5018
G0 F9000 X110 Y116.24
G0 X110.276 Y115.873
G0 X110.276 Y115.013
G1 F1442.3 X110.278 Y113.349 E174.53633
G1 F2700 E169.53633
G0 F9000 X110.449 Y115.401
G0 X112.877 Y115.401
G0 X113.319 Y113.65
G0 X113.068 Y114.528
G1 F2700 E174.53633
G1 F1287.6 X113.068 Y115.015 E174.54766
G0 F9000 X113.068 Y114.528
G1 F1202.4 X113.464 Y113.903 E174.56608
G1 F1156.1 X113.912 Y113.876 E174.5777
G1 F1190.5 X113.912 Y113.339 E174.5912
G1 X113.872 Y113.372 E174.5925
G1 F1181.1 X113.543 Y113.375 E174.60084
G1 F1147.2 X113.37 Y113.387 E174.60537
G1 F1123.6 X113.103 Y113.387 E174.61248
G1 X113.103 Y113.654 E174.61959
G1 F1202.4 X113.068 Y114.528 E174.64137
G1 F2700 E169.64137
G0 F9000 X113.319 Y113.65
G0 X113.262 Y114.092
G0 X113.262 Y115.401
G0 X116.428 Y115.401
G0 X116.428 Y114.092
G0 X116.136 Y113.527
G1 F2700 E174.64137
G1 F1415.1 X116.136 Y112.288 E174.66758
G1 F1252.6 X116.081 Y111.815 E174.67896
G1 F2700 E169.67896
G0 F9000 X110 Y111.687
G1 F2700 E174.67896
G1 F1676 X110.283 Y111.673 E174.68402
G1 F1662 X110.797 Y111.696 E174.69329
G1 F1428.6 X111.225 Y111.829 E174.70268
G1 F1279.3 X111.367 Y111.92 E174.70662
G1 X111.473 Y111.798 E174.71041
G1 F1418.4 X111.774 Y111.709 E174.71703
G1 F1604.3 X113.872 Y111.703 E174.75618
G1 F1538.5 X114.131 Y111.742 E174.76127
G1 F1467 X114.218 Y111.802 E174.76343
G1 F1526.7 X114.462 Y111.709 E174.76855
G1 F1604.3 X115.124 Y111.703 E174.7809
G1 F1558.4 X115.663 Y112.022 E174.79293
G1 F1500 X115.724 Y112.288 E174.79838
G1 X115.724 Y113.928 E174.83111
G1 X116.076 Y113.934 E174.83813
G1 F1578.9 X116.568 Y114.528 E174.85275
G1 X116.548 Y113.527 E174.87173
G1 F1500 X116.548 Y111.348 E174.91522
G1 F1558.4 X115.124 Y111.333 E174.94257
G1 F1604.3 X114.43 Y111.335 E174.95552
G1 F1526.7 X114.218 Y111.352 E174.95969
G1 F1538.5 X113.872 Y111.333 E174.96643
G1 F1604.3 X111.742 Y111.335 E175.00618
G1 F1418.4 X111.324 Y111.382 E175.01505
G1 F1388.9 X110.961 Y111.345 E175.02292
G1 F1587.3 X110.694 Y111.33 E175.02796
G1 F1685.4 X110.197 Y111.323 E175.03679
G1 F1662 X109.707 Y111.332 E175.04562
G1 F1470.6 X109.319 Y111.37 E175.05355
G1 X108.84 Y111.333 E175.06333
G1 F1604.3 X108.15 Y111.335 E175.07621
G1 F1293.1 X107.536 Y111.424 E175.09057
G1 F1304.3 X106.788 Y111.333 E175.10786
G1 F1604.3 X106.094 Y111.335 E175.12081
G1 F1327.4 X105.536 Y111.411 E175.13351
G1 F1339.3 X104.844 Y111.333 E175.14907
G1 F1604.3 X104.146 Y111.335 E175.1621
G1 F1415.1 X103.72 Y111.384 E175.17117
G1 F1271.2 X103.484 Y111.384 E175.17673
G1 X103.484 Y111.62 E175.18228
G1 F1087 X103.564 Y112.288 E175.20081
G1 X103.871 Y111.8 E175.21669
G1 F1415.1 X104.178 Y111.709 E175.22346
G1 F1604.3 X104.844 Y111.703 E175.23589
G1 F1339.3 X105.34 Y111.847 E175.24743
G1 F1127.8 X105.456 Y112.015 E175.25285
G1 F1067.6 X105.536 Y112.288 E175.26083
G1 X105.616 Y112.015 E175.2688
G1 F1127.8 X105.732 Y111.847 E175.27422
G1 F1327.4 X106.126 Y111.709 E175.28364
G1 F1604.3 X106.788 Y111.703 E175.29599
G1 F1304.3 X107.319 Y111.87 E175.30876
G1 F1088.9 X107.505 Y112.292 E175.32144
G1 X107.567 Y112.292 E175.32315
G1 X107.753 Y111.87 E175.33582
G1 F1293.1 X108.182 Y111.709 E175.34643
G1 F1604.3 X108.84 Y111.703 E175.35871
G1 F1470.6 X109.193 Y111.775 E175.36604
G1 F1348.3 X109.279 Y111.861 E175.36874
G1 F1456.3 X109.641 Y111.705 E175.37684
G1 F1612.9 X110 Y111.687 E175.38352
G1 F2700 E170.38352
G0 F9000 X115.563 Y111.85
G0 X116.269 Y113.65
G0 X116.568 Y114.528
G1 F2700 E175.38352
G1 F1648.4 X116.564 Y115.06 E175.39318
G0 F9000 X116.244 Y115.836
G0 X113.7 Y115.873
G0 X113.7 Y115.16
;TYPE:WALL-OUTER
G1 F1500 X113.543 Y115.085 E175.39665
G1 X113.5 Y114.978 E175.39895
G1 X113.5 Y114.528 E175.40793
G1 X113.637 Y114.328 E175.41277
G1 X114.364 Y114.328 E175.42728
G1 X114.364 Y113.412 E175.44556
G1 F1604.3 X114.39 Y112.78 E175.45736
G1 F1729.1 X114.391 Y112.288 E175.46588
G1 F1621.6 X114.428 Y112.144 E175.46862
G1 F1507.5 X114.529 Y112.091 E175.47089
G1 F1500 X115.124 Y112.088 E175.48276
G1 X115.324 Y112.211 E175.48745
G1 X115.324 Y114.328 E175.52969
G1 X116.018 Y114.33 E175.54354
G1 X116.188 Y114.528 E175.54875
G1 X116.186 Y114.995 E175.55807
G1 X116.063 Y115.159 E175.56216
G1 X113.7 Y115.16 E175.60932
G0 F9000 X113.7 Y115.873
G0 X111.66 Y115.873
G0 X111.66 Y114.978
G1 F1373 X111.656 Y113.075 E175.65081
G1 F2700 E170.65081
G0 F9000 X110.477 Y113.316
G0 X110 Y112.972
G1 F2700 E175.65081
G1 F1500 X109.934 Y113.043 E175.65274
G1 X109.872 Y113.239 E175.65684
G1 X109.868 Y114.978 E175.69155
G1 X109.822 Y115.088 E175.69393
G1 X109.703 Y115.158 E175.69668
G1 X109.027 Y115.16 E175.71017
G1 F1428.6 X108.91 Y115.017 E175.71404
G1 F1304.3 X108.835 Y113.1 E175.75807
G1 X108.042 Y115.041 E175.80619
G1 F1428.6 X107.903 Y115.158 E175.81
G1 F1500 X107.204 Y115.16 E175.82395
G1 X107.081 Y115.118 E175.82654
G1 X107.016 Y115.029 E175.82874
G1 F1550.4 X106.756 Y114.278 E175.84408
G1 F1456.3 X106.623 Y114.028 E175.8499
G1 F1330.4 X106.5 Y113.69 E175.858
G1 F1492.5 X106.386 Y113.235 E175.86741
G1 X106.438 Y113.7 E175.87679
G1 F1330.4 X106.312 Y113.903 E175.88217
G1 F1388.9 X105.051 Y113.907 E175.90934
G1 F1449.3 X105.051 Y114.321 E175.91789
G1 F1388.9 X106.334 Y114.316 E175.94555
G1 F1442.3 X106.445 Y114.528 E175.95051
G1 F1558.4 X106.457 Y115.011 E175.95979
G1 F1519 X106.379 Y115.118 E175.9624
G1 F1500 X106.291 Y115.158 E175.96433
G1 X104.253 Y115.159 E176.005
G1 X104.159 Y115.12 E176.00703
G1 X104.083 Y114.995 E176.00995
G1 X104.08 Y112.288 E176.06397
G1 X104.151 Y112.134 E176.06736
G1 X104.245 Y112.091 E176.06942
G1 X104.844 Y112.088 E176.08137
G1 X104.994 Y112.155 E176.08465
G1 X105.044 Y112.288 E176.08749
G1 X105.044 Y113.068 E176.10305
G1 F1534.5 X106.212 Y113.076 E176.12584
G1 F1587.3 X106.354 Y113.189 E176.12926
G1 F1546.4 X106.03 Y112.323 E176.14716
G1 F1500 X106.078 Y112.155 E176.15065
G1 X106.193 Y112.091 E176.15327
G1 X106.788 Y112.088 E176.16515
G1 X106.959 Y112.17 E176.16893
G1 X107.167 Y112.767 E176.18155
G1 X107.905 Y112.767 E176.19627
G1 X108.112 Y112.172 E176.20885
G1 X108.249 Y112.091 E176.21202
G1 X108.84 Y112.088 E176.22382
G1 X108.954 Y112.123 E176.2262
G1 F1449.3 X109.058 Y112.279 E176.23007
G1 F1351.4 X108.983 Y112.639 E176.23822
G1 F1398.6 X109.39 Y112.277 E176.24987
G1 F1500 X109.783 Y112.08 E176.25865
G1 X110.26 Y112.048 E176.26819
G1 X110.694 Y112.074 E176.27686
G1 X111.041 Y112.222 E176.28439
G1 X111.276 Y112.388 E176.29013
G1 F1492.5 X111.552 Y112.772 E176.29962
G1 F1421.8 X111.656 Y113.075 E176.30636
G1 F1428.6 X111.676 Y112.692 E176.3144
G1 F1500 X111.676 Y112.24 E176.32342
G1 X111.748 Y112.133 E176.32599
G1 X111.841 Y112.091 E176.32803
G1 X113.872 Y112.088 E176.36856
G1 F1507.5 X114.008 Y112.144 E176.37148
G1 F1621.6 X114.045 Y112.288 E176.37422
G1 F1729.1 X114.044 Y112.75 E176.38222
G1 F1604.3 X113.872 Y112.92 E176.38673
G1 F1500 X112.636 Y112.92 E176.4114
G1 X112.636 Y114.978 E176.45247
G1 X112.593 Y115.085 E176.45477
G1 X112.471 Y115.158 E176.45761
G1 X111.81 Y115.157 E176.4708
G1 F1438.8 X111.66 Y114.978 E176.47566
G1 X111.509 Y115.158 E176.48055
G1 F1500 X110.884 Y115.16 E176.49302
G1 X110.73 Y115.088 E176.49641
G1 X110.684 Y114.978 E176.49879
G1 X110.684 Y113.279 E176.5327
G1 X110.591 Y113.02 E176.53819
G1 X110.363 Y112.895 E176.54338
G1 X110.216 Y112.89 E176.54631
G1 X110.016 Y112.955 E176.55051
G1 X110 Y112.972 E176.55097
G0 F9000 X110.183 Y113.224
G0 X108.978 Y112.664
G1 F1115.2 X108.836 Y113.119 E176.56377
G1 F2700 E171.56377
G0 F9000 X108.836 Y110.085
G0 X117.803 Y110.097
G0 X117.815 Y114.12
G0 X106.386 Y113.235
G1 F2700 E176.56377
G1 F1704.5 X106.377 Y113.207 E176.56428
G1 F2700 E171.56428
G0 F9000 X105.921 Y112.803
G0 X105.282 Y111.85
G0 X103.845 Y111.85
G0 X103.845 Y115.401
G0 X110 Y116.24
G0 X110 Y116.948
G1 F2700 E176.56428
G1 F1500 X115.747 Y116.948 E176.67897
G1 X116.049 Y116.884 E176.68513
G1 X116.365 Y116.742 E176.69205
G1 X116.61 Y116.521 E176.69863
G1 X116.773 Y116.295 E176.70419
G1 X116.884 Y116.05 E176.70956
G1 X116.948 Y115.739 E176.7159
G1 X116.948 Y110.948 E176.81151
G1 X103.048 Y110.948 E177.08889
G1 X103.049 Y115.747 E177.18466
G1 X103.112 Y116.049 E177.19082
G1 X103.254 Y116.365 E177.19773
G1 X103.475 Y116.61 E177.20432
G1 X103.701 Y116.774 E177.20989
G1 X103.946 Y116.884 E177.21525
G1 X104.264 Y116.948 E177.22172
G1 X110 Y116.948 E177.33619
G0 F9000 X110 Y116.173
G1 F2700 E172.33619
G0 F9000 X103.845 Y115.401
G0 X103.845 Y111.85
G0 X109.881 Y111.18
G0 X109.881 Y108.82
G0 X109.881 Y108.644
;TYPE:WALL-INNER
G1 F2700 E177.33619
G1 F1127.8 X110.364 Y108.52 E177.34943
G1 X109.953 Y108.236 E177.36269
G1 F1470.6 X109.921 Y108.186 E177.36389
G1 X109.672 Y108.295 E177.36943
G1 F1111.1 X109.275 Y108.513 E177.38163
G1 X109.708 Y108.644 E177.39382
G1 F1470.6 X109.881 Y108.644 E177.39734
G0 F9000 X110.364 Y108.52
G1 F906.3 X113.662 Y108.515 E177.50626
G0 F9000 X114.112 Y108.627
G1 F1092.9 X114.688 Y108.52 E177.52231
G1 X114.263 Y108.245 E177.53617
G1 F1357.5 X114.125 Y108.012 E177.54215
G1 X113.961 Y108.245 E177.54843
G1 F1081.1 X113.662 Y108.515 E177.55958
G1 X114.112 Y108.627 E177.57242
G0 F9000 X114.688 Y108.52
G1 F906.3 X115.31 Y108.515 E177.59297
G0 F9000 X116.119 Y108.219
G1 F1449.3 X116.166 Y107.917 E177.59928
G1 F1630.4 X116.166 Y105.116 E177.65071
G1 F1587.3 X116.152 Y104.335 E177.66544
G1 F1526.7 X116.068 Y104.074 E177.67081
G1 X115.805 Y103.875 E177.67728
G1 X115.635 Y103.844 E177.68067
G1 F1132.1 X115.184 Y103.982 E177.69314
G1 X115.741 Y104.289 E177.70995
G1 F1526.7 X115.917 Y104.44 E177.7145
G1 F1587.3 X116.166 Y105.116 E177.72809
G0 F9000 X116.023 Y104.28
G0 X115.184 Y103.982
G1 F898.2 X114.528 Y103.982 E177.74995
G0 F9000 X113.973 Y104.286
G1 F1333.3 X114.183 Y104.196 E177.75508
G1 F1162.8 X114.528 Y103.982 E177.76553
G1 F1013.5 X114.072 Y103.826 E177.77976
G1 X113.396 Y103.982 E177.80025
G1 F996.7 X113.973 Y104.286 E177.81984
G0 F9000 X113.396 Y103.982
G1 F888.9 X112.72 Y103.989 E177.84261
G1 X112.544 Y103.982 E177.84854
G1 F898.2 X110.364 Y103.982 E177.92119
G0 F9000 X109.528 Y104.28
G0 X109.378 Y104.678
G1 F1092.9 X109.579 Y104.383 E177.93097
G1 F1339.3 X110.02 Y104.205 E177.9416
G1 F1376.1 X110.18 Y104.068 E177.94618
G1 F1005 X110.364 Y103.982 E177.95223
G1 F1183.4 X109.96 Y103.864 E177.96288
G1 F1339.3 X109.378 Y103.922 E177.97595
G1 F986.8 X108.392 Y103.982 E178.00591
G1 X109.177 Y104.383 E178.03265
G1 F1092.9 X109.378 Y104.678 E178.04243
G0 F9000 X109.246 Y104.32
G0 X108.392 Y103.982
G1 F898.2 X107.832 Y103.982 E178.06109
G0 F9000 X107.224 Y104.313
G1 F1318.7 X107.488 Y104.197 E178.06764
G1 F1165 X107.832 Y103.982 E178.07806
G1 X107.425 Y103.845 E178.08909
G1 F1538.5 X107.198 Y103.857 E178.09352
G1 F1094.9 X106.664 Y103.988 E178.10855
G1 F978.8 X107.224 Y104.313 E178.12835
G0 F9000 X106.664 Y103.988
G1 F916 X106.34 Y103.964 E178.13897
G1 F946.4 X105.96 Y103.966 E178.15099
G1 F898.2 X105.496 Y103.998 E178.16649
G0 F9000 X104.299 Y105.107
G0 X103.838 Y105.914
G1 F1643.8 X103.823 Y106.102 E178.16992
G1 F1769.9 X103.812 Y106.48 E178.17632
G1 F1724.1 X103.831 Y106.953 E178.18454
G0 F9000 X103.838 Y105.914
G1 F1558.4 X103.924 Y105.547 E178.19178
G1 F1519 X104.095 Y105.173 E178.19988
G1 F1500 X104.29 Y104.891 E178.20672
G1 X104.577 Y104.598 E178.21491
G1 X104.889 Y104.389 E178.2224
G1 X105.091 Y104.286 E178.22693
G1 F1090.9 X105.496 Y103.998 E178.24056
G1 F970.9 X105.278 Y103.915 E178.24775
G1 F1282.1 X105.013 Y103.848 E178.25414
G1 F1500 X104.335 Y103.848 E178.26767
G1 X104.076 Y103.932 E178.2731
G1 F1507.5 X103.849 Y104.231 E178.28056
G1 F1515.2 X103.846 Y105.629 E178.30817
G1 F1550.4 X103.838 Y105.914 E178.31368
G0 F9000 X104.041 Y107.189
G0 X104.509 Y108.249
G1 F1507.5 X104.181 Y107.924 E178.32285
G1 F1538.5 X103.918 Y107.376 E178.33468
G1 F1595.7 X103.831 Y106.953 E178.34278
G1 F1578.9 X103.844 Y107.288 E178.34913
G1 F1515.2 X103.847 Y108.249 E178.36812
G1 F1507.5 X104.509 Y108.249 E178.38126
G0 F9000 X104.891 Y108.648
G1 F1298.7 X105.274 Y108.586 E178.39021
G1 F1123.6 X105.516 Y108.497 E178.39708
G1 F1271.2 X104.847 Y108.025 E178.41636
G1 F1500 X104.502 Y107.67 E178.42623
G1 X104.295 Y107.238 E178.43579
G1 X104.209 Y106.888 E178.44299
G1 X104.176 Y106.48 E178.45115
G1 X104.2 Y106.068 E178.45939
G1 X104.301 Y105.683 E178.46733
G1 X104.501 Y105.246 E178.47692
G1 X104.832 Y104.912 E178.48631
G1 X105.162 Y104.687 E178.49428
G1 X105.537 Y104.547 E178.50227
G1 X105.965 Y104.484 E178.5109
G1 X106.427 Y104.479 E178.52012
G1 X107.089 Y104.676 E178.5339
G1 X107.317 Y104.843 E178.53954
G1 X107.452 Y104.65 E178.54424
G1 X107.757 Y104.516 E178.55089
G1 X108.392 Y104.516 E178.56356
G1 X108.831 Y104.706 E178.57311
G1 X108.935 Y104.859 E178.5768
G1 X108.992 Y105.108 E178.5819
G1 X108.992 Y105.459 E178.5889
G1 X109.24 Y105.469 E178.59386
G1 X109.569 Y105.529 E178.60053
G1 X109.764 Y105.606 E178.60472
G1 X109.764 Y105.108 E178.61465
G1 X109.821 Y104.859 E178.61975
G1 X109.925 Y104.706 E178.62344
G1 X110.152 Y104.554 E178.62889
G1 X110.289 Y104.516 E178.63173
G1 X112.606 Y104.516 E178.67797
G1 X112.803 Y104.523 E178.6819
G1 X113.396 Y104.516 E178.69374
G1 X113.679 Y104.586 E178.69956
G1 X113.918 Y104.82 E178.70623
G1 X113.947 Y104.924 E178.70839
G1 X114.148 Y104.651 E178.71515
G1 X114.447 Y104.516 E178.7217
G1 X115.184 Y104.516 E178.73641
G1 X115.414 Y104.561 E178.74108
G1 X115.625 Y104.708 E178.74621
G1 X115.784 Y105.116 E178.75495
G1 X115.784 Y107.871 E178.80993
G1 X115.73 Y108.041 E178.81349
G1 F1123.6 X115.31 Y108.515 E178.83036
G1 F998.3 X115.714 Y108.582 E178.84264
G1 F1284.8 X116.119 Y108.648 E178.8522
G1 F1500 X116.548 Y108.648 E178.86076
G1 X116.548 Y104.294 E178.94765
G1 X116.502 Y104.072 E178.95218
G1 X116.403 Y103.856 E178.95692
G1 X116.251 Y103.684 E178.9615
G1 X115.927 Y103.495 E178.96899
G1 X115.692 Y103.448 E178.97377
G1 X110.167 Y103.448 E179.08403
G1 X109.96 Y103.475 E179.08819
G1 X109.378 Y103.448 E179.09982
G1 X104.294 Y103.448 E179.20127
G1 X103.855 Y103.593 E179.2105
G1 X103.684 Y103.745 E179.21507
G1 X103.495 Y104.07 E179.22257
G1 X103.449 Y104.297 E179.22719
G1 X103.448 Y108.648 E179.31402
G1 X104.891 Y108.648 E179.34282
G0 F9000 X105.5 Y108.503
G1 F923.1 X106.048 Y108.542 E179.36063
G1 F949.4 X106.553 Y108.523 E179.37657
G0 F9000 X107.253 Y108.627
G1 F1090.9 X107.834 Y108.52 E179.39278
G1 X107.405 Y108.244 E179.40677
G1 F1354.4 X107.319 Y108.127 E179.40998
G1 X106.964 Y108.299 E179.4187
G1 F1094.9 X106.553 Y108.523 E179.4315
G1 F1061.9 X106.883 Y108.61 E179.44112
G1 F1304.3 X107.253 Y108.627 E179.44962
G0 F9000 X107.834 Y108.52
G1 F903.6 X109.275 Y108.513 E179.49736
G0 F9000 X110 Y109.048
;TYPE:WALL-OUTER
G1 F1500 X116.948 Y109.048 E179.63601
G1 X116.948 Y104.253 E179.7317
G1 X116.884 Y103.947 E179.73794
G1 X116.742 Y103.635 E179.74478
G1 X116.521 Y103.386 E179.75142
G1 X116.295 Y103.223 E179.75699
G1 X116.05 Y103.112 E179.76235
G1 X115.732 Y103.048 E179.76883
G1 X110.167 Y103.048 E179.87988
G1 X109.96 Y103.057 E179.88402
G1 X109.378 Y103.048 E179.89563
G1 X104.253 Y103.048 E179.99791
G1 X103.947 Y103.112 E180.00415
G1 X103.635 Y103.254 E180.01099
G1 X103.386 Y103.475 E180.01763
G1 X103.223 Y103.701 E180.02319
G1 X103.112 Y103.946 E180.02856
G1 X103.049 Y104.257 E180.03489
G1 X103.048 Y109.048 E180.1305
G1 X110 Y109.048 E180.26924
G1 F2700 E175.26924
G0 F9000 X110 Y108.74
G0 X109.956 Y107.941
G0 X110.179 Y107.252
G1 F2700 E180.26924
G1 F1694.9 X110.195 Y106.833 E180.27664
G0 F9000 X111.26 Y107.024
G1 F892.9 X112.298 Y107.024 E180.31144
G1 F952.4 X112.602 Y107.169 E180.32203
G1 F1181.1 X112.682 Y107.36 E180.32728
G1 F1398.6 X112.682 Y107.81 E180.33691
G0 F9000 X112.602 Y107.169
G1 F1092.9 X112.641 Y107.003 E180.34158
G1 F1500 X112.759 Y106.82 E180.34592
G1 F2033.9 X112.76 Y106.164 E180.35558
G1 F1363.6 X112.606 Y105.921 E180.36189
G1 F1049 X112.614 Y105.771 E180.36618
G1 X112.523 Y105.838 E180.3694
G1 F1287.6 X112.3 Y105.724 E180.37523
G1 F1704.5 X111.1 Y105.724 E180.3963
G1 X111.1 Y106.076 E180.40248
G1 X112.3 Y106.076 E180.42356
G1 F1287.6 X112.485 Y105.994 E180.42826
G1 F1098.9 X112.48 Y106.91 E180.45321
G1 F1015.2 X112.298 Y107.024 E180.45954
G1 F952.4 X112.602 Y107.169 E180.47013
G0 F9000 X112.614 Y105.771
G1 F1307.2 X112.719 Y105.578 E180.47516
G1 F1699.7 X112.72 Y105.116 E180.4833
G1 F2700 E175.4833
G0 F9000 X112.72 Y104.208
G0 X109.928 Y104.68
G0 X109.919 Y105.24
G0 X108.803 Y105.651
G0 X107.644 Y106.143
G1 F2700 E180.4833
G1 F1639.3 X107.654 Y106.468 E180.48924
G1 F1634.9 X107.643 Y106.796 E180.49525
G1 F2700 E175.49525
G0 F9000 X107.423 Y107.737
G0 X106.017 Y108.034
G1 F2700 E180.49525
G1 F1500 X105.556 Y107.962 E180.50456
G1 X105.152 Y107.764 E180.51353
G1 X104.847 Y107.456 E180.52218
G1 X104.683 Y107.123 E180.52959
G1 X104.6 Y106.8 E180.53625
G1 X104.576 Y106.496 E180.54233
G1 X104.602 Y106.113 E180.54999
G1 X104.686 Y105.804 E180.55638
G1 X104.837 Y105.475 E180.56361
G1 X105.1 Y105.209 E180.57107
G1 X105.37 Y105.036 E180.57747
G1 X105.654 Y104.934 E180.58349
G1 X105.938 Y104.886 E180.58924
G1 X106.369 Y104.88 E180.59784
G1 X106.956 Y105.056 E180.61007
G1 X107.32 Y105.378 E180.61977
G1 X107.537 Y105.725 E180.62794
G1 F1522.8 X107.643 Y106.112 E180.63583
G1 X107.632 Y105.738 E180.64318
G1 F1500 X107.632 Y105.116 E180.65559
G1 X107.668 Y105.001 E180.658
G1 X107.797 Y104.918 E180.66106
G1 X108.392 Y104.916 E180.67293
G1 X108.539 Y104.979 E180.67613
G1 X108.592 Y105.116 E180.67906
G1 X108.592 Y105.857 E180.69384
G1 X109.168 Y105.863 E180.70534
G1 X109.535 Y105.93 E180.71278
G1 X109.959 Y106.2 E180.72282
G1 F1511.3 X110.13 Y106.477 E180.72926
G1 F1639.3 X110.195 Y106.833 E180.73587
G1 F1626 X110.164 Y106.395 E180.74396
G1 F1500 X110.164 Y105.113 E180.76954
G1 X110.217 Y104.979 E180.77241
G1 X110.329 Y104.918 E180.77496
G1 X112.6 Y104.918 E180.82028
G1 F1595.7 X112.72 Y105.116 E180.82462
G1 X112.84 Y104.918 E180.82897
G1 F1500 X113.467 Y104.916 E180.84148
G1 X113.597 Y105.043 E180.84511
G1 X113.598 Y106.349 E180.87117
G1 X114.38 Y104.971 E180.90279
G1 X114.493 Y104.918 E180.90528
G1 X115.239 Y104.916 E180.92017
G1 X115.331 Y104.98 E180.9224
G1 X115.384 Y105.116 E180.92531
G1 X115.382 Y107.863 E180.98013
G1 X115.219 Y107.99 E180.98426
G1 X114.688 Y107.992 E180.99485
G1 X114.551 Y107.938 E180.99779
G1 X114.488 Y107.792 E181.00097
G1 X114.488 Y106.524 E181.02627
G1 X113.687 Y107.931 E181.05858
G1 X113.571 Y107.99 E181.06118
G1 F1496.3 X112.809 Y107.992 E181.07642
G1 F1442.3 X112.682 Y107.81 E181.08103
G1 X112.556 Y107.99 E181.08559
G1 F1496.3 X110.364 Y107.992 E181.12944
G1 F1500 X110.244 Y107.953 E181.13196
G1 F1530.6 X110.163 Y107.842 E181.13465
G1 F1587.3 X110.179 Y107.252 E181.14578
G1 F1591.5 X110.05 Y107.569 E181.15221
G1 F1530.6 X109.874 Y107.745 E181.15708
G1 F1500 X109.631 Y107.887 E181.1627
G1 X109.183 Y107.986 E181.17185
G1 X107.833 Y107.992 E181.1988
G1 X107.694 Y107.938 E181.20177
G1 F1522.8 X107.631 Y107.84 E181.20406
G1 F1562.5 X107.643 Y106.796 E181.22406
G1 F1550.4 X107.568 Y107.121 E181.2305
G1 F1511.3 X107.418 Y107.441 E181.2375
G1 F1503.8 X107.099 Y107.765 E181.24655
G1 F1500 X106.742 Y107.934 E181.25444
G1 X106.443 Y108.008 E181.26058
G1 X106.017 Y108.034 E181.2691
G1 F2700 E176.2691
G0 F9000 X105.968 Y108.342
G0 X105.481 Y108.204
G0 X105.009 Y107.972
G0 X104.636 Y107.598
G0 X104.442 Y107.194
G0 X104.348 Y106.621
G0 X104.526 Y104.511
G0 X104.374 Y104.282
;TYPE:SKIN
G1 F2700 E181.2691
G1 F1190.5 X104.343 Y104.337 E181.27069
G1 X104.28 Y104.337 E181.27227
G1 X104.248 Y104.282 E181.27387
G1 X104.279 Y104.227 E181.27546
G1 X104.342 Y104.227 E181.27704
G1 X104.374 Y104.282 E181.27864
G1 F2700 E176.27864
;MESH:NONMESH
G0 F300 Z2.6
G0 F9000 X104.526 Y104.511
G0 X104.479 Y105.754
G0 X105.829 Y106.154
G0 X106.065 Y106.794
;TIME_ELAPSED:728.122608
;LAYER:20
;TYPE:WALL-INNER
;MESH:Lens_Openscad 2.stl
G1 F2700 E181.27864
G1 F1583.1 X106.215 Y106.779 E181.28149
G1 X106.269 Y106.73 E181.28287
G1 X106.324 Y106.533 E181.28674
G1 X106.294 Y106.215 E181.29278
G1 X106.183 Y106.116 E181.29559
G1 X106.052 Y106.128 E181.29808
G1 X105.989 Y106.189 E181.29974
G1 X105.935 Y106.461 E181.30498
G1 X105.969 Y106.703 E181.3096
G1 X106.065 Y106.794 E181.3121
G0 F9000 X106.046 Y107.186
;TYPE:WALL-OUTER
G1 F1500 X106.324 Y107.16 E181.31767
G1 X106.466 Y107.088 E181.32085
G1 X106.619 Y106.926 E181.3253
G1 X106.717 Y106.566 E181.33274
G1 X106.683 Y106.199 E181.3401
G1 X106.614 Y106 E181.3443
G1 X106.465 Y105.821 E181.34895
G1 X106.265 Y105.723 E181.3534
G1 X105.994 Y105.735 E181.35881
G1 X105.841 Y105.793 E181.36207
G1 X105.666 Y105.959 E181.36689
G1 X105.591 Y106.125 E181.37052
G1 X105.542 Y106.458 E181.37724
G1 X105.595 Y106.865 E181.38543
G1 X105.783 Y107.091 E181.3913
G1 X106.046 Y107.186 E181.39688
G1 F2700 E176.39688
G0 F9000 X106.061 Y106.877
G0 X106.486 Y106.553
G0 X108.873 Y106.952
G0 X108.608 Y107.139
G1 F2700 E181.39688
G1 F1388.9 X108.608 Y106.705 E181.40623
G1 F1392.1 X109.015 Y106.707 E181.41498
G1 F1395.3 X109.192 Y106.769 E181.41901
G1 X109.24 Y106.903 E181.42206
G1 X109.201 Y107.077 E181.42589
G1 X109.052 Y107.136 E181.42932
G1 F1392.1 X108.608 Y107.139 E181.43887
G1 F2700 E176.43887
G0 F9000 X108.873 Y106.952
G0 X107.603 Y113.667
G1 F2700 E181.43887
G1 F1094.9 X107.569 Y113.726 E181.44073
G1 X107.501 Y113.726 E181.44259
G1 X107.467 Y113.667 E181.44445
G1 X107.501 Y113.608 E181.44631
G1 X107.569 Y113.608 E181.44817
G1 X107.603 Y113.667 E181.45004
G1 F2700 E176.45004
G0 F9000 X106.002 Y112.86
G0 X105.561 Y112.551
;TYPE:WALL-INNER
G1 F2700 E181.45004
G1 F985.2 X105.536 Y112.288 E181.45806
G0 F9000 X105.536 Y111.378
G0 X103.73 Y111.408
G0 X103.564 Y112.288
G1 F940.4 X103.569 Y115.084 E181.54706
G0 F9000 X103.755 Y115.836
G0 X104.216 Y116.04
G1 F1041.7 X104.352 Y116.054 E181.55099
G1 F1013.5 X106.393 Y116.054 E181.61127
G1 F931.7 X106.73 Y116.003 E181.62222
G1 F937.5 X107.204 Y116.054 E181.63744
G1 F1020.4 X107.868 Y116.054 E181.65692
G1 F1006.7 X108.058 Y116.046 E181.66257
G0 F9000 X108.488 Y116.157
G1 F1237.1 X109.108 Y116.054 E181.67778
G1 X108.588 Y115.804 E181.69174
G1 F1570.7 X108.488 Y115.725 E181.69417
G1 F1217 X108.058 Y116.046 E181.70737
G1 X108.488 Y116.157 E181.71829
G0 F9000 X109.108 Y116.054
G1 F1006.7 X109.858 Y116.046 E181.7406
G0 F9000 X110 Y116.084
G1 F1438.8 X110.276 Y116.159 E181.74655
G1 F1239.7 X110.884 Y116.054 E181.76144
G1 X110.373 Y115.808 E181.77514
G1 F1379.3 X110.284 Y115.731 E181.77769
G1 F1094.9 X109.858 Y116.046 E181.79218
G1 F1132.1 X110 Y116.084 E181.79606
G0 F9000 X110.884 Y116.054
G1 F1006.7 X112.626 Y116.046 E181.84786
G0 F9000 X113.068 Y116.155
G1 F1232 X113.7 Y116.054 E181.86341
G1 X113.17 Y115.8 E181.87769
G1 F1363.6 X113.079 Y115.718 E181.88038
G1 F1090.9 X112.626 Y116.046 E181.89573
G1 F1212.1 X113.068 Y116.155 E181.90697
G0 F9000 X113.7 Y116.054
G1 F1020.4 X115.656 Y116.054 E181.96435
G0 F9000 X110 Y116.24
G0 X110 Y116.548
G1 F1500 X115.708 Y116.548 E182.07826
G1 X116.095 Y116.425 E182.08636
G1 X116.252 Y116.311 E182.09024
G1 X116.469 Y116.012 E182.09761
G1 X116.548 Y115.775 E182.10259
G1 F1562.5 X116.564 Y115.06 E182.11629
G1 X116.217 Y115.515 E182.12726
G1 F1500 X116.034 Y115.559 E182.13101
G1 X113.7 Y115.56 E182.17759
G1 X113.38 Y115.468 E182.18424
G1 X113.229 Y115.333 E182.18828
G1 F1382.5 X113.068 Y115.015 E182.196
G1 X112.907 Y115.333 E182.20371
G1 F1500 X112.756 Y115.468 E182.20775
G1 X112.519 Y115.56 E182.21283
G1 X111.794 Y115.56 E182.2273
G1 X111.66 Y115.519 E182.23009
G1 X111.521 Y115.56 E182.23299
G1 X110.884 Y115.56 E182.2457
G1 X110.574 Y115.474 E182.25212
G1 X110.422 Y115.344 E182.25611
G1 F1463.4 X110.276 Y115.013 E182.26351
G1 X110.13 Y115.344 E182.27091
G1 F1500 X109.978 Y115.474 E182.2749
G1 X109.751 Y115.56 E182.27974
G1 X109.108 Y115.56 E182.29258
G1 X108.793 Y115.471 E182.29911
G1 X108.682 Y115.383 E182.30194
G1 X108.544 Y115.166 E182.30707
G1 X108.507 Y114.959 E182.31126
G1 X108.432 Y115.166 E182.31566
G1 X108.294 Y115.383 E182.32079
G1 X108.183 Y115.471 E182.32362
G1 X107.951 Y115.56 E182.32857
G1 X107.204 Y115.56 E182.34348
G1 X106.955 Y115.507 E182.34856
G1 X106.835 Y115.434 E182.35137
G1 X106.73 Y115.289 E182.35494
G1 X106.625 Y115.434 E182.35851
G1 X106.334 Y115.56 E182.36484
G1 X104.244 Y115.559 E182.40655
G1 F1301.5 X103.961 Y115.482 E182.41329
G1 F1029.2 X103.569 Y115.084 E182.42954
G1 F1149.4 X103.449 Y115.705 E182.44601
G1 F1500 X103.593 Y116.143 E182.45521
G1 X103.744 Y116.311 E182.45972
G1 X104.069 Y116.501 E182.46723
G1 X104.304 Y116.548 E182.47202
G1 X110 Y116.548 E182.58569
G0 F9000 X110 Y116.24
G0 X110.276 Y115.873
G0 X110.276 Y115.013
G1 F1442.3 X110.278 Y113.32 E182.62082
G1 F2700 E177.62082
G0 F9000 X110.449 Y115.401
G0 X116.428 Y115.401
G0 X116.428 Y114.092
G0 X115.563 Y111.85
G0 X110 Y111.262
G1 F2700 E182.62082
G1 F1500 X110.179 Y111.249 E182.62441
G1 X110.708 Y111.273 E182.63497
G1 X110.976 Y111.326 E182.64042
G1 X111.313 Y111.468 E182.64772
G1 X111.51 Y111.356 E182.65224
G1 X111.758 Y111.288 E182.65738
G1 X113.987 Y111.288 E182.70186
G1 X114.218 Y111.356 E182.70666
G1 X114.454 Y111.287 E182.71157
G1 X115.124 Y111.288 E182.72494
G1 X115.509 Y111.364 E182.73277
G1 X115.925 Y111.687 E182.74328
G1 F1456.3 X116.136 Y112.288 E182.75638
G1 X116.148 Y111.613 E182.77025
G1 F1500 X116.148 Y108.774 E182.82691
G1 F1542.4 X116.159 Y107.962 E182.84267
G1 X115.785 Y108.593 E182.8569
G1 F1500 X115.184 Y108.792 E182.86954
G1 X114.632 Y108.791 E182.88055
G1 X114.275 Y108.704 E182.88789
G1 X114.112 Y108.554 E182.89231
G1 X113.904 Y108.745 E182.89794
G1 X113.536 Y108.792 E182.90535
G1 X110.28 Y108.792 E182.97032
G1 X109.873 Y108.663 E182.97884
G1 X109.267 Y108.786 E182.99118
G1 X107.638 Y108.792 E183.02369
G1 X107.314 Y108.648 E183.03077
G1 X107.242 Y108.585 E183.03268
G1 X107.015 Y108.687 E183.03764
G1 X106.588 Y108.796 E183.04644
G1 X106.006 Y108.843 E183.05809
G1 X105.308 Y108.731 E183.0722
G1 X104.833 Y108.5 E183.08274
G1 X104.564 Y108.308 E183.08933
G1 X104.301 Y108.043 E183.09678
G1 X104.106 Y107.769 E183.10349
G1 X103.966 Y107.476 E183.10998
G1 X103.849 Y107.094 E183.11795
G1 X103.848 Y111.432 E183.20452
G1 X104.28 Y111.288 E183.2136
G1 X105.048 Y111.288 E183.22893
G1 X105.377 Y111.441 E183.23617
G1 X105.536 Y111.584 E183.24044
G1 X105.754 Y111.388 E183.24629
G1 X106.105 Y111.295 E183.25354
G1 X106.899 Y111.287 E183.26938
G1 X107.309 Y111.434 E183.27807
G1 X107.536 Y111.716 E183.2853
G1 X107.763 Y111.434 E183.29252
G1 X108.166 Y111.288 E183.30108
G1 X108.947 Y111.288 E183.31666
G1 X109.262 Y111.381 E183.32322
G1 X109.31 Y111.422 E183.32448
G1 X109.611 Y111.29 E183.33104
G1 X110 Y111.262 E183.33882
G1 F2700 E178.33882
G0 F9000 X115.563 Y111.85
G0 X116.428 Y114.092
G0 X116.428 Y115.401
G0 X113.262 Y115.401
G0 X113.154 Y114.815
G0 X113.319 Y113.65
G0 X113.068 Y114.528
G1 F2700 E183.33882
G1 F1287.6 X113.068 Y115.015 E183.35014
G0 F9000 X113.068 Y114.528
G1 F1202.4 X113.464 Y113.903 E183.36856
G1 F1156.1 X113.912 Y113.876 E183.38018
G1 F1190.5 X113.912 Y113.339 E183.39368
G1 X113.872 Y113.372 E183.39499
G1 F1181.1 X113.543 Y113.375 E183.40333
G1 F1147.2 X113.37 Y113.387 E183.40785
G1 F1123.6 X113.103 Y113.387 E183.41496
G1 X113.103 Y113.654 E183.42208
G1 F1202.4 X113.068 Y114.528 E183.44385
G1 F2700 E178.44385
G0 F9000 X113.319 Y113.65
G0 X113.262 Y114.092
G0 X113.262 Y115.401
G0 X116.428 Y115.401
G0 X116.428 Y114.092
G0 X116.136 Y113.527
G1 F2700 E183.44385
G1 F1415.1 X116.136 Y112.288 E183.47006
G0 F9000 X116.27 Y113.65
G0 X116.568 Y114.528
G1 F1648.4 X116.564 Y115.06 E183.47972
G1 F2700 E178.47972
G0 F9000 X116.247 Y115.831
G0 X116.428 Y115.401
G0 X116.428 Y114.659
G0 X116.159 Y107.962
G1 F2700 E183.47972
G1 F1617.3 X116.166 Y107.792 E183.48287
G1 F1648.4 X116.166 Y105.116 E183.53147
G1 F1587.3 X116.152 Y104.335 E183.5462
G1 F1526.7 X116.068 Y104.074 E183.55158
G1 X115.805 Y103.875 E183.55804
G1 X115.635 Y103.844 E183.56143
G1 F1132.1 X115.184 Y103.982 E183.5739
G1 X115.741 Y104.289 E183.59072
G1 F1526.7 X115.917 Y104.44 E183.59527
G1 F1587.3 X116.166 Y105.116 E183.60885
G0 F9000 X116.023 Y104.28
G0 X115.184 Y103.982
G1 F898.2 X114.528 Y103.982 E183.63071
G0 F9000 X113.973 Y104.286
G1 F1333.3 X114.183 Y104.196 E183.63584
G1 F1162.8 X114.528 Y103.982 E183.64629
G1 F1013.5 X114.072 Y103.826 E183.66053
G1 X113.396 Y103.982 E183.68102
G1 F996.7 X113.973 Y104.286 E183.70061
G0 F9000 X113.396 Y103.982
G1 F888.9 X112.72 Y103.989 E183.72337
G1 X112.544 Y103.982 E183.7293
G1 F898.2 X110.364 Y103.982 E183.80196
G0 F9000 X109.528 Y104.28
G0 X109.378 Y104.678
G1 F1092.9 X109.579 Y104.383 E183.81173
G1 F1339.3 X110.02 Y104.205 E183.82236
G1 F1376.1 X110.18 Y104.068 E183.82694
G1 F1005 X110.364 Y103.982 E183.83299
G1 F1183.4 X109.96 Y103.864 E183.84364
G1 F1339.3 X109.378 Y103.922 E183.85671
G1 F986.8 X108.392 Y103.982 E183.88668
G1 X109.177 Y104.383 E183.91342
G1 F1092.9 X109.378 Y104.678 E183.92319
G0 F9000 X109.246 Y104.32
G0 X108.392 Y103.982
G1 F898.2 X107.832 Y103.982 E183.94186
G0 F9000 X107.224 Y104.313
G1 F1318.7 X107.488 Y104.197 E183.9484
G1 F1165 X107.832 Y103.982 E183.95882
G1 X107.425 Y103.845 E183.96986
G1 F1538.5 X107.198 Y103.857 E183.97428
G1 F1094.9 X106.664 Y103.988 E183.98931
G1 F978.8 X107.224 Y104.313 E184.00911
G0 F9000 X106.664 Y103.988
G1 F916 X106.34 Y103.964 E184.01973
G1 F946.4 X105.96 Y103.966 E184.03175
G1 F898.2 X105.496 Y103.998 E184.04725
G0 F9000 X104.323 Y104.921
G0 X103.848 Y105.784
G1 F1500 X104.016 Y105.309 E184.05731
G1 X104.318 Y104.868 E184.06797
G1 X104.579 Y104.598 E184.07547
G1 X104.899 Y104.382 E184.08317
G1 X105.091 Y104.286 E184.08745
G1 F1090.9 X105.496 Y103.998 E184.10109
G1 F970.9 X105.278 Y103.915 E184.10828
G1 F1282.1 X105.013 Y103.848 E184.11467
G1 F1500 X104.33 Y103.848 E184.1283
G1 X104.102 Y103.92 E184.13307
G1 X103.897 Y104.146 E184.13916
G1 X103.848 Y104.293 E184.14225
G1 X103.848 Y105.784 E184.172
G0 F9000 X104.025 Y111.197
G0 X107.185 Y111.43
G0 X109.98 Y111.356
G0 X110 Y111.663
G1 F1500 X110.206 Y111.649 E184.17612
G1 X110.783 Y111.678 E184.18765
G1 X111.194 Y111.851 E184.19655
G1 X111.38 Y111.966 E184.20092
G1 X111.512 Y111.811 E184.20498
G1 X111.805 Y111.688 E184.21132
G1 X113.935 Y111.691 E184.25383
G1 X114.186 Y111.776 E184.25911
G1 X114.218 Y111.835 E184.26045
G1 X114.25 Y111.776 E184.26179
G1 X114.449 Y111.687 E184.26614
G1 X115.124 Y111.688 E184.27961
G1 X115.355 Y111.733 E184.28431
G1 X115.605 Y111.927 E184.29063
G1 X115.724 Y112.288 E184.29821
G1 X115.724 Y113.928 E184.33094
G1 X116.076 Y113.934 E184.33796
G1 F1578.9 X116.568 Y114.528 E184.35259
G1 X116.548 Y113.527 E184.37157
G1 F1500 X116.548 Y104.294 E184.55582
G1 X116.502 Y104.072 E184.56035
G1 X116.403 Y103.856 E184.56509
G1 X116.251 Y103.684 E184.56967
G1 X115.927 Y103.495 E184.57715
G1 X115.692 Y103.448 E184.58194
G1 X110.167 Y103.448 E184.69219
G1 X109.96 Y103.475 E184.69636
G1 X109.378 Y103.448 E184.70799
G1 X104.288 Y103.448 E184.80956
G1 X103.901 Y103.571 E184.81767
G1 X103.744 Y103.685 E184.82154
G1 X103.53 Y103.982 E184.82884
G1 X103.448 Y104.227 E184.834
G1 X103.448 Y105.752 E184.86443
G1 F1224.5 X103.538 Y106.014 E184.87121
G1 F1045.3 X103.53 Y106.548 E184.8865
G1 F1041.7 X103.54 Y106.945 E184.89791
G1 F1219.5 X103.449 Y107.296 E184.90681
G1 F1500 X103.448 Y111.572 E184.99214
G1 F1162.8 X103.564 Y112.288 E185.01082
G1 X103.92 Y111.808 E185.0262
G1 F1500 X104.28 Y111.688 E185.03377
G1 X104.922 Y111.692 E185.04659
G1 X105.164 Y111.78 E185.05173
G1 X105.314 Y111.914 E185.05574
G1 F1219.5 X105.536 Y112.288 E185.06641
G1 X105.758 Y111.914 E185.07709
G1 F1500 X105.908 Y111.78 E185.0811
G1 X106.154 Y111.692 E185.08632
G1 X106.886 Y111.695 E185.10093
G1 X107.101 Y111.775 E185.1055
G1 X107.355 Y112.091 E185.11359
G1 X107.452 Y112.367 E185.11943
G1 X107.62 Y112.367 E185.12279
G1 X107.717 Y112.091 E185.12862
G1 X107.971 Y111.775 E185.13671
G1 X108.196 Y111.687 E185.14154
G1 X108.933 Y111.694 E185.15624
G1 X109.093 Y111.744 E185.15959
G1 X109.266 Y111.89 E185.16411
G1 X109.698 Y111.684 E185.17366
G1 X110 Y111.663 E185.1797
G0 F9000 X109.98 Y111.356
G0 X107.536 Y111.456
G0 X104.025 Y111.197
G0 X104.036 Y107.988
G0 X105.347 Y108.558
G0 X105.973 Y108.747
G0 X106.022 Y108.436
G1 F1500 X105.432 Y108.347 E185.19161
G1 X104.918 Y108.096 E185.20302
G1 X104.512 Y107.69 E185.21448
G1 X104.327 Y107.304 E185.22302
G1 X104.286 Y107.192 E185.2254
G1 F1219.5 X104.118 Y106.895 E185.23378
G1 F1041.7 X104.095 Y106.526 E185.2444
G1 F1045.3 X104.116 Y106.034 E185.2585
G1 F1224.5 X104.237 Y105.885 E185.2632
G1 F1500 X104.375 Y105.493 E185.27149
G1 X104.61 Y105.141 E185.27994
G1 X104.861 Y104.884 E185.2871
G1 X105.164 Y104.686 E185.29433
G1 X105.537 Y104.547 E185.30227
G1 X105.965 Y104.484 E185.31091
G1 X106.427 Y104.479 E185.32013
G1 X107.089 Y104.676 E185.33391
G1 X107.317 Y104.843 E185.33955
G1 X107.452 Y104.65 E185.34425
G1 X107.757 Y104.516 E185.3509
G1 X108.392 Y104.516 E185.36357
G1 X108.831 Y104.706 E185.37312
G1 X108.935 Y104.859 E185.37681
G1 X108.992 Y105.108 E185.3819
G1 X108.992 Y105.459 E185.38891
G1 X109.24 Y105.469 E185.39386
G1 X109.569 Y105.529 E185.40054
G1 X109.764 Y105.602 E185.40469
G1 X109.764 Y105.108 E185.41455
G1 X109.821 Y104.859 E185.41965
G1 X109.925 Y104.706 E185.42334
G1 X110.152 Y104.554 E185.42879
G1 X110.289 Y104.516 E185.43163
G1 X112.606 Y104.516 E185.47787
G1 X112.803 Y104.523 E185.4818
G1 X113.396 Y104.516 E185.49364
G1 X113.679 Y104.586 E185.49945
G1 X113.918 Y104.82 E185.50613
G1 X113.947 Y104.924 E185.50828
G1 X114.148 Y104.651 E185.51505
G1 X114.447 Y104.516 E185.52159
G1 X115.184 Y104.516 E185.5363
G1 X115.414 Y104.561 E185.54098
G1 X115.625 Y104.708 E185.54611
G1 X115.784 Y105.116 E185.55485
G1 X115.784 Y107.883 E185.61007
G1 X115.545 Y108.273 E185.6192
G1 X115.184 Y108.392 E185.62678
G1 X114.6 Y108.392 E185.63844
G1 X114.44 Y108.339 E185.6418
G1 X114.166 Y108.089 E185.6492
G1 X114.131 Y107.958 E185.65191
G1 X114.058 Y108.089 E185.6549
G1 X113.784 Y108.339 E185.6623
G1 X113.626 Y108.386 E185.66559
G1 X112.839 Y108.39 E185.6813
G1 X112.682 Y108.352 E185.68452
G1 X112.525 Y108.39 E185.68774
G1 X110.291 Y108.388 E185.73233
G1 X110.128 Y108.345 E185.73569
G1 X109.922 Y108.182 E185.74093
G1 X109.734 Y108.279 E185.74515
G1 X109.192 Y108.387 E185.75618
G1 X107.747 Y108.387 E185.78502
G1 X107.521 Y108.306 E185.78981
G1 X107.326 Y108.101 E185.79546
G1 X106.886 Y108.309 E185.80517
G1 X106.524 Y108.401 E185.81262
G1 X106.022 Y108.436 E185.82267
G0 F9000 X106.038 Y108.036
;TYPE:WALL-OUTER
G1 F1500 X105.574 Y107.964 E185.83204
G1 X105.154 Y107.766 E185.8413
G1 X104.841 Y107.453 E185.85014
G1 X104.674 Y107.094 E185.85804
G1 X104.6 Y106.792 E185.86424
G1 X104.576 Y106.457 E185.87094
G1 X104.606 Y106.042 E185.87925
G1 X104.746 Y105.658 E185.8874
G1 X104.902 Y105.415 E185.89317
G1 X105.105 Y105.201 E185.89905
G1 X105.37 Y105.036 E185.90528
G1 X105.654 Y104.934 E185.91131
G1 X105.938 Y104.886 E185.91705
G1 X106.369 Y104.88 E185.92565
G1 X106.956 Y105.056 E185.93788
G1 X107.323 Y105.381 E185.94767
G1 X107.537 Y105.727 E185.95579
G1 F1522.8 X107.643 Y106.118 E185.96375
G1 X107.632 Y105.739 E185.9712
G1 F1500 X107.632 Y105.116 E185.98363
G1 X107.668 Y105.001 E185.98604
G1 X107.797 Y104.918 E185.9891
G1 X108.392 Y104.916 E186.00097
G1 X108.539 Y104.979 E186.00417
G1 X108.592 Y105.116 E186.0071
G1 X108.592 Y105.857 E186.02189
G1 X109.168 Y105.863 E186.03338
G1 X109.529 Y105.929 E186.0407
G1 X109.857 Y106.106 E186.04814
G1 X110.064 Y106.342 E186.05441
G1 F1562.5 X110.174 Y106.606 E186.05989
G1 X110.164 Y106.319 E186.06539
G1 F1500 X110.164 Y105.113 E186.08945
G1 X110.217 Y104.979 E186.09233
G1 X110.329 Y104.918 E186.09488
G1 X112.6 Y104.918 E186.1402
G1 F1595.7 X112.72 Y105.116 E186.14454
G1 X112.84 Y104.918 E186.14888
G1 F1500 X113.467 Y104.916 E186.16139
G1 X113.597 Y105.043 E186.16502
G1 X113.598 Y106.349 E186.19108
G1 X114.38 Y104.971 E186.2227
G1 X114.493 Y104.918 E186.22519
G1 X115.239 Y104.916 E186.24008
G1 X115.331 Y104.98 E186.24232
G1 X115.384 Y105.116 E186.24523
G1 X115.382 Y107.827 E186.29933
G1 X115.305 Y107.953 E186.30228
G1 X115.184 Y107.992 E186.30481
G1 X114.623 Y107.992 E186.31601
G1 X114.488 Y107.867 E186.31968
G1 X114.488 Y106.524 E186.34648
G1 X113.71 Y107.891 E186.37787
G1 X113.603 Y107.99 E186.38078
G1 X112.832 Y107.989 E186.39617
G1 F1445.8 X112.682 Y107.81 E186.401
G1 X112.529 Y107.992 E186.40592
G1 F1500 X110.339 Y107.991 E186.44963
G1 X110.225 Y107.937 E186.45215
G1 F1503.8 X110.164 Y107.835 E186.45451
G1 F1507.5 X110.166 Y107.539 E186.46039
G1 F1558.4 X110.187 Y107.193 E186.46705
G1 F1578.9 X110.06 Y107.556 E186.47434
G1 F1526.7 X109.879 Y107.738 E186.47937
G1 F1500 X109.61 Y107.899 E186.48563
G1 X109.188 Y107.985 E186.49422
G1 X107.803 Y107.991 E186.52186
G1 X107.675 Y107.918 E186.5248
G1 F1515.2 X107.632 Y107.836 E186.52663
G1 F1554.4 X107.641 Y106.877 E186.5451
G1 F1534.5 X107.51 Y107.259 E186.55298
G1 F1500 X107.379 Y107.47 E186.55793
G1 X107.102 Y107.764 E186.56599
G1 X106.757 Y107.93 E186.57364
G1 X106.46 Y108.006 E186.57975
G1 X106.038 Y108.036 E186.5882
G1 F2700 E181.5882
G0 F9000 X105.927 Y108.74
G0 X107.423 Y107.737
G0 X107.641 Y106.877
G1 F2700 E186.5882
G1 F1626 X107.654 Y106.448 E186.5961
G1 F1639.3 X107.644 Y106.147 E186.6016
G1 F2700 E181.6016
G0 F9000 X110.197 Y106.85
G1 F2700 E186.6016
G1 F1754.4 X110.189 Y107.166 E186.60699
G0 F9000 X111.26 Y107.024
G1 F892.9 X112.298 Y107.024 E186.64179
G1 F952.4 X112.602 Y107.169 E186.65238
G1 F1181.1 X112.682 Y107.36 E186.65762
G1 F1398.6 X112.682 Y107.81 E186.66726
G0 F9000 X112.602 Y107.169
G1 F1092.9 X112.641 Y107.003 E186.67193
G1 F1500 X112.759 Y106.82 E186.67627
G1 F2033.9 X112.76 Y106.164 E186.68593
G1 F1363.6 X112.606 Y105.921 E186.69224
G1 F1049 X112.614 Y105.771 E186.69653
G1 X112.523 Y105.838 E186.69975
G1 F1287.6 X112.3 Y105.724 E186.70558
G1 F1704.5 X111.1 Y105.724 E186.72665
G1 X111.1 Y106.076 E186.73283
G1 X112.3 Y106.076 E186.7539
G1 F1287.6 X112.485 Y105.994 E186.75861
G1 F1098.9 X112.48 Y106.91 E186.78356
G1 F1015.2 X112.298 Y107.024 E186.78989
G1 F952.4 X112.602 Y107.169 E186.80048
G0 F9000 X112.614 Y105.771
G1 F1307.2 X112.719 Y105.578 E186.80551
G1 F1699.7 X112.72 Y105.116 E186.81365
G1 F2700 E181.81365
G0 F9000 X112.72 Y104.208
G0 X115.623 Y104.68
G0 X115.958 Y108.644
G0 X115.965 Y111.496
G0 X111.759 Y111.128
G0 X111.655 Y111.878
G0 X111.655 Y113.141
G1 F2700 E186.81365
G1 F1369.9 X111.66 Y114.978 E186.85379
G0 F9000 X111.66 Y115.873
G0 X113.7 Y115.873
G0 X113.7 Y115.16
G1 F1500 X113.543 Y115.085 E186.85726
G1 X113.5 Y114.978 E186.85956
G1 X113.5 Y114.528 E186.86854
G1 X113.637 Y114.328 E186.87338
G1 X114.364 Y114.328 E186.88789
G1 X114.364 Y113.412 E186.90617
G1 F1604.3 X114.39 Y112.78 E186.91797
G1 F1729.1 X114.391 Y112.288 E186.92649
G1 F1608.6 X114.459 Y112.117 E186.92991
G1 F1500 X114.564 Y112.087 E186.93209
G1 X115.181 Y112.088 E186.94441
G1 X115.285 Y112.167 E186.94701
G1 X115.324 Y112.288 E186.94955
G1 X115.324 Y114.328 E186.99026
G1 X116.018 Y114.33 E187.00411
G1 X116.188 Y114.528 E187.00932
G1 X116.186 Y114.995 E187.01864
G1 X116.053 Y115.16 E187.02287
G1 X113.7 Y115.16 E187.06982
G0 F9000 X113.7 Y115.873
G0 X110 Y116.24
G0 X110 Y116.948
G1 F1500 X115.75 Y116.948 E187.18457
G1 X116.045 Y116.884 E187.19059
G1 X116.295 Y116.773 E187.19605
G1 X116.521 Y116.61 E187.20161
G1 X116.701 Y116.409 E187.207
G1 X116.836 Y116.177 E187.21235
G1 X116.948 Y115.839 E187.21946
G1 X116.948 Y104.253 E187.45067
G1 X116.884 Y103.947 E187.45691
G1 X116.742 Y103.635 E187.46375
G1 X116.521 Y103.386 E187.47039
G1 X116.295 Y103.223 E187.47596
G1 X116.05 Y103.112 E187.48132
G1 X115.732 Y103.048 E187.4878
G1 X110.167 Y103.048 E187.59885
G1 X109.96 Y103.057 E187.60299
G1 X109.378 Y103.048 E187.6146
G1 X104.246 Y103.048 E187.71702
G1 X103.951 Y103.112 E187.72304
G1 X103.701 Y103.223 E187.7285
G1 X103.475 Y103.386 E187.73406
G1 X103.296 Y103.586 E187.73942
G1 X103.164 Y103.818 E187.74474
G1 X103.048 Y104.161 E187.75197
G1 X103.049 Y115.747 E187.98318
G1 X103.112 Y116.049 E187.98934
G1 X103.254 Y116.365 E187.99625
G1 X103.475 Y116.61 E188.00284
G1 X103.701 Y116.774 E188.00841
G1 X103.946 Y116.884 E188.01377
G1 X104.264 Y116.948 E188.02024
G1 X110 Y116.948 E188.13471
G1 F2700 E183.13471
G0 F9000 X110 Y116.24
G0 X110.061 Y115.764
G0 X110.196 Y113.216
G0 X110.002 Y112.961
G1 F2700 E188.13471
G1 F1500 X109.872 Y113.161 E188.13947
G1 X109.868 Y114.978 E188.17573
G1 X109.822 Y115.088 E188.17811
G1 X109.703 Y115.158 E188.18086
G1 X109.027 Y115.16 E188.19435
G1 F1428.6 X108.91 Y115.017 E188.19823
G1 F1304.3 X108.834 Y113.105 E188.24214
G1 X108.042 Y115.041 E188.29014
G1 F1428.6 X107.903 Y115.158 E188.29395
G1 F1500 X107.204 Y115.16 E188.3079
G1 X107.081 Y115.118 E188.31049
G1 X107.016 Y115.029 E188.31269
G1 F1550.4 X106.756 Y114.278 E188.32804
G1 F1456.3 X106.623 Y114.028 E188.33386
G1 F1330.4 X106.5 Y113.69 E188.34195
G1 F1492.5 X106.386 Y113.235 E188.35136
G1 X106.438 Y113.7 E188.36074
G1 F1330.4 X106.312 Y113.903 E188.36612
G1 F1388.9 X105.051 Y113.907 E188.3933
G1 F1449.3 X105.051 Y114.321 E188.40185
G1 F1388.9 X106.334 Y114.316 E188.4295
G1 F1442.3 X106.445 Y114.528 E188.43447
G1 F1558.4 X106.457 Y115.011 E188.44375
G1 F1519 X106.379 Y115.118 E188.44636
G1 F1500 X106.291 Y115.158 E188.44829
G1 X104.253 Y115.159 E188.48896
G1 X104.159 Y115.12 E188.49099
G1 X104.083 Y114.995 E188.49391
G1 X104.08 Y112.288 E188.54793
G1 X104.16 Y112.128 E188.5515
G1 X104.28 Y112.088 E188.55402
G1 X104.87 Y112.089 E188.5658
G1 X105.001 Y112.163 E188.5688
G1 X105.044 Y112.288 E188.57144
G1 X105.044 Y113.068 E188.587
G1 F1534.5 X106.212 Y113.076 E188.60979
G1 F1595.7 X106.354 Y113.189 E188.61319
G1 F1578.9 X106.023 Y112.303 E188.63112
G1 F1515.2 X106.071 Y112.163 E188.63405
G1 F1500 X106.203 Y112.089 E188.63707
G1 X106.87 Y112.088 E188.65038
G1 X106.977 Y112.222 E188.6538
G1 X107.167 Y112.767 E188.66532
G1 X107.905 Y112.767 E188.68004
G1 X108.095 Y112.222 E188.69156
G1 X108.202 Y112.088 E188.69498
G1 X108.907 Y112.09 E188.70905
G1 F1398.6 X109.055 Y112.254 E188.71378
G1 F1232 X108.958 Y112.716 E188.72525
G1 F1271.2 X109.148 Y112.483 E188.73233
G1 F1425.2 X109.362 Y112.288 E188.73841
G1 F1474.2 X109.793 Y112.081 E188.74812
G1 F1500 X110.261 Y112.048 E188.75748
G1 X110.714 Y112.082 E188.76655
G1 X111.077 Y112.241 E188.77446
G1 X111.274 Y112.382 E188.77929
G1 F1492.5 X111.558 Y112.782 E188.78913
G1 F1421.8 X111.655 Y113.141 E188.79696
G1 F1425.2 X111.676 Y112.698 E188.80627
G1 F1500 X111.676 Y112.242 E188.81537
G1 X111.816 Y112.091 E188.81948
G1 X113.903 Y112.09 E188.86113
G1 X113.977 Y112.117 E188.8627
G1 F1608.6 X114.045 Y112.288 E188.86613
G1 F1729.1 X114.044 Y112.75 E188.87413
G1 F1604.3 X113.872 Y112.92 E188.87864
G1 F1500 X112.636 Y112.92 E188.9033
G1 X112.636 Y114.978 E188.94437
G1 X112.593 Y115.085 E188.94668
G1 X112.471 Y115.158 E188.94951
G1 X111.81 Y115.157 E188.9627
G1 F1438.8 X111.66 Y114.978 E188.96756
G1 X111.509 Y115.158 E188.97245
G1 F1500 X110.884 Y115.16 E188.98492
G1 X110.73 Y115.088 E188.98832
G1 X110.684 Y114.978 E188.99069
G1 X110.684 Y113.189 E189.0264
G1 X110.509 Y112.951 E189.03229
G1 X110.375 Y112.899 E189.03516
G1 X110.066 Y112.924 E189.04135
G1 X110.002 Y112.961 E189.04282
G0 F9000 X110.196 Y113.216
G0 X108.958 Y112.716
G1 F1113.2 X108.835 Y113.126 E189.05433
G1 F2700 E184.05433
G0 F9000 X108.835 Y117.815
G0 X115.838 Y117.814
G0 X116.321 Y117.713
G0 X116.734 Y117.527
G0 X117.1 Y117.261
G0 X117.405 Y116.924
G0 X117.629 Y116.533
G0 X117.778 Y116.084
G0 X117.815 Y115.373
G0 X106.386 Y113.235
G1 F2700 E189.05433
G1 F1704.5 X106.377 Y113.207 E189.05485
G1 F2700 E184.05485
G0 F9000 X105.921 Y112.803
G0 X105.612 Y111.856
G0 X110.018 Y111.16
G0 X110 Y110.901
;TYPE:SKIN
G1 F2700 E189.05485
G1 F1500 X109.677 Y110.922 E189.06131
G1 X109.324 Y111.023 E189.06864
G1 X108.995 Y110.928 E189.07547
G1 X108.112 Y110.931 E189.09309
G1 X107.6 Y111.11 E189.10391
G1 X107.552 Y111.148 E189.10514
G1 X107.206 Y110.992 E189.11271
G1 X106.963 Y110.933 E189.1177
G1 X106.102 Y110.93 E189.13488
G1 X105.722 Y111.026 E189.1427
G1 X105.542 Y111.123 E189.14678
G1 X105.3 Y110.999 E189.15221
G1 X104.998 Y110.932 E189.15838
G1 X104.208 Y110.928 E189.17415
G1 X104.208 Y108.485 E189.2229
G1 X104.651 Y108.807 E189.23383
G1 X105.016 Y108.988 E189.24196
G1 X105.337 Y109.1 E189.24875
G1 X105.963 Y109.202 E189.2614
G1 X106.647 Y109.15 E189.27509
G1 X107.225 Y109.001 E189.28701
G1 X107.577 Y109.15 E189.29463
G1 X109.334 Y109.14 E189.3297
G1 X109.832 Y109.035 E189.33985
G1 X110.245 Y109.152 E189.34842
G1 X113.532 Y109.152 E189.41402
G1 X113.852 Y109.111 E189.42045
G1 X114.091 Y109.025 E189.42552
G1 X114.593 Y109.146 E189.43583
G1 X115.209 Y109.152 E189.44812
G1 X115.788 Y108.958 E189.46031
G1 X115.788 Y111.134 E189.50373
G1 X115.603 Y111.019 E189.50808
G1 X115.155 Y110.931 E189.51719
G1 X114.435 Y110.924 E189.53156
G1 X114.207 Y110.976 E189.53623
G1 X113.889 Y110.93 E189.54264
G1 X111.705 Y110.93 E189.58622
G1 X111.4 Y111.01 E189.59251
G1 X111.288 Y111.066 E189.59501
G1 X111.031 Y110.964 E189.60053
G1 X110.75 Y110.914 E189.60623
G1 X110.248 Y110.884 E189.61626
G1 X110 Y110.901 E189.62122
G0 F9000 X110.018 Y111.16
G0 X107.536 Y111.456
G0 X105.929 Y111.367
G0 X104.506 Y111.188
G0 X104.506 Y110.729
G1 F1500 X104.408 Y110.63 E189.624
G0 F9000 X104.408 Y110.065
G1 F1500 X105.092 Y110.748 E189.64329
G0 F9000 X105.729 Y110.821
G1 F1500 X104.408 Y109.499 E189.68059
G0 F9000 X104.408 Y108.933
G1 F1500 X106.206 Y110.732 E189.73135
G0 F9000 X106.769 Y110.729
G1 F1500 X105.343 Y109.302 E189.7716
G0 F9000 X106.011 Y109.405
G1 F1500 X107.52 Y110.914 E189.81419
G0 F9000 X107.95 Y110.778
G1 F1500 X106.532 Y109.36 E189.85421
G0 F9000 X107.002 Y109.264
G1 F1500 X108.469 Y110.732 E189.89563
G0 F9000 X109.034 Y110.731
G1 F1500 X107.65 Y109.347 E189.93469
G0 F9000 X108.214 Y109.346
G1 F1500 X109.604 Y110.736 E189.97392
G0 F9000 X110.127 Y110.693
G1 F1500 X108.778 Y109.344 E190.01199
G0 F9000 X109.341 Y109.341
G1 F1500 X110.712 Y110.712 E190.05068
G0 F9000 X111.375 Y110.809
G1 F1500 X109.81 Y109.244 E190.09485
G0 F9000 X110.483 Y109.351
G1 F1500 X111.864 Y110.732 E190.13382
G0 F9000 X112.429 Y110.732
G1 F1500 X111.048 Y109.351 E190.1728
G0 F9000 X111.614 Y109.351
G1 F1500 X112.995 Y110.732 E190.21177
G0 F9000 X113.561 Y110.732
G1 F1500 X112.18 Y109.352 E190.25073
G0 F9000 X112.746 Y109.352
G1 F1500 X114.162 Y110.768 E190.29069
G0 F9000 X114.686 Y110.726
G1 F1500 X113.312 Y109.352 E190.32947
G0 F9000 X113.84 Y109.314
G1 F1500 X115.276 Y110.751 E190.37001
G0 F9000 X115.589 Y110.497
G1 F1500 X114.395 Y109.304 E190.4037
G0 F9000 X115.007 Y109.351
G1 F1500 X115.589 Y109.932 E190.42011
G0 F9000 X115.589 Y109.366
G1 F1500 X115.492 Y109.269 E190.42285
G0 F9000 X115.348 Y108.833
G0 X106.567 Y108.651
G0 X106.016 Y108.693
G0 X105.359 Y108.59
G0 X104.774 Y108.302
G0 X104.308 Y107.837
G0 X104.066 Y107.338
G0 X103.926 Y106.48
G0 X103.966 Y105.911
G0 X104.067 Y105.631
G0 X104.528 Y104.507
G0 X104.376 Y104.277
G1 F1209.7 X104.345 Y104.331 E190.42439
G1 X104.283 Y104.331 E190.42592
G1 X104.252 Y104.277 E190.42746
G1 X104.283 Y104.223 E190.429
G1 X104.345 Y104.223 E190.43054
G1 X104.376 Y104.277 E190.43208
G1 F2700 E185.43208
;MESH:NONMESH
G0 F300 Z2.72
G0 F9000 X104.528 Y104.507
G0 X104.4 Y106.001
G0 X105.811 Y106.193
G0 X106.219 Y106.783
;TIME_ELAPSED:766.356143
;LAYER:21
;TYPE:WALL-INNER
;MESH:Lens_Openscad 2.stl
G1 F2700 E190.43208
G1 F1617.3 X106.305 Y106.62 E190.43549
G1 F1612.9 X106.303 Y106.224 E190.44284
G1 X106.184 Y106.113 E190.44586
G1 F1608.6 X106.062 Y106.121 E190.44813
G1 X105.981 Y106.21 E190.45037
G1 X105.938 Y106.345 E190.45301
G1 F1612.9 X105.937 Y106.598 E190.4577
G1 F1617.3 X106.015 Y106.772 E190.46123
G1 X106.219 Y106.783 E190.46502
G0 F9000 X106.056 Y107.185
;TYPE:WALL-OUTER
G1 F1500 X106.324 Y107.16 E190.47039
G1 X106.469 Y107.089 E190.47361
G1 X106.576 Y106.971 E190.47679
G1 X106.683 Y106.714 E190.48234
G1 X106.706 Y106.467 E190.48729
G1 X106.683 Y106.199 E190.49266
G1 X106.614 Y106.004 E190.49679
G1 X106.464 Y105.821 E190.50151
G1 X106.265 Y105.723 E190.50594
G1 X105.997 Y105.735 E190.51129
G1 X105.842 Y105.791 E190.51458
G1 X105.638 Y106.011 E190.52057
G1 X105.552 Y106.287 E190.52634
G1 X105.552 Y106.646 E190.5335
G1 X105.606 Y106.852 E190.53775
G1 X105.773 Y107.102 E190.54375
G1 X106.056 Y107.185 E190.54964
G1 F2700 E185.54964
G0 F9000 X106.089 Y106.875
G0 X106.459 Y106.664
G0 X108.873 Y106.952
G0 X108.608 Y107.139
G1 F2700 E190.54964
G1 F1388.9 X108.608 Y106.705 E190.55899
G1 X109.108 Y106.707 E190.56977
G1 F1395.3 X109.212 Y106.808 E190.57288
G1 X109.24 Y107.013 E190.57731
G1 X109.172 Y107.102 E190.57972
G1 X109.052 Y107.137 E190.5824
G1 F1392.1 X108.608 Y107.139 E190.59195
G1 F2700 E185.59195
G0 F9000 X108.873 Y106.952
G0 X107.603 Y113.667
G1 F2700 E190.59195
G1 F1094.9 X107.569 Y113.726 E190.59381
G1 X107.501 Y113.726 E190.59567
G1 X107.467 Y113.667 E190.59753
G1 X107.501 Y113.608 E190.59939
G1 X107.569 Y113.608 E190.60125
G1 X107.603 Y113.667 E190.60311
G1 F2700 E185.60311
G0 F9000 X106.002 Y112.86
G0 X105.561 Y112.551
;TYPE:WALL-INNER
G1 F2700 E190.60311
G1 F985.2 X105.536 Y112.288 E190.61114
G0 F9000 X105.536 Y111.378
G0 X103.73 Y111.408
G0 X103.564 Y112.288
G1 F940.4 X103.569 Y115.084 E190.70013
G0 F9000 X103.755 Y115.836
G0 X104.216 Y116.04
G1 F1041.7 X104.352 Y116.054 E190.70406
G1 F1013.5 X106.393 Y116.054 E190.76434
G1 F931.7 X106.73 Y116.003 E190.7753
G1 F937.5 X107.204 Y116.054 E190.79052
G1 F1020.4 X107.868 Y116.054 E190.81
G1 F1006.7 X108.058 Y116.046 E190.81565
G0 F9000 X108.488 Y116.157
G1 F1237.1 X109.108 Y116.054 E190.83086
G1 X108.588 Y115.804 E190.84482
G1 F1570.7 X108.488 Y115.725 E190.84725
G1 F1217 X108.058 Y116.046 E190.86045
G1 X108.488 Y116.157 E190.87137
G0 F9000 X109.108 Y116.054
G1 F1006.7 X109.858 Y116.046 E190.89367
G0 F9000 X110 Y116.084
G1 F1438.8 X110.276 Y116.159 E190.89962
G1 F1239.7 X110.884 Y116.054 E190.91452
G1 X110.373 Y115.808 E190.92821
G1 F1379.3 X110.284 Y115.731 E190.93077
G1 F1094.9 X109.858 Y116.046 E190.94525
G1 F1132.1 X110 Y116.084 E190.94914
G0 F9000 X110.884 Y116.054
G1 F1006.7 X112.626 Y116.046 E191.00094
G0 F9000 X113.068 Y116.155
G1 F1232 X113.7 Y116.054 E191.01649
G1 X113.17 Y115.8 E191.03077
G1 F1363.6 X113.079 Y115.718 E191.03346
G1 F1090.9 X112.626 Y116.046 E191.0488
G1 F1212.1 X113.068 Y116.155 E191.06005
G0 F9000 X113.7 Y116.054
G1 F1020.4 X115.655 Y116.054 E191.1174
G0 F9000 X110 Y116.24
G0 X110 Y116.548
G1 F1500 X115.706 Y116.548 E191.23127
G1 X116.143 Y116.403 E191.24045
G1 X116.311 Y116.252 E191.24496
G1 X116.502 Y115.92 E191.25261
G1 X116.548 Y115.711 E191.25688
G1 F1562.5 X116.564 Y115.06 E191.26935
G1 X116.249 Y115.501 E191.27974
G1 F1500 X116.065 Y115.556 E191.28357
G1 X113.7 Y115.56 E191.33076
G1 X113.38 Y115.468 E191.33741
G1 X113.229 Y115.333 E191.34145
G1 F1382.5 X113.068 Y115.015 E191.34917
G1 X112.907 Y115.333 E191.35689
G1 F1500 X112.756 Y115.468 E191.36093
G1 X112.519 Y115.56 E191.366
G1 X111.794 Y115.56 E191.38047
G1 X111.66 Y115.519 E191.38327
G1 X111.521 Y115.56 E191.38616
G1 X110.884 Y115.56 E191.39887
G1 X110.574 Y115.474 E191.40529
G1 X110.422 Y115.344 E191.40928
G1 F1463.4 X110.276 Y115.013 E191.41668
G1 X110.13 Y115.344 E191.42408
G1 F1500 X109.978 Y115.474 E191.42807
G1 X109.751 Y115.56 E191.43292
G1 X109.108 Y115.56 E191.44575
G1 X108.793 Y115.471 E191.45228
G1 X108.682 Y115.383 E191.45511
G1 X108.544 Y115.166 E191.46024
G1 X108.507 Y114.959 E191.46444
G1 X108.432 Y115.166 E191.46883
G1 X108.294 Y115.383 E191.47396
G1 X108.183 Y115.471 E191.47679
G1 X107.951 Y115.56 E191.48175
G1 X107.204 Y115.56 E191.49665
G1 X106.955 Y115.507 E191.50174
G1 X106.835 Y115.434 E191.50454
G1 X106.73 Y115.289 E191.50811
G1 X106.625 Y115.434 E191.51168
G1 X106.334 Y115.56 E191.51801
G1 X104.244 Y115.559 E191.55972
G1 F1301.5 X103.961 Y115.482 E191.56647
G1 F1029.2 X103.569 Y115.084 E191.58271
G1 F1149.4 X103.449 Y115.705 E191.59919
G1 F1500 X103.593 Y116.143 E191.60839
G1 X103.744 Y116.311 E191.61289
G1 X104.069 Y116.501 E191.62041
G1 X104.304 Y116.548 E191.62519
G1 X110 Y116.548 E191.73886
G0 F9000 X110 Y116.24
G0 X110.276 Y115.873
G0 X110.276 Y115.013
G1 F1442.3 X110.278 Y113.318 E191.77404
G1 F2700 E186.77404
G0 F9000 X110.449 Y115.401
G0 X116.428 Y115.401
G0 X116.428 Y114.092
G0 X115.563 Y111.85
G0 X110 Y111.262
G1 F2700 E191.77404
G1 F1500 X110.179 Y111.249 E191.77762
G1 X110.708 Y111.273 E191.78819
G1 X110.976 Y111.326 E191.79364
G1 X111.313 Y111.468 E191.80094
G1 X111.51 Y111.356 E191.80546
G1 X111.758 Y111.288 E191.81059
G1 X113.987 Y111.288 E191.85507
G1 X114.218 Y111.356 E191.85988
G1 X114.454 Y111.287 E191.86479
G1 X115.124 Y111.288 E191.87816
G1 X115.509 Y111.364 E191.88599
G1 X115.925 Y111.687 E191.8965
G1 F1456.3 X116.136 Y112.288 E191.90959
G1 X116.148 Y111.613 E191.92347
G1 F1500 X116.148 Y108.774 E191.98012
G1 F1542.4 X116.159 Y107.962 E191.99588
G1 X115.785 Y108.593 E192.01012
G1 F1500 X115.184 Y108.792 E192.02275
G1 X114.632 Y108.791 E192.03377
G1 X114.275 Y108.704 E192.0411
G1 X114.112 Y108.555 E192.04551
G1 X113.904 Y108.745 E192.05113
G1 X113.536 Y108.792 E192.05853
G1 X110.28 Y108.792 E192.12351
G1 X109.876 Y108.662 E192.13198
G1 X109.267 Y108.786 E192.14438
G1 X107.638 Y108.792 E192.17689
G1 X107.314 Y108.648 E192.18397
G1 X107.242 Y108.585 E192.18588
G1 X107.015 Y108.687 E192.19084
G1 X106.588 Y108.796 E192.19964
G1 X106.173 Y108.832 E192.20795
G1 X105.695 Y108.8 E192.21751
G1 X105.224 Y108.689 E192.22717
G1 X104.833 Y108.498 E192.23585
G1 X104.574 Y108.313 E192.2422
G1 X104.305 Y108.049 E192.24972
G1 X104.106 Y107.77 E192.25656
G1 F1522.8 X103.92 Y107.382 E192.26502
G1 F1562.5 X103.831 Y106.982 E192.27287
G1 F1538.5 X103.848 Y107.495 E192.28286
G1 F1500 X103.848 Y111.432 E192.36142
G1 X104.28 Y111.288 E192.37051
G1 X104.94 Y111.288 E192.38368
G1 X105.232 Y111.365 E192.38971
G1 X105.536 Y111.584 E192.39719
G1 X105.84 Y111.365 E192.40466
G1 X106.119 Y111.293 E192.41041
G1 X106.9 Y111.287 E192.426
G1 X107.309 Y111.434 E192.43467
G1 X107.536 Y111.716 E192.4419
G1 X107.763 Y111.434 E192.44912
G1 X108.166 Y111.288 E192.45768
G1 X108.946 Y111.288 E192.47324
G1 X109.266 Y111.383 E192.4799
G1 X109.312 Y111.422 E192.48111
G1 X109.609 Y111.29 E192.48759
G1 X110 Y111.262 E192.49541
G1 F2700 E187.49541
G0 F9000 X115.563 Y111.85
G0 X116.428 Y114.092
G0 X116.428 Y115.401
G0 X113.262 Y115.401
G0 X113.154 Y114.815
G0 X113.319 Y113.65
G0 X113.068 Y114.528
G1 F2700 E192.49541
G1 F1287.6 X113.068 Y115.015 E192.50674
G0 F9000 X113.068 Y114.528
G1 F1202.4 X113.464 Y113.903 E192.52516
G1 F1156.1 X113.912 Y113.876 E192.53678
G1 F1190.5 X113.912 Y113.339 E192.55028
G1 X113.872 Y113.372 E192.55158
G1 F1181.1 X113.543 Y113.375 E192.55992
G1 F1147.2 X113.37 Y113.387 E192.56445
G1 F1123.6 X113.103 Y113.387 E192.57156
G1 X113.103 Y113.654 E192.57867
G1 F1202.4 X113.068 Y114.528 E192.60045
G1 F2700 E187.60045
G0 F9000 X113.319 Y113.65
G0 X113.262 Y114.092
G0 X113.262 Y115.401
G0 X116.428 Y115.401
G0 X116.428 Y114.092
G0 X116.136 Y113.527
G1 F2700 E192.60045
G1 F1415.1 X116.136 Y112.288 E192.62666
G0 F9000 X116.27 Y113.65
G0 X116.568 Y114.528
G1 F1648.4 X116.564 Y115.06 E192.63632
G1 F2700 E187.63632
G0 F9000 X116.245 Y115.835
G0 X116.428 Y115.401
G0 X116.428 Y114.659
G0 X116.159 Y107.962
G1 F2700 E192.63632
G1 F1617.3 X116.166 Y107.792 E192.63947
G1 F1648.4 X116.166 Y105.116 E192.68807
G1 F1587.3 X116.152 Y104.335 E192.7028
G1 F1526.7 X116.068 Y104.074 E192.70817
G1 X115.805 Y103.875 E192.71464
G1 X115.635 Y103.844 E192.71803
G1 F1132.1 X115.184 Y103.982 E192.7305
G1 X115.741 Y104.289 E192.74732
G1 F1526.7 X115.917 Y104.44 E192.75186
G1 F1587.3 X116.166 Y105.116 E192.76545
G0 F9000 X116.023 Y104.28
G0 X115.184 Y103.982
G1 F898.2 X114.528 Y103.982 E192.78731
G0 F9000 X113.973 Y104.286
G1 F1333.3 X114.183 Y104.196 E192.79244
G1 F1162.8 X114.528 Y103.982 E192.80289
G1 F1013.5 X114.072 Y103.826 E192.81713
G1 X113.396 Y103.982 E192.83762
G1 F996.7 X113.973 Y104.286 E192.8572
G0 F9000 X113.396 Y103.982
G1 F888.9 X112.72 Y103.989 E192.87997
G1 X112.544 Y103.982 E192.8859
G1 F898.2 X110.364 Y103.982 E192.95855
G0 F9000 X109.528 Y104.28
G0 X109.378 Y104.678
G1 F1092.9 X109.579 Y104.383 E192.96833
G1 F1339.3 X110.02 Y104.205 E192.97896
G1 F1376.1 X110.18 Y104.068 E192.98354
G1 F1005 X110.364 Y103.982 E192.98959
G1 F1183.4 X109.96 Y103.864 E193.00024
G1 F1339.3 X109.378 Y103.922 E193.01331
G1 F986.8 X108.392 Y103.982 E193.04327
G1 X109.177 Y104.383 E193.07001
G1 F1092.9 X109.378 Y104.678 E193.07979
G0 F9000 X109.246 Y104.32
G0 X108.392 Y103.982
G1 F898.2 X107.832 Y103.982 E193.09845
G0 F9000 X107.224 Y104.313
G1 F1318.7 X107.488 Y104.197 E193.105
G1 F1165 X107.832 Y103.982 E193.11542
G1 X107.425 Y103.845 E193.12645
G1 F1538.5 X107.198 Y103.857 E193.13088
G1 F1094.9 X106.664 Y103.988 E193.14591
G1 F978.8 X107.224 Y104.313 E193.16571
G0 F9000 X106.664 Y103.988
G1 F916 X106.34 Y103.964 E193.17633
G1 F946.4 X105.96 Y103.966 E193.18835
G1 F898.2 X105.496 Y103.998 E193.20385
G0 F9000 X104.297 Y105.109
G0 X103.838 Y105.914
G1 F1643.8 X103.823 Y106.1 E193.20725
G1 F1769.9 X103.812 Y106.468 E193.21347
G1 F1734.1 X103.829 Y106.937 E193.22157
G0 F9000 X103.838 Y105.914
G1 F1558.4 X103.924 Y105.547 E193.22881
G1 F1519 X104.095 Y105.173 E193.23692
G1 F1500 X104.29 Y104.891 E193.24376
G1 X104.596 Y104.582 E193.25244
G1 X104.889 Y104.389 E193.25944
G1 X105.091 Y104.286 E193.26397
G1 F1090.9 X105.496 Y103.998 E193.2776
G1 F970.9 X105.278 Y103.915 E193.28479
G1 F1282.1 X105.013 Y103.848 E193.29118
G1 F1500 X104.335 Y103.848 E193.30471
G1 X104.076 Y103.932 E193.31014
G1 X103.983 Y104.015 E193.31263
G1 X103.849 Y104.328 E193.31942
G1 F1511.3 X103.846 Y105.629 E193.34519
G1 F1550.4 X103.838 Y105.914 E193.3507
G0 F9000 X104.025 Y111.197
G0 X107.185 Y111.43
G0 X109.98 Y111.356
G0 X110 Y111.663
G1 F1500 X110.206 Y111.649 E193.35482
G1 X110.783 Y111.678 E193.36634
G1 X111.194 Y111.851 E193.37524
G1 X111.38 Y111.966 E193.37961
G1 X111.512 Y111.811 E193.38367
G1 X111.805 Y111.688 E193.39001
G1 X113.935 Y111.691 E193.43252
G1 X114.186 Y111.776 E193.43781
G1 X114.218 Y111.835 E193.43915
G1 X114.25 Y111.776 E193.44049
G1 X114.449 Y111.687 E193.44484
G1 X115.124 Y111.688 E193.45831
G1 X115.355 Y111.733 E193.463
G1 X115.605 Y111.927 E193.46932
G1 X115.724 Y112.288 E193.4769
G1 X115.724 Y113.928 E193.50963
G1 X116.076 Y113.934 E193.51666
G1 F1578.9 X116.568 Y114.528 E193.53128
G1 X116.548 Y113.527 E193.55026
G1 F1500 X116.548 Y104.294 E193.73451
G1 X116.502 Y104.072 E193.73904
G1 X116.403 Y103.856 E193.74378
G1 X116.251 Y103.684 E193.74836
G1 X115.927 Y103.495 E193.75585
G1 X115.692 Y103.448 E193.76063
G1 X110.167 Y103.448 E193.87089
G1 X109.96 Y103.475 E193.87505
G1 X109.378 Y103.448 E193.88668
G1 X104.294 Y103.448 E193.98814
G1 X103.855 Y103.593 E193.99736
G1 X103.684 Y103.745 E194.00193
G1 X103.494 Y104.076 E194.00954
G1 X103.449 Y104.285 E194.01381
G1 X103.448 Y111.572 E194.15923
G1 F1162.8 X103.564 Y112.288 E194.1779
G1 X103.92 Y111.808 E194.19329
G1 F1500 X104.28 Y111.688 E194.20086
G1 X104.924 Y111.692 E194.21371
G1 X105.164 Y111.78 E194.21881
G1 X105.315 Y111.914 E194.22284
G1 F1219.5 X105.536 Y112.288 E194.23351
G1 X105.757 Y111.914 E194.24417
G1 F1500 X105.908 Y111.78 E194.2482
G1 X106.162 Y111.691 E194.25357
G1 X106.886 Y111.695 E194.26802
G1 X107.101 Y111.775 E194.2726
G1 X107.355 Y112.091 E194.28069
G1 X107.452 Y112.367 E194.28652
G1 X107.62 Y112.367 E194.28988
G1 X107.717 Y112.091 E194.29572
G1 X107.971 Y111.775 E194.30381
G1 X108.196 Y111.687 E194.30863
G1 X108.933 Y111.694 E194.32334
G1 X109.096 Y111.745 E194.32674
G1 X109.267 Y111.891 E194.33123
G1 X109.697 Y111.684 E194.34075
G1 X110 Y111.663 E194.34682
G0 F9000 X109.98 Y111.356
G0 X107.536 Y111.456
G0 X104.025 Y111.197
G0 X104.036 Y107.989
G0 X105.218 Y108.559
G0 X106.177 Y108.741
G0 X106.155 Y108.432
G1 F1500 X105.747 Y108.404 E194.35498
G1 X105.353 Y108.308 E194.36307
G1 X104.923 Y108.096 E194.37264
G1 X104.513 Y107.692 E194.38412
G1 X104.296 Y107.239 E194.39415
G1 X104.205 Y106.872 E194.40169
G1 X104.176 Y106.468 E194.40978
G1 X104.2 Y106.068 E194.41777
G1 X104.301 Y105.683 E194.42572
G1 X104.501 Y105.247 E194.43529
G1 X104.82 Y104.923 E194.44436
G1 X105.161 Y104.687 E194.45264
G1 X105.537 Y104.547 E194.46065
G1 X105.965 Y104.484 E194.46928
G1 X106.427 Y104.479 E194.4785
G1 X107.089 Y104.676 E194.49228
G1 X107.317 Y104.843 E194.49792
G1 X107.452 Y104.65 E194.50262
G1 X107.757 Y104.516 E194.50927
G1 X108.392 Y104.516 E194.52194
G1 X108.831 Y104.706 E194.53149
G1 X108.935 Y104.859 E194.53518
G1 X108.993 Y105.116 E194.54044
G1 X108.992 Y105.459 E194.54728
G1 X109.234 Y105.469 E194.55212
G1 X109.57 Y105.528 E194.55892
G1 X109.764 Y105.605 E194.56309
G1 X109.764 Y105.108 E194.57301
G1 X109.821 Y104.859 E194.57811
G1 X109.925 Y104.706 E194.5818
G1 X110.152 Y104.554 E194.58725
G1 X110.289 Y104.516 E194.59009
G1 X112.606 Y104.516 E194.63632
G1 X112.803 Y104.523 E194.64026
G1 X113.396 Y104.516 E194.65209
G1 X113.679 Y104.586 E194.65791
G1 X113.918 Y104.82 E194.66459
G1 X113.947 Y104.924 E194.66674
G1 X114.148 Y104.651 E194.67351
G1 X114.447 Y104.516 E194.68005
G1 X115.184 Y104.516 E194.69476
G1 X115.414 Y104.561 E194.69944
G1 X115.625 Y104.708 E194.70457
G1 X115.784 Y105.116 E194.71331
G1 X115.784 Y107.883 E194.76853
G1 X115.545 Y108.273 E194.77765
G1 X115.184 Y108.392 E194.78524
G1 X114.6 Y108.392 E194.79689
G1 X114.44 Y108.339 E194.80026
G1 X114.166 Y108.09 E194.80765
G1 X114.131 Y107.958 E194.81037
G1 X114.058 Y108.09 E194.81338
G1 X113.784 Y108.339 E194.82077
G1 X113.626 Y108.386 E194.82406
G1 X112.839 Y108.39 E194.83977
G1 X112.682 Y108.352 E194.84299
G1 X112.525 Y108.39 E194.84621
G1 X110.291 Y108.388 E194.89079
G1 X110.074 Y108.318 E194.89534
G1 X109.922 Y108.189 E194.89932
G1 X109.725 Y108.282 E194.90367
G1 X109.192 Y108.387 E194.91451
G1 X107.747 Y108.387 E194.94335
G1 X107.521 Y108.306 E194.94814
G1 X107.326 Y108.101 E194.95379
G1 X106.886 Y108.309 E194.9635
G1 X106.529 Y108.403 E194.97086
G1 X106.155 Y108.432 E194.97835
G0 F9000 X106.112 Y108.032
;TYPE:WALL-OUTER
G1 F1500 X105.798 Y108.007 E194.98464
G1 X105.471 Y107.92 E194.99139
G1 X105.158 Y107.766 E194.99835
G1 X104.841 Y107.454 E195.00723
G1 X104.67 Y107.086 E195.01532
G1 X104.599 Y106.803 E195.02115
G1 X104.576 Y106.454 E195.02813
G1 X104.602 Y106.113 E195.03495
G1 X104.686 Y105.804 E195.04134
G1 X104.837 Y105.475 E195.04857
G1 X105.092 Y105.217 E195.05581
G1 X105.37 Y105.036 E195.06243
G1 X105.654 Y104.934 E195.06845
G1 X105.938 Y104.886 E195.0742
G1 X106.369 Y104.88 E195.0828
G1 X106.956 Y105.056 E195.09503
G1 X107.329 Y105.387 E195.10498
G1 X107.589 Y105.808 E195.11485
G1 F1604.3 X107.658 Y106.323 E195.12455
G1 X107.632 Y105.838 E195.13361
G1 F1500 X107.632 Y105.116 E195.14802
G1 X107.668 Y105.001 E195.15042
G1 X107.797 Y104.918 E195.15348
G1 X108.392 Y104.916 E195.16536
G1 X108.539 Y104.979 E195.16855
G1 X108.593 Y105.116 E195.17149
G1 X108.592 Y105.857 E195.18628
G1 X109.164 Y105.863 E195.19769
G1 F1515.2 X109.538 Y105.929 E195.2052
G1 F1546.4 X109.955 Y106.197 E195.21479
G1 F1595.7 X110.123 Y106.444 E195.22039
G1 F1694.9 X110.195 Y106.841 E195.22752
G1 F1626 X110.164 Y106.401 E195.23564
G1 F1500 X110.164 Y105.113 E195.26134
G1 X110.217 Y104.979 E195.26422
G1 X110.329 Y104.918 E195.26676
G1 X112.6 Y104.918 E195.31208
G1 F1595.7 X112.72 Y105.116 E195.31643
G1 X112.84 Y104.918 E195.32077
G1 F1500 X113.467 Y104.916 E195.33328
G1 X113.597 Y105.043 E195.33691
G1 X113.598 Y106.349 E195.36297
G1 X114.38 Y104.971 E195.39459
G1 X114.493 Y104.918 E195.39708
G1 X115.239 Y104.916 E195.41197
G1 X115.331 Y104.98 E195.41421
G1 X115.384 Y105.116 E195.41712
G1 X115.382 Y107.827 E195.47122
G1 X115.305 Y107.953 E195.47417
G1 X115.184 Y107.992 E195.4767
G1 X114.624 Y107.992 E195.48788
G1 X114.488 Y107.868 E195.49155
G1 X114.488 Y106.526 E195.51833
G1 X113.71 Y107.892 E195.5497
G1 X113.602 Y107.99 E195.55261
G1 X112.832 Y107.989 E195.56798
G1 F1445.8 X112.682 Y107.81 E195.57282
G1 X112.529 Y107.992 E195.57774
G1 F1500 X110.339 Y107.991 E195.62144
G1 X110.235 Y107.946 E195.6237
G1 X110.164 Y107.833 E195.62637
G1 F1507.5 X110.165 Y107.541 E195.63217
G1 F1604.3 X110.189 Y107.162 E195.63925
G1 X110.06 Y107.562 E195.64709
G1 F1500 X109.8 Y107.801 E195.65414
G1 X109.588 Y107.905 E195.65885
G1 X109.188 Y107.985 E195.66699
G1 X107.803 Y107.991 E195.69463
G1 X107.675 Y107.918 E195.69757
G1 X107.632 Y107.792 E195.70023
G1 F1542.4 X107.643 Y106.796 E195.71956
G1 F1550.4 X107.568 Y107.121 E195.726
G1 F1511.3 X107.418 Y107.441 E195.733
G1 F1503.8 X107.1 Y107.765 E195.74204
G1 F1500 X106.757 Y107.93 E195.74963
G1 X106.46 Y108.006 E195.75575
G1 X106.112 Y108.032 E195.76272
G1 F2700 E190.76272
G0 F9000 X106.058 Y108.739
G0 X107.423 Y107.737
G0 X107.643 Y106.796
G1 F2700 E195.76272
G1 F1652.9 X107.658 Y106.323 E195.77129
G1 F2700 E190.77129
G0 F9000 X110.195 Y106.841
G1 F2700 E195.77129
G1 F1744.2 X110.189 Y107.162 E195.7768
G0 F9000 X111.26 Y107.024
G1 F892.9 X112.298 Y107.024 E195.8116
G1 F952.4 X112.602 Y107.169 E195.82218
G1 F1181.1 X112.682 Y107.36 E195.82743
G1 F1398.6 X112.682 Y107.81 E195.83706
G0 F9000 X112.602 Y107.169
G1 F1092.9 X112.641 Y107.003 E195.84173
G1 F1500 X112.759 Y106.82 E195.84608
G1 F2033.9 X112.76 Y106.164 E195.85573
G1 F1363.6 X112.606 Y105.921 E195.86205
G1 F1049 X112.614 Y105.771 E195.86634
G1 X112.523 Y105.838 E195.86956
G1 F1287.6 X112.3 Y105.724 E195.87538
G1 F1704.5 X111.1 Y105.724 E195.89646
G1 X111.1 Y106.076 E195.90264
G1 X112.3 Y106.076 E195.92371
G1 F1287.6 X112.485 Y105.994 E195.92842
G1 F1098.9 X112.48 Y106.91 E195.95337
G1 F1015.2 X112.298 Y107.024 E195.9597
G1 F952.4 X112.602 Y107.169 E195.97029
G0 F9000 X112.614 Y105.771
G1 F1307.2 X112.719 Y105.578 E195.97532
G1 F1699.7 X112.72 Y105.116 E195.98345
G1 F2700 E190.98345
G0 F9000 X112.72 Y104.208
G0 X115.623 Y104.68
G0 X115.958 Y108.644
G0 X115.965 Y111.496
G0 X111.759 Y111.128
G0 X111.655 Y111.878
G0 X111.655 Y113.145
G1 F2700 E195.98345
G1 F1369.9 X111.66 Y114.978 E196.02351
G0 F9000 X111.66 Y115.873
G0 X113.7 Y115.873
G0 X113.7 Y115.16
G1 F1500 X113.543 Y115.085 E196.02698
G1 X113.5 Y114.978 E196.02928
G1 X113.5 Y114.528 E196.03826
G1 X113.637 Y114.328 E196.0431
G1 X114.364 Y114.328 E196.05761
G1 X114.364 Y113.412 E196.07589
G1 F1604.3 X114.39 Y112.78 E196.08769
G1 F1729.1 X114.391 Y112.288 E196.09621
G1 F1608.6 X114.459 Y112.117 E196.09963
G1 F1500 X114.564 Y112.087 E196.10181
G1 X115.181 Y112.088 E196.11413
G1 X115.285 Y112.167 E196.11673
G1 X115.324 Y112.288 E196.11927
G1 X115.324 Y114.328 E196.15998
G1 X116.018 Y114.33 E196.17383
G1 X116.188 Y114.528 E196.17904
G1 X116.186 Y114.995 E196.18836
G1 X116.061 Y115.159 E196.19247
G1 X113.7 Y115.16 E196.23959
G0 F9000 X113.7 Y115.873
G0 X110 Y116.24
G0 X110 Y116.948
G1 F1500 X115.747 Y116.948 E196.35428
G1 X116.049 Y116.884 E196.36044
G1 X116.365 Y116.742 E196.36735
G1 X116.61 Y116.521 E196.37393
G1 X116.773 Y116.295 E196.37949
G1 X116.884 Y116.045 E196.38495
G1 X116.948 Y115.754 E196.3909
G1 X116.948 Y104.253 E196.62041
G1 X116.884 Y103.947 E196.62665
G1 X116.742 Y103.635 E196.63349
G1 X116.521 Y103.386 E196.64014
G1 X116.295 Y103.223 E196.6457
G1 X116.05 Y103.112 E196.65107
G1 X115.732 Y103.048 E196.65754
G1 X110.167 Y103.048 E196.76859
G1 X109.96 Y103.057 E196.77273
G1 X109.378 Y103.048 E196.78435
G1 X104.253 Y103.048 E196.88662
G1 X103.947 Y103.112 E196.89286
G1 X103.635 Y103.254 E196.8997
G1 X103.386 Y103.475 E196.90634
G1 X103.223 Y103.701 E196.9119
G1 X103.112 Y103.951 E196.91736
G1 X103.049 Y104.242 E196.92331
G1 X103.049 Y115.747 E197.1529
G1 X103.112 Y116.049 E197.15906
G1 X103.254 Y116.365 E197.16597
G1 X103.475 Y116.61 E197.17255
G1 X103.701 Y116.774 E197.17813
G1 X103.946 Y116.884 E197.18349
G1 X104.264 Y116.948 E197.18996
G1 X110 Y116.948 E197.30443
G1 F2700 E192.30443
G0 F9000 X110 Y116.24
G0 X110.087 Y115.56
G0 X110.186 Y113.218
G0 X110 Y112.993
G1 F2700 E197.30443
G1 F1500 X109.915 Y113.079 E197.30684
G1 X109.872 Y113.274 E197.31083
G1 X109.868 Y114.978 E197.34483
G1 X109.822 Y115.088 E197.34721
G1 X109.703 Y115.158 E197.34997
G1 X109.027 Y115.16 E197.36346
G1 F1428.6 X108.91 Y115.017 E197.36733
G1 F1304.3 X108.835 Y113.1 E197.41135
G1 X108.042 Y115.041 E197.45947
G1 F1428.6 X107.903 Y115.158 E197.46328
G1 F1500 X107.204 Y115.16 E197.47723
G1 X107.081 Y115.118 E197.47982
G1 X107.016 Y115.029 E197.48202
G1 F1550.4 X106.756 Y114.278 E197.49737
G1 F1456.3 X106.623 Y114.028 E197.50319
G1 F1330.4 X106.5 Y113.69 E197.51128
G1 F1492.5 X106.386 Y113.235 E197.52069
G1 X106.438 Y113.7 E197.53007
G1 F1330.4 X106.312 Y113.903 E197.53545
G1 F1388.9 X105.051 Y113.907 E197.56263
G1 F1449.3 X105.051 Y114.321 E197.57118
G1 F1388.9 X106.334 Y114.316 E197.59883
G1 F1442.3 X106.445 Y114.528 E197.6038
G1 F1558.4 X106.457 Y115.011 E197.61308
G1 F1519 X106.379 Y115.118 E197.61569
G1 F1500 X106.291 Y115.158 E197.61762
G1 X104.253 Y115.159 E197.65829
G1 X104.159 Y115.12 E197.66032
G1 X104.083 Y114.995 E197.66324
G1 X104.08 Y112.288 E197.71726
G1 X104.16 Y112.128 E197.72083
G1 X104.28 Y112.088 E197.72335
G1 X104.871 Y112.089 E197.73515
G1 X105.001 Y112.163 E197.73813
G1 X105.044 Y112.288 E197.74077
G1 X105.044 Y113.068 E197.75633
G1 F1534.5 X106.212 Y113.076 E197.77912
G1 F1595.7 X106.354 Y113.189 E197.78252
G1 F1578.9 X106.023 Y112.303 E197.80045
G1 F1515.2 X106.071 Y112.163 E197.80338
G1 F1500 X106.206 Y112.089 E197.80645
G1 X106.87 Y112.088 E197.8197
G1 X106.977 Y112.222 E197.82312
G1 X107.167 Y112.767 E197.83464
G1 X107.905 Y112.767 E197.84937
G1 X108.095 Y112.222 E197.86089
G1 X108.202 Y112.088 E197.86431
G1 X108.906 Y112.09 E197.87836
G1 X109.006 Y112.176 E197.88099
G1 F1388.9 X109.06 Y112.368 E197.88529
G1 F1197.6 X109.021 Y112.576 E197.89058
G1 F1279.3 X109.39 Y112.277 E197.90169
G1 F1500 X109.778 Y112.085 E197.91033
G1 X110.261 Y112.048 E197.92
G1 X110.714 Y112.082 E197.92906
G1 X111.077 Y112.241 E197.93697
G1 X111.274 Y112.383 E197.94182
G1 F1492.5 X111.556 Y112.781 E197.9516
G1 F1421.8 X111.655 Y113.145 E197.95954
G1 F1425.2 X111.676 Y112.703 E197.96884
G1 F1500 X111.676 Y112.242 E197.97804
G1 X111.816 Y112.091 E197.98215
G1 X113.903 Y112.09 E198.02379
G1 X113.977 Y112.117 E198.02537
G1 F1608.6 X114.045 Y112.288 E198.02879
G1 F1729.1 X114.044 Y112.75 E198.03679
G1 F1604.3 X113.872 Y112.92 E198.0413
G1 F1500 X112.636 Y112.92 E198.06597
G1 X112.636 Y114.978 E198.10704
G1 X112.593 Y115.085 E198.10934
G1 X112.471 Y115.158 E198.11217
G1 X111.81 Y115.157 E198.12537
G1 F1438.8 X111.66 Y114.978 E198.13022
G1 X111.509 Y115.158 E198.13511
G1 F1500 X110.884 Y115.16 E198.14758
G1 X110.73 Y115.088 E198.15098
G1 X110.684 Y114.978 E198.15336
G1 X110.684 Y113.266 E198.18752
G1 X110.58 Y113.009 E198.19305
G1 X110.361 Y112.9 E198.19794
G1 X110.069 Y112.924 E198.20378
G1 X110 Y112.993 E198.20573
G0 F9000 X110.186 Y113.218
G0 X109.021 Y112.576
G1 F1132.1 X108.979 Y112.663 E198.20828
G1 F1109.1 X108.836 Y113.119 E198.22118
G1 F2700 E193.22118
G0 F9000 X108.836 Y117.815
G0 X115.838 Y117.814
G0 X116.321 Y117.713
G0 X116.841 Y117.478
G0 X117.261 Y117.1
G0 X117.527 Y116.734
G0 X117.712 Y116.322
G0 X117.77 Y116.054
G0 X117.815 Y115.373
G0 X106.386 Y113.235
G1 F2700 E198.22118
G1 F1704.5 X106.377 Y113.207 E198.2217
G1 F2700 E193.2217
G0 F9000 X105.921 Y112.803
G0 X105.612 Y111.856
G0 X110.018 Y111.16
G0 X110 Y110.902
;TYPE:SKIN
G1 F2700 E198.2217
G1 F1500 X109.66 Y110.927 E198.2285
G1 X109.327 Y111.024 E198.23542
G1 X108.994 Y110.928 E198.24234
G1 X108.112 Y110.931 E198.25994
G1 X107.602 Y111.109 E198.27072
G1 X107.554 Y111.146 E198.27193
G1 X107.206 Y110.992 E198.27953
G1 X106.954 Y110.928 E198.28471
G1 X106.085 Y110.932 E198.30206
G1 X105.725 Y111.022 E198.30946
G1 X105.546 Y111.121 E198.31354
G1 X105.249 Y110.986 E198.32005
G1 X104.99 Y110.93 E198.32534
G1 X104.208 Y110.928 E198.34095
G1 X104.208 Y108.489 E198.38962
G1 X104.643 Y108.803 E198.40033
G1 X105.067 Y109.016 E198.4098
G1 X105.571 Y109.147 E198.42019
G1 X106.134 Y109.196 E198.43147
G1 X106.63 Y109.152 E198.4414
G1 X107.226 Y109.002 E198.45367
G1 X107.579 Y109.15 E198.46131
G1 X109.334 Y109.14 E198.49633
G1 X109.832 Y109.035 E198.50649
G1 X110.244 Y109.152 E198.51503
G1 X113.532 Y109.152 E198.58065
G1 X113.852 Y109.111 E198.58709
G1 X114.091 Y109.025 E198.59216
G1 X114.593 Y109.146 E198.60246
G1 X115.209 Y109.152 E198.61475
G1 X115.788 Y108.958 E198.62694
G1 X115.788 Y111.134 E198.67036
G1 X115.603 Y111.019 E198.67471
G1 X115.155 Y110.931 E198.68382
G1 X114.435 Y110.924 E198.69819
G1 X114.207 Y110.976 E198.70286
G1 X113.889 Y110.93 E198.70927
G1 X111.705 Y110.93 E198.75286
G1 X111.4 Y111.01 E198.75915
G1 X111.288 Y111.066 E198.76165
G1 X111.031 Y110.964 E198.76716
G1 X110.75 Y110.914 E198.77286
G1 X110.248 Y110.884 E198.7829
G1 X110 Y110.902 E198.78786
G0 F9000 X110.018 Y111.16
G0 X111.06 Y111.261
G0 X115.394 Y111.243
G0 X115.483 Y110.792
G1 F1500 X115.588 Y110.686 E198.79084
G0 F9000 X115.588 Y110.121
G1 F1500 X114.981 Y110.728 E198.80797
G0 F9000 X114.417 Y110.726
G1 F1500 X115.588 Y109.555 E198.84101
G0 F9000 X115.225 Y109.352
G1 F1500 X113.844 Y110.733 E198.87999
G0 F9000 X113.279 Y110.733
G1 F1500 X114.667 Y109.344 E198.91918
G0 F9000 X114.191 Y109.254
G1 F1500 X112.713 Y110.733 E198.9609
G0 F9000 X112.147 Y110.733
G1 F1500 X113.529 Y109.351 E198.99991
G0 F9000 X112.963 Y109.351
G1 F1500 X111.55 Y110.764 E199.03978
G0 F9000 X110.992 Y110.756
G1 F1500 X112.397 Y109.351 E199.07944
G0 F9000 X111.832 Y109.351
G1 F1500 X110.484 Y110.699 E199.11748
G0 F9000 X109.909 Y110.708
G1 F1500 X111.266 Y109.351 E199.15578
G0 F9000 X110.7 Y109.351
G1 F1500 X109.256 Y110.796 E199.19654
G0 F9000 X108.756 Y110.73
G1 F1500 X110.155 Y109.331 E199.23603
G0 F9000 X109.642 Y109.278
G1 F1500 X108.187 Y110.734 E199.2771
G0 F9000 X107.465 Y110.889
G1 F1500 X109.012 Y109.343 E199.32075
G0 F9000 X108.443 Y109.346
G1 F1500 X107.044 Y110.745 E199.36023
G0 F9000 X106.495 Y110.728
G1 F1500 X107.876 Y109.348 E199.39919
G0 F9000 X107.376 Y109.282
G1 F1500 X105.878 Y110.78 E199.44147
G0 F9000 X105.295 Y110.797
G1 F1500 X106.767 Y109.325 E199.48301
G0 F9000 X106.133 Y109.393
G1 F1500 X104.794 Y110.732 E199.5208
G0 F9000 X104.409 Y110.552
G1 F1500 X105.612 Y109.348 E199.55477
G0 F9000 X105.149 Y109.246
G1 F1500 X104.409 Y109.986 E199.57565
G0 F9000 X104.409 Y109.42
G1 F1500 X104.749 Y109.08 E199.58525
G0 F9000 X104.953 Y108.669
G0 X104.307 Y107.835
G0 X104.065 Y107.333
G0 X103.926 Y106.472
G0 X104.037 Y105.772
G0 X104.515 Y104.517
G0 X104.346 Y104.306
G1 F1176.5 X104.315 Y104.361 E199.58685
G1 X104.252 Y104.361 E199.58846
G1 X104.22 Y104.306 E199.59008
G1 X104.251 Y104.251 E199.59168
G1 X104.314 Y104.251 E199.59328
G1 X104.346 Y104.306 E199.5949
G1 F2700 E194.5949
;MESH:NONMESH
G0 F300 Z2.84
G0 F9000 X104.514 Y104.52
G0 X103.928 Y107.646
G0 X103.845 Y111.85
G0 X103.845 Y115.401
G0 X110 Y116.148
;TIME_ELAPSED:804.756285
;LAYER:22
;TYPE:WALL-INNER
;MESH:Lens_Openscad 2.stl
G1 F2700 E199.5949
G1 F1500 X115.666 Y116.147 E199.70798
G1 X115.981 Y116.014 E199.7148
G1 X116.062 Y115.923 E199.71723
G1 X116.147 Y115.667 E199.72261
G1 X116.148 Y104.331 E199.94883
G1 X116.067 Y104.08 E199.9541
G1 X115.893 Y103.918 E199.95884
G1 X115.648 Y103.848 E199.96393
G1 X104.331 Y103.848 E200.18977
G1 X104.105 Y103.918 E200.19449
G1 X103.932 Y104.078 E200.19919
G1 X103.848 Y104.33 E200.2045
G1 X103.849 Y115.665 E200.4307
G1 X103.931 Y115.922 E200.43608
G1 X104.19 Y116.117 E200.44255
G1 X104.343 Y116.148 E200.44567
G1 X110 Y116.148 E200.55856
G0 F9000 X110 Y116.548
G1 F1500 X115.708 Y116.547 E200.67247
G1 X115.921 Y116.502 E200.67681
G1 X116.251 Y116.312 E200.68441
G1 X116.4 Y116.144 E200.68889
G1 X116.547 Y115.71 E200.69804
G1 X116.548 Y104.288 E200.92597
G1 X116.406 Y103.86 E200.93497
G1 X116.095 Y103.57 E200.94346
G1 X115.689 Y103.448 E200.95192
G1 X104.288 Y103.448 E201.17944
G1 X103.903 Y103.57 E201.1875
G1 X103.595 Y103.855 E201.19587
G1 X103.448 Y104.286 E201.20496
G1 X103.449 Y115.708 E201.4329
G1 X103.591 Y116.142 E201.44201
G1 X103.744 Y116.311 E201.44656
G1 X104.066 Y116.5 E201.45401
G1 X104.303 Y116.548 E201.45884
G1 X110 Y116.548 E201.57253
G0 F9000 X110 Y116.948
;TYPE:WALL-OUTER
G1 F1500 X115.75 Y116.947 E201.68727
G1 X116.045 Y116.884 E201.69329
G1 X116.295 Y116.773 E201.69875
G1 X116.521 Y116.61 E201.70431
G1 X116.738 Y116.365 E201.71084
G1 X116.881 Y116.055 E201.71766
G1 X116.947 Y115.754 E201.72381
G1 X116.948 Y104.246 E201.95346
G1 X116.884 Y103.951 E201.95949
G1 X116.746 Y103.639 E201.96629
G1 X116.52 Y103.389 E201.97302
G1 X116.298 Y103.222 E201.97856
G1 X116.054 Y103.116 E201.98387
G1 X115.731 Y103.048 E201.99046
G1 X104.246 Y103.048 E202.21965
G1 X103.951 Y103.112 E202.22568
G1 X103.701 Y103.222 E202.23113
G1 X103.479 Y103.386 E202.23664
G1 X103.257 Y103.632 E202.24325
G1 X103.115 Y103.941 E202.25004
G1 X103.048 Y104.242 E202.25619
G1 X103.049 Y115.75 E202.48584
G1 X103.112 Y116.046 E202.49188
G1 X103.251 Y116.362 E202.49877
G1 X103.475 Y116.61 E202.50544
G1 X103.702 Y116.774 E202.51103
G1 X103.942 Y116.884 E202.5163
G1 X104.264 Y116.948 E202.52285
G1 X110 Y116.948 E202.63732
G0 F9000 X110 Y116.24
G0 X110 Y115.786
;TYPE:SKIN
G1 F1500 X104.334 Y115.788 E202.75039
G1 X104.237 Y115.715 E202.75281
G1 X104.208 Y115.615 E202.75489
G1 X104.208 Y104.375 E202.9792
G1 X104.236 Y104.286 E202.98106
G1 X104.339 Y104.208 E202.98364
G1 X115.694 Y104.209 E203.21024
G1 X115.787 Y104.376 E203.21405
G1 X115.784 Y115.616 E203.43836
G1 X115.753 Y115.712 E203.44037
G1 X115.655 Y115.784 E203.4428
G1 X110 Y115.786 E203.55565
G0 F9000 X110 Y116.048
G0 X104.271 Y115.985
G0 X103.948 Y115.157
G0 X104.409 Y115.157
G1 F1500 X104.838 Y115.587 E203.56777
G0 F9000 X105.404 Y115.587
G1 F1500 X104.409 Y114.592 E203.59585
G0 F9000 X104.409 Y114.026
G1 F1500 X105.97 Y115.587 E203.63991
G0 F9000 X106.536 Y115.587
G1 F1500 X104.409 Y113.46 E203.69994
G0 F9000 X104.409 Y112.895
G1 F1500 X107.101 Y115.586 E203.7759
G0 F9000 X107.666 Y115.586
G1 F1500 X104.409 Y112.329 E203.86782
G0 F9000 X104.409 Y111.763
G1 F1500 X108.232 Y115.586 E203.97571
G0 F9000 X108.798 Y115.586
G1 F1500 X104.409 Y111.197 E204.09958
G0 F9000 X104.409 Y110.632
G1 F1500 X109.363 Y115.585 E204.23938
G0 F9000 X109.928 Y115.585
G1 F1500 X104.409 Y110.066 E204.39513
G0 F9000 X104.409 Y109.5
G1 F1500 X110.494 Y115.585 E204.56687
G0 F9000 X111.06 Y115.585
G1 F1500 X104.409 Y108.935 E204.75456
G0 F9000 X104.409 Y108.369
G1 F1500 X111.625 Y115.584 E204.95819
G0 F9000 X112.19 Y115.584
G1 F1500 X104.409 Y107.803 E205.17779
G0 F9000 X104.409 Y107.238
G1 F1500 X112.756 Y115.584 E205.41335
G0 F9000 X113.322 Y115.584
G1 F1500 X104.409 Y106.672 E205.66488
G0 F9000 X104.409 Y106.106
G1 F1500 X113.887 Y115.584 E205.93237
G0 F9000 X114.452 Y115.584
G1 F1500 X104.409 Y105.541 E206.2158
G0 F9000 X104.409 Y104.975
G1 F1500 X115.018 Y115.584 E206.51521
G0 F9000 X115.584 Y115.584
G1 F1500 X104.409 Y104.409 E206.83059
G0 F9000 X104.976 Y104.41
G1 F1500 X115.584 Y115.019 E207.12999
G0 F9000 X115.584 Y114.453
G1 F1500 X105.541 Y104.41 E207.41342
G0 F9000 X106.107 Y104.41
G1 F1500 X115.584 Y113.887 E207.68088
G0 F9000 X115.585 Y113.322
G1 F1500 X106.673 Y104.41 E207.9324
G0 F9000 X107.238 Y104.41
G1 F1500 X115.585 Y112.757 E208.16797
G0 F9000 X115.585 Y112.191
G1 F1500 X107.804 Y104.41 E208.38757
G0 F9000 X108.37 Y104.41
G1 F1500 X115.585 Y111.625 E208.59119
G0 F9000 X115.586 Y111.06
G1 F1500 X108.935 Y104.41 E208.77888
G0 F9000 X109.501 Y104.41
G1 F1500 X115.586 Y110.495 E208.95061
G0 F9000 X115.586 Y109.929
G1 F1500 X110.068 Y104.411 E209.10634
G0 F9000 X110.633 Y104.411
G1 F1500 X115.586 Y109.363 E209.24611
G0 F9000 X115.587 Y108.798
G1 F1500 X111.199 Y104.411 E209.36994
G0 F9000 X111.765 Y104.411
G1 F1500 X115.587 Y108.233 E209.4778
G0 F9000 X115.587 Y107.667
G1 F1500 X112.33 Y104.411 E209.56971
G0 F9000 X112.896 Y104.411
G1 F1500 X115.587 Y107.101 E209.64564
G0 F9000 X115.587 Y106.536
G1 F1500 X113.462 Y104.411 E209.70561
G0 F9000 X114.027 Y104.411
G1 F1500 X115.587 Y105.971 E209.74964
G0 F9000 X115.587 Y105.405
G1 F1500 X114.593 Y104.411 E209.77769
G0 F9000 X115.159 Y104.411
G1 F1500 X115.587 Y104.839 E209.78977
;MESH:NONMESH
G0 F300 Z2.96
G0 F9000 X116.047 Y104.84
G0 X115.986 Y115.651
G0 X115.759 Y115.957
G0 X110 Y116.148
;TIME_ELAPSED:829.691691
;LAYER:23
;TYPE:WALL-INNER
;MESH:Lens_Openscad 2.stl
G1 F1500 X115.665 Y116.148 E209.90282
G1 X115.924 Y116.062 E209.90827
G1 X116.114 Y115.814 E209.9145
G1 X116.148 Y115.654 E209.91777
G1 X116.148 Y104.341 E210.14353
G1 X116.118 Y104.193 E210.14654
G1 X116.003 Y103.999 E210.15104
G1 X115.805 Y103.881 E210.15564
G1 X115.648 Y103.848 E210.15885
G1 X104.331 Y103.848 E210.38469
G1 X104.075 Y103.934 E210.39008
G1 X103.882 Y104.182 E210.39635
G1 X103.848 Y104.342 E210.39961
G1 X103.848 Y115.65 E210.62528
G1 X103.882 Y115.804 E210.62842
G1 X103.996 Y116.002 E210.63298
G1 X104.187 Y116.117 E210.63743
G1 X104.342 Y116.148 E210.64059
G1 X110 Y116.148 E210.7535
G0 F9000 X110 Y116.548
G1 F1500 X115.708 Y116.548 E210.86741
G1 X116.144 Y116.402 E210.87658
G1 X116.312 Y116.251 E210.88109
G1 X116.497 Y115.938 E210.88835
G1 X116.548 Y115.694 E210.89332
G1 X116.548 Y104.301 E211.12068
G1 X116.501 Y104.07 E211.12539
G1 X116.289 Y103.713 E211.13367
G1 X115.929 Y103.498 E211.14204
G1 X115.689 Y103.448 E211.14693
G1 X104.288 Y103.448 E211.37445
G1 X103.855 Y103.594 E211.38357
G1 X103.682 Y103.747 E211.38818
G1 X103.499 Y104.058 E211.39538
G1 X103.448 Y104.302 E211.40035
G1 X103.448 Y115.692 E211.62765
G1 X103.574 Y116.098 E211.63614
G1 X103.708 Y116.287 E211.64076
G1 X104.064 Y116.5 E211.64904
G1 X104.303 Y116.548 E211.65391
G1 X110 Y116.548 E211.76759
G0 F9000 X110 Y116.948
;TYPE:WALL-OUTER
G1 F1500 X115.75 Y116.948 E211.88234
G1 X116.045 Y116.884 E211.88837
G1 X116.365 Y116.742 E211.89535
G1 X116.61 Y116.521 E211.90194
G1 X116.774 Y116.298 E211.90746
G1 X116.88 Y116.062 E211.91262
G1 X116.948 Y115.735 E211.91929
G1 X116.948 Y104.261 E212.14827
G1 X116.884 Y103.946 E212.15468
G1 X116.774 Y103.701 E212.16004
G1 X116.576 Y103.427 E212.16679
G1 X116.299 Y103.226 E212.17362
G1 X116.053 Y103.116 E212.17899
G1 X115.731 Y103.048 E212.18556
G1 X104.246 Y103.048 E212.41476
G1 X103.951 Y103.112 E212.42078
G1 X103.635 Y103.254 E212.42769
G1 X103.385 Y103.476 E212.43437
G1 X103.222 Y103.698 E212.43986
G1 X103.116 Y103.934 E212.44503
G1 X103.048 Y104.261 E212.45169
G1 X103.048 Y115.734 E212.68065
G1 X103.116 Y116.05 E212.6871
G1 X103.224 Y116.296 E212.69246
G1 X103.42 Y116.573 E212.69923
G1 X103.697 Y116.774 E212.70606
G1 X103.942 Y116.884 E212.71142
G1 X104.264 Y116.948 E212.71797
G1 X110 Y116.948 E212.83244
G0 F9000 X110 Y116.24
G0 X110 Y115.788
;TYPE:SKIN
G1 F1500 X104.392 Y115.788 E212.94435
G1 X104.263 Y115.735 E212.94714
G1 X104.208 Y115.597 E212.9501
G1 X104.208 Y104.33 E213.17495
G1 X104.28 Y104.24 E213.17725
G1 X104.376 Y104.208 E213.17927
G1 X115.593 Y104.208 E213.40311
G1 X115.735 Y104.266 E213.40617
G1 X115.788 Y104.392 E213.4089
G1 X115.788 Y115.662 E213.63381
G1 X115.716 Y115.753 E213.63612
G1 X115.611 Y115.788 E213.63833
G1 X110 Y115.788 E213.7503
G0 F9000 X110 Y116.048
G0 X115.216 Y116.048
G0 X115.216 Y115.584
G1 F1500 X115.587 Y115.212 E213.76079
G0 F9000 X115.587 Y114.647
G1 F1500 X114.65 Y115.584 E213.78723
G0 F9000 X114.085 Y115.584
G1 F1500 X115.587 Y114.081 E213.82964
G0 F9000 X115.587 Y113.516
G1 F1500 X113.519 Y115.584 E213.888
G0 F9000 X112.953 Y115.584
G1 F1500 X115.587 Y112.95 E213.96234
G0 F9000 X115.586 Y112.385
G1 F1500 X112.388 Y115.584 E214.05261
G0 F9000 X111.823 Y115.583
G1 F1500 X115.586 Y111.82 E214.15881
G0 F9000 X115.586 Y111.254
G1 F1500 X111.257 Y115.583 E214.28098
G0 F9000 X110.691 Y115.583
G1 F1500 X115.585 Y110.689 E214.4191
G0 F9000 X115.585 Y110.123
G1 F1500 X110.126 Y115.583 E214.57318
G0 F9000 X109.56 Y115.583
G1 F1500 X115.585 Y109.558 E214.74322
G0 F9000 X115.584 Y108.993
G1 F1500 X108.994 Y115.583 E214.9292
G0 F9000 X108.428 Y115.583
G1 F1500 X115.584 Y108.427 E215.13116
G0 F9000 X115.584 Y107.861
G1 F1500 X107.863 Y115.582 E215.34906
G0 F9000 X107.298 Y115.582
G1 F1500 X115.584 Y107.296 E215.58291
G0 F9000 X115.584 Y106.731
G1 F1500 X106.732 Y115.582 E215.83272
G0 F9000 X106.166 Y115.582
G1 F1500 X115.584 Y106.165 E216.0985
G0 F9000 X115.583 Y105.6
G1 F1500 X105.601 Y115.582 E216.38021
G0 F9000 X105.035 Y115.582
G1 F1500 X115.583 Y105.034 E216.6779
G0 F9000 X115.583 Y104.469
G1 F1500 X104.469 Y115.582 E216.99155
G0 F9000 X104.408 Y115.078
G1 F1500 X115.079 Y104.407 E217.29271
G0 F9000 X114.513 Y104.407
G1 F1500 X104.408 Y114.512 E217.57789
G0 F9000 X104.408 Y113.947
G1 F1500 X113.947 Y104.407 E217.84712
G0 F9000 X113.382 Y104.407
G1 F1500 X104.408 Y113.381 E218.10038
G0 F9000 X104.408 Y112.815
G1 F1500 X112.816 Y104.407 E218.33768
G0 F9000 X112.25 Y104.407
G1 F1500 X104.408 Y112.25 E218.55901
G0 F9000 X104.408 Y111.684
G1 F1500 X111.685 Y104.407 E218.76438
G0 F9000 X111.119 Y104.407
G1 F1500 X104.408 Y111.118 E218.95378
G0 F9000 X104.408 Y110.553
G1 F1500 X110.553 Y104.407 E219.12722
G0 F9000 X109.988 Y104.407
G1 F1500 X104.408 Y109.987 E219.2847
G0 F9000 X104.408 Y109.421
G1 F1500 X109.422 Y104.407 E219.4262
G0 F9000 X108.856 Y104.407
G1 F1500 X104.408 Y108.856 E219.55175
G0 F9000 X104.408 Y108.29
G1 F1500 X108.291 Y104.407 E219.66134
G0 F9000 X107.725 Y104.407
G1 F1500 X104.408 Y107.724 E219.75495
G0 F9000 X104.408 Y107.158
G1 F1500 X107.159 Y104.407 E219.83259
G0 F9000 X106.594 Y104.407
G1 F1500 X104.408 Y106.593 E219.89428
G0 F9000 X104.408 Y106.027
G1 F1500 X106.028 Y104.407 E219.94
G0 F9000 X105.462 Y104.407
G1 F1500 X104.408 Y105.461 E219.96975
G0 F9000 X104.408 Y104.896
G1 F1500 X104.896 Y104.407 E219.98354
;TIME_ELAPSED:853.798851
G1 F2700 E214.98354
M140 S0
M107
G91 ;Relative positioning
G1 E-2 F2700 ;Retract a bit
G1 E-2 Z0.2 F2400 ;Retract and raise Z
G1 X5 Y5 F3000 ;Wipe out
G1 Z10 ;Raise Z more
G90 ;Absolute positioning

G1 X0 Y220.0 ;Present print
M106 S0 ;Turn-off fan
M104 S0 ;Turn-off hotend
M140 S0 ;Turn-off bed

M84 X Y E ;Disable all steppers but Z

M82 ;absolute extrusion mode
M104 S0
;End of Gcode
;SETTING_3 {"global_quality": "[general]\\nversion = 4\\nname = Super Quality #2
;SETTING_3 \\ndefinition = creality_ender3\\n\\n[metadata]\\ntype = quality_chan
;SETTING_3 ges\\nquality_type = super\\nsetting_version = 27\\n\\n[values]\\nadh
;SETTING_3 esion_type = brim\\nlayer_height_0 = 0.2\\nmaterial_bed_temperature =
;SETTING_3  60\\nmaterial_bed_temperature_layer_0 = 60\\nsupport_enable = True\\
;SETTING_3 n\\n", "extruder_quality": ["[general]\\nversion = 4\\nname = Super Q
;SETTING_3 uality #2\\ndefinition = creality_ender3\\n\\n[metadata]\\ntype = qua
;SETTING_3 lity_changes\\nquality_type = super\\nsetting_version = 27\\nposition
;SETTING_3  = 0\\n\\n[values]\\nbrim_line_count = 6\\ninfill_sparse_density = 30
;SETTING_3 \\n\\n"]}
