;FLAVOR:Marlin
;TIME:891
;Filament used: 0.230084m
;Layer height: 0.12
;MINX:100.65
;MINY:100.65
;MINZ:0.2
;MAXX:119.35
;MAXY:119.35
;MAXZ:2.96
;TARGET_MACHINE.NAME:Creality Ender-3
;Generated with Cura_SteamEngine 5.13.0
M140 S60
M105
M190 S60
M104 S200
M105
M109 S200
; Ender 3 Custom Start G-code
G92 E0 ; Reset Extruder
G28 ; Home all axes
G1 Z2.0 F3000 ; Move Z Axis up little to prevent scratching of Heat Bed
G1 X0.1 Y20 Z0.3 F5000.0 ; Move to start position
G1 X0.1 Y200.0 Z0.3 F1500.0 E15 ; Draw the first line
G1 X0.4 Y200.0 Z0.3 F5000.0 ; Move to side a little
G1 X0.4 Y20 Z0.3 F1500.0 E30 ; Draw the second line
G92 E0 ; Reset Extruder
G1 Z2.0 F3000 ; Move Z Axis up little to prevent scratching of Heat Bed
G1 X5 Y20 Z0.3 F5000.0 ; Move over to prevent blob squish
M82 ;absolute extrusion mode
G92 E0
G92 E0
G1 F2700 E-5
;LAYER_COUNT:24
;LAYER:0
M107
G0 F6000 X102.022 Y101.455 Z0.2
;TYPE:SKIRT
G1 F2700 E0
G1 F1200 X102.82 Y100.967 E0.03111
G1 X103.658 Y100.705 E0.06031
G1 X104.35 Y100.65 E0.0834
G1 X115.908 Y100.665 E0.46782
G1 X116.819 Y100.782 E0.49837
G1 X117.826 Y101.338 E0.53663
G1 X118.538 Y102.01 E0.56919
G1 X119.033 Y102.82 E0.60077
G1 X119.295 Y103.658 E0.62997
G1 X119.35 Y104.352 E0.65312
G1 X119.323 Y116.088 E1.04347
G1 X119.183 Y116.887 E1.07045
G1 X118.625 Y117.879 E1.1083
G1 X117.978 Y118.545 E1.13918
G1 X117.18 Y119.033 E1.1703
G1 X116.342 Y119.295 E1.1995
G1 X115.65 Y119.35 E1.22259
G1 X104.057 Y119.333 E1.60817
G1 X103.175 Y119.216 E1.63776
G1 X102.174 Y118.662 E1.67582
G1 X101.462 Y117.99 E1.70838
G1 X100.967 Y117.18 E1.73995
G1 X100.705 Y116.342 E1.76916
G1 X100.65 Y115.648 E1.79231
G1 X100.677 Y103.912 E2.18265
G1 X100.817 Y103.113 E2.20963
G1 X101.375 Y102.121 E2.24749
G1 X102.022 Y101.455 E2.27837
G0 F6000 X102.275 Y101.769
G1 F1200 X102.985 Y101.335 E2.30605
G1 X103.735 Y101.1 E2.33219
G1 X104.35 Y101.05 E2.35271
G1 X115.857 Y101.062 E2.73544
G1 X116.693 Y101.169 E2.76347
G1 X117.59 Y101.665 E2.79756
G1 X118.224 Y102.263 E2.82655
G1 X118.665 Y102.985 E2.85469
G1 X118.9 Y103.735 E2.88083
G1 X118.95 Y104.351 E2.90138
G1 X118.929 Y116.019 E3.28946
G1 X118.801 Y116.75 E3.31415
G1 X118.302 Y117.637 E3.348
G1 X117.725 Y118.231 E3.37554
G1 X117.015 Y118.665 E3.40322
G1 X116.265 Y118.9 E3.42936
G1 X115.65 Y118.95 E3.44988
G1 X104.11 Y118.936 E3.8337
G1 X103.302 Y118.829 E3.86081
G1 X102.41 Y118.335 E3.89472
G1 X101.776 Y117.737 E3.92371
G1 X101.335 Y117.015 E3.95185
G1 X101.1 Y116.265 E3.97799
G1 X101.05 Y115.649 E3.99855
G1 X101.071 Y103.981 E4.38663
G1 X101.199 Y103.25 E4.41131
G1 X101.698 Y102.363 E4.44516
G1 X102.275 Y101.769 E4.4727
G0 F6000 X102.528 Y102.083
G1 F1200 X103.151 Y101.702 E4.49699
G1 X103.81 Y101.496 E4.51996
G1 X104.35 Y101.45 E4.53798
G1 X115.806 Y101.459 E4.91901
G1 X116.567 Y101.556 E4.94452
G1 X117.351 Y101.99 E4.97433
G1 X117.911 Y102.519 E4.99995
G1 X118.298 Y103.151 E5.0246
G1 X118.504 Y103.81 E5.04756
G1 X118.55 Y104.35 E5.06559
G1 X118.535 Y115.95 E5.45141
G1 X118.419 Y116.613 E5.47379
G1 X117.979 Y117.395 E5.50364
G1 X117.472 Y117.917 E5.52784
G1 X116.849 Y118.298 E5.55213
G1 X116.19 Y118.504 E5.57509
G1 X115.65 Y118.55 E5.59312
G1 X104.162 Y118.539 E5.97521
G1 X103.429 Y118.442 E5.9998
G1 X102.649 Y118.01 E6.02946
G1 X102.089 Y117.481 E6.05508
G1 X101.702 Y116.849 E6.07973
G1 X101.496 Y116.19 E6.1027
G1 X101.45 Y115.65 E6.12072
G1 X101.465 Y104.05 E6.50654
G1 X101.581 Y103.387 E6.52893
G1 X102.021 Y102.605 E6.55877
G1 X102.528 Y102.083 E6.58297
G0 F6000 X102.781 Y102.397
G1 F1200 X103.317 Y102.069 E6.60387
G1 X103.89 Y101.89 E6.62384
G1 X104.35 Y101.85 E6.6392
G1 X115.756 Y101.856 E7.01856
G1 X116.44 Y101.943 E7.04149
G1 X117.112 Y102.315 E7.06704
G1 X117.599 Y102.775 E7.08932
G1 X117.931 Y103.317 E7.11046
G1 X118.11 Y103.89 E7.13043
G1 X118.15 Y104.35 E7.14579
G1 X118.141 Y115.881 E7.52931
G1 X118.037 Y116.476 E7.5494
G1 X117.656 Y117.153 E7.57524
G1 X117.219 Y117.603 E7.5961
G1 X116.683 Y117.931 E7.617
G1 X116.11 Y118.11 E7.63697
G1 X115.65 Y118.15 E7.65232
G1 X104.214 Y118.142 E8.03269
G1 X103.556 Y118.055 E8.05476
G1 X102.888 Y117.685 E8.08016
G1 X102.401 Y117.225 E8.10244
G1 X102.069 Y116.683 E8.12358
G1 X101.89 Y116.11 E8.14355
G1 X101.85 Y115.65 E8.15891
G1 X101.859 Y104.119 E8.54243
G1 X101.963 Y103.524 E8.56252
G1 X102.344 Y102.847 E8.58836
G1 X102.781 Y102.397 E8.60922
G0 F6000 X103.287 Y103.025
G1 F1200 X103.649 Y102.803 E8.62334
G1 X104.05 Y102.678 E8.63731
G1 X104.35 Y102.65 E8.64734
G1 X115.656 Y102.65 E9.02337
G1 X116.186 Y102.717 E9.04114
G1 X116.634 Y102.965 E9.05817
G1 X116.975 Y103.287 E9.07377
G1 X117.197 Y103.649 E9.0879
G1 X117.322 Y104.05 E9.10187
G1 X117.35 Y104.35 E9.11189
G1 X117.347 Y115.812 E9.49312
G1 X117.273 Y116.202 E9.50632
G1 X117.01 Y116.669 E9.52415
G1 X116.713 Y116.975 E9.53833
G1 X116.351 Y117.197 E9.55245
G1 X115.95 Y117.322 E9.56642
G1 X115.65 Y117.35 E9.57644
G1 X104.318 Y117.348 E9.95335
G1 X103.81 Y117.281 E9.97039
G1 X103.366 Y117.035 E9.98727
G1 X103.025 Y116.713 E10.00287
G1 X102.803 Y116.351 E10.017
G1 X102.678 Y115.95 E10.03097
G1 X102.65 Y115.65 E10.04099
G1 X102.653 Y104.188 E10.42222
G1 X102.727 Y103.798 E10.43542
G1 X102.99 Y103.331 E10.45325
G1 X103.287 Y103.025 E10.46743
G0 F6000 X103.034 Y102.711
G1 F1200 X103.483 Y102.436 E10.48494
G1 X103.97 Y102.284 E10.50191
G1 X104.35 Y102.25 E10.5146
G1 X115.706 Y102.253 E10.8923
G1 X116.313 Y102.33 E10.91265
G1 X116.873 Y102.64 E10.93394
G1 X117.287 Y103.031 E10.95288
G1 X117.564 Y103.483 E10.97051
G1 X117.716 Y103.97 E10.98748
G1 X117.75 Y104.35 E11.00017
G1 X117.747 Y115.812 E11.3814
G1 X117.655 Y116.339 E11.39919
G1 X117.333 Y116.911 E11.42102
G1 X116.966 Y117.289 E11.43855
G1 X116.517 Y117.564 E11.45606
G1 X116.03 Y117.716 E11.47303
G1 X115.65 Y117.75 E11.48572
G1 X104.266 Y117.745 E11.86435
G1 X103.683 Y117.668 E11.88391
G1 X103.127 Y117.36 E11.90505
G1 X102.713 Y116.969 E11.92399
G1 X102.436 Y116.517 E11.94162
G1 X102.284 Y116.03 E11.95859
G1 X102.25 Y115.65 E11.97128
G1 X102.253 Y104.188 E12.35251
G1 X102.345 Y103.661 E12.3703
G1 X102.667 Y103.089 E12.39213
G1 X103.034 Y102.711 E12.40965
G1 F2700 E7.40965
;MESH:Lens_Openscad.stl
G0 F6000 X103.485 Y103.724
G0 X104.01 Y115.66
G0 X104.224 Y115.949
G0 X110 Y116.148
;TYPE:WALL-INNER
G1 F2700 E12.40965
G1 F1200 X115.691 Y116.148 E12.59894
G1 X115.863 Y116.092 E12.60495
G1 X116.042 Y115.942 E12.61272
G1 X116.148 Y115.681 E12.62209
G1 X116.148 Y104.306 E13.00043
G1 X116.092 Y104.137 E13.00635
G1 X115.939 Y103.952 E13.01433
G1 X115.804 Y103.876 E13.01948
G1 X115.585 Y103.848 E13.02683
G1 X104.316 Y103.848 E13.40164
G1 X104.137 Y103.905 E13.40788
G1 X103.951 Y104.059 E13.41592
G1 X103.849 Y104.316 E13.42511
G1 X103.849 Y115.685 E13.80325
G1 X103.906 Y115.864 E13.8095
G1 X104.055 Y116.045 E13.81729
G1 X104.187 Y116.116 E13.82228
G1 X104.416 Y116.148 E13.82997
G1 X110 Y116.148 E14.01569
G0 F6000 X110 Y116.548
G1 F1200 X115.757 Y116.548 E14.20717
G1 X116.034 Y116.457 E14.21687
G1 X116.217 Y116.342 E14.22406
G1 X116.369 Y116.178 E14.23149
G1 X116.508 Y115.925 E14.2411
G1 X116.548 Y115.719 E14.24808
G1 X116.548 Y104.243 E14.62977
G1 X116.457 Y103.966 E14.63947
G1 X116.341 Y103.78 E14.64676
G1 X116.178 Y103.627 E14.65419
G1 X115.932 Y103.489 E14.66357
G1 X115.61 Y103.448 E14.67437
G1 X104.256 Y103.448 E15.05201
G1 X103.966 Y103.54 E15.06213
G1 X103.78 Y103.659 E15.06947
G1 X103.625 Y103.821 E15.07693
G1 X103.488 Y104.074 E15.0865
G1 X103.449 Y104.278 E15.0934
G1 X103.449 Y115.749 E15.47493
G1 X103.541 Y116.035 E15.48492
G1 X103.656 Y116.216 E15.49206
G1 X103.817 Y116.371 E15.49949
G1 X104.061 Y116.503 E15.50872
G1 X104.389 Y116.548 E15.51973
G1 X110 Y116.548 E15.70635
G0 F6000 X110 Y116.948
;TYPE:WALL-OUTER
G1 F1200 X115.82 Y116.948 E15.89992
G1 X116.206 Y116.821 E15.91344
G1 X116.475 Y116.652 E15.92401
G1 X116.696 Y116.414 E15.93481
G1 X116.889 Y116.063 E15.94813
G1 X116.948 Y115.757 E15.9585
G1 X116.948 Y104.18 E16.34355
G1 X116.821 Y103.794 E16.35706
G1 X116.652 Y103.524 E16.36766
G1 X116.416 Y103.303 E16.37841
G1 X116.06 Y103.102 E16.39201
G1 X115.635 Y103.048 E16.40626
G1 X104.192 Y103.048 E16.78685
G1 X103.794 Y103.175 E16.80075
G1 X103.524 Y103.348 E16.81142
G1 X103.299 Y103.583 E16.82224
G1 X103.107 Y103.937 E16.83563
G1 X103.049 Y104.24 E16.84589
G1 X103.049 Y115.812 E17.23078
G1 X103.175 Y116.206 E17.24454
G1 X103.344 Y116.472 E17.25502
G1 X103.579 Y116.697 E17.26584
G1 X103.935 Y116.89 E17.27931
G1 X104.362 Y116.948 E17.29364
G1 X110 Y116.948 E17.48116
G0 F6000 X110 Y116.24
G0 X110 Y115.788
;TYPE:SKIN
G1 F1200 X104.338 Y115.788 E17.66948
G1 X104.208 Y115.67 E17.67532
G1 X104.208 Y104.339 E18.05219
G1 X104.385 Y104.208 E18.05951
G1 X115.657 Y104.208 E18.43442
G1 X115.743 Y104.268 E18.43791
G1 X115.788 Y104.37 E18.44162
G1 X115.788 Y115.626 E18.81599
G1 X115.751 Y115.71 E18.81905
G1 X115.615 Y115.788 E18.82426
G1 X110 Y115.788 E19.01102
G0 F6000 X110 Y116.048
G0 X104.264 Y115.985
G0 X104.077 Y115.819
G0 X103.949 Y115.156
G0 X104.408 Y115.156
G1 F1200 X104.834 Y115.582 E19.03105
G0 F6000 X105.399 Y115.582
G1 F1200 X104.408 Y114.59 E19.07769
G0 F6000 X104.408 Y114.025
G1 F1200 X105.966 Y115.582 E19.15095
G0 F6000 X106.531 Y115.582
G1 F1200 X104.408 Y113.459 E19.25081
G0 F6000 X104.408 Y112.893
G1 F1200 X107.098 Y115.583 E19.37734
G0 F6000 X107.663 Y115.583
G1 F1200 X104.408 Y112.327 E19.53047
G0 F6000 X104.408 Y111.762
G1 F1200 X108.23 Y115.584 E19.71024
G0 F6000 X108.795 Y115.584
G1 F1200 X104.408 Y111.196 E19.91662
G0 F6000 X104.408 Y110.63
G1 F1200 X109.361 Y115.584 E20.14962
G0 F6000 X109.928 Y115.584
G1 F1200 X104.408 Y110.065 E20.40924
G0 F6000 X104.408 Y109.499
G1 F1200 X110.493 Y115.584 E20.69546
G0 F6000 X111.06 Y115.585
G1 F1200 X104.408 Y108.933 E21.00835
G0 F6000 X104.408 Y108.368
G1 F1200 X111.625 Y115.585 E21.34781
G0 F6000 X112.192 Y115.586
G1 F1200 X104.408 Y107.802 E21.71395
G0 F6000 X104.408 Y107.236
G1 F1200 X112.757 Y115.586 E22.10668
G0 F6000 X113.324 Y115.587
G1 F1200 X104.408 Y106.671 E22.52606
G0 F6000 X104.408 Y106.105
G1 F1200 X113.889 Y115.587 E22.97204
G0 F6000 X114.456 Y115.587
G1 F1200 X104.408 Y105.539 E23.44467
G0 F6000 X104.408 Y104.974
G1 F1200 X115.022 Y115.587 E23.9439
G0 F6000 X115.588 Y115.588
G1 F1200 X104.408 Y104.408 E24.46977
G0 F6000 X104.974 Y104.408
G1 F1200 X115.588 Y115.022 E24.96902
G0 F6000 X115.588 Y114.457
G1 F1200 X105.539 Y104.408 E25.44169
G0 F6000 X106.105 Y104.408
G1 F1200 X115.588 Y113.891 E25.88775
G0 F6000 X115.588 Y113.325
G1 F1200 X106.671 Y104.408 E26.30717
G0 F6000 X107.236 Y104.408
G1 F1200 X115.588 Y112.759 E26.7
G0 F6000 X115.588 Y112.194
G1 F1200 X107.802 Y104.408 E27.06623
G0 F6000 X108.368 Y104.408
G1 F1200 X115.587 Y111.627 E27.40579
G0 F6000 X115.587 Y111.062
G1 F1200 X108.933 Y104.408 E27.71878
G0 F6000 X109.499 Y104.408
G1 F1200 X115.587 Y110.496 E28.00514
G0 F6000 X115.587 Y109.93
G1 F1200 X110.065 Y104.408 E28.26487
G0 F6000 X110.63 Y104.408
G1 F1200 X115.587 Y109.365 E28.49804
G0 F6000 X115.587 Y108.799
G1 F1200 X111.196 Y104.408 E28.70458
G0 F6000 X111.762 Y104.408
G1 F1200 X115.587 Y108.233 E28.88449
G0 F6000 X115.587 Y107.667
G1 F1200 X112.327 Y104.408 E29.03781
G0 F6000 X112.893 Y104.408
G1 F1200 X115.587 Y107.101 E29.1645
G0 F6000 X115.587 Y106.536
G1 F1200 X113.459 Y104.408 E29.2646
G0 F6000 X114.025 Y104.408
G1 F1200 X115.587 Y105.97 E29.33807
G0 F6000 X115.587 Y105.404
G1 F1200 X114.59 Y104.408 E29.38494
G0 F6000 X115.156 Y104.408
G1 F1200 X115.587 Y104.838 E29.40519
;MESH:NONMESH
G0 F300 Z0.32
G0 F6000 X116.048 Y104.838
G0 X115.987 Y115.67
G0 X115.714 Y115.96
G0 X110 Y116.148
;TIME_ELAPSED:53.644874
;LAYER:1
M106 S85
;TYPE:WALL-INNER
;MESH:Lens_Openscad.stl
G1 F1350 X115.691 Y116.148 E29.51876
G1 X115.863 Y116.092 E29.52237
G1 X116.042 Y115.942 E29.52703
G1 X116.148 Y115.681 E29.53265
G1 X116.148 Y104.305 E29.75967
G1 X116.092 Y104.138 E29.76319
G1 X115.939 Y103.952 E29.768
G1 X115.656 Y103.848 E29.77401
G1 X104.316 Y103.848 E30.00031
G1 X104.137 Y103.905 E30.00406
G1 X103.951 Y104.059 E30.00888
G1 X103.849 Y104.316 E30.0144
G1 X103.848 Y115.683 E30.24124
G1 X103.906 Y115.863 E30.24501
G1 X104.057 Y116.044 E30.24972
G1 X104.34 Y116.148 E30.25574
G1 X110 Y116.148 E30.36869
G0 F7500 X110 Y116.548
G1 F1350 X115.757 Y116.548 E30.48357
G1 X116.034 Y116.457 E30.48939
G1 X116.217 Y116.342 E30.49371
G1 X116.369 Y116.178 E30.49817
G1 X116.508 Y115.925 E30.50393
G1 X116.548 Y115.719 E30.50812
G1 X116.548 Y104.243 E30.73713
G1 X116.457 Y103.966 E30.74295
G1 X116.34 Y103.78 E30.74734
G1 X116.176 Y103.626 E30.75183
G1 X115.975 Y103.515 E30.75641
G1 X115.706 Y103.448 E30.76194
G1 X104.256 Y103.448 E30.99044
G1 X103.966 Y103.54 E30.99651
G1 X103.78 Y103.659 E31.00091
G1 X103.625 Y103.821 E31.00539
G1 X103.488 Y104.074 E31.01113
G1 X103.449 Y104.278 E31.01528
G1 X103.448 Y115.745 E31.24411
G1 X103.54 Y116.034 E31.25016
G1 X103.658 Y116.217 E31.25451
G1 X103.82 Y116.37 E31.25896
G1 X104.021 Y116.48 E31.26353
G1 X104.29 Y116.548 E31.26907
G1 X110 Y116.548 E31.38302
G0 F7500 X110 Y116.948
;TYPE:WALL-OUTER
G1 F1350 X115.82 Y116.948 E31.49916
G1 X116.206 Y116.821 E31.50727
G1 X116.475 Y116.652 E31.51361
G1 X116.696 Y116.414 E31.52009
G1 X116.889 Y116.063 E31.52808
G1 X116.948 Y115.757 E31.5343
G1 X116.948 Y104.18 E31.76533
G1 X116.821 Y103.794 E31.77344
G1 X116.652 Y103.524 E31.7798
G1 X116.413 Y103.3 E31.78634
G1 X116.122 Y103.14 E31.79296
G1 X115.755 Y103.048 E31.80051
G1 X104.192 Y103.048 E32.03127
G1 X103.794 Y103.175 E32.0396
G1 X103.524 Y103.348 E32.046
G1 X103.299 Y103.583 E32.0525
G1 X103.107 Y103.937 E32.06053
G1 X103.049 Y104.24 E32.06669
G1 X103.048 Y115.809 E32.29756
G1 X103.175 Y116.206 E32.30588
G1 X103.348 Y116.475 E32.31226
G1 X103.583 Y116.696 E32.3187
G1 X103.874 Y116.856 E32.32533
G1 X104.241 Y116.948 E32.33288
G1 X110 Y116.948 E32.4478
G0 F7500 X110.001 Y116.24
G0 X110 Y115.788
;TYPE:SKIN
G1 F1350 X104.388 Y115.788 E32.5598
G1 X104.271 Y115.746 E32.56228
G1 X104.209 Y115.622 E32.56504
G1 X104.208 Y104.339 E32.79021
G1 X104.385 Y104.208 E32.7946
G1 X115.618 Y104.208 E33.01877
G1 X115.742 Y104.266 E33.0215
G1 X115.788 Y104.37 E33.02377
G1 X115.788 Y115.626 E33.2484
G1 X115.751 Y115.71 E33.25023
G1 X115.615 Y115.788 E33.25336
G1 X110 Y115.788 E33.36541
G0 F7500 X110 Y116.048
G0 X115.669 Y115.986
G0 X115.908 Y115.85
G0 X116.048 Y115.212
G0 X115.587 Y115.212
G1 F1350 X115.212 Y115.588 E33.37601
G0 F7500 X114.646 Y115.588
G1 F1350 X115.587 Y114.647 E33.40257
G0 F7500 X115.587 Y114.081
G1 F1350 X114.081 Y115.587 E33.44507
G0 F7500 X113.515 Y115.587
G1 F1350 X115.587 Y113.515 E33.50354
G0 F7500 X115.587 Y112.95
G1 F1350 X112.95 Y115.587 E33.57797
G0 F7500 X112.385 Y115.587
G1 F1350 X115.587 Y112.384 E33.66835
G0 F7500 X115.587 Y111.819
G1 F1350 X111.819 Y115.587 E33.77469
G0 F7500 X111.254 Y115.586
G1 F1350 X115.587 Y111.253 E33.89698
G0 F7500 X115.587 Y110.688
G1 F1350 X110.688 Y115.586 E34.03522
G0 F7500 X110.123 Y115.586
G1 F1350 X115.587 Y110.122 E34.18943
G0 F7500 X115.587 Y109.556
G1 F1350 X109.558 Y115.585 E34.35958
G0 F7500 X108.992 Y115.585
G1 F1350 X115.587 Y108.991 E34.54569
G0 F7500 X115.587 Y108.425
G1 F1350 X108.427 Y115.584 E34.74775
G0 F7500 X107.861 Y115.584
G1 F1350 X115.586 Y107.86 E34.96575
G0 F7500 X115.586 Y107.294
G1 F1350 X107.296 Y115.584 E35.19971
G0 F7500 X106.731 Y115.584
G1 F1350 X115.586 Y106.729 E35.44962
G0 F7500 X115.586 Y106.163
G1 F1350 X106.165 Y115.584 E35.7155
G0 F7500 X105.6 Y115.583
G1 F1350 X115.586 Y105.597 E35.99733
G0 F7500 X115.586 Y105.032
G1 F1350 X105.034 Y115.583 E36.29511
G0 F7500 X104.469 Y115.583
G1 F1350 X115.586 Y104.466 E36.60886
G0 F7500 X115.078 Y104.408
G1 F1350 X104.409 Y115.077 E36.90996
G0 F7500 X104.409 Y114.512
G1 F1350 X114.512 Y104.408 E37.1951
G0 F7500 X113.947 Y104.408
G1 F1350 X104.409 Y113.946 E37.46428
G0 F7500 X104.409 Y113.38
G1 F1350 X113.381 Y104.408 E37.71749
G0 F7500 X112.815 Y104.408
G1 F1350 X104.409 Y112.815 E37.95474
G0 F7500 X104.409 Y112.249
G1 F1350 X112.25 Y104.408 E38.17603
G0 F7500 X111.684 Y104.408
G1 F1350 X104.409 Y111.683 E38.38135
G0 F7500 X104.409 Y111.118
G1 F1350 X111.118 Y104.408 E38.57071
G0 F7500 X110.553 Y104.408
G1 F1350 X104.409 Y110.552 E38.7441
G0 F7500 X104.409 Y109.986
G1 F1350 X109.987 Y104.408 E38.90153
G0 F7500 X109.421 Y104.408
G1 F1350 X104.409 Y109.421 E39.04299
G0 F7500 X104.409 Y108.855
G1 F1350 X108.856 Y104.408 E39.16849
G0 F7500 X108.29 Y104.408
G1 F1350 X104.409 Y108.289 E39.27802
G0 F7500 X104.409 Y107.723
G1 F1350 X107.724 Y104.408 E39.37158
G0 F7500 X107.158 Y104.408
G1 F1350 X104.409 Y107.158 E39.44918
G0 F7500 X104.409 Y106.592
G1 F1350 X106.593 Y104.408 E39.51081
G0 F7500 X106.027 Y104.408
G1 F1350 X104.409 Y106.026 E39.55648
G0 F7500 X104.409 Y105.461
G1 F1350 X105.461 Y104.408 E39.58618
G0 F7500 X104.896 Y104.408
G1 F1350 X104.409 Y104.895 E39.59993
;MESH:NONMESH
G0 F300 Z0.44
G0 F7500 X103.949 Y104.894
G0 X104.009 Y115.656
G0 X104.154 Y115.913
G0 X110 Y116.148
;TIME_ELAPSED:80.389736
;LAYER:2
M106 S170
;TYPE:WALL-INNER
;MESH:Lens_Openscad.stl
G1 F1500 X115.691 Y116.148 E39.7135
G1 X115.863 Y116.092 E39.71711
G1 X116.042 Y115.942 E39.72177
G1 X116.148 Y115.681 E39.72739
G1 X116.148 Y104.305 E39.95441
G1 X116.092 Y104.138 E39.95792
G1 X115.939 Y103.952 E39.96273
G1 X115.656 Y103.848 E39.96875
G1 X104.316 Y103.848 E40.19505
G1 X104.137 Y103.905 E40.1988
G1 X103.951 Y104.059 E40.20362
G1 X103.849 Y104.316 E40.20913
G1 X103.848 Y115.683 E40.43598
G1 X103.906 Y115.863 E40.43975
G1 X104.057 Y116.044 E40.44445
G1 X104.34 Y116.148 E40.45047
G1 X110 Y116.148 E40.56342
G0 F9000 X110 Y116.548
G1 F1500 X115.757 Y116.548 E40.67831
G1 X116.034 Y116.457 E40.68413
G1 X116.217 Y116.342 E40.68844
G1 X116.369 Y116.178 E40.6929
G1 X116.508 Y115.925 E40.69866
G1 X116.548 Y115.719 E40.70285
G1 X116.548 Y104.243 E40.93187
G1 X116.457 Y103.966 E40.93769
G1 X116.34 Y103.78 E40.94207
G1 X116.176 Y103.626 E40.94656
G1 X115.975 Y103.515 E40.95114
G1 X115.706 Y103.448 E40.95667
G1 X104.256 Y103.448 E41.18517
G1 X103.966 Y103.54 E41.19124
G1 X103.78 Y103.659 E41.19565
G1 X103.625 Y103.821 E41.20012
G1 X103.488 Y104.074 E41.20587
G1 X103.449 Y104.278 E41.21001
G1 X103.448 Y115.745 E41.43885
G1 X103.54 Y116.034 E41.4449
G1 X103.658 Y116.217 E41.44924
G1 X103.82 Y116.37 E41.45369
G1 X104.021 Y116.48 E41.45826
G1 X104.29 Y116.548 E41.4638
G1 X110 Y116.548 E41.57775
G0 F9000 X110 Y116.948
;TYPE:WALL-OUTER
G1 F1500 X115.82 Y116.948 E41.69389
G1 X116.206 Y116.821 E41.702
G1 X116.475 Y116.652 E41.70834
G1 X116.696 Y116.414 E41.71482
G1 X116.889 Y116.063 E41.72282
G1 X116.948 Y115.757 E41.72904
G1 X116.948 Y104.18 E41.96007
G1 X116.821 Y103.794 E41.96818
G1 X116.652 Y103.524 E41.97454
G1 X116.413 Y103.3 E41.98107
G1 X116.122 Y103.14 E41.9877
G1 X115.755 Y103.048 E41.99525
G1 X104.192 Y103.048 E42.226
G1 X103.794 Y103.175 E42.23434
G1 X103.524 Y103.348 E42.24074
G1 X103.299 Y103.583 E42.24723
G1 X103.107 Y103.937 E42.25527
G1 X103.049 Y104.24 E42.26142
G1 X103.048 Y115.809 E42.4923
G1 X103.175 Y116.206 E42.50061
G1 X103.348 Y116.475 E42.507
G1 X103.583 Y116.696 E42.51343
G1 X103.874 Y116.856 E42.52006
G1 X104.241 Y116.948 E42.52761
G1 X110 Y116.948 E42.64254
G0 F9000 X110.001 Y116.24
G0 X110 Y115.788
;TYPE:SKIN
G1 F1500 X104.388 Y115.788 E42.75453
G1 X104.271 Y115.746 E42.75701
G1 X104.209 Y115.622 E42.75978
G1 X104.208 Y104.339 E42.98494
G1 X104.385 Y104.208 E42.98934
G1 X115.618 Y104.208 E43.21351
G1 X115.742 Y104.266 E43.21624
G1 X115.788 Y104.37 E43.21851
G1 X115.788 Y115.626 E43.44313
G1 X115.751 Y115.71 E43.44496
G1 X115.615 Y115.788 E43.44809
G1 X110 Y115.788 E43.56015
G0 F9000 X110 Y116.048
G0 X104.834 Y116.048
G0 X104.834 Y115.582
G1 F1500 X104.408 Y115.156 E43.57217
G0 F9000 X104.408 Y114.59
G1 F1500 X105.4 Y115.582 E43.60016
G0 F9000 X105.966 Y115.583
G1 F1500 X104.408 Y114.025 E43.64414
G0 F9000 X104.408 Y113.459
G1 F1500 X106.532 Y115.583 E43.70408
G0 F9000 X107.098 Y115.583
G1 F1500 X104.408 Y112.893 E43.78
G0 F9000 X104.408 Y112.327
G1 F1500 X107.664 Y115.584 E43.8719
G0 F9000 X108.23 Y115.584
G1 F1500 X104.408 Y111.762 E43.97977
G0 F9000 X104.408 Y111.196
G1 F1500 X108.796 Y115.584 E44.10361
G0 F9000 X109.362 Y115.584
G1 F1500 X104.408 Y110.63 E44.24342
G0 F9000 X104.408 Y110.065
G1 F1500 X109.928 Y115.584 E44.39919
G0 F9000 X110.494 Y115.585
G1 F1500 X104.408 Y109.499 E44.57095
G0 F9000 X104.408 Y108.933
G1 F1500 X111.06 Y115.585 E44.75868
G0 F9000 X111.626 Y115.586
G1 F1500 X104.408 Y108.368 E44.96239
G0 F9000 X104.408 Y107.802
G1 F1500 X112.192 Y115.586 E45.18207
G0 F9000 X112.757 Y115.586
G1 F1500 X104.408 Y107.236 E45.41771
G0 F9000 X104.408 Y106.671
G1 F1500 X113.324 Y115.587 E45.66934
G0 F9000 X113.889 Y115.587
G1 F1500 X104.408 Y106.105 E45.93693
G0 F9000 X104.408 Y105.539
G1 F1500 X114.456 Y115.587 E46.22051
G0 F9000 X115.022 Y115.587
G1 F1500 X104.408 Y104.974 E46.52004
G0 F9000 X104.408 Y104.408
G1 F1500 X115.588 Y115.588 E46.83557
G0 F9000 X115.588 Y115.022
G1 F1500 X104.974 Y104.408 E47.13512
G0 F9000 X105.539 Y104.408
G1 F1500 X115.588 Y114.457 E47.41872
G0 F9000 X115.588 Y113.891
G1 F1500 X106.105 Y104.408 E47.68635
G0 F9000 X106.671 Y104.408
G1 F1500 X115.588 Y113.325 E47.93801
G0 F9000 X115.588 Y112.759
G1 F1500 X107.236 Y104.408 E48.17371
G0 F9000 X107.802 Y104.408
G1 F1500 X115.588 Y112.194 E48.39344
G0 F9000 X115.587 Y111.627
G1 F1500 X108.368 Y104.408 E48.59718
G0 F9000 X108.933 Y104.408
G1 F1500 X115.587 Y111.062 E48.78497
G0 F9000 X115.587 Y110.496
G1 F1500 X109.499 Y104.408 E48.95679
G0 F9000 X110.065 Y104.408
G1 F1500 X115.587 Y109.93 E49.11263
G0 F9000 X115.587 Y109.365
G1 F1500 X110.63 Y104.408 E49.25253
G0 F9000 X111.196 Y104.408
G1 F1500 X115.587 Y108.799 E49.37645
G0 F9000 X115.587 Y108.233
G1 F1500 X111.762 Y104.408 E49.4844
G0 F9000 X112.327 Y104.408
G1 F1500 X115.587 Y107.667 E49.57639
G0 F9000 X115.587 Y107.101
G1 F1500 X112.893 Y104.408 E49.65241
G0 F9000 X113.459 Y104.408
G1 F1500 X115.587 Y106.536 E49.71246
G0 F9000 X115.587 Y105.97
G1 F1500 X114.025 Y104.408 E49.75655
G0 F9000 X114.59 Y104.408
G1 F1500 X115.587 Y105.404 E49.78467
G0 F9000 X115.587 Y104.838
G1 F1500 X115.156 Y104.408 E49.79682
;MESH:NONMESH
G0 F300 Z0.56
G0 F9000 X115.156 Y103.948
G0 X115.771 Y104.042
G0 X115.987 Y104.329
G0 X115.987 Y115.67
G0 X115.714 Y115.96
G0 X110 Y116.148
;TIME_ELAPSED:105.115859
;LAYER:3
M106 S255
;TYPE:WALL-INNER
;MESH:Lens_Openscad.stl
G1 F1500 X115.691 Y116.148 E49.91039
G1 X115.863 Y116.092 E49.914
G1 X116.042 Y115.942 E49.91866
G1 X116.148 Y115.681 E49.92428
G1 X116.148 Y104.305 E50.1513
G1 X116.092 Y104.137 E50.15484
G1 X115.939 Y103.951 E50.15964
G1 X115.681 Y103.848 E50.16519
G1 X104.316 Y103.848 E50.39199
G1 X104.137 Y103.905 E50.39574
G1 X103.951 Y104.059 E50.40056
G1 X103.849 Y104.316 E50.40607
G1 X103.848 Y115.683 E50.63291
G1 X103.906 Y115.863 E50.63669
G1 X104.056 Y116.043 E50.64136
G1 X104.316 Y116.148 E50.64696
G1 X110 Y116.148 E50.76039
G0 F9000 X110 Y116.548
G1 F1500 X115.757 Y116.548 E50.87528
G1 X116.034 Y116.457 E50.8811
G1 X116.217 Y116.342 E50.88541
G1 X116.369 Y116.178 E50.88987
G1 X116.508 Y115.925 E50.89563
G1 X116.548 Y115.719 E50.89982
G1 X116.548 Y104.243 E51.12884
G1 X116.457 Y103.966 E51.13465
G1 X116.34 Y103.781 E51.13902
G1 X116.176 Y103.625 E51.14354
G1 X115.925 Y103.488 E51.14925
G1 X115.719 Y103.448 E51.15343
G1 X104.256 Y103.448 E51.38219
G1 X103.966 Y103.54 E51.38826
G1 X103.78 Y103.659 E51.39267
G1 X103.625 Y103.821 E51.39714
G1 X103.488 Y104.074 E51.40288
G1 X103.449 Y104.278 E51.40703
G1 X103.448 Y115.745 E51.63586
G1 X103.54 Y116.034 E51.64192
G1 X103.658 Y116.217 E51.64626
G1 X103.819 Y116.37 E51.6507
G1 X104.074 Y116.508 E51.65648
G1 X104.278 Y116.548 E51.66063
G1 X110 Y116.548 E51.77482
G0 F9000 X110 Y116.948
;TYPE:WALL-OUTER
G1 F1500 X115.82 Y116.948 E51.89096
G1 X116.206 Y116.821 E51.89907
G1 X116.475 Y116.652 E51.90541
G1 X116.696 Y116.414 E51.91189
G1 X116.889 Y116.063 E51.91989
G1 X116.948 Y115.757 E51.92611
G1 X116.948 Y104.18 E52.15714
G1 X116.821 Y103.794 E52.16525
G1 X116.652 Y103.525 E52.17159
G1 X116.413 Y103.299 E52.17815
G1 X116.063 Y103.107 E52.18612
G1 X115.757 Y103.048 E52.19234
G1 X104.192 Y103.048 E52.42313
G1 X103.794 Y103.175 E52.43147
G1 X103.524 Y103.348 E52.43786
G1 X103.299 Y103.583 E52.44436
G1 X103.107 Y103.937 E52.45239
G1 X103.049 Y104.24 E52.45855
G1 X103.048 Y115.809 E52.68942
G1 X103.175 Y116.206 E52.69774
G1 X103.348 Y116.475 E52.70412
G1 X103.583 Y116.696 E52.71056
G1 X103.937 Y116.889 E52.71861
G1 X104.24 Y116.948 E52.72477
G1 X110 Y116.948 E52.83971
G0 F9000 X110 Y116.24
G0 X110 Y115.788
;TYPE:SKIN
G1 F1500 X104.34 Y115.788 E52.95267
G1 X104.208 Y115.608 E52.95712
G1 X104.208 Y104.339 E53.18201
G1 X104.385 Y104.208 E53.1864
G1 X115.629 Y104.208 E53.41079
G1 X115.709 Y104.24 E53.41251
G1 X115.788 Y104.378 E53.41568
G1 X115.788 Y115.626 E53.64014
G1 X115.751 Y115.71 E53.64198
G1 X115.615 Y115.788 E53.6451
G1 X110 Y115.788 E53.75716
G0 F9000 X110 Y116.048
G0 X115.669 Y115.986
G0 X115.908 Y115.85
G0 X116.048 Y115.212
G0 X115.588 Y115.212
G1 F1500 X115.212 Y115.588 E53.76777
G0 F9000 X114.646 Y115.588
G1 F1500 X115.588 Y114.646 E53.79436
G0 F9000 X115.588 Y114.08
G1 F1500 X114.08 Y115.588 E53.83691
G0 F9000 X113.515 Y115.588
G1 F1500 X115.588 Y113.515 E53.89542
G0 F9000 X115.588 Y112.949
G1 F1500 X112.949 Y115.588 E53.9699
G0 F9000 X112.383 Y115.588
G1 F1500 X115.588 Y112.383 E54.06035
G0 F9000 X115.588 Y111.818
G1 F1500 X111.818 Y115.588 E54.16675
G0 F9000 X111.252 Y115.588
G1 F1500 X115.588 Y111.252 E54.28912
G0 F9000 X115.588 Y110.686
G1 F1500 X110.686 Y115.588 E54.42746
G0 F9000 X110.121 Y115.588
G1 F1500 X115.588 Y110.121 E54.58175
G0 F9000 X115.588 Y109.555
G1 F1500 X109.555 Y115.588 E54.75202
G0 F9000 X108.989 Y115.588
G1 F1500 X115.588 Y108.989 E54.93826
G0 F9000 X115.588 Y108.424
G1 F1500 X108.424 Y115.588 E55.14044
G0 F9000 X107.858 Y115.588
G1 F1500 X115.588 Y107.858 E55.3586
G0 F9000 X115.588 Y107.292
G1 F1500 X107.292 Y115.588 E55.59273
G0 F9000 X106.726 Y115.588
G1 F1500 X115.588 Y106.726 E55.84283
G0 F9000 X115.588 Y106.161
G1 F1500 X106.161 Y115.588 E56.10888
G0 F9000 X105.595 Y115.588
G1 F1500 X115.588 Y105.595 E56.39091
G0 F9000 X115.588 Y105.029
G1 F1500 X105.029 Y115.588 E56.6889
G0 F9000 X104.464 Y115.588
G1 F1500 X115.588 Y104.464 E57.00285
G0 F9000 X115.078 Y104.408
G1 F1500 X104.409 Y115.077 E57.30395
G0 F9000 X104.409 Y114.512
G1 F1500 X114.512 Y104.408 E57.58909
G0 F9000 X113.947 Y104.408
G1 F1500 X104.409 Y113.946 E57.85828
G0 F9000 X104.409 Y113.38
G1 F1500 X113.381 Y104.408 E58.11148
G0 F9000 X112.815 Y104.408
G1 F1500 X104.409 Y112.815 E58.34873
G0 F9000 X104.409 Y112.249
G1 F1500 X112.25 Y104.408 E58.57002
G0 F9000 X111.684 Y104.408
G1 F1500 X104.409 Y111.683 E58.77534
G0 F9000 X104.409 Y111.118
G1 F1500 X111.118 Y104.408 E58.9647
G0 F9000 X110.553 Y104.408
G1 F1500 X104.409 Y110.552 E59.13809
G0 F9000 X104.409 Y109.986
G1 F1500 X109.987 Y104.408 E59.29552
G0 F9000 X109.421 Y104.408
G1 F1500 X104.409 Y109.421 E59.43698
G0 F9000 X104.409 Y108.855
G1 F1500 X108.856 Y104.408 E59.56248
G0 F9000 X108.29 Y104.408
G1 F1500 X104.409 Y108.289 E59.67202
G0 F9000 X104.409 Y107.723
G1 F1500 X107.724 Y104.408 E59.76557
G0 F9000 X107.158 Y104.408
G1 F1500 X104.409 Y107.158 E59.84317
G0 F9000 X104.409 Y106.592
G1 F1500 X106.593 Y104.408 E59.90481
G0 F9000 X106.027 Y104.408
G1 F1500 X104.409 Y106.026 E59.95047
G0 F9000 X104.409 Y105.461
G1 F1500 X105.461 Y104.408 E59.98017
G0 F9000 X104.896 Y104.408
G1 F1500 X104.409 Y104.895 E59.99392
G1 F2700 E54.99392
;MESH:NONMESH
G0 F300 Z0.68
G0 F9000 X103.949 Y104.894
G0 X104.029 Y106.521
G0 X107.432 Y106.523
;TIME_ELAPSED:129.791868
;LAYER:4
;TYPE:WALL-OUTER
;MESH:Lens_Openscad.stl
G1 F2700 E59.99392
G1 F1016.9 X107.396 Y106.586 E59.99605
G1 X107.323 Y106.586 E59.9982
G1 X107.286 Y106.523 E60.00035
G1 X107.322 Y106.46 E60.00249
G1 X107.395 Y106.46 E60.00464
G1 X107.432 Y106.523 E60.00679
G1 F2700 E55.00679
G0 F9000 X105.898 Y113.043
G0 X105.949 Y113.97
;TYPE:WALL-INNER
G1 F2700 E60.00679
G1 F1376.1 X106.009 Y113.913 E60.00859
G1 X106.071 Y113.708 E60.01325
G1 F1382.5 X106.05 Y113.367 E60.02064
G1 F1395.3 X105.963 Y113.264 E60.02354
G1 F1398.6 X105.76 Y113.236 E60.02792
G1 X105.687 Y113.307 E60.0301
G1 X105.634 Y113.475 E60.03387
G1 F1388.9 X105.64 Y113.758 E60.03997
G1 F1376.1 X105.687 Y113.921 E60.04366
G1 X105.746 Y113.97 E60.04533
G1 X105.949 Y113.97 E60.04975
G0 F9000 X106.026 Y114.388
;TYPE:WALL-OUTER
G1 F1500 X106.149 Y114.346 E60.05234
G1 X106.392 Y114.093 E60.05934
G1 X106.493 Y113.754 E60.0664
G1 X106.462 Y113.333 E60.07482
G1 X106.394 Y113.136 E60.07898
G1 X106.209 Y112.911 E60.0848
G1 X105.931 Y112.814 E60.09067
G1 X105.604 Y112.829 E60.0972
G1 X105.333 Y113.052 E60.10421
G1 X105.226 Y113.398 E60.11144
G1 X105.226 Y113.835 E60.12016
G1 X105.304 Y114.099 E60.12565
G1 X105.546 Y114.345 E60.13254
G1 X105.67 Y114.388 E60.13516
G1 X106.026 Y114.388 E60.14226
G1 F2700 E55.14226
G0 F9000 X105.877 Y113.695
G0 X106.266 Y113.726
G0 X108.702 Y114.071
G0 X108.971 Y114.341
G1 F2700 E60.14226
G1 F1295.9 X108.507 Y114.341 E60.15298
G1 X108.507 Y113.876 E60.16372
G1 X108.989 Y113.879 E60.17485
G1 X109.148 Y113.958 E60.17895
G1 X109.189 Y114.047 E60.18122
G1 X109.151 Y114.268 E60.1864
G1 X108.971 Y114.341 E60.19088
G1 F2700 E55.19088
G0 F9000 X108.941 Y114.066
G0 X109.445 Y115.405
G0 X110 Y115.951
G0 X110 Y115.478
;TYPE:WALL-INNER
G1 F2700 E60.19088
G1 F1500 X109.92 Y115.408 E60.19301
G1 X109.786 Y115.481 E60.19605
G1 X109.464 Y115.588 E60.20282
G1 X109.11 Y115.636 E60.20995
G1 X107.678 Y115.64 E60.23853
G1 X107.336 Y115.535 E60.24567
G1 X107.185 Y115.385 E60.24992
G1 X107.146 Y115.274 E60.25226
G1 X106.912 Y115.433 E60.25791
G1 X106.561 Y115.589 E60.26557
G1 X106.096 Y115.676 E60.27501
G1 X105.607 Y115.676 E60.28477
G1 X105.023 Y115.568 E60.29663
G1 X104.521 Y115.268 E60.3083
G1 X104.206 Y114.947 E60.31727
G1 X103.969 Y114.54 E60.32667
G1 X103.844 Y114.092 E60.33595
G1 F1538.5 X103.816 Y113.569 E60.34614
G1 F1542.4 X103.843 Y113.143 E60.35443
G1 F1503.8 X103.971 Y112.691 E60.36378
G1 F1500 X104.207 Y112.276 E60.3733
G1 X104.353 Y112.107 E60.37776
G1 X104.713 Y111.819 E60.38696
G1 X104.907 Y111.715 E60.39135
G1 X105.376 Y111.572 E60.40114
G1 X105.888 Y111.533 E60.41139
G1 X106.48 Y111.606 E60.42329
G1 X106.957 Y111.821 E60.43373
G1 X107.131 Y111.938 E60.43792
G1 X107.234 Y111.765 E60.44193
G1 X107.415 Y111.631 E60.44643
G1 X107.597 Y111.572 E60.45025
G1 X108.331 Y111.574 E60.46489
G1 X108.557 Y111.641 E60.4696
G1 X108.709 Y111.755 E60.47339
G1 X108.876 Y112.151 E60.48197
G1 X108.876 Y112.582 E60.49057
G1 X109.297 Y112.586 E60.49897
G1 X109.792 Y112.746 E60.50935
G1 X109.792 Y112.151 E60.52122
G1 X109.959 Y111.755 E60.5298
G1 X110.111 Y111.641 E60.53359
G1 X110.305 Y111.572 E60.5377
G1 X112.781 Y111.574 E60.58711
G1 X112.916 Y111.602 E60.58986
G1 X113.051 Y111.574 E60.59262
G1 X113.636 Y111.571 E60.60429
G1 X113.904 Y111.635 E60.60979
G1 X114.159 Y111.876 E60.61679
G1 X114.212 Y112.078 E60.62096
G1 X114.325 Y111.876 E60.62558
G1 X114.58 Y111.635 E60.63258
G1 X114.768 Y111.572 E60.63654
G1 X115.552 Y111.572 E60.65218
G1 X115.913 Y111.691 E60.65977
G1 F1503.8 X116.151 Y112.172 E60.67045
G1 F1500 X116.146 Y115.144 E60.72976
G1 F1492.5 X115.982 Y115.459 E60.73688
G1 F1500 X115.836 Y115.569 E60.74053
G1 X115.604 Y115.638 E60.74536
G1 X115.02 Y115.64 E60.75701
G1 X114.697 Y115.547 E60.76372
G1 X114.498 Y115.337 E60.7695
G1 X114.439 Y115.115 E60.77408
G1 X114.259 Y115.434 E60.78139
G1 X114.115 Y115.547 E60.78504
G1 X113.873 Y115.64 E60.79022
G1 X113.016 Y115.64 E60.80732
G1 X112.874 Y115.593 E60.8103
G1 X112.718 Y115.64 E60.81355
G1 X110.392 Y115.64 E60.85997
G1 X110.097 Y115.563 E60.86606
G1 X110 Y115.478 E60.86863
G0 F9000 X110 Y115.951
G0 X108.667 Y116.16
G0 X107.679 Y116.094
G1 F1174.2 X109.111 Y116.092 E60.90514
G1 F1111.1 X109.547 Y116.064 E60.91691
G1 F982 X109.838 Y116.021 E60.92588
G1 F1032.7 X110.392 Y116.094 E60.94207
G1 F1160.5 X113.975 Y116.087 E61.03449
G0 F9000 X114.406 Y116.176
G1 F1408.5 X115.02 Y116.094 E61.04765
G1 X114.498 Y115.86 E61.05981
G1 F1538.5 X114.413 Y115.794 E61.06191
G1 F1250 X113.975 Y116.087 E61.07453
G1 F1379.3 X114.406 Y116.176 E61.08408
G0 F9000 X115.02 Y116.094
G1 F1178.8 X115.678 Y116.093 E61.10079
G1 F1190.5 X115.842 Y116.048 E61.10506
G1 F2700 E56.10506
G0 F9000 X115.993 Y115.479
G0 X115.993 Y111.736
G0 X110 Y111.241
G1 F2700 E61.10506
G1 F1500 X110.347 Y111.172 E61.11212
G1 X113.636 Y111.171 E61.17776
G1 X113.915 Y111.211 E61.18338
G1 X114.083 Y111.277 E61.18699
G1 X114.242 Y111.428 E61.19136
G1 X114.401 Y111.277 E61.19574
G1 X114.717 Y111.172 E61.20238
G1 X115.552 Y111.172 E61.21905
G1 X116.148 Y111.37 E61.23158
G1 X116.148 Y108.912 E61.28063
G1 X113.848 Y108.912 E61.32653
G1 X113.565 Y108.83 E61.33241
G1 X113.288 Y108.63 E61.33923
G1 X113.158 Y108.75 E61.34276
G1 X112.785 Y108.911 E61.35087
G1 X110.948 Y108.912 E61.38752
G1 X110.691 Y108.879 E61.3927
G1 X110.417 Y108.76 E61.39866
G1 X110.296 Y108.652 E61.40189
G1 X110.175 Y108.76 E61.40513
G1 X109.837 Y108.908 E61.41249
G1 X108.952 Y108.908 E61.43015
G1 X108.547 Y108.78 E61.43863
G1 X108.38 Y108.581 E61.44382
G1 X108.213 Y108.78 E61.449
G1 X107.832 Y108.912 E61.45705
G1 X106.933 Y108.91 E61.47499
G1 X106.601 Y108.827 E61.48182
G1 X106.498 Y108.715 E61.48485
G1 X106.395 Y108.827 E61.48789
G1 X106.042 Y108.911 E61.49513
G1 X103.848 Y108.912 E61.53891
G1 X103.848 Y112.1 E61.60253
G1 X104.103 Y111.795 E61.61047
G1 X104.463 Y111.506 E61.61968
G1 X104.786 Y111.334 E61.62698
G1 X105.267 Y111.182 E61.63705
G1 X105.856 Y111.126 E61.64886
G1 X106.577 Y111.212 E61.66335
G1 X107.04 Y111.42 E61.67348
G1 X107.241 Y111.271 E61.67847
G1 X107.548 Y111.171 E61.68491
G1 X108.368 Y111.176 E61.70128
G1 X108.692 Y111.249 E61.70791
G1 X108.997 Y111.478 E61.71552
G1 X109.299 Y112.192 E61.73099
G1 X109.392 Y112.206 E61.73286
G1 X109.392 Y112.137 E61.73424
G1 X109.671 Y111.478 E61.74852
G1 X109.981 Y111.245 E61.75626
G1 X110 Y111.241 E61.75665
G0 F9000 X115.971 Y111.135
G0 X116.23 Y108.83
G0 X113.799 Y108.901
G0 X110.296 Y108.822
G0 X110.296 Y107.969
G1 F1192.8 X110.296 Y106.157 E61.80212
G1 F2700 E56.80212
G0 F9000 X110.083 Y108.35
G0 X103.437 Y108.35
G0 X103.437 Y104.608
G0 X109.286 Y104.136
G0 X109.286 Y104.222
G1 F2700 E61.80212
G1 F1117.3 X109.759 Y103.946 E61.81679
G1 X109.322 Y103.817 E61.829
G1 X108.752 Y103.946 E61.84466
G1 X109.286 Y104.222 E61.86076
G0 F9000 X109.759 Y103.946
G1 F1041.7 X110.264 Y103.926 E61.87528
G1 F1049 X110.75 Y103.941 E61.88916
G0 F9000 X111.411 Y104.259
G1 F1200 X111.821 Y103.954 E61.90191
G1 X111.387 Y103.841 E61.91309
G1 F1488.8 X111.084 Y103.857 E61.91919
G1 F1190.5 X110.75 Y103.941 E61.92785
G1 X111.041 Y104.09 E61.93608
G1 F1488.8 X111.411 Y104.259 E61.94425
G0 F9000 X111.821 Y103.954
G1 F991.7 X112.012 Y103.946 E61.95002
G1 F1006.7 X114.148 Y103.946 E62.01354
G1 F956.9 X114.518 Y103.977 E62.02515
G1 F949.4 X114.759 Y103.946 E62.03281
G1 F1000 X115.488 Y103.946 E62.05463
G1 F991.7 X115.752 Y103.97 E62.06264
G1 F2700 E57.06264
G0 F9000 X103.437 Y104.608
G0 X103.437 Y108.35
G0 X113.051 Y108.35
G0 X113.051 Y107.669
G0 X113.917 Y106.479
G1 F2700 E62.06264
G1 F1612.9 X113.614 Y106.51 E62.06829
G0 F9000 X113.288 Y107.448
G1 F1260.5 X113.754 Y106.885 E62.08564
G1 F1500 X113.934 Y106.849 E62.08931
G1 X114.288 Y106.848 E62.09637
G1 X114.288 Y105.991 E62.11347
G1 X114.148 Y106.108 E62.11712
G1 X113.213 Y106.109 E62.13577
G1 X113.213 Y106.51 E62.14378
G1 F1260.5 X113.288 Y107.448 E62.16612
G1 F1081.1 X113.288 Y107.971 E62.1806
G1 F2700 E57.1806
G0 F9000 X113.288 Y108.798
G0 X103.437 Y108.35
G0 X103.437 Y104.608
G0 X108.752 Y103.946
G1 F2700 E62.1806
G1 F1006.7 X108.16 Y103.946 E62.19821
G1 F991.7 X107.969 Y103.954 E62.20398
G0 F9000 X107.36 Y104.41
G1 F1351.4 X107.502 Y104.261 E62.20854
G1 F1134.2 X107.969 Y103.954 E62.22329
G1 X107.36 Y103.87 E62.23951
G1 F1153.8 X106.56 Y103.946 E62.26036
G1 X107.218 Y104.261 E62.27929
G1 F1351.4 X107.36 Y104.41 E62.28384
G0 F9000 X106.56 Y103.946
G1 F1006.7 X105.96 Y103.946 E62.30169
G1 F991.7 X105.769 Y103.954 E62.30746
G0 F9000 X105.216 Y104.379
G1 F1415.1 X105.344 Y104.24 E62.31145
G1 F1156.1 X105.769 Y103.954 E62.32472
G1 X105.216 Y103.86 E62.33924
G1 F1176.5 X104.472 Y103.946 E62.3583
G1 X105.088 Y104.24 E62.37566
G1 F1415.1 X105.216 Y104.379 E62.37966
G0 F9000 X104.472 Y103.946
G1 F1015.2 X104.296 Y103.951 E62.38485
G0 F9000 X116.257 Y104.186
G0 X116.533 Y106.95
G1 F1395.3 X116.533 Y105.044 E62.42574
G1 F1421.8 X116.551 Y104.252 E62.44242
G1 F1470.6 X116.457 Y103.966 E62.44855
G1 F1500 X116.34 Y103.781 E62.45292
G1 X116.175 Y103.626 E62.45743
G1 X115.926 Y103.488 E62.46312
G1 X115.719 Y103.448 E62.46732
G1 X104.255 Y103.448 E62.6961
G1 X103.966 Y103.54 E62.70215
G1 X103.625 Y103.821 E62.71097
G1 X103.488 Y104.074 E62.71671
G1 X103.448 Y104.278 E62.72086
G1 X103.448 Y104.803 E62.73134
G1 X103.706 Y104.45 E62.74006
G1 X104.472 Y104.444 E62.75535
G1 X104.837 Y104.567 E62.76304
G1 X104.975 Y104.715 E62.76707
G1 F1612.9 X105.044 Y105.044 E62.77331
G1 F1680.7 X105.058 Y105.51 E62.78162
G1 F1621.6 X105.507 Y105.51 E62.7899
G1 F1630.4 X105.411 Y105.244 E62.7951
G1 F1685.4 X105.388 Y105.044 E62.79867
G1 F1612.9 X105.457 Y104.715 E62.80491
G1 F1500 X105.595 Y104.567 E62.80895
G1 X105.877 Y104.444 E62.81509
G1 X106.56 Y104.444 E62.82872
G1 X106.946 Y104.584 E62.83691
G1 X107.086 Y104.731 E62.84096
G1 X107.243 Y105.176 E62.85038
G1 X107.48 Y105.176 E62.85511
G1 X107.631 Y104.733 E62.86445
G1 X107.774 Y104.584 E62.86857
G1 X108.075 Y104.444 E62.8752
G1 X108.752 Y104.444 E62.88871
G1 X109.023 Y104.508 E62.89426
G1 X109.21 Y104.667 E62.89916
G1 X109.47 Y104.533 E62.905
G1 X109.844 Y104.436 E62.91271
G1 X110.218 Y104.405 E62.9202
G1 X110.805 Y104.438 E62.93193
G1 X111.282 Y104.623 E62.94214
G1 X111.492 Y104.768 E62.94723
G1 X111.572 Y104.634 E62.95035
G1 X111.696 Y104.533 E62.95354
G1 X111.932 Y104.444 E62.95857
G1 X114.148 Y104.444 E63.0028
G1 X114.345 Y104.476 E63.00678
G1 X114.49 Y104.551 E63.01004
G1 X114.518 Y104.605 E63.01125
G1 X114.546 Y104.551 E63.01246
G1 X114.753 Y104.444 E63.01712
G1 X115.571 Y104.444 E63.03344
G1 X115.808 Y104.537 E63.03852
G1 X115.926 Y104.632 E63.04154
G1 F1445.8 X116.103 Y105.044 E63.05083
G1 F1395.3 X116.103 Y106.833 E63.08921
G1 X116.416 Y106.833 E63.09592
G1 X116.533 Y106.95 E63.09947
G1 F2700 E58.09947
G0 F9000 X116.209 Y104.201
G0 X103.437 Y104.608
G0 X103.437 Y108.35
G0 X113.288 Y108.858
G0 X116.23 Y108.83
G0 X115.971 Y111.135
G0 X109.954 Y111.736
G0 X108.716 Y112.746
G0 X108.716 Y111.736
G0 X105.855 Y111.683
G0 X105.398 Y111.723
G0 X104.877 Y111.886
G0 X104.38 Y112.284
G0 X104.113 Y112.751
G0 X103.992 Y113.169
G0 X103.992 Y114.071
G0 X104.114 Y114.486
G0 X104.327 Y114.856
G0 X104.625 Y115.156
G0 X104.884 Y115.309
G0 X107.021 Y116.17
G1 F2700 E63.09947
G1 F1385.7 X107.679 Y116.094 E63.11378
G1 X107.121 Y115.846 E63.12697
G1 F1685.4 X107.045 Y115.787 E63.12868
G1 X106.777 Y115.906 E63.13389
G1 F1418.4 X106.233 Y116.103 E63.1461
G1 F1388.9 X106.579 Y116.162 E63.15366
G1 F1648.4 X107.021 Y116.17 E63.16169
G0 F9000 X106.233 Y116.103
G1 F1247.4 X105.664 Y116.112 E63.17535
G1 X105.472 Y116.103 E63.17996
G0 F9000 X105.037 Y116.124
G1 F1276.6 X105.472 Y116.103 E63.19017
G1 X105.048 Y116.004 E63.20038
G1 F1336.3 X104.712 Y115.876 E63.20843
G1 F1333.3 X104.27 Y115.614 E63.21997
G1 X103.873 Y115.214 E63.23262
G1 F1339.3 X103.872 Y115.68 E63.24304
G1 X103.927 Y115.853 E63.2471
G1 F1333.3 X104.072 Y116.021 E63.25208
G1 X104.254 Y116.124 E63.25677
G1 F1336.3 X105.037 Y116.124 E63.27431
G0 F9000 X110 Y116.24
G0 X110 Y116.548
G1 F1500 X115.76 Y116.547 E63.38926
G1 X116.034 Y116.457 E63.39501
G1 X116.218 Y116.342 E63.39934
G1 X116.369 Y116.178 E63.40379
G1 X116.507 Y115.925 E63.40954
G1 X116.548 Y115.719 E63.41374
G1 X116.548 Y108.402 E63.55975
G1 X116.416 Y108.512 E63.56318
G1 X113.897 Y108.512 E63.61345
G1 X113.636 Y108.415 E63.61901
G1 X113.487 Y108.278 E63.62305
G1 F1252.6 X113.288 Y107.971 E63.63179
G1 X113.089 Y108.278 E63.64054
G1 F1500 X112.94 Y108.415 E63.64457
G1 X112.716 Y108.511 E63.64944
G1 X111.946 Y108.509 E63.6648
G1 X111.78 Y108.465 E63.66823
G1 X111.614 Y108.509 E63.67166
G1 X110.842 Y108.512 E63.68706
G1 X110.629 Y108.421 E63.69169
G1 X110.479 Y108.287 E63.6957
G1 F1321.6 X110.296 Y107.969 E63.70401
G1 X110.113 Y108.287 E63.71232
G1 F1500 X109.963 Y108.421 E63.71634
G1 X109.752 Y108.513 E63.72093
G1 X108.989 Y108.51 E63.73616
G1 X108.746 Y108.433 E63.74124
G1 X108.479 Y108.116 E63.74951
G1 X108.444 Y107.912 E63.75364
G1 X108.444 Y107.661 E63.75865
G1 X108.281 Y108.116 E63.7683
G1 X108.014 Y108.433 E63.77657
G1 X107.716 Y108.512 E63.78272
G1 X106.942 Y108.509 E63.79817
G1 X106.764 Y108.461 E63.80185
G1 X106.498 Y108.175 E63.80964
G1 X106.232 Y108.461 E63.81744
G1 X106.021 Y108.512 E63.82177
G1 X103.872 Y108.512 E63.86465
G1 X103.447 Y108.155 E63.87573
G1 F1507.5 X103.446 Y113.18 E63.97551
G1 F1550.4 X103.437 Y113.62 E63.984
G1 F1542.4 X103.448 Y114.212 E63.9955
G1 F1500 X103.448 Y115.745 E64.02609
G1 X103.54 Y116.034 E64.03214
G1 X103.658 Y116.217 E64.03649
G1 X103.82 Y116.369 E64.04092
G1 X104.074 Y116.508 E64.0467
G1 X104.278 Y116.548 E64.05085
G1 X110 Y116.548 E64.16503
G0 F9000 X110 Y116.948
;TYPE:WALL-OUTER
G1 F1500 X115.82 Y116.948 E64.28118
G1 X116.206 Y116.821 E64.28929
G1 X116.475 Y116.652 E64.29563
G1 X116.696 Y116.414 E64.30211
G1 X116.889 Y116.063 E64.3101
G1 X116.948 Y115.757 E64.31632
G1 X116.948 Y108.644 E64.45827
G1 F1566.6 X116.965 Y107.912 E64.47226
G1 F1639.3 X116.965 Y107.448 E64.48073
G1 F1566.6 X116.948 Y106.716 E64.49472
G1 F1500 X116.948 Y104.18 E64.54533
G1 X116.821 Y103.794 E64.55344
G1 X116.652 Y103.525 E64.55978
G1 X116.413 Y103.3 E64.56633
G1 X116.063 Y103.107 E64.57431
G1 X115.757 Y103.048 E64.58053
G1 X104.191 Y103.048 E64.81134
G1 X103.794 Y103.175 E64.81966
G1 X103.525 Y103.348 E64.82604
G1 X103.299 Y103.583 E64.83255
G1 X103.107 Y103.937 E64.84058
G1 X103.048 Y104.24 E64.84674
G1 F1315.8 X103.104 Y105.044 E64.86508
G1 F1167.3 X103.106 Y108.001 E64.94091
G1 F1310 X103.048 Y108.936 E64.96231
G1 F1500 X103.048 Y115.809 E65.09947
G1 X103.175 Y116.206 E65.10779
G1 X103.348 Y116.475 E65.11417
G1 X103.583 Y116.696 E65.12061
G1 X103.937 Y116.889 E65.12865
G1 X104.24 Y116.948 E65.13481
G1 X110 Y116.948 E65.24976
G1 F2700 E60.24976
G0 F9000 X110 Y116.24
G0 X109.938 Y115.221
G0 X110 Y114.844
G1 F2700 E65.24976
G1 F1526.7 X109.986 Y114.869 E65.25032
G1 F1507.5 X109.674 Y115.096 E65.25798
G1 F1500 X109.392 Y115.194 E65.26394
G1 X109.14 Y115.234 E65.26903
G1 X107.677 Y115.24 E65.29823
G1 X107.562 Y115.205 E65.30063
G1 X107.476 Y115.052 E65.30413
G1 F1467 X107.467 Y114.116 E65.32323
G1 X107.265 Y114.564 E65.33326
G1 F1500 X107.063 Y114.836 E65.34002
G1 X106.79 Y115.044 E65.34687
G1 X106.462 Y115.195 E65.35408
G1 X106.075 Y115.273 E65.36195
G1 X105.627 Y115.273 E65.37089
G1 X105.164 Y115.186 E65.3803
G1 X104.781 Y114.958 E65.38919
G1 X104.515 Y114.682 E65.39684
G1 X104.335 Y114.364 E65.40413
G1 X104.238 Y114.023 E65.41121
G1 X104.204 Y113.602 E65.41964
G1 X104.243 Y113.193 E65.42784
G1 X104.354 Y112.824 E65.43553
G1 X104.573 Y112.443 E65.4443
G1 X104.992 Y112.108 E65.455
G1 X105.445 Y111.966 E65.46447
G1 X105.83 Y111.932 E65.47219
G1 X106.355 Y111.992 E65.48273
G1 X106.791 Y112.185 E65.49225
G1 X107.013 Y112.357 E65.49785
G1 F1492.5 X107.301 Y112.732 E65.50734
G1 F1477.8 X107.472 Y113.234 E65.51808
G1 F1485.1 X107.477 Y112.145 E65.54003
G1 F1500 X107.528 Y112.036 E65.54243
G1 X107.641 Y111.974 E65.545
G1 X108.295 Y111.972 E65.55805
G1 X108.421 Y112.033 E65.56085
G1 X108.476 Y112.165 E65.5637
G1 X108.476 Y112.98 E65.57996
G1 X109.226 Y112.986 E65.59493
G1 X109.642 Y113.119 E65.60365
G1 X109.936 Y113.347 E65.61107
G1 F1507.5 X110.092 Y113.556 E65.61625
G1 F1538.5 X110.205 Y113.857 E65.62251
G1 F1530.6 X110.192 Y113.462 E65.63023
G1 F1500 X110.192 Y112.165 E65.65612
G1 X110.247 Y112.033 E65.65897
G1 X110.352 Y111.975 E65.66137
G1 X112.789 Y111.974 E65.71
G1 F1546.4 X112.916 Y112.172 E65.71455
G1 X113.044 Y111.972 E65.71915
G1 F1500 X113.703 Y111.971 E65.7323
G1 X113.836 Y112.097 E65.73596
G1 X113.837 Y113.553 E65.76501
G1 X114.673 Y112.073 E65.79893
G1 X114.813 Y111.974 E65.80235
G1 X115.552 Y111.972 E65.8171
G1 X115.673 Y112.011 E65.81964
G1 X115.752 Y112.172 E65.82322
G1 X115.75 Y115.075 E65.88115
G1 X115.696 Y115.18 E65.88351
G1 X115.57 Y115.24 E65.88629
G1 X115.02 Y115.24 E65.89727
G1 X114.912 Y115.209 E65.89951
G1 X114.82 Y115.04 E65.90335
G1 X114.82 Y113.638 E65.93133
G1 X113.966 Y115.139 E65.96579
G1 X113.827 Y115.237 E65.96919
G1 X113.035 Y115.236 E65.98499
G1 F1392.1 X112.874 Y115.06 E65.99012
G1 X112.713 Y115.236 E65.99525
G1 F1500 X110.392 Y115.24 E66.04157
G1 X110.231 Y115.16 E66.04515
G1 X110.192 Y115.04 E66.04767
G1 F1566.6 X110.209 Y114.283 E66.06214
G1 F1587.3 X110.153 Y114.566 E66.06758
G1 F1534.5 X110 Y114.844 E66.07377
G0 F9000 X110.209 Y114.283
G1 F1626 X110.206 Y113.9 E66.08082
G1 F2700 E61.08082
G0 F9000 X107.467 Y114.116
G1 F2700 E66.08082
G1 F1511.3 X107.488 Y113.636 E66.09034
G1 F1530.6 X107.472 Y113.234 E66.09821
G1 F2700 E61.09821
G0 F9000 X112.915 Y112.668
G1 F2700 E66.09821
G1 F1591.5 X112.916 Y112.172 E66.10754
G1 F2700 E61.10754
G0 F9000 X112.916 Y111.264
G0 X112.874 Y111.764
G0 X112.874 Y114.576
G1 F2700 E66.10754
G1 F1301.5 X112.874 Y115.06 E66.11867
G0 F9000 X112.874 Y114.576
G1 F1415.1 X112.91 Y114.193 E66.1268
G1 F1754.4 X112.957 Y113.906 E66.13177
G1 F2047.8 X112.958 Y113.392 E66.13928
G1 F1734.1 X112.904 Y113.036 E66.1455
G1 F1542.4 X112.915 Y112.668 E66.15264
G1 F1566.6 X112.739 Y112.825 E66.15715
G1 X111.181 Y112.825 E66.18692
G1 F1587.3 X111.181 Y113.203 E66.19405
G1 F1562.5 X112.609 Y113.203 E66.2214
G1 F1764.7 X112.666 Y113.392 E66.22475
G1 F2047.8 X112.665 Y113.881 E66.2319
G1 F1796.4 X112.615 Y114.035 E66.2346
G1 F1634.9 X111.172 Y114.036 E66.26102
G1 F1666.7 X111.172 Y114.396 E66.26749
G1 F1634.9 X112.691 Y114.395 E66.2953
G1 F1438.8 X112.874 Y114.576 E66.30065
G1 F2700 E61.30065
G0 F9000 X112.874 Y111.764
G0 X113.933 Y108.11
G1 F2700 E66.30065
G1 F1500 X113.805 Y108.034 E66.30362
G1 X113.764 Y107.93 E66.30585
G1 X113.764 Y107.448 E66.31547
G1 X113.902 Y107.248 E66.32032
G1 X114.688 Y107.248 E66.33601
G1 X114.688 Y106.248 E66.35596
G1 F1558.4 X114.703 Y105.044 E66.37909
G1 X114.774 Y104.879 E66.38254
G1 F1500 X114.888 Y104.844 E66.38492
G1 X115.536 Y104.849 E66.39785
G1 X115.634 Y104.906 E66.40012
G1 X115.688 Y105.044 E66.40307
G1 X115.688 Y107.248 E66.44706
G1 X116.416 Y107.248 E66.46158
G1 F1566.6 X116.599 Y107.448 E66.46676
G1 F1634.9 X116.598 Y107.944 E66.47585
G1 F1562.5 X116.416 Y108.112 E66.48059
G1 F1500 X113.933 Y108.11 E66.53014
G0 F9000 X113.933 Y108.822
G0 X111.78 Y108.822
G0 X111.78 Y107.932
G1 F1284.8 X111.778 Y106 E66.57516
G1 F2700 E61.57516
G0 F9000 X108.908 Y105.44
G1 F2700 E66.57516
G1 F1050.8 X108.784 Y105.804 E66.58611
G1 F2700 E61.58611
G0 F9000 X108.633 Y106.597
G0 X109.68 Y108.113
G1 F2700 E66.58611
G1 F1500 X108.966 Y108.112 E66.60036
G1 F1470.6 X108.844 Y107.967 E66.60422
G1 F1415.1 X108.828 Y106.124 E66.6432
G1 F1188.1 X108.784 Y105.804 E66.65134
G1 X108.606 Y106.085 E66.65972
G1 F1442.3 X107.905 Y107.98 E66.70166
G1 F1500 X107.796 Y108.11 E66.70504
G1 X106.941 Y108.111 E66.7221
G1 X106.82 Y107.981 E66.72565
G1 F1492.5 X106.526 Y107.178 E66.7428
G1 F1351.4 X106.384 Y106.911 E66.7495
G1 F1239.7 X106.252 Y106.548 E66.75882
G1 F1388.9 X106.129 Y106.061 E66.76965
G1 X106.182 Y106.56 E66.78047
G1 F1239.7 X106.048 Y106.777 E66.78662
G1 F1293.1 X104.694 Y106.782 E66.81797
G1 F1351.4 X104.694 Y107.226 E66.8278
G1 F1293.1 X106.072 Y107.221 E66.8597
G1 F1339.3 X106.194 Y107.448 E66.86546
G1 F1467 X106.187 Y107.969 E66.87609
G1 F1488.8 X106.054 Y108.112 E66.88002
G1 F1500 X103.872 Y108.112 E66.92356
G1 F1310 X103.617 Y107.957 E66.93038
G1 F1167.3 X103.616 Y105.044 E67.00508
G1 F1315.8 X103.819 Y104.845 E67.01155
G1 F1500 X104.472 Y104.844 E67.02458
G1 X104.594 Y104.885 E67.02715
G1 X104.672 Y105.044 E67.03068
G1 X104.673 Y105.895 E67.04767
G1 F1515.2 X105.94 Y105.9 E67.0727
G1 F1554.4 X106.119 Y106.03 E67.07696
G1 F1542.4 X105.762 Y105.079 E67.09667
G1 F1500 X105.792 Y104.934 E67.09963
G1 X105.925 Y104.847 E67.1028
G1 X106.56 Y104.844 E67.11547
G1 X106.722 Y104.902 E67.11891
G1 X106.959 Y105.576 E67.13316
G1 X107.765 Y105.576 E67.14925
G1 X107.994 Y104.907 E67.16336
G1 X108.125 Y104.847 E67.16623
G1 X108.824 Y104.844 E67.18018
G1 X108.94 Y104.974 E67.18366
G1 F1452.8 X108.956 Y105.109 E67.18646
G1 F1212.1 X108.908 Y105.44 E67.19472
G1 F1171.9 X109.08 Y105.259 E67.2011
G1 F1395.3 X109.361 Y105.039 E67.20876
G1 F1500 X109.61 Y104.908 E67.21437
G1 X109.913 Y104.83 E67.22061
G1 X110.248 Y104.804 E67.22732
G1 X110.722 Y104.834 E67.2368
G1 X111.11 Y104.99 E67.24514
G1 X111.365 Y105.173 E67.25141
G1 X111.529 Y105.365 E67.25645
G1 F1477.8 X111.691 Y105.689 E67.26378
G1 F1363.6 X111.778 Y106 E67.27087
G1 F1382.5 X111.812 Y105.608 E67.27939
G1 F1500 X111.812 Y104.994 E67.29164
G1 X111.865 Y104.907 E67.29368
G1 X111.977 Y104.847 E67.29621
G1 X114.195 Y104.844 E67.34048
G1 X114.262 Y104.879 E67.34198
G1 F1558.4 X114.333 Y105.044 E67.34543
G1 F1617.3 X114.332 Y105.54 E67.35462
G1 F1554.4 X114.148 Y105.708 E67.35941
G1 F1500 X112.813 Y105.709 E67.38605
G1 X112.812 Y107.93 E67.43038
G1 X112.722 Y108.08 E67.43387
G1 X112.612 Y108.112 E67.43615
G1 X111.942 Y108.108 E67.44953
G1 F1385.7 X111.78 Y107.932 E67.45469
G1 X111.615 Y108.111 E67.45995
G1 F1500 X110.896 Y108.106 E67.4743
G1 X110.791 Y108.037 E67.47681
G1 X110.748 Y107.93 E67.47911
G1 X110.744 Y106.11 E67.51543
G1 X110.704 Y105.927 E67.51917
G1 X110.592 Y105.769 E67.52303
G1 X110.409 Y105.688 E67.52703
G1 X110.156 Y105.688 E67.53207
G1 X109.982 Y105.767 E67.53589
G1 X109.911 Y105.853 E67.53811
G1 X109.848 Y106.099 E67.54318
G1 X109.844 Y107.93 E67.57972
G1 X109.801 Y108.037 E67.58202
G1 X109.68 Y108.113 E67.58487
G1 F2700 E62.58487
G0 F9000 X109.68 Y108.822
G0 X103.437 Y108.35
G0 X103.437 Y104.608
G0 X104.913 Y104.608
G0 X105.678 Y105.631
G0 X106.129 Y106.061
G1 F2700 E67.58487
G1 F1583.1 X106.119 Y106.03 E67.58549
G1 F2700 E62.58549
G0 F9000 X105.678 Y105.631
G0 X104.913 Y104.608
G0 X103.437 Y104.608
G0 X103.437 Y108.35
G0 X103.876 Y111.944
G0 X109.11 Y111.363
G0 X109.334 Y112.196
G0 X110.053 Y111.129
G0 X110 Y110.872
;TYPE:SKIN
G1 F2700 E67.58549
G1 F1500 X109.828 Y110.909 E67.589
G1 X109.435 Y111.204 E67.59881
G1 X109.332 Y111.379 E67.60286
G1 X109.229 Y111.204 E67.60691
G1 X108.908 Y110.966 E67.61489
G1 X108.487 Y110.816 E67.62381
G1 X107.493 Y110.815 E67.64364
G1 X107.111 Y110.933 E67.65162
G1 X106.995 Y111.005 E67.65434
G1 X106.66 Y110.857 E67.66165
G1 X105.828 Y110.764 E67.67836
G1 X105.184 Y110.829 E67.69128
G1 X104.679 Y110.989 E67.70185
G1 X104.208 Y111.235 E67.71245
G1 X104.208 Y109.272 E67.75163
G1 X106.06 Y109.268 E67.78859
G1 X106.31 Y109.229 E67.79363
G1 X106.505 Y109.153 E67.79781
G1 X106.881 Y109.269 E67.80566
G1 X107.983 Y109.269 E67.82766
G1 X108.378 Y109.096 E67.83626
G1 X108.633 Y109.208 E67.84182
G1 X108.889 Y109.264 E67.84705
G1 X109.911 Y109.264 E67.86744
G1 X110.297 Y109.092 E67.87588
G1 X110.58 Y109.221 E67.88208
G1 X110.925 Y109.271 E67.88904
G1 X112.717 Y109.264 E67.9248
G1 X113.132 Y109.169 E67.9333
G1 X113.287 Y109.085 E67.93682
G1 X113.44 Y109.169 E67.9403
G1 X113.815 Y109.272 E67.94806
G1 X115.788 Y109.272 E67.98743
G1 X115.788 Y110.88 E68.01952
G1 X115.544 Y110.812 E68.02458
G1 X114.661 Y110.815 E68.0422
G1 X114.207 Y110.962 E68.05172
G1 X114.02 Y110.865 E68.05593
G1 X113.627 Y110.807 E68.06385
G1 X110.246 Y110.82 E68.13133
G1 X110 Y110.872 E68.13634
G0 F9000 X110.055 Y111.129
G0 X109.558 Y111.363
G0 X109.334 Y111.836
G0 X109.11 Y111.363
G0 X104.764 Y111.235
G0 X104.59 Y110.812
G1 F1500 X104.408 Y110.63 E68.14148
G0 F9000 X104.408 Y110.065
G1 F1500 X105.017 Y110.674 E68.15867
G0 F9000 X105.504 Y110.595
G1 F1500 X104.408 Y109.499 E68.1896
G0 F9000 X104.946 Y109.471
G1 F1500 X106.06 Y110.585 E68.22104
G0 F9000 X106.698 Y110.658
G1 F1500 X105.51 Y109.47 E68.25457
G0 F9000 X106.074 Y109.468
G1 F1500 X107.279 Y110.673 E68.28857
G0 F9000 X107.788 Y110.616
G1 F1500 X106.548 Y109.376 E68.32357
G0 F9000 X107.208 Y109.471
G1 F1500 X108.35 Y110.613 E68.3558
G0 F9000 X108.349 Y111.072
G0 X109.055 Y111.398
G0 X109.333 Y111.03
G1 F1500 X107.771 Y109.468 E68.39988
G0 F9000 X108.245 Y109.377
G1 F1500 X109.657 Y110.788 E68.43972
G0 F9000 X110.083 Y110.649
G1 F1500 X108.898 Y109.464 E68.47316
G0 F9000 X109.466 Y109.466
G1 F1500 X110.614 Y110.614 E68.50556
G0 F9000 X111.178 Y110.613
G1 F1500 X110.01 Y109.444 E68.53854
G0 F9000 X110.555 Y109.424
G1 F1500 X111.743 Y110.611 E68.57205
G0 F9000 X112.307 Y110.61
G1 F1500 X111.166 Y109.469 E68.60425
G0 F9000 X111.729 Y109.466
G1 F1500 X112.871 Y110.608 E68.63648
G0 F9000 X113.435 Y110.607
G1 F1500 X112.293 Y109.464 E68.66873
G0 F9000 X112.835 Y109.441
G1 F1500 X114.066 Y110.671 E68.70345
G0 F9000 X114.589 Y110.629
G1 F1500 X113.296 Y109.336 E68.73994
G0 F9000 X113.998 Y109.472
G1 F1500 X115.14 Y110.614 E68.77217
G0 F9000 X115.589 Y110.497
G1 F1500 X114.563 Y109.472 E68.80112
G0 F9000 X115.129 Y109.472
G1 F1500 X115.589 Y109.932 E68.8141
G1 F2700 E63.8141
;MESH:NONMESH
G0 F300 Z0.8
G0 F9000 X116.048 Y109.932
G0 X115.976 Y109.084
G0 X108.608 Y108.35
G0 X108.616 Y106.916
G0 X107.432 Y106.523
;TIME_ELAPSED:170.074775
;LAYER:5
;TYPE:WALL-OUTER
;MESH:Lens_Openscad.stl
G1 F2700 E68.8141
G1 F1016.9 X107.396 Y106.586 E68.81623
G1 X107.323 Y106.586 E68.81838
G1 X107.286 Y106.523 E68.82053
G1 X107.322 Y106.46 E68.82267
G1 X107.395 Y106.46 E68.82482
G1 X107.432 Y106.523 E68.82697
G1 F2700 E63.82697
G0 F9000 X105.952 Y113.051
G0 X105.83 Y113.679
G0 X105.745 Y113.97
;TYPE:WALL-INNER
G1 F2700 E68.82697
G1 F1376.1 X105.949 Y113.964 E68.83141
G1 X106.016 Y113.884 E68.83368
G1 X106.071 Y113.703 E68.83779
G1 X106.049 Y113.415 E68.84408
G1 X105.987 Y113.283 E68.84725
G1 X105.903 Y113.239 E68.84931
G1 X105.745 Y113.266 E68.8528
G1 X105.679 Y113.346 E68.85505
G1 X105.622 Y113.534 E68.85933
G1 X105.687 Y113.921 E68.86786
G1 X105.745 Y113.97 E68.86951
G0 F9000 X106.017 Y114.388
;TYPE:WALL-OUTER
G1 F1500 X106.202 Y114.313 E68.8735
G1 X106.392 Y114.087 E68.87939
G1 X106.493 Y113.749 E68.88643
G1 X106.462 Y113.332 E68.89477
G1 X106.396 Y113.134 E68.89894
G1 X106.266 Y112.957 E68.90332
G1 X106.014 Y112.826 E68.90899
G1 X105.773 Y112.814 E68.91381
G1 X105.496 Y112.911 E68.91966
G1 X105.304 Y113.145 E68.9257
G1 X105.199 Y113.487 E68.93284
G1 X105.227 Y113.835 E68.93981
G1 X105.304 Y114.099 E68.9453
G1 X105.547 Y114.346 E68.95221
G1 X105.666 Y114.388 E68.95473
G1 X106.017 Y114.388 E68.96173
G1 F2700 E63.96173
G0 F9000 X105.877 Y113.695
G0 X106.266 Y113.725
G0 X108.702 Y114.071
G0 X108.973 Y114.341
G1 F2700 E68.96173
G1 F1298.7 X108.507 Y114.341 E68.97248
G1 F1295.9 X108.507 Y113.876 E68.98322
G1 F1298.7 X108.953 Y113.879 E68.9935
G1 X109.156 Y113.971 E68.99863
G1 X109.191 Y114.111 E69.00196
G1 X109.137 Y114.273 E69.0059
G1 X108.973 Y114.341 E69.00999
G1 F2700 E64.00999
G0 F9000 X108.942 Y114.066
G0 X109.079 Y115.444
G0 X110 Y115.951
G0 X110 Y115.476
;TYPE:WALL-INNER
G1 F2700 E69.00999
G1 F1500 X109.925 Y115.41 E69.01198
G1 X109.553 Y115.595 E69.02027
G1 X109.019 Y115.639 E69.03097
G1 X107.676 Y115.64 E69.05777
G1 X107.336 Y115.535 E69.06487
G1 X107.179 Y115.377 E69.06931
G1 X107.145 Y115.275 E69.07146
G1 X106.913 Y115.434 E69.07707
G1 X106.565 Y115.586 E69.08465
G1 X106.107 Y115.671 E69.09395
G1 X105.61 Y115.677 E69.10386
G1 X105.022 Y115.568 E69.1158
G1 X104.547 Y115.284 E69.12684
G1 X104.209 Y114.952 E69.1363
G1 X103.969 Y114.54 E69.14581
G1 X103.844 Y114.092 E69.15509
G1 F1538.5 X103.816 Y113.569 E69.16529
G1 F1542.4 X103.843 Y113.143 E69.17357
G1 F1507.5 X103.972 Y112.685 E69.18302
G1 F1503.8 X104.208 Y112.275 E69.19243
G1 F1500 X104.528 Y111.95 E69.20154
G1 X104.706 Y111.826 E69.20587
G1 X105.222 Y111.59 E69.21719
G1 X105.832 Y111.529 E69.22942
G1 X106.369 Y111.564 E69.24016
G1 X106.941 Y111.814 E69.25262
G1 X107.132 Y111.939 E69.25717
G1 X107.245 Y111.754 E69.2615
G1 X107.448 Y111.617 E69.26639
G1 X107.6 Y111.572 E69.26955
G1 X108.331 Y111.574 E69.28414
G1 X108.557 Y111.641 E69.28884
G1 X108.71 Y111.757 E69.29268
G1 X108.876 Y112.157 E69.30132
G1 X108.876 Y112.58 E69.30976
G1 X109.221 Y112.591 E69.31665
G1 X109.792 Y112.741 E69.32843
G1 X109.792 Y112.157 E69.34008
G1 X109.958 Y111.757 E69.34873
G1 X110.111 Y111.641 E69.35256
G1 X110.305 Y111.572 E69.35667
G1 X112.781 Y111.574 E69.40608
G1 X112.916 Y111.602 E69.40883
G1 X113.051 Y111.574 E69.41158
G1 X113.636 Y111.571 E69.42326
G1 X113.904 Y111.635 E69.42875
G1 X114.159 Y111.877 E69.43577
G1 X114.212 Y112.078 E69.43992
G1 X114.325 Y111.877 E69.44452
G1 X114.58 Y111.635 E69.45154
G1 X114.768 Y111.572 E69.45549
G1 X115.552 Y111.572 E69.47114
G1 X115.913 Y111.691 E69.47872
G1 F1503.8 X116.151 Y112.172 E69.48941
G1 F1500 X116.146 Y115.144 E69.54872
G1 F1492.5 X115.982 Y115.459 E69.55584
G1 F1500 X115.836 Y115.569 E69.55949
G1 X115.552 Y115.64 E69.56533
G1 X115.02 Y115.64 E69.57594
G1 X114.697 Y115.547 E69.58265
G1 X114.498 Y115.337 E69.58843
G1 X114.439 Y115.115 E69.59301
G1 X114.259 Y115.434 E69.60032
G1 X114.115 Y115.547 E69.60397
G1 X113.873 Y115.64 E69.60915
G1 X113.016 Y115.64 E69.62625
G1 X112.874 Y115.593 E69.62923
G1 X112.718 Y115.64 E69.63248
G1 X110.392 Y115.64 E69.6789
G1 X110.105 Y115.568 E69.68481
G1 X110 Y115.476 E69.68759
G0 F9000 X110 Y115.951
G0 X107.676 Y116.094
G1 F1181.1 X108.972 Y116.094 E69.72044
G1 F1127.8 X109.57 Y116.07 E69.73632
G1 F1000 X109.856 Y116.026 E69.74499
G1 F1041.7 X110.392 Y116.094 E69.76051
G1 F1160.5 X113.975 Y116.087 E69.85293
G0 F9000 X114.406 Y116.176
G1 F1408.5 X115.02 Y116.094 E69.86609
G1 X114.498 Y115.86 E69.87825
G1 F1538.5 X114.413 Y115.794 E69.88035
G1 F1250 X113.975 Y116.087 E69.89297
G1 F1379.3 X114.406 Y116.176 E69.90252
G0 F9000 X115.02 Y116.094
G1 F1178.8 X115.678 Y116.093 E69.91923
G1 F1190.5 X115.842 Y116.048 E69.9235
G1 F2700 E64.9235
G0 F9000 X115.993 Y115.479
G0 X115.993 Y111.736
G0 X110 Y111.241
G1 F2700 E69.9235
G1 F1500 X110.347 Y111.172 E69.93056
G1 X113.636 Y111.171 E69.9962
G1 X113.915 Y111.211 E70.00182
G1 X114.083 Y111.277 E70.00543
G1 X114.242 Y111.429 E70.00981
G1 X114.401 Y111.277 E70.0142
G1 X114.717 Y111.172 E70.02085
G1 X115.552 Y111.172 E70.03751
G1 X116.148 Y111.37 E70.05005
G1 X116.148 Y108.912 E70.0991
G1 X113.848 Y108.912 E70.145
G1 X113.565 Y108.83 E70.15088
G1 X113.288 Y108.63 E70.15769
G1 X113.158 Y108.75 E70.16123
G1 X112.785 Y108.911 E70.16933
G1 X110.948 Y108.912 E70.20599
G1 X110.691 Y108.879 E70.21116
G1 X110.417 Y108.76 E70.21712
G1 X110.296 Y108.652 E70.22036
G1 X110.175 Y108.76 E70.2236
G1 X109.837 Y108.908 E70.23096
G1 X108.952 Y108.908 E70.24862
G1 X108.547 Y108.78 E70.2571
G1 X108.38 Y108.581 E70.26228
G1 X108.213 Y108.78 E70.26747
G1 X107.833 Y108.912 E70.2755
G1 X106.918 Y108.912 E70.29375
G1 X106.6 Y108.825 E70.30033
G1 X106.498 Y108.715 E70.30333
G1 X106.396 Y108.825 E70.30632
G1 X106.1 Y108.906 E70.31245
G1 X103.848 Y108.912 E70.35739
G1 X103.849 Y112.068 E70.42037
G1 X104.243 Y111.67 E70.43154
G1 X104.539 Y111.462 E70.43876
G1 X104.967 Y111.266 E70.44816
G1 X105.211 Y111.19 E70.45326
G1 X105.825 Y111.128 E70.46557
G1 X106.461 Y111.17 E70.47829
G1 X107.039 Y111.42 E70.49086
G1 X107.296 Y111.247 E70.49704
G1 X107.553 Y111.171 E70.50239
G1 X108.368 Y111.176 E70.51866
G1 X108.692 Y111.249 E70.52528
G1 X108.999 Y111.48 E70.53295
G1 X109.298 Y112.202 E70.54855
G1 X109.392 Y112.221 E70.55046
G1 X109.392 Y112.148 E70.55192
G1 X109.669 Y111.48 E70.56635
G1 X109.981 Y111.245 E70.57414
G1 X110 Y111.241 E70.57453
G0 F9000 X115.971 Y111.135
G0 X116.23 Y108.83
G0 X113.799 Y108.901
G0 X110.296 Y108.822
G0 X110.296 Y107.969
G1 F1192.8 X110.296 Y106.174 E70.61958
G1 F2700 E65.61958
G0 F9000 X110.083 Y108.35
G0 X103.437 Y108.35
G0 X103.437 Y104.608
G0 X111.392 Y104.136
G0 X111.392 Y104.272
G1 F2700 E70.61958
G1 F1016.9 X111.821 Y103.954 E70.63529
G1 F1200 X111.392 Y103.841 E70.64636
G1 F1181.1 X110.983 Y103.965 E70.65719
G1 F1003.3 X111.392 Y104.272 E70.67245
G0 F9000 X110.983 Y103.965
G1 F1016.9 X110.348 Y103.922 E70.69118
G1 F1043.5 X109.674 Y103.948 E70.71053
G1 F903.6 X109.286 Y104.011 E70.72355
G1 F907.7 X108.752 Y103.946 E70.74129
G1 F1006.7 X108.16 Y103.946 E70.7589
G1 F991.7 X107.969 Y103.954 E70.76467
G0 F9000 X107.36 Y104.41
G1 F1351.4 X107.502 Y104.261 E70.76923
G1 F1134.2 X107.969 Y103.954 E70.78398
G1 X107.36 Y103.87 E70.8002
G1 F1153.8 X106.56 Y103.946 E70.82105
G1 X107.218 Y104.261 E70.83997
G1 F1351.4 X107.36 Y104.41 E70.84453
G0 F9000 X106.56 Y103.946
G1 F1006.7 X105.96 Y103.946 E70.86237
G1 F991.7 X105.769 Y103.954 E70.86814
G0 F9000 X105.216 Y104.379
G1 F1415.1 X105.344 Y104.24 E70.87214
G1 F1156.1 X105.769 Y103.954 E70.88541
G1 X105.216 Y103.86 E70.89993
G1 F1176.5 X104.472 Y103.946 E70.91899
G1 X105.088 Y104.24 E70.93635
G1 F1415.1 X105.216 Y104.379 E70.94035
G0 F9000 X104.472 Y103.946
G1 F1015.2 X104.296 Y103.951 E70.94554
G0 F9000 X111.821 Y103.954
G1 F991.7 X112.012 Y103.946 E70.95131
G1 F1006.7 X114.148 Y103.946 E71.01483
G1 F956.9 X114.518 Y103.977 E71.02644
G1 F949.4 X114.759 Y103.946 E71.0341
G1 F1000 X115.488 Y103.946 E71.05592
G1 F991.7 X115.752 Y103.97 E71.06393
G0 F9000 X116.257 Y104.186
G0 X116.533 Y106.95
G1 F1395.3 X116.533 Y105.044 E71.10481
G1 F1421.8 X116.551 Y104.252 E71.12149
G1 F1470.6 X116.457 Y103.966 E71.12762
G1 F1500 X116.34 Y103.781 E71.13199
G1 X116.175 Y103.626 E71.13651
G1 X115.926 Y103.488 E71.14219
G1 X115.719 Y103.448 E71.1464
G1 X104.255 Y103.448 E71.37517
G1 X103.966 Y103.54 E71.38122
G1 X103.625 Y103.821 E71.39004
G1 X103.488 Y104.074 E71.39578
G1 X103.448 Y104.278 E71.39993
G1 X103.448 Y104.803 E71.41041
G1 X103.706 Y104.45 E71.41913
G1 X104.472 Y104.444 E71.43442
G1 X104.837 Y104.567 E71.44211
G1 X104.975 Y104.715 E71.44615
G1 F1612.9 X105.044 Y105.044 E71.45239
G1 F1680.7 X105.058 Y105.51 E71.46069
G1 F1621.6 X105.507 Y105.51 E71.46898
G1 F1630.4 X105.411 Y105.244 E71.47417
G1 F1685.4 X105.388 Y105.044 E71.47774
G1 F1612.9 X105.457 Y104.715 E71.48398
G1 F1500 X105.595 Y104.567 E71.48802
G1 X105.877 Y104.444 E71.49416
G1 X106.56 Y104.444 E71.50779
G1 X106.946 Y104.584 E71.51599
G1 X107.086 Y104.731 E71.52004
G1 X107.243 Y105.176 E71.52945
G1 X107.48 Y105.176 E71.53418
G1 X107.631 Y104.733 E71.54352
G1 X107.774 Y104.584 E71.54764
G1 X108.075 Y104.444 E71.55427
G1 X108.752 Y104.444 E71.56778
G1 X109.028 Y104.511 E71.57345
G1 X109.201 Y104.652 E71.5779
G1 X109.715 Y104.444 E71.58897
G1 X110.348 Y104.396 E71.60163
G1 X110.996 Y104.487 E71.61469
G1 X111.48 Y104.74 E71.62559
G1 X111.698 Y104.532 E71.6316
G1 X111.932 Y104.444 E71.63659
G1 X114.148 Y104.444 E71.68082
G1 X114.345 Y104.476 E71.6848
G1 X114.49 Y104.551 E71.68806
G1 X114.518 Y104.605 E71.68927
G1 X114.546 Y104.551 E71.69049
G1 X114.753 Y104.444 E71.69514
G1 X115.571 Y104.444 E71.71146
G1 X115.808 Y104.537 E71.71654
G1 X115.926 Y104.632 E71.71956
G1 F1445.8 X116.103 Y105.044 E71.72885
G1 F1395.3 X116.103 Y106.833 E71.76723
G1 X116.416 Y106.833 E71.77394
G1 X116.533 Y106.95 E71.77749
G1 F2700 E66.77749
G0 F9000 X116.209 Y104.201
G0 X103.437 Y104.608
G0 X103.437 Y108.35
G0 X113.051 Y108.35
G0 X113.051 Y107.669
G0 X113.917 Y106.479
G1 F2700 E71.77749
G1 F1612.9 X113.614 Y106.51 E71.78314
G0 F9000 X113.288 Y107.448
G1 F1260.5 X113.754 Y106.885 E71.8005
G1 F1500 X113.934 Y106.849 E71.80416
G1 X114.288 Y106.848 E71.81123
G1 X114.288 Y105.991 E71.82833
G1 X114.148 Y106.108 E71.83197
G1 X113.213 Y106.109 E71.85063
G1 X113.213 Y106.51 E71.85863
G1 F1260.5 X113.288 Y107.448 E71.88098
G1 F1081.1 X113.288 Y107.971 E71.89546
G1 F2700 E66.89546
G0 F9000 X113.288 Y108.798
G0 X116.23 Y108.83
G0 X115.971 Y111.135
G0 X109.954 Y111.736
G0 X108.716 Y112.745
G0 X108.716 Y111.736
G0 X105.829 Y111.684
G0 X105.27 Y111.736
G0 X104.693 Y111.998
G0 X104.325 Y112.379
G0 X104.113 Y112.751
G0 X103.992 Y113.169
G0 X103.992 Y114.071
G0 X104.114 Y114.486
G0 X104.328 Y114.857
G0 X104.632 Y115.162
G0 X104.887 Y115.311
G0 X107.021 Y116.17
G1 F2700 E71.89546
G1 F1388.9 X107.676 Y116.094 E71.90967
G1 X107.121 Y115.846 E71.92277
G1 F1685.4 X107.046 Y115.788 E71.92446
G1 X106.78 Y115.904 E71.92961
G1 F1408.5 X106.242 Y116.101 E71.94179
G1 F1379.3 X106.588 Y116.161 E71.94941
G1 F1643.8 X107.021 Y116.17 E71.95729
G0 F9000 X106.242 Y116.101
G1 F1239.7 X105.664 Y116.112 E71.97125
G1 F1247.4 X105.472 Y116.103 E71.97587
G0 F9000 X105.037 Y116.125
G1 F1282.1 X105.472 Y116.103 E71.98604
G1 X105.048 Y116.003 E71.99621
G1 F1342.3 X104.718 Y115.88 E72.00406
G1 F1339.3 X104.272 Y115.617 E72.01563
G1 X103.872 Y115.211 E72.02837
G1 X103.871 Y115.676 E72.03877
G1 F1342.3 X103.926 Y115.853 E72.0429
G1 F1336.3 X104.071 Y116.022 E72.04789
G1 X104.319 Y116.125 E72.0539
G1 F1342.3 X105.037 Y116.125 E72.06992
G0 F9000 X110 Y116.24
G0 X110 Y116.548
G1 F1500 X115.76 Y116.547 E72.18486
G1 X116.034 Y116.457 E72.19062
G1 X116.218 Y116.342 E72.19495
G1 X116.369 Y116.178 E72.1994
G1 X116.507 Y115.925 E72.20515
G1 X116.548 Y115.719 E72.20934
G1 X116.548 Y108.402 E72.35536
G1 X116.416 Y108.512 E72.35879
G1 X113.897 Y108.512 E72.40906
G1 X113.636 Y108.415 E72.41461
G1 X113.487 Y108.278 E72.41865
G1 F1252.6 X113.288 Y107.971 E72.4274
G1 X113.089 Y108.278 E72.43614
G1 F1500 X112.94 Y108.415 E72.44018
G1 X112.716 Y108.511 E72.44504
G1 X111.946 Y108.509 E72.46041
G1 X111.78 Y108.465 E72.46383
G1 X111.614 Y108.509 E72.46726
G1 X110.842 Y108.512 E72.48267
G1 X110.629 Y108.421 E72.48729
G1 X110.479 Y108.287 E72.4913
G1 F1321.6 X110.296 Y107.969 E72.49961
G1 X110.113 Y108.287 E72.50792
G1 F1500 X109.963 Y108.421 E72.51194
G1 X109.752 Y108.513 E72.51653
G1 X108.989 Y108.51 E72.53176
G1 X108.746 Y108.433 E72.53685
G1 X108.479 Y108.116 E72.54512
G1 X108.444 Y107.912 E72.54925
G1 X108.444 Y107.661 E72.55426
G1 X108.281 Y108.116 E72.5639
G1 X108.014 Y108.433 E72.57217
G1 X107.716 Y108.512 E72.57832
G1 X106.932 Y108.508 E72.59397
G1 X106.763 Y108.46 E72.59748
G1 X106.498 Y108.175 E72.60524
G1 X106.233 Y108.46 E72.61301
G1 X106.055 Y108.509 E72.61669
G1 X103.872 Y108.512 E72.66026
G1 X103.447 Y108.155 E72.67133
G1 F1507.5 X103.446 Y113.18 E72.77111
G1 F1550.4 X103.437 Y113.62 E72.77961
G1 F1542.4 X103.448 Y114.212 E72.7911
G1 F1500 X103.448 Y115.741 E72.82161
G1 X103.54 Y116.034 E72.82774
G1 X103.658 Y116.217 E72.83209
G1 X103.819 Y116.369 E72.83651
G1 X104.074 Y116.507 E72.84229
G1 X104.278 Y116.548 E72.84644
G1 X110 Y116.548 E72.96063
G0 F9000 X110 Y116.948
;TYPE:WALL-OUTER
G1 F1500 X115.82 Y116.948 E73.07678
G1 X116.206 Y116.821 E73.08489
G1 X116.475 Y116.652 E73.09123
G1 X116.696 Y116.414 E73.09771
G1 X116.889 Y116.063 E73.1057
G1 X116.948 Y115.757 E73.11192
G1 X116.948 Y108.644 E73.25387
G1 F1566.6 X116.965 Y107.912 E73.26786
G1 F1639.3 X116.965 Y107.448 E73.27633
G1 F1566.6 X116.948 Y106.716 E73.29032
G1 F1500 X116.948 Y104.18 E73.34093
G1 X116.821 Y103.794 E73.34904
G1 X116.652 Y103.525 E73.35538
G1 X116.413 Y103.3 E73.36193
G1 X116.063 Y103.107 E73.36991
G1 X115.757 Y103.048 E73.37612
G1 X104.191 Y103.048 E73.60694
G1 X103.794 Y103.175 E73.61525
G1 X103.525 Y103.348 E73.62164
G1 X103.299 Y103.583 E73.62814
G1 X103.107 Y103.937 E73.63618
G1 X103.048 Y104.24 E73.64234
G1 F1315.8 X103.104 Y105.044 E73.66068
G1 F1167.3 X103.106 Y108.001 E73.7365
G1 F1310 X103.048 Y108.936 E73.75791
G1 F1500 X103.048 Y115.805 E73.89499
G1 X103.175 Y116.206 E73.90338
G1 X103.348 Y116.475 E73.90976
G1 X103.583 Y116.696 E73.9162
G1 X103.937 Y116.889 E73.92425
G1 X104.24 Y116.948 E73.93041
G1 X110 Y116.948 E74.04536
G1 F2700 E69.04536
G0 F9000 X110 Y116.24
G0 X109.941 Y115.233
G0 X110 Y114.823
G1 F2700 E74.04536
G1 F1500 X109.964 Y114.879 E74.04668
G1 X109.765 Y115.044 E74.05184
G1 X109.44 Y115.204 E74.05907
G1 X108.988 Y115.24 E74.06812
G1 X107.676 Y115.24 E74.0943
G1 X107.562 Y115.205 E74.09668
G1 X107.476 Y115.049 E74.10024
G1 X107.476 Y114.193 E74.11732
G1 F1554.4 X107.49 Y113.749 E74.12588
G1 X107.425 Y114.189 E74.13444
G1 F1500 X107.264 Y114.565 E74.1426
G1 X107.041 Y114.85 E74.14982
G1 X106.753 Y115.068 E74.15703
G1 X106.426 Y115.205 E74.16411
G1 X106.051 Y115.272 E74.17171
G1 X105.627 Y115.273 E74.18017
G1 X105.164 Y115.186 E74.18957
G1 X104.795 Y114.97 E74.19811
G1 X104.515 Y114.682 E74.20612
G1 X104.335 Y114.364 E74.21341
G1 X104.238 Y114.023 E74.22049
G1 X104.204 Y113.602 E74.22892
G1 X104.243 Y113.193 E74.23712
G1 X104.354 Y112.824 E74.24481
G1 X104.545 Y112.503 E74.25226
G1 X104.839 Y112.205 E74.26061
G1 X105.349 Y111.978 E74.27175
G1 X105.82 Y111.932 E74.2812
G1 X106.274 Y111.958 E74.29027
G1 X106.781 Y112.18 E74.30132
G1 X107.011 Y112.355 E74.30709
G1 F1492.5 X107.302 Y112.735 E74.31668
G1 F1477.8 X107.472 Y113.234 E74.32736
G1 F1485.1 X107.478 Y112.14 E74.34941
G1 F1500 X107.532 Y112.032 E74.35182
G1 X107.641 Y111.974 E74.35429
G1 X108.295 Y111.972 E74.36734
G1 X108.421 Y112.033 E74.37013
G1 X108.476 Y112.167 E74.37302
G1 X108.476 Y112.98 E74.38925
G1 X109.156 Y112.986 E74.40282
G1 X109.631 Y113.112 E74.41262
G1 X109.923 Y113.324 E74.41983
G1 X110.093 Y113.557 E74.42558
G1 F1496.3 X110.191 Y113.805 E74.43092
G1 X110.192 Y112.167 E74.46369
G1 F1500 X110.247 Y112.033 E74.46658
G1 X110.352 Y111.975 E74.46897
G1 X112.789 Y111.974 E74.5176
G1 F1546.4 X112.916 Y112.172 E74.52216
G1 X113.044 Y111.972 E74.52675
G1 F1500 X113.703 Y111.971 E74.5399
G1 X113.836 Y112.097 E74.54356
G1 X113.836 Y113.557 E74.5727
G1 X114.673 Y112.073 E74.6067
G1 X114.813 Y111.974 E74.61012
G1 X115.552 Y111.972 E74.62487
G1 X115.673 Y112.011 E74.6274
G1 X115.752 Y112.172 E74.63098
G1 X115.75 Y115.075 E74.68891
G1 X115.696 Y115.18 E74.69127
G1 X115.57 Y115.24 E74.69406
G1 X115.02 Y115.24 E74.70503
G1 X114.912 Y115.209 E74.70727
G1 X114.82 Y115.04 E74.71111
G1 X114.82 Y113.638 E74.73909
G1 X113.966 Y115.139 E74.77356
G1 X113.827 Y115.237 E74.77695
G1 X113.035 Y115.236 E74.79275
G1 F1392.1 X112.874 Y115.06 E74.79788
G1 X112.713 Y115.236 E74.80301
G1 F1500 X110.315 Y115.24 E74.85087
G1 X110.192 Y115.098 E74.85462
G1 X110.192 Y114.609 E74.86438
G1 F1574.8 X110.211 Y114.163 E74.87286
G1 X110.141 Y114.604 E74.88135
G1 F1500 X110 Y114.823 E74.88655
G0 F9000 X110.211 Y114.163
G1 F1570.7 X110.191 Y113.805 E74.89338
G1 F2700 E69.89338
G0 F9000 X107.49 Y113.749
G1 F2700 E74.89338
G1 F1538.5 X107.472 Y113.234 E74.90341
G1 F2700 E69.90341
G0 F9000 X112.915 Y112.668
G1 F2700 E74.90341
G1 F1591.5 X112.916 Y112.172 E74.91273
G1 F2700 E69.91273
G0 F9000 X112.916 Y111.264
G0 X112.874 Y111.764
G0 X112.874 Y114.576
G1 F2700 E74.91273
G1 F1301.5 X112.874 Y115.06 E74.92387
G0 F9000 X112.874 Y114.576
G1 F1415.1 X112.91 Y114.193 E74.932
G1 F1754.4 X112.957 Y113.906 E74.93697
G1 F2047.8 X112.958 Y113.392 E74.94448
G1 F1734.1 X112.904 Y113.036 E74.9507
G1 F1542.4 X112.915 Y112.668 E74.95784
G1 F1566.6 X112.739 Y112.825 E74.96235
G1 X111.181 Y112.825 E74.99212
G1 F1587.3 X111.181 Y113.203 E74.99925
G1 F1562.5 X112.609 Y113.203 E75.0266
G1 F1764.7 X112.666 Y113.392 E75.02995
G1 F2047.8 X112.665 Y113.881 E75.0371
G1 F1796.4 X112.615 Y114.035 E75.0398
G1 F1634.9 X111.172 Y114.036 E75.06622
G1 F1666.7 X111.172 Y114.396 E75.07268
G1 F1634.9 X112.691 Y114.395 E75.1005
G1 F1438.8 X112.874 Y114.576 E75.10585
G1 F2700 E70.10585
G0 F9000 X112.874 Y111.764
G0 X113.933 Y108.11
G1 F2700 E75.10585
G1 F1500 X113.805 Y108.034 E75.10882
G1 X113.764 Y107.93 E75.11105
G1 X113.764 Y107.448 E75.12067
G1 X113.902 Y107.248 E75.12552
G1 X114.688 Y107.248 E75.14121
G1 X114.688 Y106.248 E75.16116
G1 F1558.4 X114.703 Y105.044 E75.18429
G1 X114.774 Y104.879 E75.18774
G1 F1500 X114.888 Y104.844 E75.19012
G1 X115.536 Y104.849 E75.20305
G1 X115.634 Y104.906 E75.20532
G1 X115.688 Y105.044 E75.20827
G1 X115.688 Y107.248 E75.25226
G1 X116.416 Y107.248 E75.26678
G1 F1566.6 X116.599 Y107.448 E75.27196
G1 F1634.9 X116.598 Y107.944 E75.28105
G1 F1562.5 X116.416 Y108.112 E75.28579
G1 F1500 X113.933 Y108.11 E75.33534
G0 F9000 X113.933 Y108.822
G0 X111.78 Y108.822
G0 X111.78 Y107.932
G1 F1284.8 X111.778 Y106.001 E75.38033
G1 F2700 E70.38033
G0 F9000 X108.908 Y105.44
G1 F2700 E75.38033
G1 F1050.8 X108.784 Y105.804 E75.39129
G1 F2700 E70.39129
G0 F9000 X108.633 Y106.597
G0 X109.68 Y108.113
G1 F2700 E75.39129
G1 F1500 X108.966 Y108.112 E75.40553
G1 F1470.6 X108.844 Y107.967 E75.40939
G1 F1415.1 X108.828 Y106.124 E75.44838
G1 F1188.1 X108.784 Y105.804 E75.45652
G1 X108.606 Y106.085 E75.4649
G1 F1442.3 X107.905 Y107.98 E75.50683
G1 F1500 X107.796 Y108.11 E75.51022
G1 X106.941 Y108.111 E75.52728
G1 X106.82 Y107.981 E75.53082
G1 F1492.5 X106.526 Y107.178 E75.54797
G1 F1351.4 X106.384 Y106.911 E75.55467
G1 F1239.7 X106.252 Y106.548 E75.564
G1 F1388.9 X106.129 Y106.061 E75.57483
G1 X106.182 Y106.56 E75.58564
G1 F1239.7 X106.048 Y106.777 E75.5918
G1 F1293.1 X104.694 Y106.782 E75.62314
G1 F1351.4 X104.694 Y107.226 E75.63298
G1 F1293.1 X106.072 Y107.221 E75.66488
G1 F1339.3 X106.194 Y107.448 E75.67064
G1 F1467 X106.187 Y107.969 E75.68127
G1 F1488.8 X106.055 Y108.111 E75.68517
G1 F1500 X103.872 Y108.112 E75.72873
G1 F1310 X103.617 Y107.957 E75.73555
G1 F1167.3 X103.616 Y105.044 E75.81025
G1 F1315.8 X103.819 Y104.845 E75.81672
G1 F1500 X104.472 Y104.844 E75.82975
G1 X104.594 Y104.885 E75.83232
G1 X104.672 Y105.044 E75.83585
G1 X104.673 Y105.895 E75.85283
G1 F1515.2 X105.94 Y105.9 E75.87787
G1 F1554.4 X106.119 Y106.03 E75.88213
G1 F1542.4 X105.762 Y105.079 E75.90184
G1 F1500 X105.792 Y104.934 E75.9048
G1 X105.925 Y104.847 E75.90797
G1 X106.56 Y104.844 E75.92064
G1 X106.722 Y104.902 E75.92407
G1 X106.959 Y105.576 E75.93833
G1 X107.765 Y105.576 E75.95442
G1 X107.994 Y104.907 E75.96853
G1 X108.125 Y104.847 E75.9714
G1 X108.818 Y104.844 E75.98523
G1 X108.916 Y104.927 E75.98779
G1 F1470.6 X108.954 Y105.094 E75.99128
G1 F1224.5 X108.908 Y105.44 E75.99981
G1 F1169.6 X109.08 Y105.259 E76.0062
G1 F1345.3 X109.455 Y104.981 E76.01659
G1 F1418.4 X109.819 Y104.834 E76.02488
G1 F1470.6 X110.379 Y104.798 E76.0363
G1 F1500 X110.877 Y104.875 E76.04635
G1 X111.301 Y105.097 E76.0559
G1 X111.556 Y105.407 E76.06392
G1 F1477.8 X111.691 Y105.685 E76.07018
G1 F1363.6 X111.778 Y106.001 E76.07737
G1 F1382.5 X111.812 Y105.602 E76.08604
G1 F1500 X111.816 Y105.002 E76.09801
G1 X111.846 Y104.931 E76.09955
G1 X111.977 Y104.847 E76.10266
G1 X114.195 Y104.844 E76.14692
G1 X114.262 Y104.879 E76.14843
G1 F1558.4 X114.333 Y105.044 E76.15188
G1 F1617.3 X114.332 Y105.54 E76.16106
G1 F1554.4 X114.148 Y105.708 E76.16586
G1 F1500 X112.813 Y105.709 E76.1925
G1 X112.812 Y107.93 E76.23682
G1 X112.722 Y108.08 E76.24031
G1 X112.612 Y108.112 E76.2426
G1 X111.942 Y108.108 E76.25597
G1 F1385.7 X111.78 Y107.932 E76.26114
G1 X111.615 Y108.111 E76.2664
G1 F1500 X110.896 Y108.106 E76.28075
G1 X110.791 Y108.037 E76.28325
G1 X110.748 Y107.93 E76.28555
G1 X110.744 Y106.115 E76.32177
G1 X110.679 Y105.876 E76.32672
G1 X110.557 Y105.743 E76.33032
G1 X110.353 Y105.679 E76.33459
G1 X110.056 Y105.705 E76.34054
G1 X109.91 Y105.863 E76.34483
G1 X109.848 Y106.098 E76.34968
G1 X109.844 Y107.93 E76.38624
G1 X109.801 Y108.037 E76.38854
G1 X109.68 Y108.113 E76.39139
G1 F2700 E71.39139
G0 F9000 X109.68 Y108.822
G0 X103.437 Y108.35
G0 X103.437 Y104.608
G0 X104.913 Y104.608
G0 X105.678 Y105.631
G0 X106.129 Y106.061
G1 F2700 E76.39139
G1 F1583.1 X106.119 Y106.03 E76.39201
G1 F2700 E71.39201
G0 F9000 X105.678 Y105.631
G0 X104.913 Y104.608
G0 X103.437 Y104.608
G0 X103.437 Y108.35
G0 X103.865 Y111.919
G0 X109.113 Y111.366
G0 X109.334 Y112.201
G0 X110.053 Y111.129
G0 X110 Y110.874
;TYPE:SKIN
G1 F2700 E76.39201
G1 F1500 X109.824 Y110.913 E76.3956
G1 X109.435 Y111.204 E76.4053
G1 X109.332 Y111.384 E76.40944
G1 X109.229 Y111.204 E76.41358
G1 X108.909 Y110.966 E76.42153
G1 X108.487 Y110.816 E76.43047
G1 X107.497 Y110.815 E76.45023
G1 X107.181 Y110.903 E76.45677
G1 X107.002 Y111.012 E76.46096
G1 X106.7 Y110.88 E76.46753
G1 X106.394 Y110.805 E76.47382
G1 X105.825 Y110.772 E76.4852
G1 X105.162 Y110.832 E76.49848
G1 X104.836 Y110.929 E76.50527
G1 X104.396 Y111.13 E76.51492
G1 X104.208 Y111.257 E76.51945
G1 X104.209 Y109.273 E76.55904
G1 X106.099 Y109.271 E76.59676
G1 X106.495 Y109.154 E76.605
G1 X106.9 Y109.272 E76.61342
G1 X107.983 Y109.269 E76.63503
G1 X108.378 Y109.096 E76.64364
G1 X108.633 Y109.208 E76.64919
G1 X108.889 Y109.264 E76.65442
G1 X109.911 Y109.269 E76.67482
G1 X110.297 Y109.092 E76.68329
G1 X110.58 Y109.221 E76.6895
G1 X110.925 Y109.271 E76.69646
G1 X112.717 Y109.264 E76.73222
G1 X113.132 Y109.169 E76.74071
G1 X113.287 Y109.085 E76.74423
G1 X113.44 Y109.169 E76.74772
G1 X113.815 Y109.272 E76.75548
G1 X115.788 Y109.272 E76.79485
G1 X115.788 Y110.88 E76.82694
G1 X115.544 Y110.812 E76.83199
G1 X114.661 Y110.815 E76.84961
G1 X114.207 Y110.962 E76.85914
G1 X114.02 Y110.865 E76.86334
G1 X113.627 Y110.807 E76.87127
G1 X110.244 Y110.82 E76.93878
G1 X110 Y110.874 E76.94377
G0 F9000 X110.055 Y111.129
G0 X114.247 Y111.204
G0 X115.093 Y111.072
G0 X115.093 Y110.616
G1 F1500 X115.588 Y110.121 E76.95774
G0 F9000 X115.588 Y109.555
G1 F1500 X114.477 Y110.666 E76.98909
G0 F9000 X113.926 Y110.652
G1 F1500 X115.106 Y109.471 E77.02241
G0 F9000 X114.54 Y109.471
G1 F1500 X113.404 Y110.608 E77.05448
G0 F9000 X112.837 Y110.609
G1 F1500 X113.974 Y109.471 E77.08659
G0 F9000 X113.489 Y109.391
G1 F1500 X112.269 Y110.611 E77.12102
G0 F9000 X111.702 Y110.612
G1 F1500 X112.885 Y109.429 E77.1544
G0 F9000 X112.285 Y109.464
G1 F1500 X111.135 Y110.613 E77.18685
G0 F9000 X110.568 Y110.615
G1 F1500 X111.717 Y109.466 E77.21927
G0 F9000 X111.149 Y109.468
G1 F1500 X109.933 Y110.684 E77.25359
G0 F9000 X109.154 Y110.898
G1 F1500 X110.62 Y109.432 E77.29497
G0 F9000 X110.071 Y109.415
G1 F1500 X108.778 Y110.707 E77.33144
G0 F9000 X108.307 Y110.613
G1 F1500 X109.454 Y109.466 E77.36381
G0 F9000 X108.892 Y109.463
G1 F1500 X107.738 Y110.617 E77.39638
G0 F9000 X107.031 Y110.758
G1 F1500 X108.445 Y109.343 E77.4363
G0 F9000 X107.756 Y109.467
G1 F1500 X106.579 Y110.644 E77.46952
G0 F9000 X106.072 Y110.585
G1 F1500 X107.187 Y109.47 E77.50099
G0 F9000 X106.674 Y109.418
G1 F1500 X105.487 Y110.605 E77.53449
G0 F9000 X104.793 Y110.733
G1 F1500 X106.056 Y109.47 E77.57013
G0 F9000 X105.49 Y109.471
G1 F1500 X104.409 Y110.552 E77.60064
G0 F9000 X104.409 Y109.986
G1 F1500 X104.923 Y109.471 E77.61516
G1 F2700 E72.61516
;MESH:NONMESH
G0 F300 Z0.92
G0 F9000 X104.923 Y109.012
G0 X106.427 Y108.35
G0 X106.402 Y107.463
G0 X107.434 Y106.523
;TIME_ELAPSED:208.179618
;LAYER:6
;TYPE:WALL-OUTER
;MESH:Lens_Openscad.stl
G1 F2700 E77.61516
G1 F1020.4 X107.398 Y106.586 E77.61729
G1 X107.325 Y106.586 E77.61943
G1 X107.288 Y106.523 E77.62157
G1 X107.324 Y106.46 E77.6237
G1 X107.397 Y106.46 E77.62584
G1 X107.434 Y106.523 E77.62799
G1 F2700 E72.62799
G0 F9000 X105.919 Y113.044
G0 X105.947 Y113.97
;TYPE:WALL-INNER
G1 F2700 E77.62799
G1 F1376.1 X106.009 Y113.913 E77.62982
G1 X106.071 Y113.707 E77.6345
G1 F1388.9 X106.053 Y113.413 E77.64085
G1 F1398.6 X105.977 Y113.255 E77.6446
G1 X105.763 Y113.236 E77.6492
G1 X105.688 Y113.306 E77.65139
G1 X105.634 Y113.475 E77.65519
G1 F1388.9 X105.641 Y113.757 E77.66127
G1 F1376.1 X105.687 Y113.919 E77.66493
G1 X105.746 Y113.97 E77.66663
G1 X105.947 Y113.97 E77.671
G0 F9000 X106.026 Y114.388
;TYPE:WALL-OUTER
G1 F1500 X106.145 Y114.346 E77.67352
G1 X106.313 Y114.211 E77.67782
G1 X106.392 Y114.091 E77.68069
G1 X106.493 Y113.753 E77.68773
G1 X106.462 Y113.332 E77.69615
G1 X106.395 Y113.128 E77.70044
G1 X106.263 Y112.943 E77.70497
G1 X105.947 Y112.814 E77.71178
G1 X105.676 Y112.826 E77.7172
G1 X105.56 Y112.869 E77.71967
G1 X105.332 Y113.053 E77.72551
G1 X105.226 Y113.398 E77.73272
G1 X105.227 Y113.835 E77.74144
G1 X105.326 Y114.17 E77.74841
G1 X105.543 Y114.343 E77.75395
G1 X105.667 Y114.388 E77.75658
G1 X106.026 Y114.388 E77.76374
G1 F2700 E72.76374
G0 F9000 X105.877 Y113.695
G0 X106.266 Y113.726
G0 X108.702 Y114.069
G0 X108.974 Y114.34
G1 F2700 E77.76374
G1 F1293.1 X108.508 Y114.34 E77.77453
G1 X108.508 Y113.876 E77.78527
G1 X108.98 Y113.876 E77.7962
G1 X109.146 Y113.957 E77.80047
G1 X109.188 Y114.047 E77.80277
G1 X109.151 Y114.267 E77.80794
G1 X108.974 Y114.34 E77.81237
G1 F2700 E72.81237
G0 F9000 X108.942 Y114.066
G0 X109.2 Y115.438
G0 X110 Y115.951
G0 X110 Y115.476
;TYPE:WALL-INNER
G1 F2700 E77.81237
G1 F1500 X109.925 Y115.411 E77.81435
G1 X109.607 Y115.567 E77.82142
G1 X109.124 Y115.632 E77.83114
G1 X107.68 Y115.64 E77.85996
G1 X107.336 Y115.535 E77.86714
G1 X107.179 Y115.377 E77.87158
G1 X107.145 Y115.275 E77.87373
G1 X106.914 Y115.434 E77.87932
G1 X106.56 Y115.589 E77.88704
G1 X106.096 Y115.676 E77.89646
G1 X105.603 Y115.676 E77.9063
G1 X105.122 Y115.587 E77.91606
G1 X104.924 Y115.512 E77.92028
G1 X104.416 Y115.2 E77.93218
G1 X104.074 Y114.752 E77.94343
G1 X103.899 Y114.332 E77.95251
G1 X103.817 Y113.898 E77.96132
G1 F1522.8 X103.824 Y113.89 E77.96153
G1 F1538.5 X103.82 Y113.215 E77.97466
G1 F1515.2 X103.97 Y112.688 E77.98549
G1 F1500 X104.207 Y112.277 E77.99496
G1 X104.519 Y111.953 E78.00393
G1 X104.924 Y111.705 E78.01341
G1 X105.38 Y111.572 E78.02289
G1 X105.853 Y111.529 E78.03237
G1 X106.48 Y111.606 E78.04498
G1 X106.957 Y111.821 E78.05542
G1 X107.123 Y111.93 E78.05938
G1 X107.234 Y111.765 E78.06335
G1 X107.415 Y111.631 E78.06784
G1 X107.597 Y111.572 E78.07166
G1 X108.331 Y111.574 E78.08631
G1 X108.557 Y111.641 E78.09101
G1 X108.71 Y111.757 E78.09484
G1 X108.876 Y112.157 E78.10349
G1 X108.876 Y112.58 E78.11193
G1 X109.221 Y112.591 E78.11882
G1 X109.792 Y112.742 E78.1306
G1 X109.792 Y112.157 E78.14228
G1 X109.958 Y111.757 E78.15092
G1 X110.111 Y111.641 E78.15475
G1 X110.305 Y111.572 E78.15886
G1 X112.781 Y111.574 E78.20827
G1 X112.916 Y111.602 E78.21102
G1 X113.051 Y111.574 E78.21377
G1 X113.636 Y111.571 E78.22545
G1 X113.904 Y111.635 E78.23095
G1 X114.159 Y111.877 E78.23796
G1 X114.212 Y112.078 E78.24211
G1 X114.325 Y111.877 E78.24671
G1 X114.58 Y111.635 E78.25373
G1 X114.768 Y111.572 E78.25769
G1 X115.552 Y111.572 E78.27333
G1 X115.913 Y111.691 E78.28092
G1 F1503.8 X116.151 Y112.172 E78.2916
G1 F1500 X116.146 Y115.144 E78.35091
G1 F1492.5 X115.982 Y115.459 E78.35803
G1 F1500 X115.836 Y115.569 E78.36168
G1 X115.552 Y115.64 E78.36752
G1 X115.02 Y115.64 E78.37814
G1 X114.697 Y115.547 E78.38485
G1 X114.498 Y115.337 E78.39062
G1 X114.439 Y115.115 E78.3952
G1 X114.259 Y115.434 E78.40251
G1 X114.115 Y115.547 E78.40617
G1 X113.873 Y115.64 E78.41134
G1 X113.016 Y115.64 E78.42844
G1 X112.874 Y115.593 E78.43143
G1 X112.718 Y115.64 E78.43468
G1 X110.392 Y115.64 E78.4811
G1 X110.105 Y115.567 E78.48701
G1 X110 Y115.476 E78.48978
G0 F9000 X110 Y115.951
G0 X107.682 Y116.094
G1 F1169.6 X109.126 Y116.09 E78.52674
G1 F1094.9 X109.624 Y116.058 E78.54038
G1 F978.8 X109.855 Y116.026 E78.54751
G1 F1039.9 X110.392 Y116.094 E78.56309
G1 F1160.5 X113.975 Y116.087 E78.65551
G0 F9000 X114.406 Y116.176
G1 F1408.5 X115.02 Y116.094 E78.66868
G1 X114.498 Y115.86 E78.68083
G1 F1538.5 X114.413 Y115.794 E78.68293
G1 F1250 X113.975 Y116.087 E78.69555
G1 F1379.3 X114.406 Y116.176 E78.7051
G0 F9000 X115.02 Y116.094
G1 F1178.8 X115.678 Y116.093 E78.72181
G1 F1190.5 X115.842 Y116.048 E78.72608
G1 F2700 E73.72608
G0 F9000 X115.993 Y115.479
G0 X115.993 Y111.736
G0 X110 Y111.241
G1 F2700 E78.72608
G1 F1500 X110.347 Y111.172 E78.73314
G1 X113.636 Y111.171 E78.79878
G1 X113.915 Y111.211 E78.8044
G1 X114.083 Y111.277 E78.80801
G1 X114.242 Y111.429 E78.8124
G1 X114.401 Y111.277 E78.81679
G1 X114.717 Y111.172 E78.82343
G1 X115.552 Y111.172 E78.84009
G1 X116.148 Y111.37 E78.85263
G1 X116.148 Y108.912 E78.90168
G1 X113.848 Y108.912 E78.94758
G1 X113.565 Y108.83 E78.95346
G1 X113.288 Y108.63 E78.96028
G1 X113.158 Y108.75 E78.96381
G1 X112.785 Y108.911 E78.97191
G1 X110.948 Y108.912 E79.00857
G1 X110.691 Y108.879 E79.01374
G1 X110.417 Y108.76 E79.01971
G1 X110.296 Y108.652 E79.02294
G1 X110.175 Y108.76 E79.02618
G1 X109.837 Y108.908 E79.03354
G1 X108.952 Y108.908 E79.0512
G1 X108.547 Y108.78 E79.05968
G1 X108.38 Y108.581 E79.06486
G1 X108.213 Y108.78 E79.07005
G1 X107.832 Y108.912 E79.07809
G1 X106.933 Y108.91 E79.09604
G1 X106.601 Y108.827 E79.10286
G1 X106.498 Y108.715 E79.1059
G1 X106.395 Y108.827 E79.10894
G1 X106.042 Y108.911 E79.11618
G1 X103.848 Y108.912 E79.15996
G1 X103.849 Y112.071 E79.223
G1 X104.179 Y111.729 E79.23249
G1 X104.377 Y111.57 E79.23756
G1 X104.645 Y111.406 E79.24383
G1 X104.877 Y111.302 E79.2489
G1 X105.307 Y111.175 E79.25785
G1 X105.859 Y111.126 E79.26891
G1 X106.577 Y111.212 E79.28334
G1 X107.04 Y111.42 E79.29347
G1 X107.241 Y111.271 E79.29846
G1 X107.548 Y111.171 E79.3049
G1 X108.368 Y111.176 E79.32127
G1 X108.692 Y111.249 E79.32789
G1 X108.999 Y111.48 E79.33556
G1 X109.298 Y112.202 E79.35116
G1 X109.392 Y112.222 E79.35307
G1 X109.392 Y112.148 E79.35455
G1 X109.669 Y111.48 E79.36898
G1 X109.981 Y111.245 E79.37678
G1 X110 Y111.241 E79.37717
G0 F9000 X115.971 Y111.135
G0 X116.23 Y108.83
G0 X113.799 Y108.901
G0 X110.296 Y108.822
G0 X110.296 Y107.969
G1 F1192.8 X110.296 Y106.157 E79.42264
G1 F2700 E74.42264
G0 F9000 X110.083 Y108.35
G0 X103.437 Y108.35
G0 X103.437 Y104.608
G0 X109.295 Y104.136
G0 X109.295 Y104.225
G1 F2700 E79.42264
G1 F1115.2 X109.759 Y103.946 E79.43717
G1 X109.328 Y103.818 E79.44924
G1 X108.752 Y103.946 E79.46507
G1 X109.295 Y104.225 E79.48146
G0 F9000 X109.759 Y103.946
G1 F1049 X110.348 Y103.922 E79.49828
G1 F1022.1 X110.919 Y103.961 E79.51504
G0 F9000 X111.395 Y104.265
G1 F1071.4 X111.821 Y103.954 E79.52978
G1 F1200 X111.387 Y103.841 E79.54097
G1 F1363.6 X111.141 Y103.893 E79.54649
G1 F1073.3 X110.919 Y103.961 E79.55296
G1 F1060.1 X111.395 Y104.265 E79.56891
G0 F9000 X111.821 Y103.954
G1 F991.7 X112.012 Y103.946 E79.57468
G1 F1006.7 X114.148 Y103.946 E79.63819
G1 F956.9 X114.518 Y103.977 E79.64981
G1 F949.4 X114.759 Y103.946 E79.65747
G1 F1000 X115.488 Y103.946 E79.67929
G1 F991.7 X115.752 Y103.97 E79.68729
G1 F2700 E74.68729
G0 F9000 X103.437 Y104.608
G0 X103.437 Y108.35
G0 X113.051 Y108.35
G0 X113.051 Y107.669
G0 X113.917 Y106.479
G1 F2700 E79.68729
G1 F1612.9 X113.614 Y106.51 E79.69295
G0 F9000 X113.288 Y107.448
G1 F1260.5 X113.754 Y106.885 E79.7103
G1 F1500 X113.934 Y106.849 E79.71396
G1 X114.288 Y106.848 E79.72103
G1 X114.288 Y105.991 E79.73813
G1 X114.148 Y106.108 E79.74177
G1 X113.213 Y106.109 E79.76043
G1 X113.213 Y106.51 E79.76843
G1 F1260.5 X113.288 Y107.448 E79.79078
G1 F1081.1 X113.288 Y107.971 E79.80526
G1 F2700 E74.80526
G0 F9000 X113.288 Y108.798
G0 X103.437 Y108.35
G0 X103.437 Y104.608
G0 X108.752 Y103.946
G1 F2700 E79.80526
G1 F1006.7 X108.16 Y103.946 E79.82286
G1 F991.7 X107.969 Y103.954 E79.82863
G0 F9000 X107.36 Y104.41
G1 F1351.4 X107.502 Y104.261 E79.83319
G1 F1134.2 X107.969 Y103.954 E79.84794
G1 X107.36 Y103.87 E79.86417
G1 F1153.8 X106.56 Y103.946 E79.88502
G1 X107.218 Y104.261 E79.90394
G1 F1351.4 X107.36 Y104.41 E79.9085
G0 F9000 X106.56 Y103.946
G1 F1006.7 X105.96 Y103.946 E79.92634
G1 F991.7 X105.769 Y103.954 E79.93211
G0 F9000 X105.216 Y104.379
G1 F1415.1 X105.344 Y104.24 E79.93611
G1 F1156.1 X105.769 Y103.954 E79.94937
G1 X105.216 Y103.86 E79.9639
G1 F1176.5 X104.472 Y103.946 E79.98295
G1 X105.088 Y104.24 E80.00032
G1 F1415.1 X105.216 Y104.379 E80.00432
G0 F9000 X104.472 Y103.946
G1 F1015.2 X104.296 Y103.951 E80.00951
G0 F9000 X116.257 Y104.186
G0 X116.533 Y106.95
G1 F1395.3 X116.533 Y105.044 E80.0504
G1 F1421.8 X116.551 Y104.252 E80.06708
G1 F1470.6 X116.457 Y103.966 E80.07321
G1 F1500 X116.34 Y103.781 E80.07757
G1 X116.175 Y103.626 E80.08209
G1 X115.926 Y103.488 E80.08777
G1 X115.719 Y103.448 E80.09198
G1 X104.255 Y103.448 E80.32076
G1 X103.966 Y103.54 E80.32681
G1 X103.625 Y103.821 E80.33563
G1 X103.488 Y104.074 E80.34137
G1 X103.448 Y104.278 E80.34552
G1 X103.448 Y104.803 E80.35599
G1 X103.706 Y104.45 E80.36472
G1 X104.472 Y104.444 E80.38001
G1 X104.837 Y104.567 E80.38769
G1 X104.975 Y104.715 E80.39173
G1 F1612.9 X105.044 Y105.044 E80.39797
G1 F1680.7 X105.058 Y105.51 E80.40627
G1 F1621.6 X105.507 Y105.51 E80.41456
G1 F1630.4 X105.411 Y105.244 E80.41975
G1 F1685.4 X105.388 Y105.044 E80.42333
G1 F1612.9 X105.457 Y104.715 E80.42957
G1 F1500 X105.595 Y104.567 E80.43361
G1 X105.877 Y104.444 E80.43975
G1 X106.56 Y104.444 E80.45338
G1 X106.946 Y104.584 E80.46157
G1 X107.086 Y104.731 E80.46562
G1 X107.243 Y105.176 E80.47504
G1 X107.48 Y105.176 E80.47977
G1 X107.631 Y104.733 E80.48911
G1 X107.774 Y104.584 E80.49323
G1 X108.075 Y104.444 E80.49985
G1 X108.752 Y104.444 E80.51336
G1 X109.025 Y104.509 E80.51896
G1 X109.21 Y104.665 E80.52379
G1 X109.51 Y104.524 E80.53041
G1 X109.844 Y104.436 E80.5373
G1 X110.384 Y104.393 E80.54811
G1 X110.895 Y104.476 E80.55844
G1 X111.259 Y104.616 E80.56623
G1 X111.493 Y104.766 E80.57177
G1 X111.696 Y104.533 E80.57794
G1 X111.932 Y104.444 E80.58297
G1 X114.148 Y104.444 E80.6272
G1 X114.345 Y104.476 E80.63118
G1 X114.49 Y104.551 E80.63444
G1 X114.518 Y104.605 E80.63565
G1 X114.546 Y104.551 E80.63686
G1 X114.753 Y104.444 E80.64151
G1 X115.571 Y104.444 E80.65784
G1 X115.808 Y104.537 E80.66292
G1 X115.926 Y104.632 E80.66594
G1 F1445.8 X116.103 Y105.044 E80.67523
G1 F1395.3 X116.103 Y106.833 E80.7136
G1 X116.416 Y106.833 E80.72032
G1 X116.533 Y106.95 E80.72387
G1 F2700 E75.72387
G0 F9000 X116.209 Y104.201
G0 X103.437 Y104.608
G0 X103.437 Y108.35
G0 X113.288 Y108.858
G0 X116.23 Y108.83
G0 X115.971 Y111.135
G0 X109.954 Y111.736
G0 X108.716 Y112.745
G0 X108.716 Y111.736
G0 X105.856 Y111.683
G0 X105.399 Y111.723
G0 X104.984 Y111.852
G0 X104.62 Y112.073
G0 X104.325 Y112.379
G0 X104.113 Y112.751
G0 X103.965 Y113.264
G0 X103.962 Y113.829
G0 X104.042 Y114.285
G0 X104.208 Y114.677
G0 X104.533 Y115.102
G0 X104.977 Y115.364
G0 X107.022 Y116.17
G1 F2700 E80.72387
G1 F1388.9 X107.682 Y116.094 E80.73819
G1 X107.122 Y115.846 E80.75139
G1 F1690.1 X107.047 Y115.787 E80.75308
G1 X106.773 Y115.907 E80.75838
G1 F1421.8 X106.233 Y116.103 E80.77047
G1 F1392.1 X106.579 Y116.162 E80.77802
G1 F1648.4 X107.022 Y116.17 E80.78606
G0 F9000 X106.233 Y116.103
G1 F1247.4 X105.664 Y116.112 E80.79972
G1 F1250 X105.474 Y116.103 E80.80428
G0 F9000 X105.034 Y116.124
G1 F1282.1 X105.474 Y116.103 E80.81456
G1 X105.045 Y116.004 E80.82484
G1 F1336.3 X104.707 Y115.876 E80.83294
G1 F1339.3 X104.221 Y115.588 E80.84556
G1 F1345.3 X104.024 Y115.382 E80.85191
G1 F1348.3 X103.87 Y115.18 E80.85754
G1 X103.87 Y115.682 E80.86869
G1 X103.985 Y115.946 E80.87508
G1 F1342.3 X104.247 Y116.124 E80.88215
G1 F1336.3 X105.034 Y116.124 E80.89978
G0 F9000 X110 Y116.24
G0 X110 Y116.548
G1 F1500 X115.76 Y116.547 E81.01472
G1 X116.034 Y116.457 E81.02048
G1 X116.218 Y116.342 E81.02481
G1 X116.369 Y116.178 E81.02926
G1 X116.507 Y115.925 E81.03501
G1 X116.548 Y115.719 E81.0392
G1 X116.548 Y108.402 E81.18522
G1 X116.416 Y108.512 E81.18865
G1 X113.897 Y108.512 E81.23892
G1 X113.636 Y108.415 E81.24447
G1 X113.487 Y108.278 E81.24851
G1 F1252.6 X113.288 Y107.971 E81.25726
G1 X113.089 Y108.278 E81.266
G1 F1500 X112.94 Y108.415 E81.27004
G1 X112.716 Y108.511 E81.2749
G1 X111.946 Y108.509 E81.29027
G1 X111.78 Y108.465 E81.29369
G1 X111.614 Y108.509 E81.29712
G1 X110.842 Y108.512 E81.31253
G1 X110.629 Y108.421 E81.31715
G1 X110.479 Y108.287 E81.32116
G1 F1321.6 X110.296 Y107.969 E81.32947
G1 X110.113 Y108.287 E81.33778
G1 F1500 X109.963 Y108.421 E81.3418
G1 X109.752 Y108.513 E81.34639
G1 X108.989 Y108.51 E81.36162
G1 X108.746 Y108.433 E81.36671
G1 X108.479 Y108.116 E81.37498
G1 X108.444 Y107.912 E81.37911
G1 X108.444 Y107.661 E81.38412
G1 X108.281 Y108.116 E81.39376
G1 X108.014 Y108.433 E81.40203
G1 X107.716 Y108.512 E81.40818
G1 X106.942 Y108.509 E81.42363
G1 X106.764 Y108.461 E81.42731
G1 X106.498 Y108.175 E81.4351
G1 X106.232 Y108.461 E81.4429
G1 X106.021 Y108.512 E81.44723
G1 X103.872 Y108.512 E81.49012
G1 X103.447 Y108.155 E81.50119
G1 F1503.8 X103.447 Y113.102 E81.59967
G1 F1538.5 X103.439 Y113.317 E81.60385
G1 F1562.5 X103.44 Y113.923 E81.61546
G1 F1522.8 X103.449 Y113.931 E81.6157
G1 F1500 X103.45 Y115.752 E81.65204
G1 X103.54 Y116.034 E81.65795
G1 X103.658 Y116.217 E81.66229
G1 X103.82 Y116.369 E81.66673
G1 X104.074 Y116.508 E81.67251
G1 X104.278 Y116.548 E81.67665
G1 X110 Y116.548 E81.79084
G0 F9000 X110 Y116.948
;TYPE:WALL-OUTER
G1 F1500 X115.82 Y116.948 E81.90699
G1 X116.206 Y116.821 E81.9151
G1 X116.475 Y116.652 E81.92144
G1 X116.696 Y116.414 E81.92792
G1 X116.889 Y116.063 E81.93591
G1 X116.948 Y115.757 E81.94213
G1 X116.948 Y108.644 E82.08408
G1 F1566.6 X116.965 Y107.912 E82.09807
G1 F1639.3 X116.965 Y107.448 E82.10654
G1 F1566.6 X116.948 Y106.716 E82.12053
G1 F1500 X116.948 Y104.18 E82.17114
G1 X116.821 Y103.794 E82.17925
G1 X116.652 Y103.525 E82.18559
G1 X116.413 Y103.3 E82.19214
G1 X116.063 Y103.107 E82.20012
G1 X115.757 Y103.048 E82.20633
G1 X104.191 Y103.048 E82.43715
G1 X103.794 Y103.175 E82.44547
G1 X103.525 Y103.348 E82.45185
G1 X103.299 Y103.583 E82.45835
G1 X103.107 Y103.937 E82.46639
G1 X103.048 Y104.24 E82.47255
G1 F1315.8 X103.104 Y105.044 E82.49089
G1 F1167.3 X103.106 Y108.001 E82.56671
G1 F1310 X103.048 Y108.936 E82.58812
G1 F1500 X103.048 Y115.809 E82.72528
G1 X103.175 Y116.206 E82.7336
G1 X103.348 Y116.475 E82.73998
G1 X103.583 Y116.696 E82.74642
G1 X103.937 Y116.889 E82.75446
G1 X104.24 Y116.948 E82.76062
G1 X110 Y116.948 E82.87557
G1 F2700 E77.87557
G0 F9000 X110 Y116.24
G0 X109.941 Y115.233
G0 X110 Y114.831
G1 F2700 E82.87557
G1 F1500 X109.962 Y114.885 E82.87689
G1 X109.766 Y115.043 E82.88191
G1 X109.511 Y115.17 E82.8876
G1 X109.151 Y115.23 E82.89488
G1 X107.678 Y115.24 E82.92428
G1 X107.562 Y115.205 E82.92669
G1 X107.476 Y115.049 E82.93025
G1 X107.476 Y114.193 E82.94733
G1 F1554.4 X107.49 Y113.749 E82.95589
G1 X107.425 Y114.189 E82.96445
G1 F1500 X107.264 Y114.565 E82.97261
G1 X107.041 Y114.85 E82.97983
G1 X106.753 Y115.068 E82.98704
G1 X106.461 Y115.196 E82.99341
G1 X106.075 Y115.273 E83.00126
G1 X105.627 Y115.273 E83.0102
G1 X105.159 Y115.186 E83.0197
G1 X104.695 Y114.903 E83.03055
G1 X104.415 Y114.53 E83.03985
G1 X104.291 Y114.234 E83.04626
G1 X104.208 Y113.786 E83.05535
G1 X104.212 Y113.295 E83.06515
G1 X104.335 Y112.868 E83.07402
G1 X104.543 Y112.505 E83.08237
G1 X104.795 Y112.253 E83.08948
G1 X105.109 Y112.068 E83.09675
G1 X105.449 Y111.966 E83.10383
G1 X105.83 Y111.932 E83.11147
G1 X106.355 Y111.992 E83.12201
G1 X106.822 Y112.199 E83.13221
G1 X107.179 Y112.546 E83.14214
G1 X107.309 Y112.765 E83.14722
G1 F1485.1 X107.472 Y113.234 E83.15723
G1 X107.476 Y112.172 E83.17864
G1 F1500 X107.528 Y112.036 E83.18154
G1 X107.641 Y111.974 E83.18412
G1 X108.295 Y111.972 E83.19717
G1 X108.421 Y112.033 E83.19996
G1 X108.476 Y112.167 E83.20285
G1 X108.476 Y112.98 E83.21908
G1 X109.156 Y112.986 E83.23265
G1 X109.626 Y113.111 E83.24235
G1 X109.92 Y113.32 E83.24955
G1 X110.091 Y113.56 E83.25543
G1 F1496.3 X110.191 Y113.805 E83.26073
G1 X110.192 Y112.167 E83.29349
G1 F1500 X110.247 Y112.033 E83.29639
G1 X110.352 Y111.975 E83.29878
G1 X112.789 Y111.974 E83.34741
G1 F1546.4 X112.916 Y112.172 E83.35197
G1 X113.044 Y111.972 E83.35656
G1 F1500 X113.703 Y111.971 E83.36971
G1 X113.836 Y112.097 E83.37337
G1 X113.836 Y113.557 E83.40251
G1 X114.673 Y112.073 E83.43651
G1 X114.813 Y111.974 E83.43993
G1 X115.552 Y111.972 E83.45468
G1 X115.673 Y112.011 E83.45721
G1 X115.752 Y112.172 E83.46079
G1 X115.75 Y115.075 E83.51872
G1 X115.696 Y115.18 E83.52108
G1 X115.57 Y115.24 E83.52386
G1 X115.02 Y115.24 E83.53484
G1 X114.912 Y115.209 E83.53708
G1 X114.82 Y115.04 E83.54092
G1 X114.82 Y113.638 E83.5689
G1 X113.966 Y115.139 E83.60336
G1 X113.827 Y115.237 E83.60676
G1 X113.035 Y115.236 E83.62256
G1 F1392.1 X112.874 Y115.06 E83.62769
G1 X112.713 Y115.236 E83.63282
G1 F1500 X110.392 Y115.24 E83.67914
G1 X110.282 Y115.208 E83.68143
G1 X110.192 Y115.099 E83.68425
G1 X110.192 Y114.609 E83.69403
G1 F1574.8 X110.211 Y114.163 E83.70251
G1 X110.135 Y114.64 E83.71169
G1 F1500 X110 Y114.831 E83.71636
G0 F9000 X110.211 Y114.163
G1 F1570.7 X110.191 Y113.805 E83.72319
G1 F2700 E78.72319
G0 F9000 X107.49 Y113.749
G1 F2700 E83.72319
G1 F1538.5 X107.472 Y113.234 E83.73322
G1 F2700 E78.73322
G0 F9000 X112.915 Y112.668
G1 F2700 E83.73322
G1 F1591.5 X112.916 Y112.172 E83.74255
G1 F2700 E78.74255
G0 F9000 X112.916 Y111.264
G0 X112.874 Y111.764
G0 X112.874 Y114.576
G1 F2700 E83.74255
G1 F1301.5 X112.874 Y115.06 E83.75368
G0 F9000 X112.874 Y114.576
G1 F1415.1 X112.91 Y114.193 E83.76182
G1 F1754.4 X112.957 Y113.906 E83.76678
G1 F2047.8 X112.958 Y113.392 E83.77429
G1 F1734.1 X112.904 Y113.036 E83.78051
G1 F1542.4 X112.915 Y112.668 E83.78765
G1 F1566.6 X112.739 Y112.825 E83.79216
G1 X111.181 Y112.825 E83.82193
G1 F1587.3 X111.181 Y113.203 E83.82906
G1 F1562.5 X112.609 Y113.203 E83.85642
G1 F1764.7 X112.666 Y113.392 E83.85977
G1 F2047.8 X112.665 Y113.881 E83.86691
G1 F1796.4 X112.615 Y114.035 E83.86961
G1 F1634.9 X111.172 Y114.036 E83.89603
G1 F1666.7 X111.172 Y114.396 E83.9025
G1 F1634.9 X112.691 Y114.395 E83.93031
G1 F1438.8 X112.874 Y114.576 E83.93567
G1 F2700 E78.93567
G0 F9000 X112.874 Y111.764
G0 X113.933 Y108.11
G1 F2700 E83.93567
G1 F1500 X113.805 Y108.034 E83.93864
G1 X113.764 Y107.93 E83.94087
G1 X113.764 Y107.448 E83.95049
G1 X113.902 Y107.248 E83.95533
G1 X114.688 Y107.248 E83.97102
G1 X114.688 Y106.248 E83.99098
G1 F1558.4 X114.703 Y105.044 E84.0141
G1 X114.774 Y104.879 E84.01755
G1 F1500 X114.888 Y104.844 E84.01993
G1 X115.536 Y104.849 E84.03287
G1 X115.634 Y104.906 E84.03513
G1 X115.688 Y105.044 E84.03809
G1 X115.688 Y107.248 E84.08207
G1 X116.416 Y107.248 E84.0966
G1 F1566.6 X116.599 Y107.448 E84.10178
G1 F1634.9 X116.598 Y107.944 E84.11086
G1 F1562.5 X116.416 Y108.112 E84.1156
G1 F1500 X113.933 Y108.11 E84.16515
G0 F9000 X113.933 Y108.822
G0 X111.78 Y108.822
G0 X111.78 Y107.932
G1 F1279.3 X111.776 Y105.971 E84.21104
G1 F2700 E79.21104
G0 F9000 X108.91 Y105.435
G1 F2700 E84.21104
G1 F1052.6 X108.784 Y105.804 E84.22213
G1 F2700 E79.22213
G0 F9000 X108.633 Y106.597
G0 X109.68 Y108.113
G1 F2700 E84.22213
G1 F1500 X108.966 Y108.112 E84.23638
G1 F1470.6 X108.844 Y107.967 E84.24023
G1 F1415.1 X108.828 Y106.124 E84.27922
G1 F1188.1 X108.784 Y105.804 E84.28736
G1 X108.606 Y106.085 E84.29574
G1 F1442.3 X107.905 Y107.98 E84.33767
G1 F1500 X107.796 Y108.11 E84.34106
G1 X106.941 Y108.111 E84.35812
G1 X106.82 Y107.981 E84.36167
G1 F1492.5 X106.526 Y107.178 E84.37882
G1 F1351.4 X106.384 Y106.911 E84.38552
G1 F1239.7 X106.252 Y106.548 E84.39484
G1 F1388.9 X106.129 Y106.061 E84.40567
G1 X106.182 Y106.56 E84.41648
G1 F1239.7 X106.048 Y106.777 E84.42264
G1 F1293.1 X104.694 Y106.782 E84.45399
G1 F1351.4 X104.694 Y107.226 E84.46382
G1 F1293.1 X106.072 Y107.221 E84.49572
G1 F1339.3 X106.194 Y107.448 E84.50148
G1 F1467 X106.187 Y107.969 E84.51211
G1 F1488.8 X106.054 Y108.112 E84.51604
G1 F1500 X103.872 Y108.112 E84.55958
G1 F1310 X103.617 Y107.957 E84.5664
G1 F1167.3 X103.616 Y105.044 E84.6411
G1 F1315.8 X103.819 Y104.845 E84.64757
G1 F1500 X104.472 Y104.844 E84.6606
G1 X104.594 Y104.885 E84.66317
G1 X104.672 Y105.044 E84.6667
G1 X104.673 Y105.895 E84.68368
G1 F1515.2 X105.94 Y105.9 E84.70872
G1 F1554.4 X106.119 Y106.03 E84.71298
G1 F1542.4 X105.762 Y105.079 E84.73269
G1 F1500 X105.792 Y104.934 E84.73565
G1 X105.925 Y104.847 E84.73882
G1 X106.56 Y104.844 E84.75149
G1 X106.722 Y104.902 E84.75492
G1 X106.959 Y105.576 E84.76918
G1 X107.765 Y105.576 E84.78527
G1 X107.994 Y104.907 E84.79938
G1 X108.125 Y104.847 E84.80225
G1 X108.824 Y104.844 E84.8162
G1 X108.941 Y104.977 E84.81974
G1 F1445.8 X108.957 Y105.112 E84.82255
G1 F1209.7 X108.91 Y105.435 E84.83063
G1 F1171.9 X109.08 Y105.257 E84.83692
G1 F1388.9 X109.359 Y105.038 E84.84456
G1 F1500 X109.615 Y104.91 E84.85027
G1 X109.913 Y104.83 E84.85643
G1 X110.381 Y104.798 E84.86579
G1 X110.811 Y104.872 E84.8745
G1 X111.067 Y104.968 E84.87995
G1 X111.328 Y105.137 E84.88616
G1 X111.529 Y105.362 E84.89218
G1 F1467 X111.694 Y105.688 E84.89964
G1 F1348.3 X111.776 Y105.971 E84.90618
G1 F1366.7 X111.809 Y105.61 E84.91412
G1 F1485.1 X111.812 Y104.99 E84.92661
G1 F1492.5 X111.927 Y104.847 E84.93029
G1 F1500 X114.195 Y104.844 E84.97555
G1 X114.262 Y104.879 E84.97706
G1 F1558.4 X114.333 Y105.044 E84.98051
G1 F1617.3 X114.332 Y105.54 E84.98969
G1 F1554.4 X114.148 Y105.708 E84.99449
G1 F1500 X112.813 Y105.709 E85.02113
G1 X112.812 Y107.93 E85.06545
G1 X112.722 Y108.08 E85.06895
G1 X112.612 Y108.112 E85.07123
G1 X111.942 Y108.108 E85.0846
G1 F1385.7 X111.78 Y107.932 E85.08977
G1 X111.615 Y108.111 E85.09503
G1 F1500 X110.896 Y108.106 E85.10938
G1 X110.791 Y108.037 E85.11189
G1 X110.748 Y107.93 E85.11419
G1 X110.744 Y106.11 E85.15051
G1 X110.663 Y105.842 E85.15609
G1 X110.519 Y105.723 E85.15982
G1 X110.287 Y105.677 E85.16454
G1 X110.063 Y105.719 E85.16909
G1 X109.927 Y105.83 E85.17259
G1 X109.848 Y106.007 E85.17646
G1 X109.844 Y107.93 E85.21484
G1 X109.801 Y108.037 E85.21714
G1 X109.68 Y108.113 E85.21999
G1 F2700 E80.21999
G0 F9000 X109.68 Y108.822
G0 X103.437 Y108.35
G0 X103.437 Y104.608
G0 X104.913 Y104.608
G0 X105.678 Y105.631
G0 X106.129 Y106.061
G1 F2700 E85.21999
G1 F1583.1 X106.119 Y106.03 E85.22061
G1 F2700 E80.22061
G0 F9000 X105.678 Y105.631
G0 X104.913 Y104.608
G0 X103.437 Y104.608
G0 X103.437 Y108.35
G0 X103.875 Y111.941
G0 X109.113 Y111.366
G0 X109.334 Y112.201
G0 X110.053 Y111.129
G0 X110 Y110.874
;TYPE:SKIN
G1 F2700 E85.22061
G1 F1500 X109.824 Y110.913 E85.2242
G1 X109.435 Y111.204 E85.2339
G1 X109.332 Y111.384 E85.23804
G1 X109.229 Y111.204 E85.24217
G1 X108.909 Y110.966 E85.25013
G1 X108.487 Y110.816 E85.25907
G1 X107.493 Y110.815 E85.27891
G1 X107.111 Y110.933 E85.28689
G1 X106.995 Y111.005 E85.28961
G1 X106.66 Y110.857 E85.29692
G1 X105.829 Y110.764 E85.31361
G1 X105.221 Y110.82 E85.32579
G1 X104.749 Y110.965 E85.33564
G1 X104.474 Y111.089 E85.34166
G1 X104.208 Y111.25 E85.34787
G1 X104.208 Y109.272 E85.38734
G1 X106.06 Y109.268 E85.4243
G1 X106.31 Y109.229 E85.42935
G1 X106.505 Y109.153 E85.43353
G1 X106.881 Y109.269 E85.44138
G1 X107.983 Y109.269 E85.46337
G1 X108.378 Y109.096 E85.47198
G1 X108.633 Y109.208 E85.47754
G1 X108.889 Y109.264 E85.48276
G1 X109.911 Y109.269 E85.50316
G1 X110.297 Y109.092 E85.51163
G1 X110.58 Y109.221 E85.51784
G1 X110.925 Y109.271 E85.5248
G1 X112.717 Y109.264 E85.56056
G1 X113.132 Y109.169 E85.56906
G1 X113.287 Y109.085 E85.57257
G1 X113.44 Y109.169 E85.57606
G1 X113.815 Y109.272 E85.58382
G1 X115.788 Y109.272 E85.62319
G1 X115.788 Y110.88 E85.65528
G1 X115.544 Y110.812 E85.66033
G1 X114.661 Y110.815 E85.67796
G1 X114.207 Y110.962 E85.68748
G1 X114.02 Y110.865 E85.69168
G1 X113.627 Y110.807 E85.69961
G1 X110.244 Y110.82 E85.76712
G1 X110 Y110.874 E85.77211
G0 F9000 X110.055 Y111.129
G0 X109.555 Y111.366
G0 X109.334 Y111.841
G0 X109.113 Y111.366
G0 X104.782 Y111.237
G0 X104.595 Y110.817
G1 F1500 X104.408 Y110.63 E85.77739
G0 F9000 X104.408 Y110.065
G1 F1500 X105.015 Y110.671 E85.7945
G0 F9000 X105.504 Y110.595
G1 F1500 X104.408 Y109.499 E85.82544
G0 F9000 X104.946 Y109.471
G1 F1500 X106.059 Y110.584 E85.85685
G0 F9000 X106.698 Y110.658
G1 F1500 X105.51 Y109.47 E85.89038
G0 F9000 X106.074 Y109.468
G1 F1500 X107.279 Y110.673 E85.92438
G0 F9000 X107.788 Y110.616
G1 F1500 X106.548 Y109.376 E85.95938
G0 F9000 X107.208 Y109.471
G1 F1500 X108.35 Y110.613 E85.99161
G0 F9000 X108.349 Y111.072
G0 X109.055 Y111.399
G0 X109.334 Y111.031
G1 F1500 X107.771 Y109.468 E86.03572
G0 F9000 X108.245 Y109.377
G1 F1500 X109.657 Y110.789 E86.07557
G0 F9000 X110.085 Y110.65
G1 F1500 X108.898 Y109.464 E86.10905
G0 F9000 X109.466 Y109.466
G1 F1500 X110.614 Y110.614 E86.14145
G0 F9000 X111.178 Y110.613
G1 F1500 X110.01 Y109.444 E86.17443
G0 F9000 X110.555 Y109.424
G1 F1500 X111.743 Y110.611 E86.20794
G0 F9000 X112.307 Y110.61
G1 F1500 X111.166 Y109.469 E86.24015
G0 F9000 X111.729 Y109.466
G1 F1500 X112.871 Y110.608 E86.27238
G0 F9000 X113.435 Y110.607
G1 F1500 X112.293 Y109.464 E86.30462
G0 F9000 X112.835 Y109.441
G1 F1500 X114.066 Y110.671 E86.33935
G0 F9000 X114.589 Y110.629
G1 F1500 X113.296 Y109.336 E86.37584
G0 F9000 X113.998 Y109.472
G1 F1500 X115.14 Y110.614 E86.40807
G0 F9000 X115.589 Y110.497
G1 F1500 X114.563 Y109.472 E86.43701
G0 F9000 X115.129 Y109.472
G1 F1500 X115.589 Y109.932 E86.44999
G1 F2700 E81.44999
;MESH:NONMESH
G0 F300 Z1.04
G0 F9000 X116.048 Y109.932
G0 X115.976 Y109.084
G0 X108.608 Y108.35
G0 X108.616 Y106.916
G0 X107.432 Y106.523
;TIME_ELAPSED:248.532119
;LAYER:7
;TYPE:WALL-OUTER
;MESH:Lens_Openscad.stl
G1 F2700 E86.44999
G1 F1016.9 X107.396 Y106.586 E86.45213
G1 X107.323 Y106.586 E86.45428
G1 X107.286 Y106.523 E86.45643
G1 X107.322 Y106.46 E86.45856
G1 X107.395 Y106.46 E86.46071
G1 X107.432 Y106.523 E86.46286
G1 F2700 E81.46286
G0 F9000 X105.895 Y113.043
G0 X105.949 Y113.976
;TYPE:WALL-INNER
G1 F2700 E86.46286
G1 F1411.8 X106.014 Y113.915 E86.46475
G1 F1401.9 X106.062 Y113.543 E86.47276
G1 F1395.3 X105.964 Y113.266 E86.47907
G1 X105.761 Y113.237 E86.48346
G1 X105.657 Y113.353 E86.48681
G1 F1401.9 X105.634 Y113.77 E86.49572
G1 F1411.8 X105.68 Y113.92 E86.49905
G1 X105.744 Y113.976 E86.50085
G1 X105.949 Y113.976 E86.5052
G0 F9000 X106.026 Y114.388
;TYPE:WALL-OUTER
G1 F1500 X106.145 Y114.346 E86.50772
G1 X106.313 Y114.211 E86.51202
G1 X106.392 Y114.09 E86.5149
G1 X106.468 Y113.835 E86.52021
G1 X106.479 Y113.501 E86.52688
G1 X106.392 Y113.132 E86.53445
G1 X106.209 Y112.911 E86.54017
G1 X105.927 Y112.814 E86.54613
G1 X105.604 Y112.829 E86.55258
G1 X105.384 Y113.011 E86.55828
G1 X105.26 Y113.204 E86.56285
G1 X105.213 Y113.52 E86.56923
G1 X105.224 Y113.838 E86.57558
G1 X105.325 Y114.169 E86.58249
G1 X105.546 Y114.345 E86.58812
G1 X105.67 Y114.388 E86.59074
G1 X106.026 Y114.388 E86.59785
G1 F2700 E81.59785
G0 F9000 X105.881 Y113.697
G0 X106.243 Y113.8
G0 X108.702 Y114.069
G0 X108.508 Y114.34
G1 F2700 E86.59785
G1 F1293.1 X108.508 Y113.876 E86.60859
G1 X108.965 Y113.876 E86.61917
G1 X109.129 Y113.946 E86.6233
G1 X109.188 Y114.058 E86.62623
G1 X109.151 Y114.267 E86.63114
G1 X108.974 Y114.339 E86.63556
G1 X108.508 Y114.34 E86.64635
G1 F2700 E81.64635
G0 F9000 X108.758 Y114.095
G0 X109.45 Y115.423
G0 X110 Y115.951
G0 X110 Y115.478
;TYPE:WALL-INNER
G1 F2700 E86.64635
G1 F1500 X109.92 Y115.407 E86.64848
G1 X109.786 Y115.481 E86.65154
G1 X109.464 Y115.588 E86.65831
G1 X109.11 Y115.636 E86.66544
G1 X107.678 Y115.64 E86.69402
G1 X107.336 Y115.535 E86.70116
G1 X107.179 Y115.377 E86.7056
G1 X107.145 Y115.275 E86.70775
G1 X106.914 Y115.434 E86.71334
G1 X106.56 Y115.589 E86.72106
G1 X106.096 Y115.676 E86.73048
G1 X105.607 Y115.676 E86.74024
G1 X105.025 Y115.568 E86.75205
G1 X104.529 Y115.275 E86.76354
G1 X104.203 Y114.949 E86.77274
G1 X103.97 Y114.542 E86.7821
G1 X103.844 Y114.092 E86.79143
G1 F1538.5 X103.816 Y113.57 E86.8016
G1 F1542.4 X103.843 Y113.141 E86.80994
G1 F1507.5 X103.97 Y112.688 E86.81928
G1 F1500 X104.206 Y112.277 E86.82874
G1 X104.519 Y111.953 E86.83773
G1 X104.924 Y111.705 E86.84721
G1 X105.38 Y111.572 E86.85669
G1 X105.853 Y111.529 E86.86617
G1 X106.486 Y111.607 E86.87889
G1 X106.955 Y111.822 E86.88919
G1 X107.125 Y111.94 E86.89332
G1 X107.233 Y111.766 E86.89741
G1 X107.412 Y111.632 E86.90187
G1 X107.597 Y111.572 E86.90575
G1 X108.331 Y111.574 E86.9204
G1 X108.557 Y111.641 E86.9251
G1 X108.709 Y111.756 E86.92891
G1 X108.876 Y112.152 E86.93748
G1 X108.876 Y112.58 E86.94602
G1 X109.236 Y112.585 E86.95321
G1 X109.552 Y112.662 E86.9597
G1 X109.792 Y112.765 E86.96491
G1 X109.792 Y112.152 E86.97714
G1 X109.959 Y111.756 E86.98572
G1 X110.111 Y111.641 E86.98952
G1 X110.305 Y111.572 E86.99363
G1 X112.781 Y111.574 E87.04304
G1 X112.916 Y111.602 E87.0458
G1 X113.051 Y111.574 E87.04855
G1 X113.636 Y111.571 E87.06022
G1 X113.904 Y111.635 E87.06572
G1 X114.159 Y111.877 E87.07274
G1 X114.212 Y112.078 E87.07688
G1 X114.325 Y111.877 E87.08149
G1 X114.58 Y111.635 E87.0885
G1 X114.768 Y111.572 E87.09246
G1 X115.552 Y111.572 E87.1081
G1 X115.913 Y111.691 E87.11569
G1 F1503.8 X116.151 Y112.172 E87.12637
G1 F1500 X116.146 Y115.144 E87.18568
G1 F1492.5 X115.982 Y115.459 E87.1928
G1 F1500 X115.836 Y115.569 E87.19645
G1 X115.552 Y115.64 E87.20229
G1 X115.02 Y115.64 E87.21291
G1 X114.697 Y115.547 E87.21962
G1 X114.498 Y115.337 E87.22539
G1 X114.439 Y115.115 E87.22998
G1 X114.259 Y115.434 E87.23729
G1 X114.115 Y115.547 E87.24094
G1 X113.873 Y115.64 E87.24611
G1 X113.016 Y115.64 E87.26321
G1 X112.874 Y115.593 E87.2662
G1 X112.718 Y115.64 E87.26945
G1 X110.392 Y115.64 E87.31587
G1 X110.097 Y115.563 E87.32195
G1 X110 Y115.478 E87.32453
G0 F9000 X110 Y115.951
G0 X108.666 Y116.16
G0 X107.679 Y116.094
G1 F1174.2 X109.111 Y116.092 E87.36103
G1 F1111.1 X109.547 Y116.064 E87.3728
G1 F982 X109.838 Y116.021 E87.38177
G1 F1032.7 X110.392 Y116.094 E87.39797
G1 F1160.5 X113.975 Y116.087 E87.49039
G0 F9000 X114.406 Y116.176
G1 F1408.5 X115.02 Y116.094 E87.50355
G1 X114.498 Y115.86 E87.51571
G1 F1538.5 X114.413 Y115.794 E87.5178
G1 F1250 X113.975 Y116.087 E87.53042
G1 F1379.3 X114.406 Y116.176 E87.53997
G0 F9000 X115.02 Y116.094
G1 F1178.8 X115.678 Y116.093 E87.55668
G1 F1190.5 X115.842 Y116.048 E87.56096
G1 F2700 E82.56096
G0 F9000 X115.993 Y115.479
G0 X115.993 Y111.736
G0 X110 Y111.241
G1 F2700 E87.56096
G1 F1500 X110.347 Y111.172 E87.56802
G1 X113.636 Y111.171 E87.63365
G1 X113.915 Y111.211 E87.63928
G1 X114.083 Y111.277 E87.64288
G1 X114.242 Y111.429 E87.64727
G1 X114.401 Y111.277 E87.65166
G1 X114.717 Y111.172 E87.65831
G1 X115.552 Y111.172 E87.67497
G1 X116.148 Y111.37 E87.6875
G1 X116.148 Y108.912 E87.73655
G1 X113.848 Y108.912 E87.78245
G1 X113.565 Y108.83 E87.78833
G1 X113.288 Y108.63 E87.79515
G1 X113.158 Y108.75 E87.79868
G1 X112.785 Y108.911 E87.80679
G1 X110.948 Y108.912 E87.84345
G1 X110.691 Y108.879 E87.84862
G1 X110.417 Y108.76 E87.85458
G1 X110.296 Y108.652 E87.85782
G1 X110.175 Y108.76 E87.86105
G1 X109.837 Y108.908 E87.86842
G1 X108.952 Y108.908 E87.88608
G1 X108.547 Y108.78 E87.89456
G1 X108.38 Y108.581 E87.89974
G1 X108.213 Y108.78 E87.90492
G1 X107.832 Y108.912 E87.91297
G1 X106.933 Y108.91 E87.93091
G1 X106.601 Y108.827 E87.93774
G1 X106.498 Y108.715 E87.94078
G1 X106.395 Y108.827 E87.94381
G1 X106.042 Y108.911 E87.95105
G1 X103.848 Y108.912 E87.99484
G1 X103.849 Y112.071 E88.05788
G1 X104.179 Y111.729 E88.06736
G1 X104.377 Y111.57 E88.07243
G1 X104.645 Y111.406 E88.0787
G1 X104.877 Y111.302 E88.08378
G1 X105.307 Y111.175 E88.09272
G1 X105.859 Y111.126 E88.10378
G1 X106.578 Y111.212 E88.11823
G1 X107.038 Y111.421 E88.12832
G1 X107.237 Y111.273 E88.13326
G1 X107.548 Y111.171 E88.1398
G1 X108.368 Y111.176 E88.15616
G1 X108.692 Y111.249 E88.16279
G1 X108.997 Y111.479 E88.17041
G1 X109.299 Y112.192 E88.18586
G1 X109.392 Y112.209 E88.18775
G1 X109.392 Y112.138 E88.18917
G1 X109.671 Y111.479 E88.20345
G1 X109.981 Y111.245 E88.2112
G1 X110 Y111.241 E88.21159
G0 F9000 X115.971 Y111.135
G0 X116.23 Y108.83
G0 X113.799 Y108.901
G0 X110.296 Y108.822
G0 X110.296 Y107.969
G1 F1192.8 X110.296 Y106.157 E88.25706
G1 F2700 E83.25706
G0 F9000 X110.083 Y108.35
G0 X103.437 Y108.35
G0 X103.437 Y104.608
G0 X109.287 Y104.136
G0 X109.287 Y104.222
G1 F2700 E88.25706
G1 F1117.3 X109.759 Y103.946 E88.27171
G1 X109.322 Y103.817 E88.28391
G1 X108.752 Y103.946 E88.29957
G1 X109.287 Y104.222 E88.3157
G0 F9000 X109.759 Y103.946
G1 F1041.7 X110.264 Y103.926 E88.33022
G1 F1047.1 X110.761 Y103.944 E88.34444
G0 F9000 X111.41 Y104.254
G1 F1200 X111.821 Y103.954 E88.35713
G1 X111.387 Y103.841 E88.36832
G1 F1470.6 X111.073 Y103.862 E88.37473
G1 F1176.5 X110.761 Y103.944 E88.38293
G1 X111.033 Y104.086 E88.39074
G1 F1470.6 X111.41 Y104.254 E88.39914
G0 F9000 X111.821 Y103.954
G1 F991.7 X112.012 Y103.946 E88.40491
G1 F1006.7 X114.148 Y103.946 E88.46843
G1 F956.9 X114.518 Y103.977 E88.48004
G1 F949.4 X114.759 Y103.946 E88.4877
G1 F1000 X115.488 Y103.946 E88.50952
G1 F991.7 X115.752 Y103.97 E88.51753
G1 F2700 E83.51753
G0 F9000 X103.437 Y104.608
G0 X103.437 Y108.35
G0 X113.051 Y108.35
G0 X113.051 Y107.669
G0 X113.917 Y106.479
G1 F2700 E88.51753
G1 F1612.9 X113.614 Y106.51 E88.52318
G0 F9000 X113.288 Y107.448
G1 F1260.5 X113.754 Y106.885 E88.54053
G1 F1500 X113.934 Y106.849 E88.5442
G1 X114.288 Y106.848 E88.55126
G1 X114.288 Y105.991 E88.56836
G1 X114.148 Y106.108 E88.57201
G1 X113.213 Y106.109 E88.59066
G1 X113.213 Y106.51 E88.59867
G1 F1260.5 X113.288 Y107.448 E88.62101
G1 F1081.1 X113.288 Y107.971 E88.63549
G1 F2700 E83.63549
G0 F9000 X113.288 Y108.798
G0 X103.437 Y108.35
G0 X103.437 Y104.608
G0 X108.752 Y103.946
G1 F2700 E88.63549
G1 F1006.7 X108.16 Y103.946 E88.6531
G1 F991.7 X107.969 Y103.954 E88.65887
G0 F9000 X107.36 Y104.41
G1 F1351.4 X107.502 Y104.261 E88.66343
G1 F1134.2 X107.969 Y103.954 E88.67818
G1 X107.36 Y103.87 E88.6944
G1 F1153.8 X106.56 Y103.946 E88.71525
G1 X107.218 Y104.261 E88.73417
G1 F1351.4 X107.36 Y104.41 E88.73873
G0 F9000 X106.56 Y103.946
G1 F1006.7 X105.96 Y103.946 E88.75657
G1 F991.7 X105.769 Y103.954 E88.76234
G0 F9000 X105.216 Y104.379
G1 F1415.1 X105.344 Y104.24 E88.76634
G1 F1156.1 X105.769 Y103.954 E88.77961
G1 X105.216 Y103.86 E88.79413
G1 F1176.5 X104.472 Y103.946 E88.81319
G1 X105.088 Y104.24 E88.83055
G1 F1415.1 X105.216 Y104.379 E88.83455
G0 F9000 X104.472 Y103.946
G1 F1015.2 X104.296 Y103.951 E88.83974
G0 F9000 X116.257 Y104.186
G0 X116.533 Y106.95
G1 F1395.3 X116.533 Y105.044 E88.88063
G1 F1421.8 X116.551 Y104.252 E88.89731
G1 F1470.6 X116.457 Y103.966 E88.90344
G1 F1500 X116.34 Y103.781 E88.90781
G1 X116.175 Y103.626 E88.91232
G1 X115.926 Y103.488 E88.91801
G1 X115.719 Y103.448 E88.92221
G1 X104.255 Y103.448 E89.15099
G1 X103.966 Y103.54 E89.15704
G1 X103.625 Y103.821 E89.16586
G1 X103.488 Y104.074 E89.1716
G1 X103.448 Y104.278 E89.17575
G1 X103.448 Y104.803 E89.18623
G1 X103.706 Y104.45 E89.19495
G1 X104.472 Y104.444 E89.21024
G1 X104.837 Y104.567 E89.21793
G1 X104.975 Y104.715 E89.22196
G1 F1612.9 X105.044 Y105.044 E89.2282
G1 F1680.7 X105.058 Y105.51 E89.23651
G1 F1621.6 X105.507 Y105.51 E89.24479
G1 F1630.4 X105.411 Y105.244 E89.24999
G1 F1685.4 X105.388 Y105.044 E89.25356
G1 F1612.9 X105.457 Y104.715 E89.2598
G1 F1500 X105.595 Y104.567 E89.26384
G1 X105.877 Y104.444 E89.26998
G1 X106.56 Y104.444 E89.28361
G1 X106.946 Y104.584 E89.2918
G1 X107.086 Y104.731 E89.29585
G1 X107.243 Y105.176 E89.30527
G1 X107.48 Y105.176 E89.31
G1 X107.631 Y104.733 E89.31934
G1 X107.774 Y104.584 E89.32346
G1 X108.075 Y104.444 E89.33009
G1 X108.752 Y104.444 E89.3436
G1 X109.023 Y104.508 E89.34915
G1 X109.209 Y104.665 E89.35401
G1 X109.47 Y104.533 E89.35985
G1 X109.844 Y104.436 E89.36756
G1 X110.218 Y104.405 E89.37505
G1 X110.803 Y104.442 E89.38674
G1 X111.259 Y104.616 E89.39648
G1 X111.493 Y104.766 E89.40203
G1 X111.696 Y104.533 E89.4082
G1 X111.932 Y104.444 E89.41323
G1 X114.148 Y104.444 E89.45745
G1 X114.345 Y104.476 E89.46144
G1 X114.49 Y104.551 E89.4647
G1 X114.518 Y104.605 E89.46591
G1 X114.546 Y104.551 E89.46712
G1 X114.753 Y104.444 E89.47177
G1 X115.571 Y104.444 E89.4881
G1 X115.808 Y104.537 E89.49318
G1 X115.926 Y104.632 E89.4962
G1 F1445.8 X116.103 Y105.044 E89.50549
G1 F1395.3 X116.103 Y106.833 E89.54386
G1 X116.416 Y106.833 E89.55058
G1 X116.533 Y106.95 E89.55413
G1 F2700 E84.55413
G0 F9000 X116.209 Y104.201
G0 X103.437 Y104.608
G0 X103.437 Y108.35
G0 X113.288 Y108.858
G0 X116.23 Y108.83
G0 X115.971 Y111.135
G0 X109.954 Y111.736
G0 X108.716 Y112.745
G0 X108.716 Y111.736
G0 X105.856 Y111.683
G0 X105.399 Y111.723
G0 X104.984 Y111.852
G0 X104.62 Y112.073
G0 X104.325 Y112.379
G0 X104.113 Y112.751
G0 X103.992 Y113.169
G0 X103.992 Y114.071
G0 X104.114 Y114.486
G0 X104.327 Y114.856
G0 X104.624 Y115.156
G0 X104.883 Y115.309
G0 X107.022 Y116.17
G1 F2700 E89.55413
G1 F1388.9 X107.679 Y116.094 E89.56838
G1 X107.122 Y115.846 E89.58152
G1 F1690.1 X107.047 Y115.787 E89.58321
G1 X106.773 Y115.907 E89.58851
G1 F1421.8 X106.233 Y116.103 E89.60061
G1 F1392.1 X106.579 Y116.162 E89.60815
G1 F1648.4 X107.022 Y116.17 E89.6162
G0 F9000 X106.233 Y116.103
G1 F1247.4 X105.664 Y116.112 E89.62986
G1 X105.472 Y116.103 E89.63447
G0 F9000 X105.037 Y116.124
G1 F1276.6 X105.472 Y116.103 E89.64468
G1 X105.048 Y116.004 E89.65489
G1 F1336.3 X104.715 Y115.878 E89.66287
G1 F1333.3 X104.271 Y115.616 E89.67444
G1 X103.873 Y115.217 E89.68709
G1 F1339.3 X103.874 Y115.684 E89.69753
G1 X103.928 Y115.852 E89.70147
G1 F1333.3 X104.071 Y116.022 E89.70646
G1 X104.253 Y116.124 E89.71115
G1 F1336.3 X105.037 Y116.124 E89.72871
G0 F9000 X110 Y116.24
G0 X110 Y116.548
G1 F1500 X115.76 Y116.547 E89.84365
G1 X116.034 Y116.457 E89.84941
G1 X116.218 Y116.342 E89.85374
G1 X116.369 Y116.178 E89.85819
G1 X116.507 Y115.925 E89.86394
G1 X116.548 Y115.719 E89.86813
G1 X116.548 Y108.402 E90.01415
G1 X116.416 Y108.512 E90.01758
G1 X113.897 Y108.512 E90.06785
G1 X113.636 Y108.415 E90.07341
G1 X113.487 Y108.278 E90.07744
G1 F1252.6 X113.288 Y107.971 E90.08619
G1 X113.089 Y108.278 E90.09493
G1 F1500 X112.94 Y108.415 E90.09897
G1 X112.716 Y108.511 E90.10383
G1 X111.946 Y108.509 E90.1192
G1 X111.78 Y108.465 E90.12263
G1 X111.614 Y108.509 E90.12605
G1 X110.842 Y108.512 E90.14146
G1 X110.629 Y108.421 E90.14608
G1 X110.479 Y108.287 E90.1501
G1 F1321.6 X110.296 Y107.969 E90.15841
G1 X110.113 Y108.287 E90.16672
G1 F1500 X109.963 Y108.421 E90.17073
G1 X109.752 Y108.513 E90.17532
G1 X108.989 Y108.51 E90.19055
G1 X108.746 Y108.433 E90.19564
G1 X108.479 Y108.116 E90.20391
G1 X108.444 Y107.912 E90.20804
G1 X108.444 Y107.661 E90.21305
G1 X108.281 Y108.116 E90.22269
G1 X108.014 Y108.433 E90.23096
G1 X107.716 Y108.512 E90.23712
G1 X106.942 Y108.509 E90.25256
G1 X106.764 Y108.461 E90.25624
G1 X106.498 Y108.175 E90.26404
G1 X106.232 Y108.461 E90.27183
G1 X106.021 Y108.512 E90.27616
G1 X103.872 Y108.512 E90.31905
G1 X103.447 Y108.155 E90.33012
G1 F1507.5 X103.446 Y113.177 E90.42984
G1 F1550.4 X103.437 Y113.62 E90.4384
G1 F1542.4 X103.448 Y114.212 E90.44989
G1 F1500 X103.449 Y115.746 E90.4805
G1 X103.541 Y116.034 E90.48654
G1 X103.657 Y116.217 E90.49086
G1 X103.819 Y116.37 E90.49531
G1 X104.074 Y116.508 E90.50109
G1 X104.278 Y116.548 E90.50524
G1 X110 Y116.548 E90.61943
G0 F9000 X110 Y116.948
;TYPE:WALL-OUTER
G1 F1500 X115.82 Y116.948 E90.73557
G1 X116.206 Y116.821 E90.74368
G1 X116.475 Y116.652 E90.75002
G1 X116.696 Y116.414 E90.7565
G1 X116.889 Y116.063 E90.7645
G1 X116.948 Y115.757 E90.77072
G1 X116.948 Y108.644 E90.91266
G1 F1566.6 X116.965 Y107.912 E90.92666
G1 F1639.3 X116.965 Y107.448 E90.93513
G1 F1566.6 X116.948 Y106.716 E90.94912
G1 F1500 X116.948 Y104.18 E90.99973
G1 X116.821 Y103.794 E91.00784
G1 X116.652 Y103.525 E91.01418
G1 X116.413 Y103.3 E91.02073
G1 X116.063 Y103.107 E91.0287
G1 X115.757 Y103.048 E91.03492
G1 X104.191 Y103.048 E91.26573
G1 X103.794 Y103.175 E91.27405
G1 X103.525 Y103.348 E91.28043
G1 X103.299 Y103.583 E91.28694
G1 X103.107 Y103.937 E91.29498
G1 X103.048 Y104.24 E91.30114
G1 F1315.8 X103.104 Y105.044 E91.31947
G1 F1167.3 X103.106 Y108.001 E91.3953
G1 F1310 X103.048 Y108.936 E91.41671
G1 F1500 X103.049 Y115.808 E91.55384
G1 X103.175 Y116.206 E91.56218
G1 X103.347 Y116.475 E91.56855
G1 X103.583 Y116.696 E91.575
G1 X103.937 Y116.889 E91.58305
G1 X104.24 Y116.948 E91.58921
G1 X110 Y116.948 E91.70415
G1 F2700 E86.70415
G0 F9000 X110 Y116.24
G0 X109.938 Y115.22
G0 X110 Y114.838
G1 F2700 E91.70415
G1 F1507.5 X109.977 Y114.872 E91.70497
G1 F1500 X109.674 Y115.096 E91.71249
G1 X109.392 Y115.194 E91.71845
G1 X109.14 Y115.234 E91.72354
G1 X107.677 Y115.24 E91.75273
G1 X107.562 Y115.205 E91.75513
G1 X107.476 Y115.049 E91.75869
G1 X107.476 Y114.191 E91.77581
G1 F1550.4 X107.489 Y113.752 E91.78429
G1 X107.413 Y114.231 E91.79365
G1 F1500 X107.264 Y114.565 E91.80095
G1 X107.041 Y114.85 E91.80817
G1 X106.753 Y115.068 E91.81538
G1 X106.461 Y115.196 E91.82174
G1 X106.075 Y115.273 E91.8296
G1 X105.627 Y115.273 E91.83854
G1 X105.163 Y115.186 E91.84796
G1 X104.777 Y114.956 E91.85693
G1 X104.523 Y114.703 E91.86408
G1 X104.335 Y114.364 E91.87182
G1 X104.238 Y114.023 E91.87889
G1 X104.204 Y113.603 E91.8873
G1 X104.243 Y113.188 E91.89562
G1 X104.335 Y112.868 E91.90226
G1 X104.543 Y112.505 E91.91061
G1 X104.795 Y112.253 E91.91773
G1 X105.109 Y112.068 E91.925
G1 X105.449 Y111.966 E91.93208
G1 X105.83 Y111.932 E91.93972
G1 X106.383 Y112 E91.95083
G1 X106.819 Y112.2 E91.96041
G1 X107.171 Y112.529 E91.97002
G1 X107.386 Y112.938 E91.97924
G1 F1485.1 X107.472 Y113.259 E91.98594
G1 X107.476 Y112.172 E92.00785
G1 F1500 X107.528 Y112.036 E92.01076
G1 X107.641 Y111.974 E92.01333
G1 X108.295 Y111.972 E92.02638
G1 X108.421 Y112.033 E92.02917
G1 X108.476 Y112.165 E92.03203
G1 X108.476 Y112.98 E92.04829
G1 X109.18 Y112.981 E92.06234
G1 X109.493 Y113.064 E92.0688
G1 X109.785 Y113.208 E92.0753
G1 X110.089 Y113.54 E92.08428
G1 F1562.5 X110.208 Y113.999 E92.09337
G1 X110.192 Y113.569 E92.10161
G1 F1500 X110.192 Y112.165 E92.12963
G1 X110.247 Y112.033 E92.13248
G1 X110.352 Y111.975 E92.13488
G1 X112.789 Y111.974 E92.18351
G1 F1546.4 X112.916 Y112.172 E92.18806
G1 X113.044 Y111.972 E92.19266
G1 F1500 X113.703 Y111.971 E92.20581
G1 X113.836 Y112.097 E92.20947
G1 X113.836 Y113.557 E92.2386
G1 X114.673 Y112.073 E92.2726
G1 X114.813 Y111.974 E92.27602
G1 X115.552 Y111.972 E92.29077
G1 X115.673 Y112.011 E92.29331
G1 X115.752 Y112.172 E92.29689
G1 X115.75 Y115.075 E92.35482
G1 X115.696 Y115.18 E92.35718
G1 X115.57 Y115.24 E92.35996
G1 X115.02 Y115.24 E92.37094
G1 X114.912 Y115.209 E92.37318
G1 X114.82 Y115.04 E92.37702
G1 X114.82 Y113.638 E92.405
G1 X113.966 Y115.139 E92.43946
G1 X113.827 Y115.237 E92.44286
G1 X113.035 Y115.236 E92.45866
G1 F1392.1 X112.874 Y115.06 E92.46379
G1 X112.713 Y115.236 E92.46892
G1 F1500 X110.392 Y115.24 E92.51524
G1 X110.23 Y115.158 E92.51886
G1 X110.192 Y115.04 E92.52133
G1 F1534.5 X110.201 Y114.393 E92.53396
G1 F1542.4 X110.107 Y114.677 E92.53976
G1 F1515.2 X110 Y114.838 E92.54358
G0 F9000 X110.201 Y114.393
G1 F1600 X110.208 Y113.999 E92.55095
G1 F2700 E87.55095
G0 F9000 X112.874 Y114.576
G1 F2700 E92.55095
G1 F1301.5 X112.874 Y115.06 E92.56209
G0 F9000 X112.874 Y114.576
G1 F1415.1 X112.91 Y114.193 E92.57022
G1 F1754.4 X112.957 Y113.906 E92.57519
G1 F2047.8 X112.958 Y113.392 E92.5827
G1 F1734.1 X112.904 Y113.036 E92.58891
G1 F1542.4 X112.915 Y112.668 E92.59606
G1 F1566.6 X112.739 Y112.825 E92.60057
G1 X111.181 Y112.825 E92.63034
G1 F1587.3 X111.181 Y113.203 E92.63746
G1 F1562.5 X112.609 Y113.203 E92.66482
G1 F1764.7 X112.666 Y113.392 E92.66817
G1 F2047.8 X112.665 Y113.881 E92.67532
G1 F1796.4 X112.615 Y114.035 E92.67802
G1 F1634.9 X111.172 Y114.036 E92.70444
G1 F1666.7 X111.172 Y114.396 E92.7109
G1 F1634.9 X112.691 Y114.395 E92.73872
G1 F1438.8 X112.874 Y114.576 E92.74407
G1 F2700 E87.74407
G0 F9000 X112.915 Y112.668
G1 F2700 E92.74407
G1 F1591.5 X112.916 Y112.172 E92.7534
G0 F9000 X112.916 Y111.264
G0 X115.971 Y111.135
G0 X116.23 Y108.83
G0 X113.933 Y108.822
G0 X113.933 Y108.11
G1 F1500 X113.805 Y108.034 E92.75637
G1 X113.764 Y107.93 E92.7586
G1 X113.764 Y107.448 E92.76822
G1 X113.902 Y107.248 E92.77307
G1 X114.688 Y107.248 E92.78876
G1 X114.688 Y106.248 E92.80871
G1 F1558.4 X114.703 Y105.044 E92.83184
G1 X114.774 Y104.879 E92.83529
G1 F1500 X114.888 Y104.844 E92.83767
G1 X115.536 Y104.849 E92.8506
G1 X115.634 Y104.906 E92.85286
G1 X115.688 Y105.044 E92.85582
G1 X115.688 Y107.248 E92.8998
G1 X116.416 Y107.248 E92.91433
G1 F1566.6 X116.599 Y107.448 E92.91951
G1 F1634.9 X116.598 Y107.944 E92.92859
G1 F1562.5 X116.416 Y108.112 E92.93334
G1 F1500 X113.933 Y108.11 E92.98289
G0 F9000 X113.933 Y108.822
G0 X111.78 Y108.822
G0 X111.78 Y107.932
G1 F1284.8 X111.778 Y106 E93.0279
G1 F2700 E88.0279
G0 F9000 X108.91 Y105.435
G1 F2700 E93.0279
G1 F1052.6 X108.784 Y105.804 E93.03899
G1 F2700 E88.03899
G0 F9000 X108.633 Y106.597
G0 X109.68 Y108.113
G1 F2700 E93.03899
G1 F1500 X108.966 Y108.112 E93.05324
G1 F1470.6 X108.844 Y107.967 E93.0571
G1 F1415.1 X108.828 Y106.124 E93.09608
G1 F1188.1 X108.784 Y105.804 E93.10422
G1 X108.606 Y106.085 E93.1126
G1 F1442.3 X107.905 Y107.98 E93.15454
G1 F1500 X107.796 Y108.11 E93.15792
G1 X106.941 Y108.111 E93.17499
G1 X106.82 Y107.981 E93.17853
G1 F1492.5 X106.526 Y107.178 E93.19568
G1 F1351.4 X106.384 Y106.911 E93.20238
G1 F1239.7 X106.252 Y106.548 E93.21171
G1 F1388.9 X106.129 Y106.061 E93.22253
G1 X106.182 Y106.56 E93.23335
G1 F1239.7 X106.048 Y106.777 E93.2395
G1 F1293.1 X104.694 Y106.782 E93.27085
G1 F1351.4 X104.694 Y107.226 E93.28068
G1 F1293.1 X106.072 Y107.221 E93.31258
G1 F1339.3 X106.194 Y107.448 E93.31834
G1 F1467 X106.187 Y107.969 E93.32898
G1 F1488.8 X106.054 Y108.112 E93.3329
G1 F1500 X103.872 Y108.112 E93.37645
G1 F1310 X103.617 Y107.957 E93.38326
G1 F1167.3 X103.616 Y105.044 E93.45796
G1 F1315.8 X103.819 Y104.845 E93.46443
G1 F1500 X104.472 Y104.844 E93.47746
G1 X104.594 Y104.885 E93.48003
G1 X104.672 Y105.044 E93.48357
G1 X104.673 Y105.895 E93.50055
G1 F1515.2 X105.94 Y105.9 E93.52558
G1 F1554.4 X106.119 Y106.03 E93.52984
G1 F1542.4 X105.762 Y105.079 E93.54955
G1 F1500 X105.792 Y104.934 E93.55251
G1 X105.925 Y104.847 E93.55568
G1 X106.56 Y104.844 E93.56835
G1 X106.722 Y104.902 E93.57179
G1 X106.959 Y105.576 E93.58604
G1 X107.765 Y105.576 E93.60213
G1 X107.994 Y104.907 E93.61624
G1 X108.125 Y104.847 E93.61912
G1 X108.824 Y104.844 E93.63306
G1 X108.941 Y104.977 E93.6366
G1 F1445.8 X108.957 Y105.112 E93.63941
G1 F1209.7 X108.91 Y105.435 E93.64749
G1 F1171.9 X109.08 Y105.257 E93.65378
G1 F1388.9 X109.358 Y105.038 E93.66141
G1 F1500 X109.61 Y104.908 E93.66706
G1 X109.913 Y104.83 E93.67331
G1 X110.28 Y104.804 E93.68065
G1 X110.721 Y104.838 E93.68948
G1 X111.067 Y104.968 E93.69685
G1 X111.328 Y105.137 E93.70306
G1 X111.529 Y105.362 E93.70908
G1 F1477.8 X111.691 Y105.689 E93.71647
G1 F1363.6 X111.778 Y106 E93.72356
G1 F1382.5 X111.812 Y105.61 E93.73204
G1 F1500 X111.812 Y104.99 E93.74441
G1 X111.927 Y104.847 E93.74807
G1 X114.195 Y104.844 E93.79333
G1 X114.262 Y104.879 E93.79484
G1 F1558.4 X114.333 Y105.044 E93.79829
G1 F1617.3 X114.332 Y105.54 E93.80747
G1 F1554.4 X114.148 Y105.708 E93.81227
G1 F1500 X112.813 Y105.709 E93.83891
G1 X112.812 Y107.93 E93.88323
G1 X112.722 Y108.08 E93.88672
G1 X112.612 Y108.112 E93.88901
G1 X111.942 Y108.108 E93.90238
G1 F1385.7 X111.78 Y107.932 E93.90755
G1 X111.615 Y108.111 E93.91281
G1 F1500 X110.896 Y108.106 E93.92716
G1 X110.791 Y108.037 E93.92966
G1 X110.748 Y107.93 E93.93197
G1 X110.744 Y106.11 E93.96829
G1 X110.704 Y105.927 E93.97202
G1 X110.592 Y105.769 E93.97589
G1 X110.409 Y105.688 E93.97988
G1 X110.152 Y105.688 E93.98501
G1 X110.027 Y105.735 E93.98768
G1 X109.909 Y105.863 E93.99115
G1 X109.848 Y106.099 E93.99601
G1 X109.844 Y107.93 E94.03255
G1 X109.801 Y108.037 E94.03486
G1 X109.68 Y108.113 E94.03771
G1 F2700 E89.03771
G0 F9000 X109.68 Y108.822
G0 X103.437 Y108.35
G0 X103.437 Y104.608
G0 X104.913 Y104.608
G0 X105.678 Y105.631
G0 X106.129 Y106.061
G1 F2700 E94.03771
G1 F1583.1 X106.119 Y106.03 E94.03832
G1 F2700 E89.03832
G0 F9000 X105.678 Y105.631
G0 X104.913 Y104.608
G0 X103.437 Y104.608
G0 X103.437 Y108.35
G0 X104.031 Y111.617
G0 X107.004 Y111.219
G0 X107.268 Y112.333
G0 X107.472 Y113.259
G1 F2700 E94.03832
G1 F1534.5 X107.489 Y113.752 E94.04795
G1 F2700 E89.04795
G0 F9000 X108.688 Y112.773
G0 X110.053 Y111.13
G0 X110 Y110.874
;TYPE:SKIN
G1 F2700 E94.04795
G1 F1500 X109.823 Y110.913 E94.05156
G1 X109.439 Y111.204 E94.06118
G1 X109.334 Y111.382 E94.0653
G1 X109.229 Y111.204 E94.06943
G1 X108.909 Y110.966 E94.07738
G1 X108.487 Y110.816 E94.08632
G1 X107.493 Y110.815 E94.10616
G1 X107.103 Y110.937 E94.11431
G1 X106.995 Y111.005 E94.11686
G1 X106.664 Y110.857 E94.1241
G1 X105.829 Y110.764 E94.14086
G1 X105.221 Y110.82 E94.15305
G1 X104.749 Y110.965 E94.1629
G1 X104.474 Y111.089 E94.16892
G1 X104.208 Y111.25 E94.17513
G1 X104.208 Y109.272 E94.2146
G1 X106.06 Y109.268 E94.25156
G1 X106.31 Y109.229 E94.25661
G1 X106.505 Y109.153 E94.26078
G1 X106.882 Y109.269 E94.26865
G1 X107.983 Y109.269 E94.29063
G1 X108.378 Y109.096 E94.29923
G1 X108.633 Y109.208 E94.30479
G1 X108.889 Y109.264 E94.31002
G1 X109.911 Y109.264 E94.33041
G1 X110.297 Y109.092 E94.33885
G1 X110.58 Y109.221 E94.34505
G1 X110.925 Y109.271 E94.35201
G1 X112.717 Y109.264 E94.38777
G1 X113.132 Y109.169 E94.39627
G1 X113.287 Y109.085 E94.39979
G1 X113.44 Y109.169 E94.40327
G1 X113.815 Y109.272 E94.41103
G1 X115.788 Y109.272 E94.4504
G1 X115.788 Y110.88 E94.48249
G1 X115.544 Y110.812 E94.48755
G1 X114.661 Y110.815 E94.50517
G1 X114.207 Y110.962 E94.51469
G1 X114.02 Y110.865 E94.5189
G1 X113.627 Y110.807 E94.52682
G1 X110.249 Y110.82 E94.59424
G1 X110 Y110.874 E94.59932
G0 F9000 X110.055 Y111.129
G0 X114.247 Y111.204
G0 X115.093 Y111.072
G0 X115.093 Y110.616
G1 F1500 X115.588 Y110.121 E94.61329
G0 F9000 X115.588 Y109.555
G1 F1500 X114.477 Y110.666 E94.64465
G0 F9000 X113.926 Y110.652
G1 F1500 X115.106 Y109.471 E94.67796
G0 F9000 X114.54 Y109.471
G1 F1500 X113.404 Y110.608 E94.71004
G0 F9000 X112.836 Y110.61
G1 F1500 X113.974 Y109.471 E94.74217
G0 F9000 X113.489 Y109.391
G1 F1500 X112.269 Y110.611 E94.7766
G0 F9000 X111.702 Y110.613
G1 F1500 X112.885 Y109.429 E94.81
G0 F9000 X112.285 Y109.464
G1 F1500 X111.135 Y110.614 E94.84246
G0 F9000 X110.567 Y110.616
G1 F1500 X111.717 Y109.466 E94.87491
G0 F9000 X111.149 Y109.468
G1 F1500 X109.932 Y110.686 E94.90927
G0 F9000 X109.152 Y110.9
G1 F1500 X110.62 Y109.432 E94.9507
G0 F9000 X110.072 Y109.414
G1 F1500 X108.777 Y110.709 E94.98725
G0 F9000 X108.307 Y110.613
G1 F1500 X109.455 Y109.465 E95.01965
G0 F9000 X108.892 Y109.463
G1 F1500 X107.738 Y110.617 E95.05222
G0 F9000 X107.043 Y110.746
G1 F1500 X108.445 Y109.343 E95.0918
G0 F9000 X107.757 Y109.466
G1 F1500 X106.579 Y110.645 E95.12506
G0 F9000 X106.071 Y110.587
G1 F1500 X107.188 Y109.469 E95.1566
G0 F9000 X106.678 Y109.414
G1 F1500 X105.495 Y110.596 E95.18997
G0 F9000 X104.781 Y110.745
G1 F1500 X106.058 Y109.468 E95.22601
G0 F9000 X105.491 Y109.469
G1 F1500 X104.408 Y110.553 E95.25659
G0 F9000 X104.408 Y109.987
G1 F1500 X104.924 Y109.471 E95.27115
G1 F2700 E90.27115
;MESH:NONMESH
G0 F300 Z1.16
G0 F9000 X104.924 Y109.011
G0 X106.427 Y108.35
G0 X106.402 Y107.463
G0 X107.432 Y106.523
;TIME_ELAPSED:288.030848
;LAYER:8
;TYPE:WALL-OUTER
;MESH:Lens_Openscad.stl
G1 F2700 E95.27115
G1 F1016.9 X107.396 Y106.586 E95.27329
G1 X107.323 Y106.586 E95.27543
G1 X107.286 Y106.523 E95.27759
G1 X107.322 Y106.46 E95.27972
G1 X107.395 Y106.46 E95.28187
G1 X107.432 Y106.523 E95.28402
G1 F2700 E90.28402
G0 F9000 X105.895 Y113.043
G0 X105.947 Y113.971
;TYPE:WALL-INNER
G1 F2700 E95.28402
G1 F1379.3 X106.001 Y113.928 E95.28552
G1 X106.072 Y113.708 E95.29054
G1 X106.046 Y113.368 E95.29794
G1 X105.962 Y113.268 E95.30077
G1 X105.762 Y113.239 E95.30516
G1 X105.669 Y113.34 E95.30814
G1 X105.623 Y113.535 E95.31248
G1 X105.686 Y113.921 E95.32097
G1 X105.745 Y113.971 E95.32265
G1 X105.947 Y113.971 E95.32703
G0 F9000 X106.026 Y114.388
;TYPE:WALL-OUTER
G1 F1500 X106.145 Y114.346 E95.32955
G1 X106.313 Y114.211 E95.33385
G1 X106.392 Y114.091 E95.33672
G1 X106.493 Y113.753 E95.34376
G1 X106.462 Y113.333 E95.35216
G1 X106.394 Y113.136 E95.35632
G1 X106.209 Y112.911 E95.36214
G1 X105.927 Y112.814 E95.36809
G1 X105.604 Y112.829 E95.37454
G1 X105.384 Y113.011 E95.38024
G1 X105.279 Y113.175 E95.38412
G1 X105.202 Y113.501 E95.39081
G1 X105.226 Y113.836 E95.39751
G1 X105.304 Y114.099 E95.40299
G1 X105.546 Y114.345 E95.40987
G1 X105.67 Y114.388 E95.41249
G1 X106.026 Y114.388 E95.4196
G1 F2700 E90.4196
G0 F9000 X105.878 Y113.695
G0 X106.266 Y113.726
G0 X108.702 Y114.069
G0 X108.974 Y114.34
G1 F2700 E95.4196
G1 F1293.1 X108.508 Y114.34 E95.43038
G1 X108.508 Y113.876 E95.44112
G1 X108.969 Y113.876 E95.4518
G1 X109.163 Y113.984 E95.45694
G1 X109.182 Y114.198 E95.46191
G1 X109.15 Y114.267 E95.46367
G1 X108.974 Y114.34 E95.46808
G1 F2700 E90.46808
G0 F9000 X108.942 Y114.066
G0 X109.437 Y115.407
G0 X110 Y115.951
G0 X110 Y115.478
;TYPE:WALL-INNER
G1 F2700 E95.46808
G1 F1500 X109.92 Y115.408 E95.4702
G1 X109.786 Y115.481 E95.47325
G1 X109.464 Y115.588 E95.48002
G1 X109.11 Y115.636 E95.48715
G1 X107.678 Y115.64 E95.51573
G1 X107.336 Y115.535 E95.52286
G1 X107.179 Y115.377 E95.52731
G1 X107.145 Y115.275 E95.52946
G1 X106.914 Y115.434 E95.53505
G1 X106.56 Y115.589 E95.54276
G1 X106.096 Y115.676 E95.55218
G1 X105.607 Y115.676 E95.56194
G1 X105.023 Y115.568 E95.57379
G1 X104.545 Y115.282 E95.58491
G1 X104.205 Y114.953 E95.59435
G1 X103.97 Y114.542 E95.6038
G1 X103.844 Y114.092 E95.61313
G1 F1538.5 X103.816 Y113.569 E95.62332
G1 F1542.4 X103.843 Y113.143 E95.6316
G1 F1507.5 X103.972 Y112.685 E95.64105
G1 F1500 X104.206 Y112.277 E95.65044
G1 X104.519 Y111.953 E95.65943
G1 X104.924 Y111.705 E95.6689
G1 X105.38 Y111.572 E95.67838
G1 X105.853 Y111.529 E95.68786
G1 X106.486 Y111.607 E95.70059
G1 X106.955 Y111.822 E95.71088
G1 X107.131 Y111.939 E95.7151
G1 X107.233 Y111.766 E95.71911
G1 X107.412 Y111.632 E95.72357
G1 X107.597 Y111.572 E95.72745
G1 X108.331 Y111.574 E95.7421
G1 X108.557 Y111.641 E95.7468
G1 X108.709 Y111.755 E95.7506
G1 X108.876 Y112.151 E95.75917
G1 X108.876 Y112.582 E95.76777
G1 X109.297 Y112.586 E95.77618
G1 X109.792 Y112.746 E95.78656
G1 X109.792 Y112.151 E95.79843
G1 X109.959 Y111.755 E95.80701
G1 X110.111 Y111.641 E95.8108
G1 X110.305 Y111.572 E95.81491
G1 X112.781 Y111.574 E95.86432
G1 X112.916 Y111.602 E95.86707
G1 X113.051 Y111.574 E95.86982
G1 X113.636 Y111.571 E95.8815
G1 X113.904 Y111.635 E95.88699
G1 X114.159 Y111.877 E95.89401
G1 X114.212 Y112.078 E95.89816
G1 X114.325 Y111.877 E95.90276
G1 X114.58 Y111.635 E95.90978
G1 X114.768 Y111.572 E95.91373
G1 X115.552 Y111.572 E95.92938
G1 X115.913 Y111.691 E95.93696
G1 F1503.8 X116.151 Y112.172 E95.94765
G1 F1500 X116.146 Y115.144 E96.00696
G1 F1492.5 X115.982 Y115.459 E96.01408
G1 F1500 X115.836 Y115.569 E96.01773
G1 X115.552 Y115.64 E96.02357
G1 X115.02 Y115.64 E96.03419
G1 X114.697 Y115.547 E96.04089
G1 X114.498 Y115.337 E96.04667
G1 X114.439 Y115.115 E96.05125
G1 X114.259 Y115.434 E96.05856
G1 X114.115 Y115.547 E96.06221
G1 X113.873 Y115.64 E96.06739
G1 X113.016 Y115.64 E96.08449
G1 X112.874 Y115.593 E96.08747
G1 X112.718 Y115.64 E96.09073
G1 X110.392 Y115.64 E96.13714
G1 X110.097 Y115.563 E96.14323
G1 X110 Y115.478 E96.1458
G0 F9000 X110 Y115.951
G0 X108.666 Y116.16
G0 X107.679 Y116.094
G1 F1174.2 X109.111 Y116.092 E96.18231
G1 F1111.1 X109.547 Y116.064 E96.19408
G1 F982 X109.838 Y116.021 E96.20305
G1 F1032.7 X110.392 Y116.094 E96.21924
G1 F1160.5 X113.975 Y116.087 E96.31166
G0 F9000 X114.406 Y116.176
G1 F1408.5 X115.02 Y116.094 E96.32483
G1 X114.498 Y115.86 E96.33698
G1 F1538.5 X114.413 Y115.794 E96.33908
G1 F1250 X113.975 Y116.087 E96.3517
G1 F1379.3 X114.406 Y116.176 E96.36125
G0 F9000 X115.02 Y116.094
G1 F1178.8 X115.678 Y116.093 E96.37796
G1 F1190.5 X115.842 Y116.048 E96.38223
G1 F2700 E91.38223
G0 F9000 X115.993 Y115.479
G0 X115.993 Y111.736
G0 X110 Y111.241
G1 F2700 E96.38223
G1 F1500 X110.347 Y111.172 E96.38929
G1 X113.636 Y111.171 E96.45493
G1 X113.915 Y111.211 E96.46055
G1 X114.083 Y111.277 E96.46416
G1 X114.242 Y111.429 E96.46855
G1 X114.401 Y111.277 E96.47294
G1 X114.717 Y111.172 E96.47958
G1 X115.552 Y111.172 E96.49624
G1 X116.148 Y111.37 E96.50878
G1 X116.148 Y108.912 E96.55783
G1 X113.848 Y108.912 E96.60373
G1 X113.565 Y108.83 E96.60961
G1 X113.288 Y108.63 E96.61643
G1 X113.158 Y108.75 E96.61996
G1 X112.785 Y108.911 E96.62806
G1 X110.948 Y108.912 E96.66472
G1 X110.691 Y108.879 E96.66989
G1 X110.417 Y108.76 E96.67586
G1 X110.296 Y108.652 E96.67909
G1 X110.175 Y108.76 E96.68233
G1 X109.837 Y108.908 E96.68969
G1 X108.952 Y108.908 E96.70735
G1 X108.547 Y108.78 E96.71583
G1 X108.38 Y108.581 E96.72101
G1 X108.213 Y108.78 E96.7262
G1 X107.832 Y108.912 E96.73424
G1 X106.933 Y108.91 E96.75219
G1 X106.601 Y108.827 E96.75901
G1 X106.498 Y108.715 E96.76205
G1 X106.395 Y108.827 E96.76509
G1 X106.042 Y108.911 E96.77233
G1 X103.848 Y108.912 E96.81611
G1 X103.849 Y112.071 E96.87915
G1 X104.179 Y111.729 E96.88864
G1 X104.377 Y111.57 E96.89371
G1 X104.645 Y111.406 E96.89998
G1 X104.877 Y111.302 E96.90505
G1 X105.307 Y111.175 E96.914
G1 X105.859 Y111.126 E96.92506
G1 X106.578 Y111.212 E96.93951
G1 X107.038 Y111.421 E96.94959
G1 X107.237 Y111.273 E96.95454
G1 X107.548 Y111.171 E96.96107
G1 X108.368 Y111.176 E96.97743
G1 X108.692 Y111.249 E96.98406
G1 X108.997 Y111.478 E96.99167
G1 X109.299 Y112.192 E97.00714
G1 X109.392 Y112.206 E97.00902
G1 X109.392 Y112.137 E97.0104
G1 X109.671 Y111.478 E97.02468
G1 X109.981 Y111.245 E97.03242
G1 X110 Y111.241 E97.03281
G0 F9000 X110.296 Y108.822
G0 X110.296 Y107.969
G1 F1192.8 X110.296 Y106.171 E97.07793
G1 F2700 E92.07793
G0 F9000 X110.084 Y108.35
G0 X103.437 Y108.35
G0 X103.437 Y104.608
G0 X109.287 Y104.136
G0 X109.287 Y104.222
G1 F2700 E97.07793
G1 F1117.3 X109.759 Y103.946 E97.09258
G1 X109.322 Y103.817 E97.10478
G1 X108.752 Y103.946 E97.12044
G1 X109.287 Y104.222 E97.13657
G0 F9000 X109.759 Y103.946
G1 F1041.7 X110.264 Y103.926 E97.15109
G1 F1047.1 X110.761 Y103.944 E97.16531
G0 F9000 X111.41 Y104.254
G1 F1200 X111.821 Y103.954 E97.178
G1 X111.387 Y103.841 E97.18919
G1 F1470.6 X111.073 Y103.862 E97.19559
G1 F1176.5 X110.761 Y103.944 E97.2038
G1 X111.033 Y104.086 E97.21161
G1 F1470.6 X111.41 Y104.254 E97.22001
G0 F9000 X111.821 Y103.954
G1 F991.7 X112.012 Y103.946 E97.22578
G1 F1006.7 X114.148 Y103.946 E97.28929
G1 F956.9 X114.518 Y103.977 E97.30091
G1 F949.4 X114.759 Y103.946 E97.30857
G1 F1000 X115.488 Y103.946 E97.33039
G1 F991.7 X115.752 Y103.97 E97.33839
G1 F2700 E92.33839
G0 F9000 X103.437 Y104.608
G0 X103.437 Y108.35
G0 X113.051 Y108.35
G0 X113.051 Y107.669
G0 X113.917 Y106.479
G1 F2700 E97.33839
G1 F1612.9 X113.614 Y106.51 E97.34405
G0 F9000 X113.288 Y107.448
G1 F1260.5 X113.754 Y106.885 E97.3614
G1 F1500 X113.934 Y106.849 E97.36506
G1 X114.288 Y106.848 E97.37213
G1 X114.288 Y105.991 E97.38923
G1 X114.148 Y106.108 E97.39287
G1 X113.213 Y106.109 E97.41153
G1 X113.213 Y106.51 E97.41953
G1 F1260.5 X113.288 Y107.448 E97.44188
G1 F1081.1 X113.288 Y107.971 E97.45636
G1 F2700 E92.45636
G0 F9000 X113.288 Y108.822
G0 X103.437 Y108.35
G0 X103.437 Y104.608
G0 X108.752 Y103.946
G1 F2700 E97.45636
G1 F1006.7 X108.16 Y103.946 E97.47396
G1 F991.7 X107.969 Y103.954 E97.47973
G0 F9000 X107.36 Y104.41
G1 F1351.4 X107.502 Y104.261 E97.48429
G1 F1134.2 X107.969 Y103.954 E97.49904
G1 X107.36 Y103.87 E97.51527
G1 F1153.8 X106.56 Y103.946 E97.53612
G1 X107.218 Y104.261 E97.55504
G1 F1351.4 X107.36 Y104.41 E97.5596
G0 F9000 X106.56 Y103.946
G1 F1006.7 X105.96 Y103.946 E97.57744
G1 F991.7 X105.769 Y103.954 E97.58321
G0 F9000 X105.216 Y104.379
G1 F1415.1 X105.344 Y104.24 E97.58721
G1 F1156.1 X105.769 Y103.954 E97.60047
G1 X105.216 Y103.86 E97.615
G1 F1176.5 X104.472 Y103.946 E97.63405
G1 X105.088 Y104.24 E97.65142
G1 F1415.1 X105.216 Y104.379 E97.65542
G0 F9000 X104.472 Y103.946
G1 F1015.2 X104.296 Y103.951 E97.66061
G0 F9000 X116.257 Y104.186
G0 X116.533 Y106.95
G1 F1395.3 X116.533 Y105.044 E97.7015
G1 F1421.8 X116.551 Y104.252 E97.71818
G1 F1470.6 X116.457 Y103.966 E97.72431
G1 F1500 X116.34 Y103.781 E97.72867
G1 X116.175 Y103.626 E97.73319
G1 X115.926 Y103.488 E97.73887
G1 X115.719 Y103.448 E97.74308
G1 X104.255 Y103.448 E97.97186
G1 X103.966 Y103.54 E97.97791
G1 X103.625 Y103.821 E97.98673
G1 X103.488 Y104.074 E97.99247
G1 X103.448 Y104.278 E97.99662
G1 X103.448 Y104.803 E98.00709
G1 X103.706 Y104.45 E98.01582
G1 X104.472 Y104.444 E98.03111
G1 X104.837 Y104.567 E98.03879
G1 X104.975 Y104.715 E98.04283
G1 F1612.9 X105.044 Y105.044 E98.04907
G1 F1680.7 X105.058 Y105.51 E98.05737
G1 F1621.6 X105.507 Y105.51 E98.06566
G1 F1630.4 X105.411 Y105.244 E98.07085
G1 F1685.4 X105.388 Y105.044 E98.07443
G1 F1612.9 X105.457 Y104.715 E98.08067
G1 F1500 X105.595 Y104.567 E98.08471
G1 X105.877 Y104.444 E98.09085
G1 X106.56 Y104.444 E98.10448
G1 X106.946 Y104.584 E98.11267
G1 X107.086 Y104.731 E98.11672
G1 X107.243 Y105.176 E98.12614
G1 X107.48 Y105.176 E98.13087
G1 X107.631 Y104.733 E98.14021
G1 X107.774 Y104.584 E98.14433
G1 X108.075 Y104.444 E98.15095
G1 X108.752 Y104.444 E98.16446
G1 X109.023 Y104.508 E98.17002
G1 X109.209 Y104.665 E98.17488
G1 X109.47 Y104.533 E98.18072
G1 X109.844 Y104.436 E98.18843
G1 X110.218 Y104.405 E98.19591
G1 X110.803 Y104.442 E98.20761
G1 X111.259 Y104.616 E98.21735
G1 X111.493 Y104.766 E98.2229
G1 X111.696 Y104.533 E98.22907
G1 X111.932 Y104.444 E98.2341
G1 X114.148 Y104.444 E98.27832
G1 X114.345 Y104.476 E98.28231
G1 X114.49 Y104.551 E98.28556
G1 X114.518 Y104.605 E98.28678
G1 X114.546 Y104.551 E98.28799
G1 X114.753 Y104.444 E98.29264
G1 X115.571 Y104.444 E98.30896
G1 X115.808 Y104.537 E98.31405
G1 X115.926 Y104.632 E98.31707
G1 F1445.8 X116.103 Y105.044 E98.32635
G1 F1395.3 X116.103 Y106.833 E98.36473
G1 X116.416 Y106.833 E98.37145
G1 X116.533 Y106.95 E98.375
G1 F2700 E93.375
G0 F9000 X116.209 Y104.201
G0 X103.437 Y104.608
G0 X103.437 Y108.35
G0 X103.992 Y114.071
G0 X104.114 Y114.486
G0 X104.327 Y114.856
G0 X104.624 Y115.156
G0 X104.883 Y115.309
G0 X107.022 Y116.17
G1 F2700 E98.375
G1 F1388.9 X107.679 Y116.094 E98.38925
G1 X107.122 Y115.846 E98.40239
G1 F1690.1 X107.047 Y115.787 E98.40408
G1 X106.773 Y115.907 E98.40938
G1 F1421.8 X106.233 Y116.103 E98.42147
G1 F1392.1 X106.579 Y116.162 E98.42902
G1 F1648.4 X107.022 Y116.17 E98.43707
G0 F9000 X106.233 Y116.103
G1 F1247.4 X105.664 Y116.112 E98.45072
G1 X105.472 Y116.103 E98.45534
G0 F9000 X105.037 Y116.124
G1 F1276.6 X105.472 Y116.103 E98.46555
G1 X105.048 Y116.004 E98.47576
G1 F1336.3 X104.715 Y115.878 E98.48373
G1 F1333.3 X104.271 Y115.616 E98.49531
G1 X103.873 Y115.217 E98.50796
G1 F1339.3 X103.874 Y115.684 E98.5184
G1 X103.928 Y115.852 E98.52234
G1 F1333.3 X104.071 Y116.022 E98.52733
G1 X104.253 Y116.124 E98.53201
G1 F1336.3 X105.037 Y116.124 E98.54958
G0 F9000 X110 Y116.24
G0 X110 Y116.548
G1 F1500 X115.76 Y116.547 E98.66452
G1 X116.034 Y116.457 E98.67028
G1 X116.218 Y116.342 E98.67461
G1 X116.369 Y116.178 E98.67906
G1 X116.507 Y115.925 E98.68481
G1 X116.548 Y115.719 E98.689
G1 X116.548 Y108.402 E98.83502
G1 X116.416 Y108.512 E98.83845
G1 X113.897 Y108.512 E98.88872
G1 X113.636 Y108.415 E98.89427
G1 X113.487 Y108.278 E98.89831
G1 F1252.6 X113.288 Y107.971 E98.90706
G1 X113.089 Y108.278 E98.9158
G1 F1500 X112.94 Y108.415 E98.91984
G1 X112.716 Y108.511 E98.9247
G1 X111.946 Y108.509 E98.94007
G1 X111.78 Y108.465 E98.94349
G1 X111.614 Y108.509 E98.94692
G1 X110.842 Y108.512 E98.96233
G1 X110.629 Y108.421 E98.96695
G1 X110.479 Y108.287 E98.97096
G1 F1321.6 X110.296 Y107.969 E98.97927
G1 X110.113 Y108.287 E98.98758
G1 F1500 X109.963 Y108.421 E98.9916
G1 X109.752 Y108.513 E98.99619
G1 X108.989 Y108.51 E99.01142
G1 X108.746 Y108.433 E99.01651
G1 X108.479 Y108.116 E99.02478
G1 X108.444 Y107.912 E99.02891
G1 X108.444 Y107.661 E99.03392
G1 X108.281 Y108.116 E99.04356
G1 X108.014 Y108.433 E99.05183
G1 X107.716 Y108.512 E99.05798
G1 X106.942 Y108.509 E99.07343
G1 X106.764 Y108.461 E99.07711
G1 X106.498 Y108.175 E99.0849
G1 X106.232 Y108.461 E99.0927
G1 X106.021 Y108.512 E99.09703
G1 X103.872 Y108.512 E99.13992
G1 X103.447 Y108.155 E99.15099
G1 F1507.5 X103.446 Y113.18 E99.25077
G1 F1550.4 X103.437 Y113.62 E99.25927
G1 F1542.4 X103.448 Y114.212 E99.27076
G1 F1500 X103.449 Y115.746 E99.30137
G1 X103.541 Y116.034 E99.3074
G1 X103.657 Y116.217 E99.31173
G1 X103.819 Y116.37 E99.31618
G1 X104.074 Y116.508 E99.32196
G1 X104.278 Y116.548 E99.32611
G1 X110 Y116.548 E99.4403
G0 F9000 X110 Y116.948
;TYPE:WALL-OUTER
G1 F1500 X115.82 Y116.948 E99.55644
G1 X116.206 Y116.821 E99.56455
G1 X116.475 Y116.652 E99.57089
G1 X116.696 Y116.414 E99.57737
G1 X116.889 Y116.063 E99.58537
G1 X116.948 Y115.757 E99.59159
G1 X116.948 Y108.644 E99.73353
G1 F1566.6 X116.965 Y107.912 E99.74752
G1 F1639.3 X116.965 Y107.448 E99.756
G1 F1566.6 X116.948 Y106.716 E99.76999
G1 F1500 X116.948 Y104.18 E99.8206
G1 X116.821 Y103.794 E99.82871
G1 X116.652 Y103.525 E99.83505
G1 X116.413 Y103.3 E99.8416
G1 X116.063 Y103.107 E99.84957
G1 X115.757 Y103.048 E99.85579
G1 X104.191 Y103.048 E100.0866
G1 X103.794 Y103.175 E100.09492
G1 X103.525 Y103.348 E100.1013
G1 X103.299 Y103.583 E100.10781
G1 X103.107 Y103.937 E100.11585
G1 X103.048 Y104.24 E100.12201
G1 F1315.8 X103.104 Y105.044 E100.14034
G1 F1167.3 X103.106 Y108.001 E100.21617
G1 F1310 X103.048 Y108.936 E100.23758
G1 F1500 X103.049 Y115.808 E100.37471
G1 X103.175 Y116.206 E100.38305
G1 X103.347 Y116.475 E100.38942
G1 X103.583 Y116.696 E100.39587
G1 X103.937 Y116.889 E100.40392
G1 X104.24 Y116.948 E100.41008
G1 X110 Y116.948 E100.52502
G1 F2700 E95.52502
G0 F9000 X110 Y116.24
G0 X109.937 Y115.221
G0 X110 Y114.841
G1 F2700 E100.52502
G1 F1500 X109.983 Y114.87 E100.52569
G1 X109.674 Y115.096 E100.53333
G1 X109.392 Y115.194 E100.53929
G1 X109.14 Y115.234 E100.54438
G1 X107.677 Y115.24 E100.57358
G1 X107.562 Y115.205 E100.57598
G1 X107.476 Y115.049 E100.57953
G1 X107.476 Y114.193 E100.59662
G1 F1554.4 X107.49 Y113.749 E100.60517
G1 X107.425 Y114.189 E100.61374
G1 F1500 X107.264 Y114.565 E100.6219
G1 X107.041 Y114.85 E100.62912
G1 X106.753 Y115.068 E100.63633
G1 X106.461 Y115.196 E100.64269
G1 X106.075 Y115.273 E100.65054
G1 X105.627 Y115.273 E100.65948
G1 X105.163 Y115.186 E100.66891
G1 X104.777 Y114.956 E100.67787
G1 X104.523 Y114.703 E100.68503
G1 X104.335 Y114.364 E100.69276
G1 X104.238 Y114.023 E100.69984
G1 X104.204 Y113.602 E100.70827
G1 X104.243 Y113.193 E100.71647
G1 X104.354 Y112.824 E100.72416
G1 X104.543 Y112.505 E100.73155
G1 X104.795 Y112.253 E100.73867
G1 X105.109 Y112.068 E100.74594
G1 X105.449 Y111.966 E100.75302
G1 X105.83 Y111.932 E100.76066
G1 X106.383 Y112 E100.77178
G1 X106.828 Y112.21 E100.7816
G1 X107.013 Y112.357 E100.78631
G1 F1492.5 X107.301 Y112.732 E100.79579
G1 F1477.8 X107.472 Y113.234 E100.80654
G1 F1485.1 X107.477 Y112.142 E100.82855
G1 F1500 X107.528 Y112.036 E100.83089
G1 X107.641 Y111.974 E100.83347
G1 X108.295 Y111.972 E100.84652
G1 X108.421 Y112.033 E100.84931
G1 X108.476 Y112.165 E100.85216
G1 X108.476 Y112.98 E100.86843
G1 X109.226 Y112.986 E100.8834
G1 X109.642 Y113.119 E100.89211
G1 X109.938 Y113.348 E100.89958
G1 X110.093 Y113.558 E100.90479
G1 F1496.3 X110.191 Y113.809 E100.91018
G1 X110.192 Y112.165 E100.94307
G1 F1500 X110.247 Y112.033 E100.94592
G1 X110.352 Y111.975 E100.94832
G1 X112.789 Y111.974 E100.99695
G1 F1546.4 X112.916 Y112.172 E101.0015
G1 X113.044 Y111.972 E101.0061
G1 F1500 X113.703 Y111.971 E101.01925
G1 X113.836 Y112.097 E101.02291
G1 X113.836 Y113.557 E101.05204
G1 X114.673 Y112.073 E101.08604
G1 X114.813 Y111.974 E101.08947
G1 X115.552 Y111.972 E101.10421
G1 X115.673 Y112.011 E101.10675
G1 X115.752 Y112.172 E101.11033
G1 X115.75 Y115.075 E101.16826
G1 X115.696 Y115.18 E101.17062
G1 X115.57 Y115.24 E101.1734
G1 X115.02 Y115.24 E101.18438
G1 X114.912 Y115.209 E101.18662
G1 X114.82 Y115.04 E101.19046
G1 X114.82 Y113.638 E101.21844
G1 X113.966 Y115.139 E101.2529
G1 X113.827 Y115.237 E101.2563
G1 X113.035 Y115.236 E101.2721
G1 F1392.1 X112.874 Y115.06 E101.27723
G1 X112.713 Y115.236 E101.28236
G1 F1500 X110.392 Y115.24 E101.32868
G1 X110.231 Y115.16 E101.33227
G1 X110.192 Y115.04 E101.33478
G1 X110.192 Y114.609 E101.34338
G1 F1574.8 X110.211 Y114.163 E101.35187
G1 X110.141 Y114.604 E101.36036
G1 F1500 X110 Y114.841 E101.36586
G0 F9000 X110.211 Y114.163
G1 F1570.7 X110.191 Y113.809 E101.37262
G1 F2700 E96.37262
G0 F9000 X107.49 Y113.749
G1 F2700 E101.37262
G1 F1538.5 X107.472 Y113.234 E101.38264
G1 F2700 E96.38264
G0 F9000 X112.915 Y112.668
G1 F2700 E101.38264
G1 F1591.5 X112.916 Y112.172 E101.39197
G1 F2700 E96.39197
G0 F9000 X112.916 Y111.264
G0 X112.874 Y111.764
G0 X112.874 Y114.576
G1 F2700 E101.39197
G1 F1301.5 X112.874 Y115.06 E101.40311
G0 F9000 X112.874 Y114.576
G1 F1415.1 X112.91 Y114.193 E101.41124
G1 F1754.4 X112.957 Y113.906 E101.4162
G1 F2047.8 X112.958 Y113.392 E101.42372
G1 F1734.1 X112.904 Y113.036 E101.42993
G1 F1542.4 X112.915 Y112.668 E101.43708
G1 F1566.6 X112.739 Y112.825 E101.44159
G1 X111.181 Y112.825 E101.47136
G1 F1587.3 X111.181 Y113.203 E101.47848
G1 F1562.5 X112.609 Y113.203 E101.50584
G1 F1764.7 X112.666 Y113.392 E101.50919
G1 F2047.8 X112.665 Y113.881 E101.51634
G1 F1796.4 X112.615 Y114.035 E101.51904
G1 F1634.9 X111.172 Y114.036 E101.54546
G1 F1666.7 X111.172 Y114.396 E101.55192
G1 F1634.9 X112.691 Y114.395 E101.57974
G1 F1438.8 X112.874 Y114.576 E101.58509
G1 F2700 E96.58509
G0 F9000 X112.874 Y111.764
G0 X113.933 Y108.11
G1 F2700 E101.58509
G1 F1500 X113.805 Y108.034 E101.58806
G1 X113.764 Y107.93 E101.59029
G1 X113.764 Y107.448 E101.59991
G1 X113.902 Y107.248 E101.60476
G1 X114.688 Y107.248 E101.62045
G1 X114.688 Y106.248 E101.6404
G1 F1558.4 X114.703 Y105.044 E101.66353
G1 X114.774 Y104.879 E101.66698
G1 F1500 X114.888 Y104.844 E101.66936
G1 X115.536 Y104.849 E101.68229
G1 X115.634 Y104.906 E101.68455
G1 X115.688 Y105.044 E101.68751
G1 X115.688 Y107.248 E101.73149
G1 X116.416 Y107.248 E101.74602
G1 F1566.6 X116.599 Y107.448 E101.7512
G1 F1634.9 X116.598 Y107.944 E101.76028
G1 F1562.5 X116.416 Y108.112 E101.76503
G1 F1500 X113.933 Y108.11 E101.81458
G0 F9000 X113.933 Y108.822
G0 X111.78 Y108.822
G0 X111.78 Y107.932
G1 F1284.8 X111.778 Y106 E101.85959
G1 F2700 E96.85959
G0 F9000 X108.91 Y105.435
G1 F2700 E101.85959
G1 F1052.6 X108.784 Y105.804 E101.87068
G1 F2700 E96.87068
G0 F9000 X108.633 Y106.597
G0 X109.68 Y108.113
G1 F2700 E101.87068
G1 F1500 X108.966 Y108.112 E101.88493
G1 F1470.6 X108.844 Y107.967 E101.88879
G1 F1415.1 X108.828 Y106.124 E101.92777
G1 F1188.1 X108.784 Y105.804 E101.93591
G1 X108.606 Y106.085 E101.94429
G1 F1442.3 X107.905 Y107.98 E101.98623
G1 F1500 X107.796 Y108.11 E101.98961
G1 X106.941 Y108.111 E102.00668
G1 X106.82 Y107.981 E102.01022
G1 F1492.5 X106.526 Y107.178 E102.02737
G1 F1351.4 X106.384 Y106.911 E102.03407
G1 F1239.7 X106.252 Y106.548 E102.0434
G1 F1388.9 X106.129 Y106.061 E102.05422
G1 X106.182 Y106.56 E102.06504
G1 F1239.7 X106.048 Y106.777 E102.07119
G1 F1293.1 X104.694 Y106.782 E102.10254
G1 F1351.4 X104.694 Y107.226 E102.11237
G1 F1293.1 X106.072 Y107.221 E102.14427
G1 F1339.3 X106.194 Y107.448 E102.15003
G1 F1467 X106.187 Y107.969 E102.16067
G1 F1488.8 X106.054 Y108.112 E102.16459
G1 F1500 X103.872 Y108.112 E102.20814
G1 F1310 X103.617 Y107.957 E102.21495
G1 F1167.3 X103.616 Y105.044 E102.28965
G1 F1315.8 X103.819 Y104.845 E102.29612
G1 F1500 X104.472 Y104.844 E102.30915
G1 X104.594 Y104.885 E102.31172
G1 X104.672 Y105.044 E102.31526
G1 X104.673 Y105.895 E102.33224
G1 F1515.2 X105.94 Y105.9 E102.35727
G1 F1554.4 X106.119 Y106.03 E102.36153
G1 F1542.4 X105.762 Y105.079 E102.38124
G1 F1500 X105.792 Y104.934 E102.3842
G1 X105.925 Y104.847 E102.38737
G1 X106.56 Y104.844 E102.40004
G1 X106.722 Y104.902 E102.40348
G1 X106.959 Y105.576 E102.41773
G1 X107.765 Y105.576 E102.43382
G1 X107.994 Y104.907 E102.44793
G1 X108.125 Y104.847 E102.45081
G1 X108.824 Y104.844 E102.46476
G1 X108.941 Y104.977 E102.46829
G1 F1445.8 X108.957 Y105.112 E102.4711
G1 F1209.7 X108.91 Y105.435 E102.47918
G1 F1171.9 X109.08 Y105.257 E102.48547
G1 F1388.9 X109.358 Y105.038 E102.4931
G1 F1500 X109.61 Y104.908 E102.49876
G1 X109.913 Y104.83 E102.505
G1 X110.28 Y104.804 E102.51234
G1 X110.721 Y104.838 E102.52117
G1 X111.067 Y104.968 E102.52854
G1 X111.328 Y105.137 E102.53475
G1 X111.529 Y105.362 E102.54077
G1 F1477.8 X111.691 Y105.689 E102.54816
G1 F1363.6 X111.778 Y106 E102.55525
G1 F1382.5 X111.812 Y105.61 E102.56373
G1 F1500 X111.812 Y104.99 E102.5761
G1 X111.927 Y104.847 E102.57976
G1 X114.195 Y104.844 E102.62502
G1 X114.262 Y104.879 E102.62653
G1 F1558.4 X114.333 Y105.044 E102.62998
G1 F1617.3 X114.332 Y105.54 E102.63916
G1 F1554.4 X114.148 Y105.708 E102.64396
G1 F1500 X112.813 Y105.709 E102.6706
G1 X112.812 Y107.93 E102.71492
G1 X112.722 Y108.08 E102.71841
G1 X112.612 Y108.112 E102.7207
G1 X111.942 Y108.108 E102.73407
G1 F1385.7 X111.78 Y107.932 E102.73924
G1 X111.615 Y108.111 E102.7445
G1 F1500 X110.896 Y108.106 E102.75885
G1 X110.791 Y108.037 E102.76135
G1 X110.748 Y107.93 E102.76366
G1 X110.744 Y106.11 E102.79998
G1 X110.704 Y105.927 E102.80371
G1 X110.592 Y105.769 E102.80758
G1 X110.409 Y105.688 E102.81157
G1 X110.154 Y105.688 E102.81666
G1 X109.983 Y105.764 E102.8204
G1 X109.913 Y105.854 E102.82267
G1 X109.848 Y106.117 E102.82808
G1 X109.844 Y107.93 E102.86426
G1 X109.801 Y108.037 E102.86656
G1 X109.68 Y108.113 E102.86941
G1 F2700 E97.86941
G0 F9000 X109.68 Y108.822
G0 X103.437 Y108.35
G0 X103.437 Y104.608
G0 X104.913 Y104.608
G0 X105.678 Y105.631
G0 X106.129 Y106.061
G1 F2700 E102.86941
G1 F1583.1 X106.119 Y106.03 E102.87003
G1 F2700 E97.87003
G0 F9000 X105.678 Y105.631
G0 X104.913 Y104.608
G0 X103.437 Y104.608
G0 X103.437 Y108.35
G0 X105.279 Y108.991
;TYPE:FILL
G1 F2700 E102.87003
G1 F3000 X104.656 Y111.316 E102.91806
G0 F9000 X106.671 Y111.168
G1 F3000 X104.495 Y108.992 E102.97947
G0 F9000 X108.711 Y111.193
G1 F3000 X116.068 Y109.222 E103.13147
G1 X116.068 Y109.252
G1 X115.809 Y108.992 E103.13879
G0 F9000 X113.581 Y108.917
G1 F3000 X112.998 Y111.093 E103.18375
G0 F9000 X112.252 Y111.093
G1 F3000 X110.055 Y108.895 E103.24577
G0 F9000 X109.421 Y108.988
G1 F3000 X108.817 Y111.244 E103.29237
G0 F9000 X108.817 Y110.964
G1 F2700 E98.29237
;MESH:NONMESH
G0 F300 Z1.28
G0 F9000 X108.531 Y106.923
G0 X107.432 Y106.523
;TIME_ELAPSED:323.076928
;LAYER:9
;TYPE:WALL-OUTER
;MESH:Lens_Openscad.stl
G1 F2700 E103.29237
G1 F1016.9 X107.396 Y106.586 E103.29451
G1 X107.323 Y106.586 E103.29666
G1 X107.286 Y106.523 E103.29881
G1 X107.322 Y106.46 E103.30094
G1 X107.395 Y106.46 E103.30309
G1 X107.432 Y106.523 E103.30524
G1 F2700 E98.30524
G0 F9000 X105.895 Y113.043
G0 X105.947 Y113.97
;TYPE:WALL-INNER
G1 F2700 E103.30524
G1 F1376.1 X106.009 Y113.913 E103.30707
G1 X106.071 Y113.707 E103.31175
G1 F1382.5 X106.05 Y113.367 E103.31913
G1 F1395.3 X105.964 Y113.265 E103.32199
G1 F1398.6 X105.761 Y113.236 E103.32638
G1 X105.687 Y113.307 E103.32858
G1 X105.634 Y113.475 E103.33235
G1 F1388.9 X105.639 Y113.758 E103.33845
G1 F1376.1 X105.687 Y113.921 E103.34214
G1 X105.746 Y113.97 E103.34381
G1 X105.947 Y113.97 E103.34818
G0 F9000 X106.026 Y114.388
;TYPE:WALL-OUTER
G1 F1500 X106.145 Y114.346 E103.3507
G1 X106.313 Y114.211 E103.355
G1 X106.392 Y114.091 E103.35787
G1 X106.493 Y113.753 E103.36491
G1 X106.462 Y113.333 E103.37331
G1 X106.394 Y113.136 E103.37747
G1 X106.209 Y112.911 E103.38329
G1 X105.927 Y112.815 E103.38923
G1 X105.605 Y112.829 E103.39566
G1 X105.333 Y113.052 E103.40268
G1 X105.226 Y113.398 E103.40991
G1 X105.226 Y113.835 E103.41863
G1 X105.304 Y114.099 E103.42412
G1 X105.546 Y114.345 E103.43101
G1 X105.67 Y114.388 E103.43363
G1 X106.026 Y114.388 E103.44073
G1 F2700 E98.44073
G0 F9000 X105.877 Y113.695
G0 X106.266 Y113.726
G0 X108.702 Y114.071
G0 X108.974 Y114.341
G1 F2700 E103.44073
G1 F1298.7 X108.507 Y114.341 E103.4515
G1 F1295.9 X108.507 Y113.876 E103.46224
G1 F1298.7 X108.989 Y113.879 E103.47335
G1 X109.148 Y113.958 E103.47744
G1 X109.189 Y114.047 E103.4797
G1 X109.152 Y114.267 E103.48484
G1 X108.974 Y114.341 E103.48928
G1 F2700 E98.48928
G0 F9000 X108.942 Y114.066
G0 X109.45 Y115.423
G0 X110 Y115.951
G0 X110 Y115.478
;TYPE:WALL-INNER
G1 F2700 E103.48928
G1 F1500 X109.92 Y115.407 E103.49142
G1 X109.786 Y115.481 E103.49447
G1 X109.464 Y115.588 E103.50124
G1 X109.11 Y115.636 E103.50837
G1 X107.678 Y115.64 E103.53695
G1 X107.336 Y115.535 E103.54409
G1 X107.179 Y115.377 E103.54854
G1 X107.145 Y115.275 E103.55068
G1 X106.914 Y115.434 E103.55628
G1 X106.56 Y115.589 E103.56399
G1 X106.096 Y115.676 E103.57341
G1 X105.607 Y115.676 E103.58317
G1 X105.023 Y115.568 E103.59502
G1 X104.545 Y115.282 E103.60614
G1 X104.205 Y114.953 E103.61558
G1 X103.97 Y114.542 E103.62503
G1 X103.844 Y114.092 E103.63435
G1 F1538.5 X103.816 Y113.569 E103.64454
G1 F1542.4 X103.843 Y113.143 E103.65283
G1 F1507.5 X103.972 Y112.685 E103.66227
G1 F1500 X104.206 Y112.277 E103.67166
G1 X104.519 Y111.953 E103.68065
G1 X104.924 Y111.705 E103.69013
G1 X105.38 Y111.572 E103.69961
G1 X105.853 Y111.529 E103.70909
G1 X106.486 Y111.607 E103.72181
G1 X106.955 Y111.822 E103.73211
G1 X107.131 Y111.939 E103.73633
G1 X107.233 Y111.766 E103.74033
G1 X107.412 Y111.632 E103.7448
G1 X107.597 Y111.572 E103.74868
G1 X108.331 Y111.574 E103.76333
G1 X108.557 Y111.641 E103.76803
G1 X108.71 Y111.757 E103.77186
G1 X108.876 Y112.158 E103.78052
G1 X108.876 Y112.567 E103.78868
G1 X109.365 Y112.611 E103.79848
G1 X109.792 Y112.747 E103.80743
G1 X109.792 Y112.158 E103.81918
G1 X109.958 Y111.757 E103.82784
G1 X110.111 Y111.641 E103.83167
G1 X110.305 Y111.572 E103.83578
G1 X112.781 Y111.574 E103.88519
G1 X112.916 Y111.602 E103.88794
G1 X113.051 Y111.574 E103.8907
G1 X113.636 Y111.571 E103.90237
G1 X113.904 Y111.635 E103.90787
G1 X114.159 Y111.877 E103.91488
G1 X114.212 Y112.078 E103.91903
G1 X114.325 Y111.877 E103.92363
G1 X114.58 Y111.635 E103.93065
G1 X114.768 Y111.572 E103.93461
G1 X115.552 Y111.572 E103.95025
G1 X115.913 Y111.691 E103.95784
G1 F1503.8 X116.151 Y112.172 E103.96852
G1 F1500 X116.146 Y115.144 E104.02783
G1 F1492.5 X115.982 Y115.459 E104.03495
G1 F1500 X115.836 Y115.569 E104.0386
G1 X115.552 Y115.64 E104.04444
G1 X115.02 Y115.64 E104.05506
G1 X114.697 Y115.547 E104.06177
G1 X114.498 Y115.337 E104.06754
G1 X114.439 Y115.115 E104.07212
G1 X114.259 Y115.434 E104.07943
G1 X114.115 Y115.547 E104.08309
G1 X113.873 Y115.64 E104.08826
G1 X113.016 Y115.64 E104.10536
G1 X112.874 Y115.593 E104.10835
G1 X112.718 Y115.64 E104.1116
G1 X110.392 Y115.64 E104.15802
G1 X110.097 Y115.563 E104.1641
G1 X110 Y115.478 E104.16667
G0 F9000 X110 Y115.951
G0 X108.666 Y116.16
G0 X107.679 Y116.094
G1 F1174.2 X109.111 Y116.092 E104.20318
G1 F1111.1 X109.547 Y116.064 E104.21495
G1 F982 X109.838 Y116.021 E104.22392
G1 F1032.7 X110.392 Y116.094 E104.24012
G1 F1160.5 X113.975 Y116.087 E104.33253
G0 F9000 X114.406 Y116.176
G1 F1408.5 X115.02 Y116.094 E104.3457
G1 X114.498 Y115.86 E104.35786
G1 F1538.5 X114.413 Y115.794 E104.35995
G1 F1250 X113.975 Y116.087 E104.37257
G1 F1379.3 X114.406 Y116.176 E104.38212
G0 F9000 X115.02 Y116.094
G1 F1178.8 X115.678 Y116.093 E104.39883
G1 F1190.5 X115.842 Y116.048 E104.40311
G1 F2700 E99.40311
G0 F9000 X115.993 Y115.479
G0 X115.993 Y111.736
G0 X110 Y111.241
G1 F2700 E104.40311
G1 F1500 X110.347 Y111.172 E104.41017
G1 X113.636 Y111.171 E104.4758
G1 X113.915 Y111.211 E104.48143
G1 X114.083 Y111.277 E104.48503
G1 X114.242 Y111.429 E104.48942
G1 X114.401 Y111.277 E104.49381
G1 X114.717 Y111.172 E104.50045
G1 X115.552 Y111.172 E104.51712
G1 X116.148 Y111.37 E104.52965
G1 X116.148 Y108.912 E104.5787
G1 X113.848 Y108.912 E104.6246
G1 X113.565 Y108.83 E104.63048
G1 X113.288 Y108.63 E104.6373
G1 X113.158 Y108.75 E104.64083
G1 X112.785 Y108.911 E104.64894
G1 X110.948 Y108.912 E104.6856
G1 X110.691 Y108.879 E104.69077
G1 X110.417 Y108.76 E104.69673
G1 X110.296 Y108.652 E104.69997
G1 X110.175 Y108.76 E104.7032
G1 X109.837 Y108.908 E104.71057
G1 X108.952 Y108.908 E104.72823
G1 X108.547 Y108.78 E104.7367
G1 X108.38 Y108.581 E104.74189
G1 X108.213 Y108.78 E104.74707
G1 X107.832 Y108.912 E104.75512
G1 X106.933 Y108.91 E104.77306
G1 X106.601 Y108.827 E104.77989
G1 X106.498 Y108.715 E104.78292
G1 X106.395 Y108.827 E104.78596
G1 X106.042 Y108.911 E104.7932
G1 X103.848 Y108.912 E104.83699
G1 X103.849 Y112.071 E104.90003
G1 X104.179 Y111.729 E104.90951
G1 X104.377 Y111.57 E104.91458
G1 X104.645 Y111.406 E104.92085
G1 X104.877 Y111.302 E104.92592
G1 X105.307 Y111.175 E104.93487
G1 X105.859 Y111.126 E104.94593
G1 X106.578 Y111.212 E104.96038
G1 X107.038 Y111.421 E104.97046
G1 X107.237 Y111.273 E104.97541
G1 X107.548 Y111.171 E104.98194
G1 X108.368 Y111.176 E104.99831
G1 X108.692 Y111.249 E105.00494
G1 X109 Y111.48 E105.01262
G1 X109.298 Y112.204 E105.02824
G1 X109.392 Y112.217 E105.03014
G1 X109.392 Y112.15 E105.03147
G1 X109.668 Y111.48 E105.04593
G1 X109.982 Y111.245 E105.05376
G1 X110 Y111.241 E105.05413
G0 F9000 X110.296 Y108.822
G0 X110.296 Y107.969
G1 F1192.8 X110.296 Y106.157 E105.0996
G1 F2700 E100.0996
G0 F9000 X110.083 Y108.35
G0 X103.437 Y108.35
G0 X103.437 Y104.608
G0 X109.287 Y104.136
G0 X109.287 Y104.222
G1 F2700 E105.0996
G1 F1117.3 X109.759 Y103.946 E105.11425
G1 X109.322 Y103.817 E105.12646
G1 X108.752 Y103.946 E105.14211
G1 X109.287 Y104.222 E105.15824
G0 F9000 X109.759 Y103.946
G1 F1041.7 X110.264 Y103.926 E105.17277
G1 F1047.1 X110.761 Y103.944 E105.18698
G0 F9000 X111.41 Y104.254
G1 F1200 X111.821 Y103.954 E105.19968
G1 X111.387 Y103.841 E105.21086
G1 F1470.6 X111.073 Y103.862 E105.21727
G1 F1176.5 X110.761 Y103.944 E105.22548
G1 X111.033 Y104.086 E105.23328
G1 F1470.6 X111.41 Y104.254 E105.24169
G0 F9000 X111.821 Y103.954
G1 F991.7 X112.012 Y103.946 E105.24746
G1 F1006.7 X114.148 Y103.946 E105.31097
G1 F956.9 X114.518 Y103.977 E105.32258
G1 F949.4 X114.759 Y103.946 E105.33024
G1 F1000 X115.488 Y103.946 E105.35207
G1 F991.7 X115.752 Y103.97 E105.36007
G1 F2700 E100.36007
G0 F9000 X103.437 Y104.608
G0 X103.437 Y108.35
G0 X113.051 Y108.35
G0 X113.051 Y107.669
G0 X113.917 Y106.479
G1 F2700 E105.36007
G1 F1612.9 X113.614 Y106.51 E105.36572
G0 F9000 X113.288 Y107.448
G1 F1260.5 X113.754 Y106.885 E105.38308
G1 F1500 X113.934 Y106.849 E105.38674
G1 X114.288 Y106.848 E105.3938
G1 X114.288 Y105.991 E105.41091
G1 X114.148 Y106.108 E105.41455
G1 X113.213 Y106.109 E105.43321
G1 X113.213 Y106.51 E105.44121
G1 F1260.5 X113.288 Y107.448 E105.46356
G1 F1081.1 X113.288 Y107.971 E105.47804
G1 F2700 E100.47804
G0 F9000 X113.288 Y108.822
G0 X103.437 Y108.35
G0 X103.437 Y104.608
G0 X108.752 Y103.946
G1 F2700 E105.47804
G1 F1006.7 X108.16 Y103.946 E105.49564
G1 F991.7 X107.969 Y103.954 E105.50141
G0 F9000 X107.36 Y104.41
G1 F1351.4 X107.502 Y104.261 E105.50597
G1 F1134.2 X107.969 Y103.954 E105.52072
G1 X107.36 Y103.87 E105.53694
G1 F1153.8 X106.56 Y103.946 E105.55779
G1 X107.218 Y104.261 E105.57672
G1 F1351.4 X107.36 Y104.41 E105.58128
G0 F9000 X106.56 Y103.946
G1 F1006.7 X105.96 Y103.946 E105.59912
G1 F991.7 X105.769 Y103.954 E105.60489
G0 F9000 X105.216 Y104.379
G1 F1415.1 X105.344 Y104.24 E105.60888
G1 F1156.1 X105.769 Y103.954 E105.62215
G1 X105.216 Y103.86 E105.63667
G1 F1176.5 X104.472 Y103.946 E105.65573
G1 X105.088 Y104.24 E105.6731
G1 F1415.1 X105.216 Y104.379 E105.67709
G0 F9000 X104.472 Y103.946
G1 F1015.2 X104.296 Y103.951 E105.68228
G0 F9000 X116.257 Y104.186
G0 X116.533 Y106.95
G1 F1395.3 X116.533 Y105.044 E105.72317
G1 F1421.8 X116.551 Y104.252 E105.73985
G1 F1470.6 X116.457 Y103.966 E105.74598
G1 F1500 X116.34 Y103.781 E105.75035
G1 X116.175 Y103.626 E105.75487
G1 X115.926 Y103.488 E105.76055
G1 X115.719 Y103.448 E105.76476
G1 X104.255 Y103.448 E105.99353
G1 X103.966 Y103.54 E105.99958
G1 X103.625 Y103.821 E106.0084
G1 X103.488 Y104.074 E106.01414
G1 X103.448 Y104.278 E106.01829
G1 X103.448 Y104.803 E106.02877
G1 X103.706 Y104.45 E106.03749
G1 X104.472 Y104.444 E106.05278
G1 X104.837 Y104.567 E106.06047
G1 X104.975 Y104.715 E106.06451
G1 F1612.9 X105.044 Y105.044 E106.07074
G1 F1680.7 X105.058 Y105.51 E106.07905
G1 F1621.6 X105.507 Y105.51 E106.08734
G1 F1630.4 X105.411 Y105.244 E106.09253
G1 F1685.4 X105.388 Y105.044 E106.0961
G1 F1612.9 X105.457 Y104.715 E106.10234
G1 F1500 X105.595 Y104.567 E106.10638
G1 X105.877 Y104.444 E106.11252
G1 X106.56 Y104.444 E106.12615
G1 X106.946 Y104.584 E106.13434
G1 X107.086 Y104.731 E106.1384
G1 X107.243 Y105.176 E106.14781
G1 X107.48 Y105.176 E106.15254
G1 X107.631 Y104.733 E106.16188
G1 X107.774 Y104.584 E106.166
G1 X108.075 Y104.444 E106.17263
G1 X108.752 Y104.444 E106.18614
G1 X109.023 Y104.508 E106.1917
G1 X109.209 Y104.665 E106.19655
G1 X109.47 Y104.533 E106.20239
G1 X109.844 Y104.436 E106.2101
G1 X110.218 Y104.405 E106.21759
G1 X110.803 Y104.442 E106.22929
G1 X111.259 Y104.616 E106.23903
G1 X111.493 Y104.766 E106.24457
G1 X111.696 Y104.533 E106.25074
G1 X111.932 Y104.444 E106.25577
G1 X114.148 Y104.444 E106.3
G1 X114.345 Y104.476 E106.30398
G1 X114.49 Y104.551 E106.30724
G1 X114.518 Y104.605 E106.30845
G1 X114.546 Y104.551 E106.30967
G1 X114.753 Y104.444 E106.31432
G1 X115.571 Y104.444 E106.33064
G1 X115.808 Y104.537 E106.33572
G1 X115.926 Y104.632 E106.33874
G1 F1445.8 X116.103 Y105.044 E106.34803
G1 F1395.3 X116.103 Y106.833 E106.38641
G1 X116.416 Y106.833 E106.39312
G1 X116.533 Y106.95 E106.39667
G1 F2700 E101.39667
G0 F9000 X116.209 Y104.201
G0 X103.437 Y104.608
G0 X103.437 Y108.35
G0 X103.992 Y114.071
G0 X104.114 Y114.486
G0 X104.327 Y114.856
G0 X104.624 Y115.156
G0 X104.883 Y115.309
G0 X107.022 Y116.17
G1 F2700 E106.39667
G1 F1388.9 X107.679 Y116.094 E106.41093
G1 X107.122 Y115.846 E106.42407
G1 F1690.1 X107.047 Y115.787 E106.42576
G1 X106.773 Y115.907 E106.43105
G1 F1421.8 X106.233 Y116.103 E106.44315
G1 F1392.1 X106.579 Y116.162 E106.4507
G1 F1648.4 X107.022 Y116.17 E106.45874
G0 F9000 X106.233 Y116.103
G1 F1247.4 X105.664 Y116.112 E106.4724
G1 X105.472 Y116.103 E106.47701
G0 F9000 X105.037 Y116.124
G1 F1276.6 X105.472 Y116.103 E106.48722
G1 X105.048 Y116.004 E106.49743
G1 F1336.3 X104.715 Y115.878 E106.50541
G1 F1333.3 X104.271 Y115.616 E106.51698
G1 X103.873 Y115.217 E106.52963
G1 F1339.3 X103.874 Y115.684 E106.54007
G1 X103.928 Y115.852 E106.54402
G1 F1333.3 X104.071 Y116.022 E106.549
G1 X104.253 Y116.124 E106.55369
G1 F1336.3 X105.037 Y116.124 E106.57125
G0 F9000 X110 Y116.24
G0 X110 Y116.548
G1 F1500 X115.76 Y116.547 E106.6862
G1 X116.034 Y116.457 E106.69195
G1 X116.218 Y116.342 E106.69628
G1 X116.369 Y116.178 E106.70073
G1 X116.507 Y115.925 E106.70648
G1 X116.548 Y115.719 E106.71067
G1 X116.548 Y108.402 E106.85669
G1 X116.416 Y108.512 E106.86012
G1 X113.897 Y108.512 E106.91039
G1 X113.636 Y108.415 E106.91595
G1 X113.487 Y108.278 E106.91999
G1 F1252.6 X113.288 Y107.971 E106.92873
G1 X113.089 Y108.278 E106.93747
G1 F1500 X112.94 Y108.415 E106.94151
G1 X112.716 Y108.511 E106.94638
G1 X111.946 Y108.509 E106.96174
G1 X111.78 Y108.465 E106.96517
G1 X111.614 Y108.509 E106.9686
G1 X110.842 Y108.512 E106.984
G1 X110.629 Y108.421 E106.98862
G1 X110.479 Y108.287 E106.99264
G1 F1321.6 X110.296 Y107.969 E107.00095
G1 X110.113 Y108.287 E107.00926
G1 F1500 X109.963 Y108.421 E107.01327
G1 X109.752 Y108.513 E107.01787
G1 X108.989 Y108.51 E107.03309
G1 X108.746 Y108.433 E107.03818
G1 X108.479 Y108.116 E107.04645
G1 X108.444 Y107.912 E107.05058
G1 X108.444 Y107.661 E107.05559
G1 X108.281 Y108.116 E107.06524
G1 X108.014 Y108.433 E107.07351
G1 X107.716 Y108.512 E107.07966
G1 X106.942 Y108.509 E107.09511
G1 X106.764 Y108.461 E107.09878
G1 X106.498 Y108.175 E107.10658
G1 X106.232 Y108.461 E107.11437
G1 X106.021 Y108.512 E107.11871
G1 X103.872 Y108.512 E107.16159
G1 X103.447 Y108.155 E107.17267
G1 F1507.5 X103.446 Y113.18 E107.27245
G1 F1550.4 X103.437 Y113.62 E107.28094
G1 F1542.4 X103.448 Y114.212 E107.29243
G1 F1500 X103.449 Y115.746 E107.32305
G1 X103.541 Y116.034 E107.32908
G1 X103.657 Y116.217 E107.3334
G1 X103.819 Y116.37 E107.33785
G1 X104.074 Y116.508 E107.34364
G1 X104.278 Y116.548 E107.34778
G1 X110 Y116.548 E107.46197
G0 F9000 X110 Y116.948
;TYPE:WALL-OUTER
G1 F1500 X115.82 Y116.948 E107.57812
G1 X116.206 Y116.821 E107.58623
G1 X116.475 Y116.652 E107.59257
G1 X116.696 Y116.414 E107.59905
G1 X116.889 Y116.063 E107.60704
G1 X116.948 Y115.757 E107.61326
G1 X116.948 Y108.644 E107.75521
G1 F1566.6 X116.965 Y107.912 E107.7692
G1 F1639.3 X116.965 Y107.448 E107.77767
G1 F1566.6 X116.948 Y106.716 E107.79166
G1 F1500 X116.948 Y104.18 E107.84227
G1 X116.821 Y103.794 E107.85038
G1 X116.652 Y103.525 E107.85672
G1 X116.413 Y103.3 E107.86327
G1 X116.063 Y103.107 E107.87125
G1 X115.757 Y103.048 E107.87747
G1 X104.191 Y103.048 E108.10828
G1 X103.794 Y103.175 E108.1166
G1 X103.525 Y103.348 E108.12298
G1 X103.299 Y103.583 E108.12949
G1 X103.107 Y103.937 E108.13752
G1 X103.048 Y104.24 E108.14368
G1 F1315.8 X103.104 Y105.044 E108.16202
G1 F1167.3 X103.106 Y108.001 E108.23785
G1 F1310 X103.048 Y108.936 E108.25925
G1 F1500 X103.049 Y115.808 E108.39639
G1 X103.175 Y116.206 E108.40472
G1 X103.347 Y116.475 E108.41109
G1 X103.583 Y116.696 E108.41754
G1 X103.937 Y116.889 E108.42559
G1 X104.24 Y116.948 E108.43175
G1 X110 Y116.948 E108.5467
G1 F2700 E103.5467
G0 F9000 X110 Y116.24
G0 X109.938 Y115.22
G0 X110 Y114.821
G1 F2700 E108.5467
G1 F1507.5 X109.948 Y114.893 E108.54846
G1 F1500 X109.674 Y115.096 E108.55527
G1 X109.392 Y115.194 E108.56122
G1 X109.14 Y115.234 E108.56632
G1 X107.677 Y115.24 E108.59551
G1 X107.562 Y115.205 E108.59791
G1 X107.476 Y115.049 E108.60147
G1 X107.476 Y114.193 E108.61855
G1 F1554.4 X107.49 Y113.749 E108.6271
G1 X107.425 Y114.189 E108.63567
G1 F1500 X107.264 Y114.565 E108.64383
G1 X107.041 Y114.85 E108.65105
G1 X106.753 Y115.068 E108.65826
G1 X106.461 Y115.196 E108.66462
G1 X106.075 Y115.273 E108.67248
G1 X105.627 Y115.273 E108.68142
G1 X105.163 Y115.186 E108.69084
G1 X104.777 Y114.956 E108.69981
G1 X104.523 Y114.703 E108.70696
G1 X104.335 Y114.364 E108.7147
G1 X104.238 Y114.023 E108.72177
G1 X104.204 Y113.602 E108.7302
G1 X104.243 Y113.193 E108.7384
G1 X104.354 Y112.824 E108.74609
G1 X104.543 Y112.505 E108.75349
G1 X104.795 Y112.253 E108.7606
G1 X105.109 Y112.068 E108.76787
G1 X105.449 Y111.966 E108.77496
G1 X105.83 Y111.932 E108.78259
G1 X106.383 Y112 E108.79371
G1 X106.828 Y112.21 E108.80353
G1 X107.013 Y112.357 E108.80824
G1 F1492.5 X107.301 Y112.732 E108.81773
G1 F1477.8 X107.472 Y113.234 E108.82847
G1 F1485.1 X107.477 Y112.142 E108.85048
G1 F1500 X107.528 Y112.036 E108.85283
G1 X107.641 Y111.974 E108.8554
G1 X108.295 Y111.972 E108.86845
G1 X108.421 Y112.033 E108.87124
G1 X108.477 Y112.172 E108.87423
G1 X108.476 Y112.98 E108.89036
G1 X109.007 Y112.98 E108.90096
G1 X109.269 Y113.004 E108.90621
G1 X109.643 Y113.119 E108.91401
G1 X109.938 Y113.348 E108.92147
G1 X110.096 Y113.564 E108.92681
G1 F1546.4 X110.213 Y113.924 E108.93413
G1 X110.192 Y113.546 E108.94146
G1 F1500 X110.192 Y112.167 E108.96898
G1 X110.247 Y112.033 E108.97187
G1 X110.352 Y111.975 E108.97427
G1 X112.789 Y111.974 E109.0229
G1 F1546.4 X112.916 Y112.172 E109.02745
G1 X113.044 Y111.972 E109.03205
G1 F1500 X113.703 Y111.971 E109.0452
G1 X113.836 Y112.097 E109.04886
G1 X113.836 Y113.557 E109.07799
G1 X114.673 Y112.073 E109.11199
G1 X114.813 Y111.974 E109.11542
G1 X115.552 Y111.972 E109.13016
G1 X115.673 Y112.011 E109.1327
G1 X115.752 Y112.172 E109.13628
G1 X115.75 Y115.075 E109.19421
G1 X115.696 Y115.18 E109.19657
G1 X115.57 Y115.24 E109.19935
G1 X115.02 Y115.24 E109.21033
G1 X114.912 Y115.209 E109.21257
G1 X114.82 Y115.04 E109.21641
G1 X114.82 Y113.638 E109.24439
G1 X113.966 Y115.139 E109.27885
G1 X113.827 Y115.237 E109.28225
G1 X113.035 Y115.236 E109.29805
G1 F1392.1 X112.874 Y115.06 E109.30318
G1 X112.713 Y115.236 E109.30831
G1 F1500 X110.392 Y115.24 E109.35463
G1 X110.23 Y115.158 E109.35825
G1 X110.192 Y115.04 E109.36072
G1 F1522.8 X110.201 Y114.418 E109.37295
G1 F1530.6 X110.108 Y114.671 E109.37822
G1 F1519 X110 Y114.821 E109.38187
G0 F9000 X110.201 Y114.397
G1 F1634.9 X110.216 Y113.98 E109.38951
G1 F2700 E104.38951
G0 F9000 X112.874 Y114.576
G1 F2700 E109.38951
G1 F1301.5 X112.874 Y115.06 E109.40064
G0 F9000 X112.874 Y114.576
G1 F1415.1 X112.91 Y114.193 E109.40878
G1 F1754.4 X112.957 Y113.906 E109.41374
G1 F2047.8 X112.958 Y113.392 E109.42125
G1 F1734.1 X112.904 Y113.036 E109.42747
G1 F1542.4 X112.915 Y112.668 E109.43461
G1 F1566.6 X112.739 Y112.825 E109.43912
G1 X111.181 Y112.825 E109.46889
G1 F1587.3 X111.181 Y113.203 E109.47602
G1 F1562.5 X112.609 Y113.203 E109.50338
G1 F1764.7 X112.666 Y113.392 E109.50672
G1 F2047.8 X112.665 Y113.881 E109.51387
G1 F1796.4 X112.615 Y114.035 E109.51657
G1 F1634.9 X111.172 Y114.036 E109.54299
G1 F1666.7 X111.172 Y114.396 E109.54946
G1 F1634.9 X112.691 Y114.395 E109.57727
G1 F1438.8 X112.874 Y114.576 E109.58262
G1 F2700 E104.58262
G0 F9000 X112.915 Y112.668
G1 F2700 E109.58262
G1 F1591.5 X112.916 Y112.172 E109.59195
G0 F9000 X112.916 Y111.264
G0 X113.933 Y108.822
G0 X113.933 Y108.11
G1 F1500 X113.805 Y108.034 E109.59492
G1 X113.764 Y107.93 E109.59715
G1 X113.764 Y107.448 E109.60677
G1 X113.902 Y107.248 E109.61162
G1 X114.688 Y107.248 E109.62731
G1 X114.688 Y106.248 E109.64726
G1 F1558.4 X114.703 Y105.044 E109.67039
G1 X114.774 Y104.879 E109.67384
G1 F1500 X114.888 Y104.844 E109.67622
G1 X115.536 Y104.849 E109.68915
G1 X115.634 Y104.906 E109.69142
G1 X115.688 Y105.044 E109.69437
G1 X115.688 Y107.248 E109.73836
G1 X116.416 Y107.248 E109.75288
G1 F1566.6 X116.599 Y107.448 E109.75806
G1 F1634.9 X116.598 Y107.944 E109.76715
G1 F1562.5 X116.416 Y108.112 E109.77189
G1 F1500 X113.933 Y108.11 E109.82144
G0 F9000 X113.933 Y108.822
G0 X111.78 Y108.822
G0 X111.78 Y107.932
G1 F1284.8 X111.778 Y106 E109.86646
G1 F2700 E104.86646
G0 F9000 X108.91 Y105.435
G1 F2700 E109.86646
G1 F1052.6 X108.784 Y105.804 E109.87754
G1 F2700 E104.87754
G0 F9000 X108.633 Y106.597
G0 X109.68 Y108.113
G1 F2700 E109.87754
G1 F1500 X108.966 Y108.112 E109.89179
G1 F1470.6 X108.844 Y107.967 E109.89565
G1 F1415.1 X108.828 Y106.124 E109.93464
G1 F1188.1 X108.784 Y105.804 E109.94278
G1 X108.606 Y106.085 E109.95116
G1 F1442.3 X107.905 Y107.98 E109.99309
G1 F1500 X107.796 Y108.11 E109.99648
G1 X106.941 Y108.111 E110.01354
G1 X106.82 Y107.981 E110.01708
G1 F1492.5 X106.526 Y107.178 E110.03423
G1 F1351.4 X106.384 Y106.911 E110.04093
G1 F1239.7 X106.252 Y106.548 E110.05026
G1 F1388.9 X106.129 Y106.061 E110.06108
G1 X106.182 Y106.56 E110.0719
G1 F1239.7 X106.048 Y106.777 E110.07806
G1 F1293.1 X104.694 Y106.782 E110.1094
G1 F1351.4 X104.694 Y107.226 E110.11924
G1 F1293.1 X106.072 Y107.221 E110.15114
G1 F1339.3 X106.194 Y107.448 E110.1569
G1 F1467 X106.187 Y107.969 E110.16753
G1 F1488.8 X106.054 Y108.112 E110.17145
G1 F1500 X103.872 Y108.112 E110.215
G1 F1310 X103.617 Y107.957 E110.22182
G1 F1167.3 X103.616 Y105.044 E110.29652
G1 F1315.8 X103.819 Y104.845 E110.30298
G1 F1500 X104.472 Y104.844 E110.31602
G1 X104.594 Y104.885 E110.31858
G1 X104.672 Y105.044 E110.32212
G1 X104.673 Y105.895 E110.3391
G1 F1515.2 X105.94 Y105.9 E110.36413
G1 F1554.4 X106.119 Y106.03 E110.36839
G1 F1542.4 X105.762 Y105.079 E110.38811
G1 F1500 X105.792 Y104.934 E110.39106
G1 X105.925 Y104.847 E110.39423
G1 X106.56 Y104.844 E110.40691
G1 X106.722 Y104.902 E110.41034
G1 X106.959 Y105.576 E110.4246
G1 X107.765 Y105.576 E110.44068
G1 X107.994 Y104.907 E110.45479
G1 X108.125 Y104.847 E110.45767
G1 X108.824 Y104.844 E110.47162
G1 X108.941 Y104.977 E110.47515
G1 F1445.8 X108.957 Y105.112 E110.47797
G1 F1209.7 X108.91 Y105.435 E110.48604
G1 F1171.9 X109.08 Y105.257 E110.49233
G1 F1388.9 X109.358 Y105.038 E110.49996
G1 F1500 X109.61 Y104.908 E110.50562
G1 X109.913 Y104.83 E110.51186
G1 X110.28 Y104.804 E110.5192
G1 X110.721 Y104.838 E110.52803
G1 X111.067 Y104.968 E110.53541
G1 X111.328 Y105.137 E110.54161
G1 X111.529 Y105.362 E110.54763
G1 F1477.8 X111.691 Y105.689 E110.55502
G1 F1363.6 X111.778 Y106 E110.56211
G1 F1382.5 X111.812 Y105.61 E110.57059
G1 F1500 X111.812 Y104.99 E110.58296
G1 X111.927 Y104.847 E110.58662
G1 X114.195 Y104.844 E110.63189
G1 X114.262 Y104.879 E110.63339
G1 F1558.4 X114.333 Y105.044 E110.63684
G1 F1617.3 X114.332 Y105.54 E110.64602
G1 F1554.4 X114.148 Y105.708 E110.65082
G1 F1500 X112.813 Y105.709 E110.67746
G1 X112.812 Y107.93 E110.72179
G1 X112.722 Y108.08 E110.72528
G1 X112.612 Y108.112 E110.72756
G1 X111.942 Y108.108 E110.74093
G1 F1385.7 X111.78 Y107.932 E110.7461
G1 X111.615 Y108.111 E110.75136
G1 F1500 X110.896 Y108.106 E110.76571
G1 X110.791 Y108.037 E110.76822
G1 X110.748 Y107.93 E110.77052
G1 X110.744 Y106.11 E110.80684
G1 X110.704 Y105.927 E110.81058
G1 X110.592 Y105.769 E110.81444
G1 X110.409 Y105.688 E110.81844
G1 X110.156 Y105.688 E110.82348
G1 X109.982 Y105.767 E110.8273
G1 X109.911 Y105.853 E110.82952
G1 X109.848 Y106.099 E110.83459
G1 X109.844 Y107.93 E110.87113
G1 X109.801 Y108.037 E110.87343
G1 X109.68 Y108.113 E110.87628
G1 F2700 E105.87628
G0 F9000 X109.68 Y108.822
G0 X103.437 Y108.35
G0 X103.437 Y104.608
G0 X104.913 Y104.608
G0 X105.678 Y105.631
G0 X106.129 Y106.061
G1 F2700 E110.87628
G1 F1583.1 X106.119 Y106.03 E110.8769
G1 F2700 E105.8769
G0 F9000 X105.678 Y105.631
G0 X104.913 Y104.608
G0 X103.437 Y104.608
G0 X103.437 Y108.35
G0 X106.324 Y108.36
G0 X107.268 Y112.343
G0 X107.472 Y113.234
G1 F2700 E110.8769
G1 F1538.5 X107.49 Y113.749 E110.88693
G1 F2700 E105.88693
G0 F9000 X107.268 Y112.343
G0 X106.887 Y111.264
;TYPE:FILL
G1 F2700 E110.88693
G1 F3000 X104.615 Y108.992 E110.95105
G0 F9000 X105.191 Y108.991
G1 F3000 X104.554 Y111.369 E111.00018
G0 F9000 X108.74 Y111.203
G1 F3000 X109.333 Y108.988 E111.04593
G0 F9000 X110.138 Y108.858
G1 F3000 X112.373 Y111.093 E111.10901
G0 F9000 X112.91 Y111.093
G1 F3000 X113.502 Y108.886 E111.15461
G0 F9000 X115.929 Y108.992
G1 F3000 X116.068 Y109.131 E111.15853
G1 X116.067 Y109.31
G1 X108.824 Y111.251 E111.30818
G0 F9000 X108.824 Y110.964
G1 F2700 E106.30818
;MESH:NONMESH
G0 F300 Z1.4
G0 F9000 X108.531 Y106.923
G0 X107.432 Y106.523
;TIME_ELAPSED:357.632855
;LAYER:10
;TYPE:WALL-OUTER
;MESH:Lens_Openscad.stl
G1 F2700 E111.30818
G1 F1016.9 X107.396 Y106.586 E111.31031
G1 X107.323 Y106.586 E111.31246
G1 X107.286 Y106.523 E111.31461
G1 X107.322 Y106.46 E111.31675
G1 X107.395 Y106.46 E111.3189
G1 X107.432 Y106.523 E111.32105
G1 F2700 E106.32105
G0 F9000 X105.895 Y113.043
G0 X105.947 Y113.97
;TYPE:WALL-INNER
G1 F2700 E111.32105
G1 F1376.1 X106.009 Y113.913 E111.32288
G1 X106.071 Y113.707 E111.32756
G1 F1382.5 X106.05 Y113.367 E111.33493
G1 F1395.3 X105.964 Y113.265 E111.3378
G1 F1398.6 X105.761 Y113.236 E111.34218
G1 X105.687 Y113.307 E111.34438
G1 X105.634 Y113.475 E111.34815
G1 F1388.9 X105.639 Y113.758 E111.35425
G1 F1376.1 X105.687 Y113.921 E111.35795
G1 X105.746 Y113.97 E111.35961
G1 X105.947 Y113.97 E111.36399
G0 F9000 X106.026 Y114.388
;TYPE:WALL-OUTER
G1 F1500 X106.145 Y114.346 E111.36651
G1 X106.313 Y114.211 E111.37081
G1 X106.392 Y114.091 E111.37367
G1 X106.493 Y113.753 E111.38071
G1 X106.462 Y113.333 E111.38912
G1 X106.394 Y113.136 E111.39328
G1 X106.209 Y112.911 E111.39909
G1 X105.927 Y112.815 E111.40503
G1 X105.605 Y112.829 E111.41147
G1 X105.333 Y113.052 E111.41849
G1 X105.226 Y113.398 E111.42571
G1 X105.226 Y113.835 E111.43443
G1 X105.304 Y114.099 E111.43993
G1 X105.546 Y114.345 E111.44681
G1 X105.67 Y114.388 E111.44943
G1 X106.026 Y114.388 E111.45654
G1 F2700 E106.45654
G0 F9000 X105.877 Y113.695
G0 X106.266 Y113.726
G0 X108.702 Y114.07
G0 X108.974 Y114.34
G1 F2700 E111.45654
G1 F1293.1 X108.508 Y114.34 E111.46732
G1 X108.508 Y113.876 E111.47807
G1 X108.98 Y113.876 E111.48899
G1 X109.147 Y113.959 E111.49331
G1 X109.188 Y114.047 E111.49556
G1 X109.151 Y114.267 E111.50072
G1 X108.974 Y114.34 E111.50515
G1 F2700 E106.50515
G0 F9000 X108.942 Y114.066
G0 X109.45 Y115.423
G0 X110 Y115.951
G0 X110 Y115.478
;TYPE:WALL-INNER
G1 F2700 E111.50515
G1 F1500 X109.92 Y115.407 E111.50729
G1 X109.786 Y115.481 E111.51034
G1 X109.464 Y115.588 E111.51711
G1 X109.11 Y115.636 E111.52424
G1 X107.678 Y115.64 E111.55282
G1 X107.336 Y115.535 E111.55996
G1 X107.179 Y115.377 E111.5644
G1 X107.145 Y115.275 E111.56655
G1 X106.914 Y115.434 E111.57215
G1 X106.56 Y115.589 E111.57986
G1 X106.096 Y115.676 E111.58928
G1 X105.607 Y115.676 E111.59904
G1 X105.023 Y115.568 E111.61089
G1 X104.545 Y115.282 E111.62201
G1 X104.205 Y114.953 E111.63145
G1 X103.97 Y114.542 E111.6409
G1 X103.844 Y114.092 E111.65022
G1 F1538.5 X103.816 Y113.569 E111.66041
G1 F1542.4 X103.843 Y113.143 E111.6687
G1 F1507.5 X103.972 Y112.685 E111.67814
G1 F1500 X104.206 Y112.277 E111.68753
G1 X104.519 Y111.953 E111.69652
G1 X104.924 Y111.705 E111.706
G1 X105.38 Y111.572 E111.71548
G1 X105.853 Y111.529 E111.72495
G1 X106.486 Y111.607 E111.73768
G1 X106.955 Y111.822 E111.74798
G1 X107.131 Y111.939 E111.7522
G1 X107.233 Y111.766 E111.7562
G1 X107.412 Y111.632 E111.76067
G1 X107.597 Y111.572 E111.76455
G1 X108.331 Y111.574 E111.77919
G1 X108.557 Y111.641 E111.7839
G1 X108.71 Y111.757 E111.78773
G1 X108.876 Y112.158 E111.79639
G1 X108.876 Y112.567 E111.80455
G1 X109.365 Y112.611 E111.81435
G1 X109.792 Y112.747 E111.82329
G1 X109.792 Y112.158 E111.83505
G1 X109.958 Y111.757 E111.84371
G1 X110.111 Y111.641 E111.84754
G1 X110.305 Y111.572 E111.85165
G1 X112.781 Y111.574 E111.90106
G1 X112.916 Y111.602 E111.90381
G1 X113.051 Y111.574 E111.90656
G1 X113.636 Y111.571 E111.91824
G1 X113.904 Y111.635 E111.92374
G1 X114.159 Y111.877 E111.93075
G1 X114.212 Y112.078 E111.9349
G1 X114.325 Y111.877 E111.9395
G1 X114.58 Y111.635 E111.94652
G1 X114.768 Y111.572 E111.95048
G1 X115.552 Y111.572 E111.96612
G1 X115.913 Y111.691 E111.97371
G1 F1503.8 X116.151 Y112.172 E111.98439
G1 F1500 X116.146 Y115.144 E112.0437
G1 F1492.5 X115.982 Y115.459 E112.05082
G1 F1500 X115.836 Y115.569 E112.05447
G1 X115.552 Y115.64 E112.06031
G1 X115.02 Y115.64 E112.07093
G1 X114.697 Y115.547 E112.07764
G1 X114.498 Y115.337 E112.08341
G1 X114.439 Y115.115 E112.08799
G1 X114.259 Y115.434 E112.0953
G1 X114.115 Y115.547 E112.09896
G1 X113.873 Y115.64 E112.10413
G1 X113.016 Y115.64 E112.12123
G1 X112.874 Y115.593 E112.12422
G1 X112.718 Y115.64 E112.12747
G1 X110.392 Y115.64 E112.17389
G1 X110.097 Y115.563 E112.17997
G1 X110 Y115.478 E112.18254
G0 F9000 X110 Y115.951
G0 X108.666 Y116.16
G0 X107.679 Y116.094
G1 F1174.2 X109.111 Y116.092 E112.21905
G1 F1111.1 X109.547 Y116.064 E112.23082
G1 F982 X109.838 Y116.021 E112.23979
G1 F1032.7 X110.392 Y116.094 E112.25599
G1 F1160.5 X113.975 Y116.087 E112.3484
G0 F9000 X114.406 Y116.176
G1 F1408.5 X115.02 Y116.094 E112.36157
G1 X114.498 Y115.86 E112.37373
G1 F1538.5 X114.413 Y115.794 E112.37582
G1 F1250 X113.975 Y116.087 E112.38844
G1 F1379.3 X114.406 Y116.176 E112.39799
G0 F9000 X115.02 Y116.094
G1 F1178.8 X115.678 Y116.093 E112.4147
G1 F1190.5 X115.842 Y116.048 E112.41898
G1 F2700 E107.41898
G0 F9000 X115.993 Y115.479
G0 X115.993 Y111.736
G0 X110 Y111.241
G1 F2700 E112.41898
G1 F1500 X110.347 Y111.172 E112.42604
G1 X113.636 Y111.171 E112.49167
G1 X113.915 Y111.211 E112.4973
G1 X114.083 Y111.277 E112.5009
G1 X114.242 Y111.429 E112.50529
G1 X114.401 Y111.277 E112.50968
G1 X114.717 Y111.172 E112.51632
G1 X115.552 Y111.172 E112.53299
G1 X116.148 Y111.37 E112.54552
G1 X116.148 Y108.912 E112.59457
G1 X113.848 Y108.912 E112.64047
G1 X113.565 Y108.83 E112.64635
G1 X113.288 Y108.63 E112.65317
G1 X113.158 Y108.75 E112.6567
G1 X112.785 Y108.911 E112.66481
G1 X110.948 Y108.912 E112.70147
G1 X110.691 Y108.879 E112.70664
G1 X110.417 Y108.76 E112.7126
G1 X110.296 Y108.652 E112.71583
G1 X110.175 Y108.76 E112.71907
G1 X109.837 Y108.908 E112.72643
G1 X108.952 Y108.908 E112.7441
G1 X108.547 Y108.78 E112.75257
G1 X108.38 Y108.581 E112.75776
G1 X108.213 Y108.78 E112.76294
G1 X107.832 Y108.912 E112.77099
G1 X106.933 Y108.91 E112.78893
G1 X106.601 Y108.827 E112.79576
G1 X106.498 Y108.715 E112.79879
G1 X106.395 Y108.827 E112.80183
G1 X106.042 Y108.911 E112.80907
G1 X103.848 Y108.912 E112.85285
G1 X103.849 Y112.071 E112.9159
G1 X104.179 Y111.729 E112.92538
G1 X104.377 Y111.57 E112.93045
G1 X104.645 Y111.406 E112.93672
G1 X104.877 Y111.302 E112.94179
G1 X105.307 Y111.175 E112.95074
G1 X105.859 Y111.126 E112.9618
G1 X106.578 Y111.212 E112.97625
G1 X107.038 Y111.421 E112.98633
G1 X107.237 Y111.273 E112.99128
G1 X107.548 Y111.171 E112.99781
G1 X108.368 Y111.176 E113.01418
G1 X108.692 Y111.249 E113.0208
G1 X109 Y111.48 E113.02849
G1 X109.298 Y112.204 E113.04411
G1 X109.392 Y112.217 E113.04601
G1 X109.392 Y112.15 E113.04734
G1 X109.668 Y111.48 E113.0618
G1 X109.982 Y111.245 E113.06963
G1 X110 Y111.241 E113.07
G0 F9000 X110.296 Y108.822
G0 X110.296 Y107.969
G1 F1192.8 X110.296 Y106.157 E113.11547
G1 F2700 E108.11547
G0 F9000 X110.083 Y108.35
G0 X103.437 Y108.35
G0 X103.437 Y104.608
G0 X109.287 Y104.136
G0 X109.287 Y104.222
G1 F2700 E113.11547
G1 F1117.3 X109.759 Y103.946 E113.13012
G1 X109.322 Y103.817 E113.14233
G1 X108.752 Y103.946 E113.15798
G1 X109.287 Y104.222 E113.17411
G0 F9000 X109.759 Y103.946
G1 F1041.7 X110.264 Y103.926 E113.18863
G1 F1047.1 X110.761 Y103.944 E113.20285
G0 F9000 X111.41 Y104.254
G1 F1200 X111.821 Y103.954 E113.21554
G1 X111.387 Y103.841 E113.22673
G1 F1470.6 X111.073 Y103.862 E113.23314
G1 F1176.5 X110.761 Y103.944 E113.24135
G1 X111.033 Y104.086 E113.24915
G1 F1470.6 X111.41 Y104.254 E113.25755
G0 F9000 X111.821 Y103.954
G1 F991.7 X112.012 Y103.946 E113.26332
G1 F1006.7 X114.148 Y103.946 E113.32684
G1 F956.9 X114.518 Y103.977 E113.33845
G1 F949.4 X114.759 Y103.946 E113.34611
G1 F1000 X115.488 Y103.946 E113.36794
G1 F991.7 X115.752 Y103.97 E113.37594
G1 F2700 E108.37594
G0 F9000 X103.437 Y104.608
G0 X103.437 Y108.35
G0 X113.051 Y108.35
G0 X113.051 Y107.669
G0 X113.917 Y106.479
G1 F2700 E113.37594
G1 F1612.9 X113.614 Y106.51 E113.38159
G0 F9000 X113.288 Y107.448
G1 F1260.5 X113.754 Y106.885 E113.39895
G1 F1500 X113.934 Y106.849 E113.40261
G1 X114.288 Y106.848 E113.40967
G1 X114.288 Y105.991 E113.42678
G1 X114.148 Y106.108 E113.43042
G1 X113.213 Y106.109 E113.44908
G1 X113.213 Y106.51 E113.45708
G1 F1260.5 X113.288 Y107.448 E113.47942
G1 F1081.1 X113.288 Y107.971 E113.49391
G1 F2700 E108.49391
G0 F9000 X113.288 Y108.822
G0 X103.437 Y108.35
G0 X103.437 Y104.608
G0 X108.752 Y103.946
G1 F2700 E113.49391
G1 F1006.7 X108.16 Y103.946 E113.51151
G1 F991.7 X107.969 Y103.954 E113.51728
G0 F9000 X107.36 Y104.41
G1 F1351.4 X107.502 Y104.261 E113.52184
G1 F1134.2 X107.969 Y103.954 E113.53659
G1 X107.36 Y103.87 E113.55281
G1 F1153.8 X106.56 Y103.946 E113.57366
G1 X107.218 Y104.261 E113.59259
G1 F1351.4 X107.36 Y104.41 E113.59715
G0 F9000 X106.56 Y103.946
G1 F1006.7 X105.96 Y103.946 E113.61499
G1 F991.7 X105.769 Y103.954 E113.62076
G0 F9000 X105.216 Y104.379
G1 F1415.1 X105.344 Y104.24 E113.62475
G1 F1156.1 X105.769 Y103.954 E113.63802
G1 X105.216 Y103.86 E113.65254
G1 F1176.5 X104.472 Y103.946 E113.6716
G1 X105.088 Y104.24 E113.68897
G1 F1415.1 X105.216 Y104.379 E113.69296
G0 F9000 X104.472 Y103.946
G1 F1015.2 X104.296 Y103.951 E113.69815
G0 F9000 X116.257 Y104.186
G0 X116.533 Y106.95
G1 F1395.3 X116.533 Y105.044 E113.73904
G1 F1421.8 X116.551 Y104.252 E113.75572
G1 F1470.6 X116.457 Y103.966 E113.76185
G1 F1500 X116.34 Y103.781 E113.76622
G1 X116.175 Y103.626 E113.77074
G1 X115.926 Y103.488 E113.77642
G1 X115.719 Y103.448 E113.78062
G1 X104.255 Y103.448 E114.0094
G1 X103.966 Y103.54 E114.01545
G1 X103.625 Y103.821 E114.02427
G1 X103.488 Y104.074 E114.03001
G1 X103.448 Y104.278 E114.03416
G1 X103.448 Y104.803 E114.04464
G1 X103.706 Y104.45 E114.05336
G1 X104.472 Y104.444 E114.06865
G1 X104.837 Y104.567 E114.07634
G1 X104.975 Y104.715 E114.08037
G1 F1612.9 X105.044 Y105.044 E114.08661
G1 F1680.7 X105.058 Y105.51 E114.09492
G1 F1621.6 X105.507 Y105.51 E114.10321
G1 F1630.4 X105.411 Y105.244 E114.1084
G1 F1685.4 X105.388 Y105.044 E114.11197
G1 F1612.9 X105.457 Y104.715 E114.11821
G1 F1500 X105.595 Y104.567 E114.12225
G1 X105.877 Y104.444 E114.12839
G1 X106.56 Y104.444 E114.14202
G1 X106.946 Y104.584 E114.15021
G1 X107.086 Y104.731 E114.15426
G1 X107.243 Y105.176 E114.16368
G1 X107.48 Y105.176 E114.16841
G1 X107.631 Y104.733 E114.17775
G1 X107.774 Y104.584 E114.18187
G1 X108.075 Y104.444 E114.1885
G1 X108.752 Y104.444 E114.20201
G1 X109.023 Y104.508 E114.20756
G1 X109.209 Y104.665 E114.21242
G1 X109.47 Y104.533 E114.21826
G1 X109.844 Y104.436 E114.22597
G1 X110.218 Y104.405 E114.23346
G1 X110.803 Y104.442 E114.24516
G1 X111.259 Y104.616 E114.2549
G1 X111.493 Y104.766 E114.26044
G1 X111.696 Y104.533 E114.26661
G1 X111.932 Y104.444 E114.27164
G1 X114.148 Y104.444 E114.31587
G1 X114.345 Y104.476 E114.31985
G1 X114.49 Y104.551 E114.32311
G1 X114.518 Y104.605 E114.32432
G1 X114.546 Y104.551 E114.32553
G1 X114.753 Y104.444 E114.33018
G1 X115.571 Y104.444 E114.34651
G1 X115.808 Y104.537 E114.35159
G1 X115.926 Y104.632 E114.35461
G1 F1445.8 X116.103 Y105.044 E114.3639
G1 F1395.3 X116.103 Y106.833 E114.40228
G1 X116.416 Y106.833 E114.40899
G1 X116.533 Y106.95 E114.41254
G1 F2700 E109.41254
G0 F9000 X116.209 Y104.201
G0 X103.437 Y104.608
G0 X103.437 Y108.35
G0 X103.992 Y114.071
G0 X104.114 Y114.486
G0 X104.327 Y114.856
G0 X104.624 Y115.156
G0 X104.883 Y115.309
G0 X107.022 Y116.17
G1 F2700 E114.41254
G1 F1388.9 X107.679 Y116.094 E114.42679
G1 X107.122 Y115.846 E114.43994
G1 F1690.1 X107.047 Y115.787 E114.44163
G1 X106.773 Y115.907 E114.44692
G1 F1421.8 X106.233 Y116.103 E114.45902
G1 F1392.1 X106.579 Y116.162 E114.46657
G1 F1648.4 X107.022 Y116.17 E114.47461
G0 F9000 X106.233 Y116.103
G1 F1247.4 X105.664 Y116.112 E114.48827
G1 X105.472 Y116.103 E114.49288
G0 F9000 X105.037 Y116.124
G1 F1276.6 X105.472 Y116.103 E114.50309
G1 X105.048 Y116.004 E114.5133
G1 F1336.3 X104.715 Y115.878 E114.52128
G1 F1333.3 X104.271 Y115.616 E114.53285
G1 X103.873 Y115.217 E114.5455
G1 F1339.3 X103.874 Y115.684 E114.55594
G1 X103.928 Y115.852 E114.55989
G1 F1333.3 X104.071 Y116.022 E114.56487
G1 X104.253 Y116.124 E114.56956
G1 F1336.3 X105.037 Y116.124 E114.58712
G0 F9000 X110 Y116.24
G0 X110 Y116.548
G1 F1500 X115.76 Y116.547 E114.70207
G1 X116.034 Y116.457 E114.70782
G1 X116.218 Y116.342 E114.71215
G1 X116.369 Y116.178 E114.7166
G1 X116.507 Y115.925 E114.72235
G1 X116.548 Y115.719 E114.72654
G1 X116.548 Y108.402 E114.87256
G1 X116.416 Y108.512 E114.87599
G1 X113.897 Y108.512 E114.92626
G1 X113.636 Y108.415 E114.93182
G1 X113.487 Y108.278 E114.93586
G1 F1252.6 X113.288 Y107.971 E114.9446
G1 X113.089 Y108.278 E114.95334
G1 F1500 X112.94 Y108.415 E114.95738
G1 X112.716 Y108.511 E114.96224
G1 X111.946 Y108.509 E114.97761
G1 X111.78 Y108.465 E114.98104
G1 X111.614 Y108.509 E114.98446
G1 X110.842 Y108.512 E114.99987
G1 X110.629 Y108.421 E115.00449
G1 X110.479 Y108.287 E115.00851
G1 F1321.6 X110.296 Y107.969 E115.01682
G1 X110.113 Y108.287 E115.02513
G1 F1500 X109.963 Y108.421 E115.02914
G1 X109.752 Y108.513 E115.03374
G1 X108.989 Y108.51 E115.04896
G1 X108.746 Y108.433 E115.05405
G1 X108.479 Y108.116 E115.06232
G1 X108.444 Y107.912 E115.06645
G1 X108.444 Y107.661 E115.07146
G1 X108.281 Y108.116 E115.0811
G1 X108.014 Y108.433 E115.08938
G1 X107.716 Y108.512 E115.09553
G1 X106.942 Y108.509 E115.11097
G1 X106.764 Y108.461 E115.11465
G1 X106.498 Y108.175 E115.12245
G1 X106.232 Y108.461 E115.13024
G1 X106.021 Y108.512 E115.13457
G1 X103.872 Y108.512 E115.17746
G1 X103.447 Y108.155 E115.18854
G1 F1507.5 X103.446 Y113.18 E115.28831
G1 F1550.4 X103.437 Y113.62 E115.29681
G1 F1542.4 X103.448 Y114.212 E115.3083
G1 F1500 X103.449 Y115.746 E115.33891
G1 X103.541 Y116.034 E115.34495
G1 X103.657 Y116.217 E115.34927
G1 X103.819 Y116.37 E115.35372
G1 X104.074 Y116.508 E115.35951
G1 X104.278 Y116.548 E115.36365
G1 X110 Y116.548 E115.47784
G0 F9000 X110 Y116.948
;TYPE:WALL-OUTER
G1 F1500 X115.82 Y116.948 E115.59399
G1 X116.206 Y116.821 E115.6021
G1 X116.475 Y116.652 E115.60844
G1 X116.696 Y116.414 E115.61492
G1 X116.889 Y116.063 E115.62291
G1 X116.948 Y115.757 E115.62913
G1 X116.948 Y108.644 E115.77108
G1 F1566.6 X116.965 Y107.912 E115.78507
G1 F1639.3 X116.965 Y107.448 E115.79354
G1 F1566.6 X116.948 Y106.716 E115.80753
G1 F1500 X116.948 Y104.18 E115.85814
G1 X116.821 Y103.794 E115.86625
G1 X116.652 Y103.525 E115.87259
G1 X116.413 Y103.3 E115.87914
G1 X116.063 Y103.107 E115.88712
G1 X115.757 Y103.048 E115.89333
G1 X104.191 Y103.048 E116.12415
G1 X103.794 Y103.175 E116.13247
G1 X103.525 Y103.348 E116.13885
G1 X103.299 Y103.583 E116.14535
G1 X103.107 Y103.937 E116.15339
G1 X103.048 Y104.24 E116.15955
G1 F1315.8 X103.104 Y105.044 E116.17789
G1 F1167.3 X103.106 Y108.001 E116.25371
G1 F1310 X103.048 Y108.936 E116.27512
G1 F1500 X103.049 Y115.808 E116.41226
G1 X103.175 Y116.206 E116.42059
G1 X103.347 Y116.475 E116.42696
G1 X103.583 Y116.696 E116.43341
G1 X103.937 Y116.889 E116.44146
G1 X104.24 Y116.948 E116.44762
G1 X110 Y116.948 E116.56257
G1 F2700 E111.56257
G0 F9000 X110 Y116.24
G0 X109.938 Y115.22
G0 X110 Y114.821
G1 F2700 E116.56257
G1 F1507.5 X109.948 Y114.893 E116.56433
G1 F1500 X109.674 Y115.096 E116.57114
G1 X109.392 Y115.194 E116.57709
G1 X109.14 Y115.234 E116.58218
G1 X107.677 Y115.24 E116.61138
G1 X107.562 Y115.205 E116.61378
G1 X107.476 Y115.049 E116.61733
G1 X107.476 Y114.193 E116.63442
G1 F1554.4 X107.49 Y113.749 E116.64297
G1 X107.425 Y114.189 E116.65154
G1 F1500 X107.264 Y114.565 E116.6597
G1 X107.041 Y114.85 E116.66692
G1 X106.753 Y115.068 E116.67413
G1 X106.461 Y115.196 E116.68049
G1 X106.075 Y115.273 E116.68835
G1 X105.627 Y115.273 E116.69729
G1 X105.163 Y115.186 E116.70671
G1 X104.777 Y114.956 E116.71567
G1 X104.523 Y114.703 E116.72283
G1 X104.335 Y114.364 E116.73056
G1 X104.238 Y114.023 E116.73764
G1 X104.204 Y113.602 E116.74607
G1 X104.243 Y113.193 E116.75427
G1 X104.354 Y112.824 E116.76196
G1 X104.543 Y112.505 E116.76936
G1 X104.795 Y112.253 E116.77647
G1 X105.109 Y112.068 E116.78374
G1 X105.449 Y111.966 E116.79083
G1 X105.83 Y111.932 E116.79846
G1 X106.383 Y112 E116.80958
G1 X106.828 Y112.21 E116.8194
G1 X107.013 Y112.357 E116.82411
G1 F1492.5 X107.301 Y112.732 E116.8336
G1 F1477.8 X107.472 Y113.234 E116.84434
G1 F1485.1 X107.477 Y112.142 E116.86635
G1 F1500 X107.528 Y112.036 E116.8687
G1 X107.641 Y111.974 E116.87127
G1 X108.295 Y111.972 E116.88432
G1 X108.421 Y112.033 E116.88711
G1 X108.477 Y112.172 E116.8901
G1 X108.476 Y112.98 E116.90623
G1 X109.007 Y112.98 E116.91682
G1 X109.269 Y113.004 E116.92207
G1 X109.639 Y113.118 E116.9298
G1 X109.929 Y113.329 E116.93696
G1 X110.096 Y113.564 E116.94271
G1 F1546.4 X110.213 Y113.924 E116.95004
G1 X110.192 Y113.546 E116.95737
G1 F1500 X110.192 Y112.167 E116.98489
G1 X110.247 Y112.033 E116.98778
G1 X110.352 Y111.975 E116.99017
G1 X112.789 Y111.974 E117.0388
G1 F1546.4 X112.916 Y112.172 E117.04336
G1 X113.044 Y111.972 E117.04795
G1 F1500 X113.703 Y111.971 E117.0611
G1 X113.836 Y112.097 E117.06476
G1 X113.836 Y113.557 E117.0939
G1 X114.673 Y112.073 E117.1279
G1 X114.813 Y111.974 E117.13132
G1 X115.552 Y111.972 E117.14607
G1 X115.673 Y112.011 E117.1486
G1 X115.752 Y112.172 E117.15218
G1 X115.75 Y115.075 E117.21012
G1 X115.696 Y115.18 E117.21247
G1 X115.57 Y115.24 E117.21526
G1 X115.02 Y115.24 E117.22623
G1 X114.912 Y115.209 E117.22847
G1 X114.82 Y115.04 E117.23231
G1 X114.82 Y113.638 E117.26029
G1 X113.966 Y115.139 E117.29476
G1 X113.827 Y115.237 E117.29815
G1 X113.035 Y115.236 E117.31396
G1 F1392.1 X112.874 Y115.06 E117.31908
G1 X112.713 Y115.236 E117.32421
G1 F1500 X110.392 Y115.24 E117.37053
G1 X110.23 Y115.158 E117.37415
G1 X110.192 Y115.04 E117.37663
G1 F1522.8 X110.201 Y114.418 E117.38886
G1 F1530.6 X110.108 Y114.671 E117.39413
G1 F1519 X110 Y114.821 E117.39777
G0 F9000 X110.201 Y114.397
G1 F1634.9 X110.216 Y113.98 E117.40541
G1 F2700 E112.40541
G0 F9000 X112.874 Y114.576
G1 F2700 E117.40541
G1 F1301.5 X112.874 Y115.06 E117.41654
G0 F9000 X112.874 Y114.576
G1 F1415.1 X112.91 Y114.193 E117.42468
G1 F1754.4 X112.957 Y113.906 E117.42964
G1 F2047.8 X112.958 Y113.392 E117.43716
G1 F1734.1 X112.904 Y113.036 E117.44337
G1 F1542.4 X112.915 Y112.668 E117.45052
G1 F1566.6 X112.739 Y112.825 E117.45502
G1 X111.181 Y112.825 E117.48479
G1 F1587.3 X111.181 Y113.203 E117.49192
G1 F1562.5 X112.609 Y113.203 E117.51928
G1 F1764.7 X112.666 Y113.392 E117.52263
G1 F2047.8 X112.665 Y113.881 E117.52978
G1 F1796.4 X112.615 Y114.035 E117.53247
G1 F1634.9 X111.172 Y114.036 E117.55889
G1 F1666.7 X111.172 Y114.396 E117.56536
G1 F1634.9 X112.691 Y114.395 E117.59317
G1 F1438.8 X112.874 Y114.576 E117.59853
G1 F2700 E112.59853
G0 F9000 X112.915 Y112.668
G1 F2700 E117.59853
G1 F1591.5 X112.916 Y112.172 E117.60786
G0 F9000 X112.916 Y111.264
G0 X113.933 Y108.822
G0 X113.933 Y108.11
G1 F1500 X113.805 Y108.034 E117.61083
G1 X113.764 Y107.93 E117.61306
G1 X113.764 Y107.448 E117.62268
G1 X113.902 Y107.248 E117.62753
G1 X114.688 Y107.248 E117.64321
G1 X114.688 Y106.248 E117.66317
G1 F1558.4 X114.703 Y105.044 E117.6863
G1 X114.774 Y104.879 E117.68975
G1 F1500 X114.888 Y104.844 E117.69213
G1 X115.536 Y104.849 E117.70506
G1 X115.634 Y104.906 E117.70732
G1 X115.688 Y105.044 E117.71028
G1 X115.688 Y107.248 E117.75426
G1 X116.416 Y107.248 E117.76879
G1 F1566.6 X116.599 Y107.448 E117.77397
G1 F1634.9 X116.598 Y107.944 E117.78305
G1 F1562.5 X116.416 Y108.112 E117.7878
G1 F1500 X113.933 Y108.11 E117.83735
G0 F9000 X113.933 Y108.822
G0 X111.78 Y108.822
G0 X111.78 Y107.932
G1 F1284.8 X111.778 Y106 E117.88236
G1 F2700 E112.88236
G0 F9000 X108.91 Y105.435
G1 F2700 E117.88236
G1 F1052.6 X108.784 Y105.804 E117.89345
G1 F2700 E112.89345
G0 F9000 X108.633 Y106.597
G0 X109.68 Y108.113
G1 F2700 E117.89345
G1 F1500 X108.966 Y108.112 E117.9077
G1 F1470.6 X108.844 Y107.967 E117.91155
G1 F1415.1 X108.828 Y106.124 E117.95054
G1 F1188.1 X108.784 Y105.804 E117.95868
G1 X108.606 Y106.085 E117.96706
G1 F1442.3 X107.905 Y107.98 E118.00899
G1 F1500 X107.796 Y108.11 E118.01238
G1 X106.941 Y108.111 E118.02944
G1 X106.82 Y107.981 E118.03299
G1 F1492.5 X106.526 Y107.178 E118.05014
G1 F1351.4 X106.384 Y106.911 E118.05683
G1 F1239.7 X106.252 Y106.548 E118.06616
G1 F1388.9 X106.129 Y106.061 E118.07699
G1 X106.182 Y106.56 E118.0878
G1 F1239.7 X106.048 Y106.777 E118.09396
G1 F1293.1 X104.694 Y106.782 E118.12531
G1 F1351.4 X104.694 Y107.226 E118.13514
G1 F1293.1 X106.072 Y107.221 E118.16704
G1 F1339.3 X106.194 Y107.448 E118.1728
G1 F1467 X106.187 Y107.969 E118.18343
G1 F1488.8 X106.054 Y108.112 E118.18736
G1 F1500 X103.872 Y108.112 E118.2309
G1 F1310 X103.617 Y107.957 E118.23772
G1 F1167.3 X103.616 Y105.044 E118.31242
G1 F1315.8 X103.819 Y104.845 E118.31889
G1 F1500 X104.472 Y104.844 E118.33192
G1 X104.594 Y104.885 E118.33449
G1 X104.672 Y105.044 E118.33802
G1 X104.673 Y105.895 E118.355
G1 F1515.2 X105.94 Y105.9 E118.38004
G1 F1554.4 X106.119 Y106.03 E118.3843
G1 F1542.4 X105.762 Y105.079 E118.40401
G1 F1500 X105.792 Y104.934 E118.40697
G1 X105.925 Y104.847 E118.41014
G1 X106.56 Y104.844 E118.42281
G1 X106.722 Y104.902 E118.42624
G1 X106.959 Y105.576 E118.4405
G1 X107.765 Y105.576 E118.45659
G1 X107.994 Y104.907 E118.4707
G1 X108.125 Y104.847 E118.47357
G1 X108.824 Y104.844 E118.48752
G1 X108.941 Y104.977 E118.49106
G1 F1445.8 X108.957 Y105.112 E118.49387
G1 F1209.7 X108.91 Y105.435 E118.50195
G1 F1171.9 X109.08 Y105.257 E118.50824
G1 F1388.9 X109.358 Y105.038 E118.51586
G1 F1500 X109.61 Y104.908 E118.52152
G1 X109.913 Y104.83 E118.52777
G1 X110.28 Y104.804 E118.53511
G1 X110.721 Y104.838 E118.54393
G1 X111.067 Y104.968 E118.55131
G1 X111.328 Y105.137 E118.55752
G1 X111.529 Y105.362 E118.56354
G1 F1477.8 X111.691 Y105.689 E118.57093
G1 F1363.6 X111.778 Y106 E118.57802
G1 F1382.5 X111.812 Y105.61 E118.58649
G1 F1500 X111.812 Y104.99 E118.59887
G1 X111.927 Y104.847 E118.60253
G1 X114.195 Y104.844 E118.64779
G1 X114.262 Y104.879 E118.6493
G1 F1558.4 X114.333 Y105.044 E118.65275
G1 F1617.3 X114.332 Y105.54 E118.66193
G1 F1554.4 X114.148 Y105.708 E118.66673
G1 F1500 X112.813 Y105.709 E118.69337
G1 X112.812 Y107.93 E118.73769
G1 X112.722 Y108.08 E118.74118
G1 X112.612 Y108.112 E118.74347
G1 X111.942 Y108.108 E118.75684
G1 F1385.7 X111.78 Y107.932 E118.76201
G1 X111.615 Y108.111 E118.76726
G1 F1500 X110.896 Y108.106 E118.78161
G1 X110.791 Y108.037 E118.78412
G1 X110.748 Y107.93 E118.78642
G1 X110.744 Y106.11 E118.82274
G1 X110.704 Y105.927 E118.82648
G1 X110.592 Y105.769 E118.83035
G1 X110.409 Y105.688 E118.83434
G1 X110.156 Y105.688 E118.83939
G1 X109.982 Y105.767 E118.8432
G1 X109.911 Y105.853 E118.84543
G1 X109.848 Y106.099 E118.85049
G1 X109.844 Y107.93 E118.88703
G1 X109.801 Y108.037 E118.88934
G1 X109.68 Y108.113 E118.89219
G1 F2700 E113.89219
G0 F9000 X109.68 Y108.822
G0 X103.437 Y108.35
G0 X103.437 Y104.608
G0 X104.913 Y104.608
G0 X105.678 Y105.631
G0 X106.129 Y106.061
G1 F2700 E118.89219
G1 F1583.1 X106.119 Y106.03 E118.8928
G1 F2700 E113.8928
G0 F9000 X105.678 Y105.631
G0 X104.913 Y104.608
G0 X103.437 Y104.608
G0 X103.437 Y108.35
G0 X106.324 Y108.36
G0 X107.268 Y112.343
G0 X107.472 Y113.234
G1 F2700 E118.8928
G1 F1538.5 X107.49 Y113.749 E118.90283
G1 F2700 E113.90283
G0 F9000 X107.268 Y112.343
G0 X107.054 Y111.264
G0 X107.054 Y111.312
;TYPE:FILL
G1 F2700 E118.90283
G1 F3000 X104.734 Y108.992 E118.9683
G0 F9000 X105.104 Y108.992
G1 F3000 X104.45 Y111.433 E119.01874
G0 F9000 X105.252 Y111.346
G0 X108.66 Y111.175
G1 F3000 X109.246 Y108.988 E119.06392
G0 F9000 X110.219 Y108.82
G1 F3000 X112.491 Y111.092 E119.12804
G0 F9000 X112.824 Y111.092
G1 F3000 X113.427 Y108.841 E119.17454
G0 F9000 X116.068 Y109.397
G1 F3000 X108.909 Y111.315 E119.32245
G0 F9000 X108.909 Y110.964
G1 F2700 E114.32245
;MESH:NONMESH
G0 F300 Z1.52
G0 F9000 X108.665 Y108.846
G0 X108.531 Y106.923
G0 X107.433 Y106.523
;TIME_ELAPSED:392.171567
;LAYER:11
;TYPE:WALL-OUTER
;MESH:Lens_Openscad.stl
G1 F2700 E119.32245
G1 F1016.9 X107.397 Y106.586 E119.32458
G1 X107.324 Y106.586 E119.32673
G1 X107.287 Y106.523 E119.32888
G1 X107.323 Y106.46 E119.33102
G1 X107.396 Y106.46 E119.33317
G1 X107.433 Y106.523 E119.33532
G1 F2700 E114.33532
G0 F9000 X105.895 Y113.043
G0 X105.947 Y113.97
;TYPE:WALL-INNER
G1 F2700 E119.33532
G1 F1376.1 X106.009 Y113.913 E119.33715
G1 X106.071 Y113.707 E119.34183
G1 F1382.5 X106.05 Y113.367 E119.34921
G1 F1395.3 X105.964 Y113.265 E119.35207
G1 F1398.6 X105.761 Y113.236 E119.35646
G1 X105.687 Y113.307 E119.35865
G1 X105.634 Y113.475 E119.36242
G1 F1388.9 X105.639 Y113.758 E119.36852
G1 F1376.1 X105.687 Y113.921 E119.37222
G1 X105.746 Y113.97 E119.37389
G1 X105.947 Y113.97 E119.37826
G0 F9000 X106.026 Y114.388
;TYPE:WALL-OUTER
G1 F1500 X106.145 Y114.346 E119.38078
G1 X106.313 Y114.211 E119.38508
G1 X106.392 Y114.091 E119.38795
G1 X106.493 Y113.753 E119.39499
G1 X106.462 Y113.333 E119.40339
G1 X106.394 Y113.136 E119.40755
G1 X106.209 Y112.911 E119.41336
G1 X105.927 Y112.815 E119.41931
G1 X105.605 Y112.829 E119.42574
G1 X105.333 Y113.052 E119.43276
G1 X105.226 Y113.398 E119.43999
G1 X105.226 Y113.835 E119.44871
G1 X105.304 Y114.099 E119.4542
G1 X105.546 Y114.345 E119.46109
G1 X105.67 Y114.388 E119.46371
G1 X106.026 Y114.388 E119.47081
G1 F2700 E114.47081
G0 F9000 X105.877 Y113.695
G0 X106.266 Y113.726
G0 X108.702 Y114.07
G0 X108.974 Y114.34
G1 F2700 E119.47081
G1 F1293.1 X108.508 Y114.34 E119.4816
G1 X108.508 Y113.876 E119.49234
G1 X109.028 Y113.876 E119.50438
G1 X109.147 Y113.961 E119.50776
G1 X109.188 Y114.048 E119.50999
G1 X109.151 Y114.267 E119.51513
G1 X108.974 Y114.34 E119.51956
G1 F2700 E114.51956
G0 F9000 X108.942 Y114.066
G0 X109.45 Y115.423
G0 X110 Y115.951
G0 X110 Y115.478
;TYPE:WALL-INNER
G1 F2700 E119.51956
G1 F1500 X109.92 Y115.408 E119.52168
G1 X109.786 Y115.481 E119.52473
G1 X109.464 Y115.588 E119.5315
G1 X109.11 Y115.636 E119.53863
G1 X107.678 Y115.64 E119.56721
G1 X107.336 Y115.535 E119.57435
G1 X107.179 Y115.377 E119.57879
G1 X107.145 Y115.275 E119.58094
G1 X106.914 Y115.434 E119.58653
G1 X106.56 Y115.589 E119.59424
G1 X106.096 Y115.676 E119.60366
G1 X105.607 Y115.676 E119.61342
G1 X105.023 Y115.568 E119.62528
G1 X104.545 Y115.282 E119.63639
G1 X104.205 Y114.953 E119.64583
G1 X103.97 Y114.542 E119.65528
G1 X103.844 Y114.092 E119.66461
G1 F1538.5 X103.816 Y113.569 E119.6748
G1 F1542.4 X103.843 Y113.143 E119.68308
G1 F1507.5 X103.972 Y112.685 E119.69253
G1 F1500 X104.206 Y112.277 E119.70192
G1 X104.519 Y111.953 E119.71091
G1 X104.924 Y111.705 E119.72038
G1 X105.38 Y111.572 E119.72986
G1 X105.853 Y111.529 E119.73934
G1 X106.486 Y111.607 E119.75207
G1 X106.955 Y111.822 E119.76236
G1 X107.131 Y111.939 E119.76658
G1 X107.233 Y111.766 E119.77059
G1 X107.412 Y111.632 E119.77505
G1 X107.597 Y111.572 E119.77893
G1 X108.331 Y111.574 E119.79358
G1 X108.557 Y111.641 E119.79828
G1 X108.709 Y111.755 E119.80208
G1 X108.876 Y112.151 E119.81065
G1 X108.876 Y112.582 E119.81925
G1 X109.297 Y112.586 E119.82766
G1 X109.792 Y112.746 E119.83804
G1 X109.792 Y112.151 E119.84991
G1 X109.959 Y111.755 E119.85849
G1 X110.111 Y111.641 E119.86228
G1 X110.305 Y111.572 E119.86639
G1 X112.781 Y111.574 E119.9158
G1 X112.916 Y111.602 E119.91855
G1 X113.051 Y111.574 E119.9213
G1 X113.636 Y111.571 E119.93298
G1 X113.904 Y111.635 E119.93848
G1 X114.159 Y111.877 E119.94549
G1 X114.212 Y112.078 E119.94964
G1 X114.325 Y111.877 E119.95424
G1 X114.58 Y111.635 E119.96126
G1 X114.768 Y111.572 E119.96521
G1 X115.552 Y111.572 E119.98086
G1 X115.913 Y111.691 E119.98844
G1 F1503.8 X116.151 Y112.172 E119.99913
G1 F1500 X116.146 Y115.144 E120.05844
G1 F1492.5 X115.982 Y115.459 E120.06556
G1 F1500 X115.836 Y115.569 E120.06921
G1 X115.552 Y115.64 E120.07505
G1 X115.02 Y115.64 E120.08567
G1 X114.697 Y115.547 E120.09237
G1 X114.498 Y115.337 E120.09815
G1 X114.439 Y115.115 E120.10273
G1 X114.259 Y115.434 E120.11004
G1 X114.115 Y115.547 E120.11369
G1 X113.873 Y115.64 E120.11887
G1 X113.016 Y115.64 E120.13597
G1 X112.874 Y115.593 E120.13895
G1 X112.718 Y115.64 E120.14221
G1 X110.392 Y115.64 E120.18862
G1 X110.097 Y115.563 E120.19471
G1 X110 Y115.478 E120.19728
G0 F9000 X110 Y115.951
G0 X108.666 Y116.16
G0 X107.679 Y116.094
G1 F1174.2 X109.111 Y116.092 E120.23379
G1 F1111.1 X109.547 Y116.064 E120.24556
G1 F982 X109.838 Y116.021 E120.25453
G1 F1032.7 X110.392 Y116.094 E120.27072
G1 F1160.5 X113.975 Y116.087 E120.36314
G0 F9000 X114.406 Y116.176
G1 F1408.5 X115.02 Y116.094 E120.37631
G1 X114.498 Y115.86 E120.38846
G1 F1538.5 X114.413 Y115.794 E120.39056
G1 F1250 X113.975 Y116.087 E120.40318
G1 F1379.3 X114.406 Y116.176 E120.41273
G0 F9000 X115.02 Y116.094
G1 F1178.8 X115.678 Y116.093 E120.42944
G1 F1190.5 X115.842 Y116.048 E120.43371
G1 F2700 E115.43371
G0 F9000 X115.993 Y115.479
G0 X115.993 Y111.736
G0 X110 Y111.241
G1 F2700 E120.43371
G1 F1500 X110.347 Y111.172 E120.44077
G1 X113.636 Y111.171 E120.50641
G1 X113.915 Y111.211 E120.51203
G1 X114.083 Y111.277 E120.51564
G1 X114.242 Y111.429 E120.52003
G1 X114.401 Y111.277 E120.52442
G1 X114.717 Y111.172 E120.53106
G1 X115.552 Y111.172 E120.54772
G1 X116.148 Y111.37 E120.56026
G1 X116.148 Y108.912 E120.60931
G1 X113.848 Y108.912 E120.65521
G1 X113.565 Y108.83 E120.66109
G1 X113.288 Y108.63 E120.66791
G1 X113.158 Y108.75 E120.67144
G1 X112.785 Y108.911 E120.67954
G1 X110.948 Y108.912 E120.7162
G1 X110.691 Y108.879 E120.72137
G1 X110.417 Y108.76 E120.72734
G1 X110.296 Y108.652 E120.73057
G1 X110.175 Y108.76 E120.73381
G1 X109.837 Y108.908 E120.74117
G1 X108.952 Y108.908 E120.75883
G1 X108.547 Y108.78 E120.76731
G1 X108.38 Y108.581 E120.77249
G1 X108.213 Y108.78 E120.77768
G1 X107.832 Y108.912 E120.78573
G1 X106.933 Y108.91 E120.80367
G1 X106.601 Y108.827 E120.8105
G1 X106.498 Y108.715 E120.81353
G1 X106.395 Y108.827 E120.81657
G1 X106.042 Y108.911 E120.82381
G1 X103.848 Y108.912 E120.86759
G1 X103.849 Y112.071 E120.93063
G1 X104.179 Y111.729 E120.94012
G1 X104.377 Y111.57 E120.94519
G1 X104.645 Y111.406 E120.95146
G1 X104.877 Y111.302 E120.95653
G1 X105.307 Y111.175 E120.96548
G1 X105.859 Y111.126 E120.97654
G1 X106.578 Y111.212 E120.99099
G1 X107.038 Y111.421 E121.00107
G1 X107.237 Y111.273 E121.00602
G1 X107.548 Y111.171 E121.01255
G1 X108.368 Y111.176 E121.02892
G1 X108.692 Y111.249 E121.03554
G1 X108.997 Y111.478 E121.04315
G1 X109.299 Y112.192 E121.05863
G1 X109.392 Y112.206 E121.0605
G1 X109.392 Y112.137 E121.06188
G1 X109.671 Y111.478 E121.07616
G1 X109.981 Y111.245 E121.0839
G1 X110 Y111.241 E121.08429
G0 F9000 X110.296 Y108.822
G0 X110.296 Y107.969
G1 F1192.8 X110.296 Y106.157 E121.12976
G1 F2700 E116.12976
G0 F9000 X110.083 Y108.35
G0 X103.437 Y108.35
G0 X103.437 Y104.608
G0 X109.287 Y104.136
G0 X109.287 Y104.222
G1 F2700 E121.12976
G1 F1117.3 X109.759 Y103.946 E121.14441
G1 X109.322 Y103.817 E121.15661
G1 X108.752 Y103.946 E121.17227
G1 X109.287 Y104.222 E121.1884
G0 F9000 X109.759 Y103.946
G1 F1041.7 X110.264 Y103.926 E121.20292
G1 F1047.1 X110.761 Y103.944 E121.21714
G0 F9000 X111.41 Y104.254
G1 F1200 X111.821 Y103.954 E121.22983
G1 X111.387 Y103.841 E121.24102
G1 F1470.6 X111.073 Y103.862 E121.24743
G1 F1176.5 X110.761 Y103.944 E121.25563
G1 X111.033 Y104.086 E121.26344
G1 F1470.6 X111.41 Y104.254 E121.27184
G0 F9000 X111.821 Y103.954
G1 F991.7 X112.012 Y103.946 E121.27761
G1 F1006.7 X114.148 Y103.946 E121.34113
G1 F956.9 X114.518 Y103.977 E121.35274
G1 F949.4 X114.759 Y103.946 E121.3604
G1 F1000 X115.488 Y103.946 E121.38222
G1 F991.7 X115.752 Y103.97 E121.39022
G1 F2700 E116.39022
G0 F9000 X103.437 Y104.608
G0 X103.437 Y108.35
G0 X113.051 Y108.35
G0 X113.051 Y107.669
G0 X113.917 Y106.479
G1 F2700 E121.39022
G1 F1612.9 X113.614 Y106.51 E121.39588
G0 F9000 X113.288 Y107.448
G1 F1260.5 X113.754 Y106.885 E121.41323
G1 F1500 X113.934 Y106.849 E121.4169
G1 X114.288 Y106.848 E121.42396
G1 X114.288 Y105.991 E121.44106
G1 X114.148 Y106.108 E121.4447
G1 X113.213 Y106.109 E121.46336
G1 X113.213 Y106.51 E121.47137
G1 F1260.5 X113.288 Y107.448 E121.49371
G1 F1081.1 X113.288 Y107.971 E121.50819
G1 F2700 E116.50819
G0 F9000 X113.288 Y108.822
G0 X103.437 Y108.35
G0 X103.437 Y104.608
G0 X108.752 Y103.946
G1 F2700 E121.50819
G1 F1006.7 X108.16 Y103.946 E121.5258
G1 F991.7 X107.969 Y103.954 E121.53157
G0 F9000 X107.36 Y104.41
G1 F1351.4 X107.502 Y104.261 E121.53613
G1 F1134.2 X107.969 Y103.954 E121.55088
G1 X107.36 Y103.87 E121.5671
G1 F1153.8 X106.56 Y103.946 E121.58795
G1 X107.218 Y104.261 E121.60687
G1 F1351.4 X107.36 Y104.41 E121.61143
G0 F9000 X106.56 Y103.946
G1 F1006.7 X105.96 Y103.946 E121.62927
G1 F991.7 X105.769 Y103.954 E121.63504
G0 F9000 X105.216 Y104.379
G1 F1415.1 X105.344 Y104.24 E121.63904
G1 F1156.1 X105.769 Y103.954 E121.65231
G1 X105.216 Y103.86 E121.66683
G1 F1176.5 X104.472 Y103.946 E121.68589
G1 X105.088 Y104.24 E121.70325
G1 F1415.1 X105.216 Y104.379 E121.70725
G0 F9000 X104.472 Y103.946
G1 F1015.2 X104.296 Y103.951 E121.71244
G0 F9000 X116.257 Y104.186
G0 X116.533 Y106.95
G1 F1395.3 X116.533 Y105.044 E121.75333
G1 F1421.8 X116.551 Y104.252 E121.77001
G1 F1470.6 X116.457 Y103.966 E121.77614
G1 F1500 X116.34 Y103.781 E121.78051
G1 X116.175 Y103.626 E121.78502
G1 X115.926 Y103.488 E121.7907
G1 X115.719 Y103.448 E121.79491
G1 X104.255 Y103.448 E122.02369
G1 X103.966 Y103.54 E122.02974
G1 X103.625 Y103.821 E122.03856
G1 X103.488 Y104.074 E122.0443
G1 X103.448 Y104.278 E122.04845
G1 X103.448 Y104.803 E122.05893
G1 X103.706 Y104.45 E122.06765
G1 X104.472 Y104.444 E122.08294
G1 X104.837 Y104.567 E122.09062
G1 X104.975 Y104.715 E122.09466
G1 F1612.9 X105.044 Y105.044 E122.1009
G1 F1680.7 X105.058 Y105.51 E122.10921
G1 F1621.6 X105.507 Y105.51 E122.11749
G1 F1630.4 X105.411 Y105.244 E122.12269
G1 F1685.4 X105.388 Y105.044 E122.12626
G1 F1612.9 X105.457 Y104.715 E122.1325
G1 F1500 X105.595 Y104.567 E122.13654
G1 X105.877 Y104.444 E122.14268
G1 X106.56 Y104.444 E122.15631
G1 X106.946 Y104.584 E122.1645
G1 X107.086 Y104.731 E122.16855
G1 X107.243 Y105.176 E122.17797
G1 X107.48 Y105.176 E122.1827
G1 X107.631 Y104.733 E122.19204
G1 X107.774 Y104.584 E122.19616
G1 X108.075 Y104.444 E122.20279
G1 X108.752 Y104.444 E122.2163
G1 X109.023 Y104.508 E122.22185
G1 X109.209 Y104.665 E122.22671
G1 X109.47 Y104.533 E122.23255
G1 X109.844 Y104.436 E122.24026
G1 X110.218 Y104.405 E122.24775
G1 X110.803 Y104.442 E122.25944
G1 X111.259 Y104.616 E122.26918
G1 X111.493 Y104.766 E122.27473
G1 X111.696 Y104.533 E122.2809
G1 X111.932 Y104.444 E122.28593
G1 X114.148 Y104.444 E122.33015
G1 X114.345 Y104.476 E122.33414
G1 X114.49 Y104.551 E122.33739
G1 X114.518 Y104.605 E122.33861
G1 X114.546 Y104.551 E122.33982
G1 X114.753 Y104.444 E122.34447
G1 X115.571 Y104.444 E122.3608
G1 X115.808 Y104.537 E122.36588
G1 X115.926 Y104.632 E122.3689
G1 F1445.8 X116.103 Y105.044 E122.37818
G1 F1395.3 X116.103 Y106.833 E122.41656
G1 X116.416 Y106.833 E122.42328
G1 X116.533 Y106.95 E122.42683
G1 F2700 E117.42683
G0 F9000 X116.209 Y104.201
G0 X103.437 Y104.608
G0 X103.437 Y108.35
G0 X103.992 Y114.071
G0 X104.114 Y114.486
G0 X104.327 Y114.856
G0 X104.624 Y115.156
G0 X104.883 Y115.309
G0 X107.022 Y116.17
G1 F2700 E122.42683
G1 F1388.9 X107.679 Y116.094 E122.44108
G1 X107.122 Y115.846 E122.45422
G1 F1690.1 X107.047 Y115.787 E122.45591
G1 X106.773 Y115.907 E122.46121
G1 F1421.8 X106.233 Y116.103 E122.47331
G1 F1392.1 X106.579 Y116.162 E122.48085
G1 F1648.4 X107.022 Y116.17 E122.4889
G0 F9000 X106.233 Y116.103
G1 F1247.4 X105.664 Y116.112 E122.50256
G1 X105.472 Y116.103 E122.50717
G0 F9000 X105.037 Y116.124
G1 F1276.6 X105.472 Y116.103 E122.51738
G1 X105.048 Y116.004 E122.52759
G1 F1336.3 X104.715 Y115.878 E122.53557
G1 F1333.3 X104.271 Y115.616 E122.54714
G1 X103.873 Y115.217 E122.55979
G1 F1339.3 X103.874 Y115.684 E122.57023
G1 X103.928 Y115.852 E122.57417
G1 F1333.3 X104.071 Y116.022 E122.57916
G1 X104.253 Y116.124 E122.58385
G1 F1336.3 X105.037 Y116.124 E122.60141
G0 F9000 X110 Y116.24
G0 X110 Y116.548
G1 F1500 X115.76 Y116.547 E122.71635
G1 X116.034 Y116.457 E122.72211
G1 X116.218 Y116.342 E122.72644
G1 X116.369 Y116.178 E122.73089
G1 X116.507 Y115.925 E122.73664
G1 X116.548 Y115.719 E122.74083
G1 X116.548 Y108.402 E122.88685
G1 X116.416 Y108.512 E122.89028
G1 X113.897 Y108.512 E122.94055
G1 X113.636 Y108.415 E122.9461
G1 X113.487 Y108.278 E122.95014
G1 F1252.6 X113.288 Y107.971 E122.95889
G1 X113.089 Y108.278 E122.96763
G1 F1500 X112.94 Y108.415 E122.97167
G1 X112.716 Y108.511 E122.97653
G1 X111.946 Y108.509 E122.9919
G1 X111.78 Y108.465 E122.99533
G1 X111.614 Y108.509 E122.99875
G1 X110.842 Y108.512 E123.01416
G1 X110.629 Y108.421 E123.01878
G1 X110.479 Y108.287 E123.0228
G1 F1321.6 X110.296 Y107.969 E123.03111
G1 X110.113 Y108.287 E123.03942
G1 F1500 X109.963 Y108.421 E123.04343
G1 X109.752 Y108.513 E123.04802
G1 X108.989 Y108.51 E123.06325
G1 X108.746 Y108.433 E123.06834
G1 X108.479 Y108.116 E123.07661
G1 X108.444 Y107.912 E123.08074
G1 X108.444 Y107.661 E123.08575
G1 X108.281 Y108.116 E123.09539
G1 X108.014 Y108.433 E123.10366
G1 X107.716 Y108.512 E123.10982
G1 X106.942 Y108.509 E123.12526
G1 X106.764 Y108.461 E123.12894
G1 X106.498 Y108.175 E123.13674
G1 X106.232 Y108.461 E123.14453
G1 X106.021 Y108.512 E123.14886
G1 X103.872 Y108.512 E123.19175
G1 X103.447 Y108.155 E123.20282
G1 F1507.5 X103.446 Y113.18 E123.3026
G1 F1550.4 X103.437 Y113.62 E123.3111
G1 F1542.4 X103.448 Y114.212 E123.32259
G1 F1500 X103.449 Y115.746 E123.3532
G1 X103.541 Y116.034 E123.35924
G1 X103.657 Y116.217 E123.36356
G1 X103.819 Y116.37 E123.36801
G1 X104.074 Y116.508 E123.37379
G1 X104.278 Y116.548 E123.37794
G1 X110 Y116.548 E123.49213
G0 F9000 X110 Y116.948
;TYPE:WALL-OUTER
G1 F1500 X115.82 Y116.948 E123.60828
G1 X116.206 Y116.821 E123.61638
G1 X116.475 Y116.652 E123.62272
G1 X116.696 Y116.414 E123.62921
G1 X116.889 Y116.063 E123.6372
G1 X116.948 Y115.757 E123.64342
G1 X116.948 Y108.644 E123.78537
G1 F1566.6 X116.965 Y107.912 E123.79936
G1 F1639.3 X116.965 Y107.448 E123.80783
G1 F1566.6 X116.948 Y106.716 E123.82182
G1 F1500 X116.948 Y104.18 E123.87243
G1 X116.821 Y103.794 E123.88054
G1 X116.652 Y103.525 E123.88688
G1 X116.413 Y103.3 E123.89343
G1 X116.063 Y103.107 E123.9014
G1 X115.757 Y103.048 E123.90762
G1 X104.191 Y103.048 E124.13844
G1 X103.794 Y103.175 E124.14675
G1 X103.525 Y103.348 E124.15314
G1 X103.299 Y103.583 E124.15964
G1 X103.107 Y103.937 E124.16768
G1 X103.048 Y104.24 E124.17384
G1 F1315.8 X103.104 Y105.044 E124.19217
G1 F1167.3 X103.106 Y108.001 E124.268
G1 F1310 X103.048 Y108.936 E124.28941
G1 F1500 X103.049 Y115.808 E124.42655
G1 X103.175 Y116.206 E124.43488
G1 X103.347 Y116.475 E124.44125
G1 X103.583 Y116.696 E124.4477
G1 X103.937 Y116.889 E124.45575
G1 X104.24 Y116.948 E124.46191
G1 X110 Y116.948 E124.57685
G1 F2700 E119.57685
G0 F9000 X110 Y116.24
G0 X109.937 Y115.221
G0 X110 Y114.841
G1 F2700 E124.57685
G1 F1500 X109.983 Y114.87 E124.57753
G1 X109.674 Y115.096 E124.58517
G1 X109.392 Y115.194 E124.59112
G1 X109.14 Y115.234 E124.59621
G1 X107.677 Y115.24 E124.62541
G1 X107.562 Y115.205 E124.62781
G1 X107.476 Y115.049 E124.63136
G1 X107.476 Y114.193 E124.64845
G1 F1554.4 X107.49 Y113.749 E124.657
G1 X107.425 Y114.189 E124.66557
G1 F1500 X107.264 Y114.565 E124.67373
G1 X107.041 Y114.85 E124.68095
G1 X106.753 Y115.068 E124.68816
G1 X106.461 Y115.196 E124.69452
G1 X106.075 Y115.273 E124.70238
G1 X105.627 Y115.273 E124.71132
G1 X105.163 Y115.186 E124.72074
G1 X104.777 Y114.956 E124.7297
G1 X104.523 Y114.703 E124.73686
G1 X104.335 Y114.364 E124.74459
G1 X104.238 Y114.023 E124.75167
G1 X104.204 Y113.602 E124.7601
G1 X104.243 Y113.193 E124.7683
G1 X104.354 Y112.824 E124.77599
G1 X104.543 Y112.505 E124.78339
G1 X104.795 Y112.253 E124.7905
G1 X105.109 Y112.068 E124.79777
G1 X105.449 Y111.966 E124.80486
G1 X105.83 Y111.932 E124.81249
G1 X106.383 Y112 E124.82361
G1 X106.828 Y112.21 E124.83343
G1 X107.013 Y112.357 E124.83814
G1 F1492.5 X107.301 Y112.732 E124.84763
G1 F1477.8 X107.472 Y113.234 E124.85837
G1 F1485.1 X107.477 Y112.142 E124.88038
G1 F1500 X107.528 Y112.036 E124.88273
G1 X107.641 Y111.974 E124.8853
G1 X108.295 Y111.972 E124.89835
G1 X108.421 Y112.033 E124.90114
G1 X108.476 Y112.165 E124.904
G1 X108.476 Y112.98 E124.92026
G1 X109.226 Y112.986 E124.93523
G1 X109.642 Y113.119 E124.94394
G1 X109.938 Y113.348 E124.95141
G1 X110.093 Y113.558 E124.95662
G1 F1496.3 X110.191 Y113.809 E124.96201
G1 X110.192 Y112.165 E124.9949
G1 F1500 X110.247 Y112.033 E124.99776
G1 X110.352 Y111.975 E125.00015
G1 X112.789 Y111.974 E125.04878
G1 F1546.4 X112.916 Y112.172 E125.05334
G1 X113.044 Y111.972 E125.05793
G1 F1500 X113.703 Y111.971 E125.07108
G1 X113.836 Y112.097 E125.07474
G1 X113.836 Y113.557 E125.10387
G1 X114.673 Y112.073 E125.13788
G1 X114.813 Y111.974 E125.1413
G1 X115.552 Y111.972 E125.15604
G1 X115.673 Y112.011 E125.15858
G1 X115.752 Y112.172 E125.16216
G1 X115.75 Y115.075 E125.22009
G1 X115.696 Y115.18 E125.22245
G1 X115.57 Y115.24 E125.22523
G1 X115.02 Y115.24 E125.23621
G1 X114.912 Y115.209 E125.23845
G1 X114.82 Y115.04 E125.24229
G1 X114.82 Y113.635 E125.27033
G1 X113.966 Y115.139 E125.30485
G1 X113.827 Y115.237 E125.30824
G1 X113.035 Y115.236 E125.32405
G1 F1392.1 X112.874 Y115.06 E125.32917
G1 X112.713 Y115.236 E125.3343
G1 F1500 X110.392 Y115.24 E125.38062
G1 X110.231 Y115.16 E125.38421
G1 X110.192 Y115.04 E125.38673
G1 X110.192 Y114.609 E125.39533
G1 F1574.8 X110.211 Y114.163 E125.40381
G1 X110.141 Y114.604 E125.4123
G1 F1500 X110 Y114.841 E125.4178
G0 F9000 X110.211 Y114.163
G1 F1570.7 X110.191 Y113.809 E125.42456
G1 F2700 E120.42456
G0 F9000 X107.49 Y113.749
G1 F2700 E125.42456
G1 F1538.5 X107.472 Y113.234 E125.43459
G1 F2700 E120.43459
G0 F9000 X112.915 Y112.668
G1 F2700 E125.43459
G1 F1591.5 X112.916 Y112.172 E125.44392
G1 F2700 E120.44392
G0 F9000 X112.916 Y111.264
G0 X112.874 Y111.764
G0 X112.874 Y114.576
G1 F2700 E125.44392
G1 F1301.5 X112.874 Y115.06 E125.45505
G0 F9000 X112.874 Y114.576
G1 F1415.1 X112.91 Y114.193 E125.46319
G1 F1754.4 X112.957 Y113.906 E125.46815
G1 F2047.8 X112.958 Y113.392 E125.47566
G1 F1734.1 X112.904 Y113.036 E125.48188
G1 F1542.4 X112.915 Y112.668 E125.48902
G1 F1566.6 X112.739 Y112.825 E125.49353
G1 X111.181 Y112.825 E125.5233
G1 F1587.3 X111.181 Y113.203 E125.53043
G1 F1562.5 X112.609 Y113.203 E125.55779
G1 F1764.7 X112.666 Y113.392 E125.56113
G1 F2047.8 X112.665 Y113.881 E125.56828
G1 F1796.4 X112.615 Y114.035 E125.57098
G1 F1634.9 X111.172 Y114.036 E125.5974
G1 F1666.7 X111.172 Y114.396 E125.60387
G1 F1634.9 X112.691 Y114.395 E125.63168
G1 F1438.8 X112.874 Y114.576 E125.63703
G1 F2700 E120.63703
G0 F9000 X112.874 Y111.764
G0 X113.933 Y108.11
G1 F2700 E125.63703
G1 F1500 X113.805 Y108.034 E125.64
G1 X113.764 Y107.93 E125.64224
G1 X113.764 Y107.448 E125.65185
G1 X113.902 Y107.248 E125.6567
G1 X114.688 Y107.248 E125.67239
G1 X114.688 Y106.248 E125.69235
G1 F1558.4 X114.703 Y105.044 E125.71547
G1 X114.774 Y104.879 E125.71892
G1 F1500 X114.888 Y104.844 E125.7213
G1 X115.536 Y104.849 E125.73424
G1 X115.634 Y104.906 E125.7365
G1 X115.688 Y105.044 E125.73945
G1 X115.688 Y107.248 E125.78344
G1 X116.416 Y107.248 E125.79797
G1 F1566.6 X116.599 Y107.448 E125.80315
G1 F1634.9 X116.598 Y107.944 E125.81223
G1 F1562.5 X116.416 Y108.112 E125.81697
G1 F1500 X113.933 Y108.11 E125.86652
G0 F9000 X113.933 Y108.822
G0 X111.78 Y108.822
G0 X111.78 Y107.932
G1 F1284.8 X111.778 Y106 E125.91154
G1 F2700 E120.91154
G0 F9000 X108.91 Y105.435
G1 F2700 E125.91154
G1 F1052.6 X108.784 Y105.804 E125.92263
G1 F2700 E120.92263
G0 F9000 X108.633 Y106.597
G0 X109.68 Y108.113
G1 F2700 E125.92263
G1 F1500 X108.966 Y108.112 E125.93687
G1 F1470.6 X108.844 Y107.967 E125.94073
G1 F1415.1 X108.828 Y106.124 E125.97972
G1 F1188.1 X108.784 Y105.804 E125.98786
G1 X108.606 Y106.085 E125.99624
G1 F1442.3 X107.905 Y107.98 E126.03817
G1 F1500 X107.796 Y108.11 E126.04156
G1 X106.941 Y108.111 E126.05862
G1 X106.82 Y107.981 E126.06216
G1 F1492.5 X106.526 Y107.178 E126.07931
G1 F1351.4 X106.384 Y106.911 E126.08601
G1 F1239.7 X106.252 Y106.548 E126.09534
G1 F1388.9 X106.129 Y106.061 E126.10617
G1 X106.182 Y106.56 E126.11698
G1 F1239.7 X106.048 Y106.777 E126.12314
G1 F1293.1 X104.694 Y106.782 E126.15448
G1 F1351.4 X104.694 Y107.226 E126.16432
G1 F1293.1 X106.072 Y107.221 E126.19622
G1 F1339.3 X106.194 Y107.448 E126.20198
G1 F1467 X106.187 Y107.969 E126.21261
G1 F1488.8 X106.054 Y108.112 E126.21654
G1 F1500 X103.872 Y108.112 E126.26008
G1 F1310 X103.617 Y107.957 E126.2669
G1 F1167.3 X103.616 Y105.044 E126.3416
G1 F1315.8 X103.819 Y104.845 E126.34807
G1 F1500 X104.472 Y104.844 E126.3611
G1 X104.594 Y104.885 E126.36367
G1 X104.672 Y105.044 E126.3672
G1 X104.673 Y105.895 E126.38418
G1 F1515.2 X105.94 Y105.9 E126.40921
G1 F1554.4 X106.119 Y106.03 E126.41347
G1 F1542.4 X105.762 Y105.079 E126.43319
G1 F1500 X105.792 Y104.934 E126.43614
G1 X105.925 Y104.847 E126.43931
G1 X106.56 Y104.844 E126.45199
G1 X106.722 Y104.902 E126.45542
G1 X106.959 Y105.576 E126.46968
G1 X107.765 Y105.576 E126.48576
G1 X107.994 Y104.907 E126.49987
G1 X108.125 Y104.847 E126.50275
G1 X108.824 Y104.844 E126.5167
G1 X108.941 Y104.977 E126.52023
G1 F1445.8 X108.957 Y105.112 E126.52305
G1 F1209.7 X108.91 Y105.435 E126.53113
G1 F1171.9 X109.08 Y105.257 E126.53741
G1 F1388.9 X109.358 Y105.038 E126.54504
G1 F1500 X109.61 Y104.908 E126.5507
G1 X109.913 Y104.83 E126.55694
G1 X110.28 Y104.804 E126.56429
G1 X110.721 Y104.838 E126.57311
G1 X111.067 Y104.968 E126.58049
G1 X111.328 Y105.137 E126.58669
G1 X111.529 Y105.362 E126.59271
G1 F1477.8 X111.691 Y105.689 E126.60011
G1 F1363.6 X111.778 Y106 E126.60719
G1 F1382.5 X111.812 Y105.61 E126.61567
G1 F1500 X111.812 Y104.99 E126.62804
G1 X111.927 Y104.847 E126.63171
G1 X114.195 Y104.844 E126.67697
G1 X114.262 Y104.879 E126.67847
G1 F1558.4 X114.333 Y105.044 E126.68193
G1 F1617.3 X114.332 Y105.54 E126.69111
G1 F1554.4 X114.148 Y105.708 E126.6959
G1 F1500 X112.813 Y105.709 E126.72255
G1 X112.812 Y107.93 E126.76687
G1 X112.722 Y108.08 E126.77036
G1 X112.612 Y108.112 E126.77264
G1 X111.942 Y108.108 E126.78602
G1 F1385.7 X111.78 Y107.932 E126.79118
G1 X111.615 Y108.111 E126.79644
G1 F1500 X110.896 Y108.106 E126.81079
G1 X110.791 Y108.037 E126.8133
G1 X110.748 Y107.93 E126.8156
G1 X110.744 Y106.11 E126.85192
G1 X110.704 Y105.927 E126.85566
G1 X110.592 Y105.769 E126.85952
G1 X110.409 Y105.688 E126.86352
G1 X110.156 Y105.688 E126.86857
G1 X109.982 Y105.767 E126.87238
G1 X109.911 Y105.853 E126.8746
G1 X109.848 Y106.099 E126.87967
G1 X109.844 Y107.93 E126.91621
G1 X109.801 Y108.037 E126.91851
G1 X109.68 Y108.113 E126.92136
G1 F2700 E121.92136
G0 F9000 X109.68 Y108.822
G0 X103.437 Y108.35
G0 X103.437 Y104.608
G0 X104.913 Y104.608
G0 X105.678 Y105.631
G0 X106.129 Y106.061
G1 F2700 E126.92136
G1 F1583.1 X106.119 Y106.03 E126.92198
G1 F2700 E121.92198
G0 F9000 X105.678 Y105.631
G0 X104.913 Y104.608
G0 X103.437 Y104.608
G0 X103.437 Y108.35
G0 X105.016 Y108.991
;TYPE:FILL
G1 F2700 E126.92198
G1 F3000 X104.345 Y111.497 E126.97375
G0 F9000 X104.854 Y108.992
G1 F3000 X107.123 Y111.261 E127.03779
G0 F9000 X108.58 Y111.146
G1 F3000 X109.158 Y108.988 E127.08237
G0 F9000 X110.309 Y108.822
G0 X110.309 Y108.79
G1 F3000 X112.611 Y111.092 E127.14734
G1 X112.736 Y111.092
G1 X113.351 Y108.796 E127.19477
G0 F9000 X113.351 Y108.822
G0 X116.068 Y109.485
G1 F3000 X108.995 Y111.38 E127.3409
G0 F9000 X108.995 Y110.964
G1 F2700 E122.3409
;MESH:NONMESH
G0 F300 Z1.64
G0 F9000 X108.647 Y108.611
G0 X108.531 Y106.923
G0 X107.432 Y106.523
;TIME_ELAPSED:427.111938
;LAYER:12
;TYPE:WALL-OUTER
;MESH:Lens_Openscad.stl
G1 F2700 E127.3409
G1 F1016.9 X107.396 Y106.586 E127.34304
G1 X107.323 Y106.586 E127.34519
G1 X107.286 Y106.523 E127.34734
G1 X107.322 Y106.46 E127.34947
G1 X107.395 Y106.46 E127.35162
G1 X107.432 Y106.523 E127.35377
G1 F2700 E122.35377
G0 F9000 X105.895 Y113.043
G0 X105.947 Y113.97
;TYPE:WALL-INNER
G1 F2700 E127.35377
G1 F1376.1 X106.009 Y113.913 E127.3556
G1 X106.071 Y113.707 E127.36028
G1 F1382.5 X106.05 Y113.367 E127.36766
G1 F1395.3 X105.964 Y113.265 E127.37052
G1 F1398.6 X105.761 Y113.236 E127.37491
G1 X105.687 Y113.307 E127.3771
G1 X105.634 Y113.475 E127.38087
G1 F1388.9 X105.639 Y113.758 E127.38697
G1 F1376.1 X105.687 Y113.921 E127.39067
G1 X105.746 Y113.97 E127.39234
G1 X105.947 Y113.97 E127.39671
G0 F9000 X106.026 Y114.388
;TYPE:WALL-OUTER
G1 F1500 X106.145 Y114.346 E127.39923
G1 X106.313 Y114.211 E127.40353
G1 X106.392 Y114.091 E127.4064
G1 X106.493 Y113.753 E127.41344
G1 X106.462 Y113.333 E127.42184
G1 X106.394 Y113.136 E127.426
G1 X106.209 Y112.911 E127.43181
G1 X105.927 Y112.815 E127.43776
G1 X105.605 Y112.829 E127.44419
G1 X105.333 Y113.052 E127.45121
G1 X105.226 Y113.398 E127.45844
G1 X105.226 Y113.835 E127.46716
G1 X105.304 Y114.099 E127.47265
G1 X105.546 Y114.345 E127.47954
G1 X105.67 Y114.388 E127.48216
G1 X106.026 Y114.388 E127.48926
G1 F2700 E122.48926
G0 F9000 X105.877 Y113.695
G0 X106.266 Y113.726
G0 X108.702 Y114.071
G0 X108.974 Y114.341
G1 F2700 E127.48926
G1 F1298.7 X108.507 Y114.341 E127.50003
G1 F1295.9 X108.507 Y113.876 E127.51077
G1 F1298.7 X108.989 Y113.879 E127.52188
G1 X109.148 Y113.958 E127.52597
G1 X109.189 Y114.047 E127.52823
G1 X109.152 Y114.267 E127.53337
G1 X108.974 Y114.341 E127.53781
G1 F2700 E122.53781
G0 F9000 X108.942 Y114.066
G0 X109.45 Y115.423
G0 X110 Y115.951
G0 X110 Y115.478
;TYPE:WALL-INNER
G1 F2700 E127.53781
G1 F1500 X109.92 Y115.408 E127.53993
G1 X109.786 Y115.481 E127.54298
G1 X109.464 Y115.588 E127.54975
G1 X109.11 Y115.636 E127.55688
G1 X107.678 Y115.64 E127.58546
G1 X107.336 Y115.535 E127.5926
G1 X107.179 Y115.377 E127.59704
G1 X107.145 Y115.275 E127.59919
G1 X106.914 Y115.434 E127.60478
G1 X106.56 Y115.589 E127.6125
G1 X106.096 Y115.676 E127.62192
G1 X105.607 Y115.676 E127.63167
G1 X105.023 Y115.568 E127.64353
G1 X104.545 Y115.282 E127.65464
G1 X104.205 Y114.953 E127.66408
G1 X103.97 Y114.542 E127.67353
G1 X103.844 Y114.092 E127.68286
G1 F1538.5 X103.816 Y113.569 E127.69305
G1 F1542.4 X103.843 Y113.143 E127.70133
G1 F1507.5 X103.972 Y112.685 E127.71078
G1 F1500 X104.206 Y112.277 E127.72017
G1 X104.519 Y111.953 E127.72916
G1 X104.924 Y111.705 E127.73863
G1 X105.38 Y111.572 E127.74811
G1 X105.853 Y111.529 E127.75759
G1 X106.486 Y111.607 E127.77032
G1 X106.955 Y111.822 E127.78062
G1 X107.131 Y111.939 E127.78483
G1 X107.233 Y111.766 E127.78884
G1 X107.412 Y111.632 E127.7933
G1 X107.597 Y111.572 E127.79718
G1 X108.331 Y111.574 E127.81183
G1 X108.557 Y111.641 E127.81654
G1 X108.709 Y111.755 E127.82033
G1 X108.876 Y112.151 E127.8289
G1 X108.876 Y112.582 E127.83751
G1 X109.297 Y112.586 E127.84591
G1 X109.792 Y112.746 E127.85629
G1 X109.792 Y112.151 E127.86816
G1 X109.959 Y111.755 E127.87674
G1 X110.111 Y111.641 E127.88053
G1 X110.305 Y111.572 E127.88464
G1 X112.781 Y111.574 E127.93405
G1 X112.916 Y111.602 E127.9368
G1 X113.051 Y111.574 E127.93955
G1 X113.636 Y111.571 E127.95123
G1 X113.904 Y111.635 E127.95673
G1 X114.159 Y111.877 E127.96374
G1 X114.212 Y112.078 E127.96789
G1 X114.325 Y111.877 E127.97249
G1 X114.58 Y111.635 E127.97951
G1 X114.768 Y111.572 E127.98346
G1 X115.552 Y111.572 E127.99911
G1 X115.913 Y111.691 E128.0067
G1 F1503.8 X116.151 Y112.172 E128.01738
G1 F1500 X116.146 Y115.144 E128.07669
G1 F1492.5 X115.982 Y115.459 E128.08381
G1 F1500 X115.836 Y115.569 E128.08746
G1 X115.552 Y115.64 E128.0933
G1 X115.02 Y115.64 E128.10392
G1 X114.697 Y115.547 E128.11063
G1 X114.498 Y115.337 E128.1164
G1 X114.439 Y115.115 E128.12098
G1 X114.259 Y115.434 E128.12829
G1 X114.115 Y115.547 E128.13194
G1 X113.873 Y115.64 E128.13712
G1 X113.016 Y115.64 E128.15422
G1 X112.874 Y115.593 E128.15721
G1 X112.718 Y115.64 E128.16046
G1 X110.392 Y115.64 E128.20688
G1 X110.097 Y115.563 E128.21296
G1 X110 Y115.478 E128.21553
G0 F9000 X110 Y115.951
G0 X108.666 Y116.16
G0 X107.679 Y116.094
G1 F1174.2 X109.111 Y116.092 E128.25204
G1 F1111.1 X109.547 Y116.064 E128.26381
G1 F982 X109.838 Y116.021 E128.27278
G1 F1032.7 X110.392 Y116.094 E128.28897
G1 F1160.5 X113.975 Y116.087 E128.38139
G0 F9000 X114.406 Y116.176
G1 F1408.5 X115.02 Y116.094 E128.39456
G1 X114.498 Y115.86 E128.40672
G1 F1538.5 X114.413 Y115.794 E128.40881
G1 F1250 X113.975 Y116.087 E128.42143
G1 F1379.3 X114.406 Y116.176 E128.43098
G0 F9000 X115.02 Y116.094
G1 F1178.8 X115.678 Y116.093 E128.44769
G1 F1190.5 X115.842 Y116.048 E128.45197
G1 F2700 E123.45197
G0 F9000 X115.993 Y115.479
G0 X115.993 Y111.736
G0 X110 Y111.241
G1 F2700 E128.45197
G1 F1500 X110.347 Y111.172 E128.45903
G1 X113.636 Y111.171 E128.52466
G1 X113.915 Y111.211 E128.53029
G1 X114.083 Y111.277 E128.53389
G1 X114.242 Y111.429 E128.53828
G1 X114.401 Y111.277 E128.54267
G1 X114.717 Y111.172 E128.54931
G1 X115.552 Y111.172 E128.56598
G1 X116.148 Y111.37 E128.57851
G1 X116.148 Y108.912 E128.62756
G1 X113.848 Y108.912 E128.67346
G1 X113.565 Y108.83 E128.67934
G1 X113.288 Y108.63 E128.68616
G1 X113.158 Y108.75 E128.68969
G1 X112.785 Y108.911 E128.6978
G1 X110.948 Y108.912 E128.73446
G1 X110.691 Y108.879 E128.73963
G1 X110.417 Y108.76 E128.74559
G1 X110.296 Y108.652 E128.74882
G1 X110.175 Y108.76 E128.75206
G1 X109.837 Y108.908 E128.75942
G1 X108.952 Y108.908 E128.77709
G1 X108.547 Y108.78 E128.78556
G1 X108.38 Y108.581 E128.79075
G1 X108.213 Y108.78 E128.79593
G1 X107.832 Y108.912 E128.80398
G1 X106.933 Y108.91 E128.82192
G1 X106.601 Y108.827 E128.82875
G1 X106.498 Y108.715 E128.83178
G1 X106.395 Y108.827 E128.83482
G1 X106.042 Y108.911 E128.84206
G1 X103.848 Y108.912 E128.88584
G1 X103.849 Y112.071 E128.94889
G1 X104.179 Y111.729 E128.95837
G1 X104.377 Y111.57 E128.96344
G1 X104.645 Y111.406 E128.96971
G1 X104.877 Y111.302 E128.97478
G1 X105.307 Y111.175 E128.98373
G1 X105.859 Y111.126 E128.99479
G1 X106.578 Y111.212 E129.00924
G1 X107.038 Y111.421 E129.01932
G1 X107.237 Y111.273 E129.02427
G1 X107.548 Y111.171 E129.0308
G1 X108.368 Y111.176 E129.04717
G1 X108.692 Y111.249 E129.05379
G1 X108.997 Y111.478 E129.06141
G1 X109.299 Y112.192 E129.07688
G1 X109.392 Y112.206 E129.07875
G1 X109.392 Y112.137 E129.08013
G1 X109.671 Y111.478 E129.09441
G1 X109.981 Y111.245 E129.10215
G1 X110 Y111.241 E129.10254
G0 F9000 X110.296 Y108.822
G0 X110.296 Y107.969
G1 F1192.8 X110.296 Y106.157 E129.14801
G1 F2700 E124.14801
G0 F9000 X110.083 Y108.35
G0 X103.437 Y108.35
G0 X103.437 Y104.608
G0 X109.287 Y104.136
G0 X109.287 Y104.222
G1 F2700 E129.14801
G1 F1117.3 X109.759 Y103.946 E129.16266
G1 X109.322 Y103.817 E129.17487
G1 X108.752 Y103.946 E129.19052
G1 X109.287 Y104.222 E129.20665
G0 F9000 X109.759 Y103.946
G1 F1041.7 X110.264 Y103.926 E129.22117
G1 F1047.1 X110.761 Y103.944 E129.23539
G0 F9000 X111.41 Y104.254
G1 F1200 X111.821 Y103.954 E129.24808
G1 X111.387 Y103.841 E129.25927
G1 F1470.6 X111.073 Y103.862 E129.26568
G1 F1176.5 X110.761 Y103.944 E129.27389
G1 X111.033 Y104.086 E129.28169
G1 F1470.6 X111.41 Y104.254 E129.29009
G0 F9000 X111.821 Y103.954
G1 F991.7 X112.012 Y103.946 E129.29586
G1 F1006.7 X114.148 Y103.946 E129.35938
G1 F956.9 X114.518 Y103.977 E129.37099
G1 F949.4 X114.759 Y103.946 E129.37865
G1 F1000 X115.488 Y103.946 E129.40048
G1 F991.7 X115.752 Y103.97 E129.40848
G1 F2700 E124.40848
G0 F9000 X103.437 Y104.608
G0 X103.437 Y108.35
G0 X113.051 Y108.35
G0 X113.051 Y107.669
G0 X113.917 Y106.479
G1 F2700 E129.40848
G1 F1612.9 X113.614 Y106.51 E129.41413
G0 F9000 X113.288 Y107.448
G1 F1260.5 X113.754 Y106.885 E129.43148
G1 F1500 X113.934 Y106.849 E129.43515
G1 X114.288 Y106.848 E129.44221
G1 X114.288 Y105.991 E129.45931
G1 X114.148 Y106.108 E129.46296
G1 X113.213 Y106.109 E129.48161
G1 X113.213 Y106.51 E129.48962
G1 F1260.5 X113.288 Y107.448 E129.51196
G1 F1081.1 X113.288 Y107.971 E129.52645
G1 F2700 E124.52645
G0 F9000 X113.288 Y108.822
G0 X103.437 Y108.35
G0 X103.437 Y104.608
G0 X108.752 Y103.946
G1 F2700 E129.52645
G1 F1006.7 X108.16 Y103.946 E129.54405
G1 F991.7 X107.969 Y103.954 E129.54982
G0 F9000 X107.36 Y104.41
G1 F1351.4 X107.502 Y104.261 E129.55438
G1 F1134.2 X107.969 Y103.954 E129.56913
G1 X107.36 Y103.87 E129.58535
G1 F1153.8 X106.56 Y103.946 E129.6062
G1 X107.218 Y104.261 E129.62513
G1 F1351.4 X107.36 Y104.41 E129.62968
G0 F9000 X106.56 Y103.946
G1 F1006.7 X105.96 Y103.946 E129.64753
G1 F991.7 X105.769 Y103.954 E129.6533
G0 F9000 X105.216 Y104.379
G1 F1415.1 X105.344 Y104.24 E129.65729
G1 F1156.1 X105.769 Y103.954 E129.67056
G1 X105.216 Y103.86 E129.68508
G1 F1176.5 X104.472 Y103.946 E129.70414
G1 X105.088 Y104.24 E129.7215
G1 F1415.1 X105.216 Y104.379 E129.7255
G0 F9000 X104.472 Y103.946
G1 F1015.2 X104.296 Y103.951 E129.73069
G0 F9000 X116.257 Y104.186
G0 X116.533 Y106.95
G1 F1395.3 X116.533 Y105.044 E129.77158
G1 F1421.8 X116.551 Y104.252 E129.78826
G1 F1470.6 X116.457 Y103.966 E129.79439
G1 F1500 X116.34 Y103.781 E129.79876
G1 X116.175 Y103.626 E129.80328
G1 X115.926 Y103.488 E129.80896
G1 X115.719 Y103.448 E129.81316
G1 X104.255 Y103.448 E130.04194
G1 X103.966 Y103.54 E130.04799
G1 X103.625 Y103.821 E130.05681
G1 X103.488 Y104.074 E130.06255
G1 X103.448 Y104.278 E130.0667
G1 X103.448 Y104.803 E130.07718
G1 X103.706 Y104.45 E130.0859
G1 X104.472 Y104.444 E130.10119
G1 X104.837 Y104.567 E130.10888
G1 X104.975 Y104.715 E130.11291
G1 F1612.9 X105.044 Y105.044 E130.11915
G1 F1680.7 X105.058 Y105.51 E130.12746
G1 F1621.6 X105.507 Y105.51 E130.13575
G1 F1630.4 X105.411 Y105.244 E130.14094
G1 F1685.4 X105.388 Y105.044 E130.14451
G1 F1612.9 X105.457 Y104.715 E130.15075
G1 F1500 X105.595 Y104.567 E130.15479
G1 X105.877 Y104.444 E130.16093
G1 X106.56 Y104.444 E130.17456
G1 X106.946 Y104.584 E130.18275
G1 X107.086 Y104.731 E130.1868
G1 X107.243 Y105.176 E130.19622
G1 X107.48 Y105.176 E130.20095
G1 X107.631 Y104.733 E130.21029
G1 X107.774 Y104.584 E130.21441
G1 X108.075 Y104.444 E130.22104
G1 X108.752 Y104.444 E130.23455
G1 X109.023 Y104.508 E130.2401
G1 X109.209 Y104.665 E130.24496
G1 X109.47 Y104.533 E130.2508
G1 X109.844 Y104.436 E130.25851
G1 X110.218 Y104.405 E130.266
G1 X110.803 Y104.442 E130.2777
G1 X111.259 Y104.616 E130.28744
G1 X111.493 Y104.766 E130.29298
G1 X111.696 Y104.533 E130.29915
G1 X111.932 Y104.444 E130.30418
G1 X114.148 Y104.444 E130.34841
G1 X114.345 Y104.476 E130.35239
G1 X114.49 Y104.551 E130.35565
G1 X114.518 Y104.605 E130.35686
G1 X114.546 Y104.551 E130.35807
G1 X114.753 Y104.444 E130.36272
G1 X115.571 Y104.444 E130.37905
G1 X115.808 Y104.537 E130.38413
G1 X115.926 Y104.632 E130.38715
G1 F1445.8 X116.103 Y105.044 E130.39644
G1 F1395.3 X116.103 Y106.833 E130.43482
G1 X116.416 Y106.833 E130.44153
G1 X116.533 Y106.95 E130.44508
G1 F2700 E125.44508
G0 F9000 X116.209 Y104.201
G0 X103.437 Y104.608
G0 X103.437 Y108.35
G0 X103.992 Y114.071
G0 X104.114 Y114.486
G0 X104.327 Y114.856
G0 X104.624 Y115.156
G0 X104.883 Y115.309
G0 X107.022 Y116.17
G1 F2700 E130.44508
G1 F1388.9 X107.679 Y116.094 E130.45933
G1 X107.122 Y115.846 E130.47247
G1 F1690.1 X107.047 Y115.787 E130.47416
G1 X106.773 Y115.907 E130.47946
G1 F1421.8 X106.233 Y116.103 E130.49156
G1 F1392.1 X106.579 Y116.162 E130.4991
G1 F1648.4 X107.022 Y116.17 E130.50715
G0 F9000 X106.233 Y116.103
G1 F1247.4 X105.664 Y116.112 E130.52081
G1 X105.472 Y116.103 E130.52542
G0 F9000 X105.037 Y116.124
G1 F1276.6 X105.472 Y116.103 E130.53563
G1 X105.048 Y116.004 E130.54584
G1 F1336.3 X104.715 Y115.878 E130.55382
G1 F1333.3 X104.271 Y115.616 E130.56539
G1 X103.873 Y115.217 E130.57804
G1 F1339.3 X103.874 Y115.684 E130.58848
G1 X103.928 Y115.852 E130.59243
G1 F1333.3 X104.071 Y116.022 E130.59741
G1 X104.253 Y116.124 E130.6021
G1 F1336.3 X105.037 Y116.124 E130.61966
G0 F9000 X110 Y116.24
G0 X110 Y116.548
G1 F1500 X115.76 Y116.547 E130.73461
G1 X116.034 Y116.457 E130.74036
G1 X116.218 Y116.342 E130.74469
G1 X116.369 Y116.178 E130.74914
G1 X116.507 Y115.925 E130.75489
G1 X116.548 Y115.719 E130.75908
G1 X116.548 Y108.402 E130.9051
G1 X116.416 Y108.512 E130.90853
G1 X113.897 Y108.512 E130.9588
G1 X113.636 Y108.415 E130.96436
G1 X113.487 Y108.278 E130.9684
G1 F1252.6 X113.288 Y107.971 E130.97714
G1 X113.089 Y108.278 E130.98588
G1 F1500 X112.94 Y108.415 E130.98992
G1 X112.716 Y108.511 E130.99478
G1 X111.946 Y108.509 E131.01015
G1 X111.78 Y108.465 E131.01358
G1 X111.614 Y108.509 E131.017
G1 X110.842 Y108.512 E131.03241
G1 X110.629 Y108.421 E131.03703
G1 X110.479 Y108.287 E131.04105
G1 F1321.6 X110.296 Y107.969 E131.04936
G1 X110.113 Y108.287 E131.05767
G1 F1500 X109.963 Y108.421 E131.06168
G1 X109.752 Y108.513 E131.06628
G1 X108.989 Y108.51 E131.0815
G1 X108.746 Y108.433 E131.08659
G1 X108.479 Y108.116 E131.09486
G1 X108.444 Y107.912 E131.09899
G1 X108.444 Y107.661 E131.104
G1 X108.281 Y108.116 E131.11364
G1 X108.014 Y108.433 E131.12192
G1 X107.716 Y108.512 E131.12807
G1 X106.942 Y108.509 E131.14351
G1 X106.764 Y108.461 E131.14719
G1 X106.498 Y108.175 E131.15499
G1 X106.232 Y108.461 E131.16278
G1 X106.021 Y108.512 E131.16711
G1 X103.872 Y108.512 E131.21
G1 X103.447 Y108.155 E131.22108
G1 F1507.5 X103.446 Y113.18 E131.32085
G1 F1550.4 X103.437 Y113.62 E131.32935
G1 F1542.4 X103.448 Y114.212 E131.34084
G1 F1500 X103.449 Y115.746 E131.37145
G1 X103.541 Y116.034 E131.37749
G1 X103.657 Y116.217 E131.38181
G1 X103.819 Y116.37 E131.38626
G1 X104.074 Y116.508 E131.39204
G1 X104.278 Y116.548 E131.39619
G1 X110 Y116.548 E131.51038
G0 F9000 X110 Y116.948
;TYPE:WALL-OUTER
G1 F1500 X115.82 Y116.948 E131.62653
G1 X116.206 Y116.821 E131.63464
G1 X116.475 Y116.652 E131.64098
G1 X116.696 Y116.414 E131.64746
G1 X116.889 Y116.063 E131.65545
G1 X116.948 Y115.757 E131.66167
G1 X116.948 Y108.644 E131.80362
G1 F1566.6 X116.965 Y107.912 E131.81761
G1 F1639.3 X116.965 Y107.448 E131.82608
G1 F1566.6 X116.948 Y106.716 E131.84007
G1 F1500 X116.948 Y104.18 E131.89068
G1 X116.821 Y103.794 E131.89879
G1 X116.652 Y103.525 E131.90513
G1 X116.413 Y103.3 E131.91168
G1 X116.063 Y103.107 E131.91966
G1 X115.757 Y103.048 E131.92587
G1 X104.191 Y103.048 E132.15669
G1 X103.794 Y103.175 E132.165
G1 X103.525 Y103.348 E132.17139
G1 X103.299 Y103.583 E132.17789
G1 X103.107 Y103.937 E132.18593
G1 X103.048 Y104.24 E132.19209
G1 F1315.8 X103.104 Y105.044 E132.21043
G1 F1167.3 X103.106 Y108.001 E132.28625
G1 F1310 X103.048 Y108.936 E132.30766
G1 F1500 X103.049 Y115.808 E132.4448
G1 X103.175 Y116.206 E132.45313
G1 X103.347 Y116.475 E132.4595
G1 X103.583 Y116.696 E132.46595
G1 X103.937 Y116.889 E132.474
G1 X104.24 Y116.948 E132.48016
G1 X110 Y116.948 E132.59511
G1 F2700 E127.59511
G0 F9000 X110 Y116.24
G0 X109.937 Y115.221
G0 X110 Y114.841
G1 F2700 E132.59511
G1 F1500 X109.983 Y114.87 E132.59578
G1 X109.674 Y115.096 E132.60342
G1 X109.392 Y115.194 E132.60937
G1 X109.14 Y115.234 E132.61447
G1 X107.677 Y115.24 E132.64366
G1 X107.562 Y115.205 E132.64606
G1 X107.476 Y115.049 E132.64962
G1 X107.476 Y114.193 E132.6667
G1 F1554.4 X107.49 Y113.749 E132.67525
G1 X107.425 Y114.189 E132.68382
G1 F1500 X107.264 Y114.565 E132.69198
G1 X107.041 Y114.85 E132.6992
G1 X106.753 Y115.068 E132.70641
G1 X106.461 Y115.196 E132.71277
G1 X106.075 Y115.273 E132.72063
G1 X105.627 Y115.273 E132.72957
G1 X105.163 Y115.186 E132.73899
G1 X104.777 Y114.956 E132.74796
G1 X104.523 Y114.703 E132.75511
G1 X104.335 Y114.364 E132.76285
G1 X104.238 Y114.023 E132.76992
G1 X104.204 Y113.602 E132.77835
G1 X104.243 Y113.193 E132.78655
G1 X104.354 Y112.824 E132.79424
G1 X104.543 Y112.505 E132.80164
G1 X104.795 Y112.253 E132.80875
G1 X105.109 Y112.068 E132.81602
G1 X105.449 Y111.966 E132.82311
G1 X105.83 Y111.932 E132.83074
G1 X106.383 Y112 E132.84186
G1 X106.828 Y112.21 E132.85168
G1 X107.013 Y112.357 E132.85639
G1 F1492.5 X107.301 Y112.732 E132.86588
G1 F1477.8 X107.472 Y113.234 E132.87662
G1 F1485.1 X107.477 Y112.142 E132.89863
G1 F1500 X107.528 Y112.036 E132.90098
G1 X107.641 Y111.974 E132.90355
G1 X108.295 Y111.972 E132.9166
G1 X108.421 Y112.033 E132.91939
G1 X108.476 Y112.165 E132.92225
G1 X108.476 Y112.98 E132.93851
G1 X109.226 Y112.986 E132.95348
G1 X109.642 Y113.119 E132.9622
G1 X109.938 Y113.348 E132.96966
G1 X110.093 Y113.558 E132.97487
G1 F1496.3 X110.191 Y113.809 E132.98026
G1 X110.192 Y112.165 E133.01315
G1 F1500 X110.247 Y112.033 E133.01601
G1 X110.352 Y111.975 E133.0184
G1 X112.789 Y111.974 E133.06703
G1 F1546.4 X112.916 Y112.172 E133.07159
G1 X113.044 Y111.972 E133.07618
G1 F1500 X113.703 Y111.971 E133.08933
G1 X113.836 Y112.097 E133.09299
G1 X113.836 Y113.557 E133.12213
G1 X114.673 Y112.073 E133.15613
G1 X114.813 Y111.974 E133.15955
G1 X115.552 Y111.972 E133.1743
G1 X115.673 Y112.011 E133.17683
G1 X115.752 Y112.172 E133.18041
G1 X115.75 Y115.075 E133.23834
G1 X115.696 Y115.18 E133.2407
G1 X115.57 Y115.24 E133.24349
G1 X115.02 Y115.24 E133.25446
G1 X114.912 Y115.209 E133.2567
G1 X114.82 Y115.04 E133.26054
G1 X114.82 Y113.635 E133.28858
G1 X113.966 Y115.139 E133.3231
G1 X113.827 Y115.237 E133.32649
G1 X113.035 Y115.236 E133.3423
G1 F1392.1 X112.874 Y115.06 E133.34743
G1 X112.713 Y115.236 E133.35255
G1 F1500 X110.392 Y115.24 E133.39887
G1 X110.231 Y115.16 E133.40246
G1 X110.192 Y115.04 E133.40498
G1 X110.192 Y114.609 E133.41358
G1 F1574.8 X110.211 Y114.163 E133.42206
G1 X110.141 Y114.604 E133.43055
G1 F1500 X110 Y114.841 E133.43606
G0 F9000 X110.211 Y114.163
G1 F1570.7 X110.191 Y113.809 E133.44281
G1 F2700 E128.44281
G0 F9000 X107.49 Y113.749
G1 F2700 E133.44281
G1 F1538.5 X107.472 Y113.234 E133.45284
G1 F2700 E128.45284
G0 F9000 X112.915 Y112.668
G1 F2700 E133.45284
G1 F1591.5 X112.916 Y112.172 E133.46217
G1 F2700 E128.46217
G0 F9000 X112.916 Y111.264
G0 X112.874 Y111.764
G0 X112.874 Y114.576
G1 F2700 E133.46217
G1 F1301.5 X112.874 Y115.06 E133.4733
G0 F9000 X112.874 Y114.576
G1 F1415.1 X112.91 Y114.193 E133.48144
G1 F1754.4 X112.957 Y113.906 E133.4864
G1 F2047.8 X112.958 Y113.392 E133.49391
G1 F1734.1 X112.904 Y113.036 E133.50013
G1 F1542.4 X112.915 Y112.668 E133.50727
G1 F1566.6 X112.739 Y112.825 E133.51178
G1 X111.181 Y112.825 E133.54155
G1 F1587.3 X111.181 Y113.203 E133.54868
G1 F1562.5 X112.609 Y113.203 E133.57604
G1 F1764.7 X112.666 Y113.392 E133.57939
G1 F2047.8 X112.665 Y113.881 E133.58653
G1 F1796.4 X112.615 Y114.035 E133.58923
G1 F1634.9 X111.172 Y114.036 E133.61565
G1 F1666.7 X111.172 Y114.396 E133.62212
G1 F1634.9 X112.691 Y114.395 E133.64993
G1 F1438.8 X112.874 Y114.576 E133.65529
G1 F2700 E128.65529
G0 F9000 X112.874 Y111.764
G0 X113.933 Y108.11
G1 F2700 E133.65529
G1 F1500 X113.805 Y108.034 E133.65826
G1 X113.764 Y107.93 E133.66049
G1 X113.764 Y107.448 E133.67011
G1 X113.902 Y107.248 E133.67496
G1 X114.688 Y107.248 E133.69064
G1 X114.688 Y106.248 E133.7106
G1 F1558.4 X114.703 Y105.044 E133.73372
G1 X114.774 Y104.879 E133.73717
G1 F1500 X114.888 Y104.844 E133.73955
G1 X115.536 Y104.849 E133.75249
G1 X115.634 Y104.906 E133.75475
G1 X115.688 Y105.044 E133.75771
G1 X115.688 Y107.248 E133.80169
G1 X116.416 Y107.248 E133.81622
G1 F1566.6 X116.599 Y107.448 E133.8214
G1 F1634.9 X116.598 Y107.944 E133.83048
G1 F1562.5 X116.416 Y108.112 E133.83522
G1 F1500 X113.933 Y108.11 E133.88478
G0 F9000 X113.933 Y108.822
G0 X111.78 Y108.822
G0 X111.78 Y107.932
G1 F1284.8 X111.778 Y106 E133.92979
G1 F2700 E128.92979
G0 F9000 X108.91 Y105.435
G1 F2700 E133.92979
G1 F1052.6 X108.784 Y105.804 E133.94088
G1 F2700 E128.94088
G0 F9000 X108.633 Y106.597
G0 X109.68 Y108.113
G1 F2700 E133.94088
G1 F1500 X108.966 Y108.112 E133.95513
G1 F1470.6 X108.844 Y107.967 E133.95898
G1 F1415.1 X108.828 Y106.124 E133.99797
G1 F1188.1 X108.784 Y105.804 E134.00611
G1 X108.606 Y106.085 E134.01449
G1 F1442.3 X107.905 Y107.98 E134.05642
G1 F1500 X107.796 Y108.11 E134.05981
G1 X106.941 Y108.111 E134.07687
G1 X106.82 Y107.981 E134.08041
G1 F1492.5 X106.526 Y107.178 E134.09757
G1 F1351.4 X106.384 Y106.911 E134.10426
G1 F1239.7 X106.252 Y106.548 E134.11359
G1 F1388.9 X106.129 Y106.061 E134.12442
G1 X106.182 Y106.56 E134.13523
G1 F1239.7 X106.048 Y106.777 E134.14139
G1 F1293.1 X104.694 Y106.782 E134.17273
G1 F1351.4 X104.694 Y107.226 E134.18257
G1 F1293.1 X106.072 Y107.221 E134.21447
G1 F1339.3 X106.194 Y107.448 E134.22023
G1 F1467 X106.187 Y107.969 E134.23086
G1 F1488.8 X106.054 Y108.112 E134.23479
G1 F1500 X103.872 Y108.112 E134.27833
G1 F1310 X103.617 Y107.957 E134.28515
G1 F1167.3 X103.616 Y105.044 E134.35985
G1 F1315.8 X103.819 Y104.845 E134.36632
G1 F1500 X104.472 Y104.844 E134.37935
G1 X104.594 Y104.885 E134.38192
G1 X104.672 Y105.044 E134.38545
G1 X104.673 Y105.895 E134.40243
G1 F1515.2 X105.94 Y105.9 E134.42747
G1 F1554.4 X106.119 Y106.03 E134.43173
G1 F1542.4 X105.762 Y105.079 E134.45144
G1 F1500 X105.792 Y104.934 E134.45439
G1 X105.925 Y104.847 E134.45757
G1 X106.56 Y104.844 E134.47024
G1 X106.722 Y104.902 E134.47367
G1 X106.959 Y105.576 E134.48793
G1 X107.765 Y105.576 E134.50401
G1 X107.994 Y104.907 E134.51813
G1 X108.125 Y104.847 E134.521
G1 X108.824 Y104.844 E134.53495
G1 X108.941 Y104.977 E134.53849
G1 F1445.8 X108.957 Y105.112 E134.5413
G1 F1209.7 X108.91 Y105.435 E134.54938
G1 F1171.9 X109.08 Y105.257 E134.55566
G1 F1388.9 X109.358 Y105.038 E134.56329
G1 F1500 X109.61 Y104.908 E134.56895
G1 X109.913 Y104.83 E134.57519
G1 X110.28 Y104.804 E134.58254
G1 X110.721 Y104.838 E134.59136
G1 X111.067 Y104.968 E134.59874
G1 X111.328 Y105.137 E134.60494
G1 X111.529 Y105.362 E134.61097
G1 F1477.8 X111.691 Y105.689 E134.61836
G1 F1363.6 X111.778 Y106 E134.62545
G1 F1382.5 X111.812 Y105.61 E134.63392
G1 F1500 X111.812 Y104.99 E134.6463
G1 X111.927 Y104.847 E134.64996
G1 X114.195 Y104.844 E134.69522
G1 X114.262 Y104.879 E134.69673
G1 F1558.4 X114.333 Y105.044 E134.70018
G1 F1617.3 X114.332 Y105.54 E134.70936
G1 F1554.4 X114.148 Y105.708 E134.71416
G1 F1500 X112.813 Y105.709 E134.7408
G1 X112.812 Y107.93 E134.78512
G1 X112.722 Y108.08 E134.78861
G1 X112.612 Y108.112 E134.7909
G1 X111.942 Y108.108 E134.80427
G1 F1385.7 X111.78 Y107.932 E134.80943
G1 X111.615 Y108.111 E134.81469
G1 F1500 X110.896 Y108.106 E134.82904
G1 X110.791 Y108.037 E134.83155
G1 X110.748 Y107.93 E134.83385
G1 X110.744 Y106.11 E134.87017
G1 X110.704 Y105.927 E134.87391
G1 X110.592 Y105.769 E134.87777
G1 X110.409 Y105.688 E134.88177
G1 X110.156 Y105.688 E134.88682
G1 X109.982 Y105.767 E134.89063
G1 X109.911 Y105.853 E134.89286
G1 X109.848 Y106.099 E134.89792
G1 X109.844 Y107.93 E134.93446
G1 X109.801 Y108.037 E134.93676
G1 X109.68 Y108.113 E134.93962
G1 F2700 E129.93962
G0 F9000 X109.68 Y108.822
G0 X103.437 Y108.35
G0 X103.437 Y104.608
G0 X104.913 Y104.608
G0 X105.678 Y105.631
G0 X106.129 Y106.061
G1 F2700 E134.93962
G1 F1583.1 X106.119 Y106.03 E134.94023
G1 F2700 E129.94023
G0 F9000 X105.678 Y105.631
G0 X104.913 Y104.608
G0 X103.437 Y104.608
G0 X103.437 Y108.35
G0 X104.974 Y108.992
;TYPE:FILL
G1 F2700 E134.94023
G1 F3000 X107.192 Y111.21 E135.00283
G0 F9000 X108.5 Y111.117
G1 F3000 X109.07 Y108.988 E135.04681
G0 F9000 X110.529 Y108.889
G1 F3000 X112.731 Y111.092 E135.10897
G1 X112.647 Y111.093
G1 X113.27 Y108.77 E135.15697
G0 F9000 X113.27 Y108.822
G0 X116.068 Y109.573
G1 F3000 X110.385 Y111.096 E135.27438
G0 F9000 X109.863 Y111.236
G1 F3000 X109.057 Y111.452 E135.29103
G0 F9000 X109.188 Y111.452
G0 X104.928 Y108.991
G1 F3000 X104.233 Y111.587 E135.34466
G0 F9000 X104.142 Y111.477
G1 F2700 E130.34466
;MESH:NONMESH
G0 F300 Z1.76
G0 F9000 X106.427 Y108.35
G0 X106.402 Y107.463
G0 X107.432 Y106.523
;TIME_ELAPSED:462.221000
;LAYER:13
;TYPE:WALL-OUTER
;MESH:Lens_Openscad.stl
G1 F2700 E135.34466
G1 F1016.9 X107.396 Y106.586 E135.3468
G1 X107.323 Y106.586 E135.34895
G1 X107.286 Y106.523 E135.3511
G1 X107.322 Y106.46 E135.35323
G1 X107.395 Y106.46 E135.35538
G1 X107.432 Y106.523 E135.35753
G1 F2700 E130.35753
G0 F9000 X105.895 Y113.043
G0 X105.947 Y113.97
;TYPE:WALL-INNER
G1 F2700 E135.35753
G1 F1376.1 X106.009 Y113.913 E135.35936
G1 X106.071 Y113.707 E135.36404
G1 F1382.5 X106.05 Y113.367 E135.37142
G1 F1395.3 X105.964 Y113.265 E135.37428
G1 F1398.6 X105.761 Y113.236 E135.37867
G1 X105.687 Y113.307 E135.38087
G1 X105.634 Y113.475 E135.38464
G1 F1388.9 X105.639 Y113.758 E135.39074
G1 F1376.1 X105.687 Y113.921 E135.39443
G1 X105.746 Y113.97 E135.3961
G1 X105.947 Y113.97 E135.40047
G0 F9000 X106.026 Y114.388
;TYPE:WALL-OUTER
G1 F1500 X106.145 Y114.346 E135.40299
G1 X106.313 Y114.211 E135.40729
G1 X106.392 Y114.091 E135.41016
G1 X106.493 Y113.753 E135.4172
G1 X106.462 Y113.333 E135.4256
G1 X106.394 Y113.136 E135.42976
G1 X106.209 Y112.911 E135.43558
G1 X105.927 Y112.815 E135.44152
G1 X105.605 Y112.829 E135.44795
G1 X105.333 Y113.052 E135.45497
G1 X105.226 Y113.398 E135.4622
G1 X105.226 Y113.835 E135.47092
G1 X105.304 Y114.099 E135.47641
G1 X105.546 Y114.345 E135.4833
G1 X105.67 Y114.388 E135.48592
G1 X106.026 Y114.388 E135.49302
G1 F2700 E130.49302
G0 F9000 X105.877 Y113.695
G0 X106.266 Y113.726
G0 X108.702 Y114.07
G0 X108.974 Y114.34
G1 F2700 E135.49302
G1 F1293.1 X108.508 Y114.34 E135.50381
G1 X108.508 Y113.876 E135.51455
G1 X108.98 Y113.876 E135.52548
G1 X109.147 Y113.959 E135.52979
G1 X109.188 Y114.047 E135.53204
G1 X109.151 Y114.267 E135.53721
G1 X108.974 Y114.34 E135.54164
G1 F2700 E130.54164
G0 F9000 X108.942 Y114.066
G0 X109.45 Y115.423
G0 X110 Y115.951
G0 X110 Y115.478
;TYPE:WALL-INNER
G1 F2700 E135.54164
G1 F1500 X109.92 Y115.408 E135.54376
G1 X109.786 Y115.481 E135.54681
G1 X109.464 Y115.588 E135.55358
G1 X109.11 Y115.636 E135.56071
G1 X107.678 Y115.64 E135.58928
G1 X107.336 Y115.535 E135.59642
G1 X107.179 Y115.377 E135.60087
G1 X107.145 Y115.275 E135.60301
G1 X106.914 Y115.434 E135.60861
G1 X106.56 Y115.589 E135.61632
G1 X106.096 Y115.676 E135.62574
G1 X105.607 Y115.676 E135.6355
G1 X105.023 Y115.568 E135.64735
G1 X104.545 Y115.282 E135.65847
G1 X104.205 Y114.953 E135.66791
G1 X103.97 Y114.542 E135.67736
G1 X103.844 Y114.092 E135.68668
G1 F1538.5 X103.816 Y113.569 E135.69687
G1 F1542.4 X103.843 Y113.143 E135.70516
G1 F1507.5 X103.972 Y112.685 E135.71461
G1 F1500 X104.206 Y112.277 E135.72399
G1 X104.519 Y111.953 E135.73298
G1 X104.924 Y111.705 E135.74246
G1 X105.38 Y111.572 E135.75194
G1 X105.853 Y111.529 E135.76142
G1 X106.486 Y111.607 E135.77415
G1 X106.955 Y111.822 E135.78444
G1 X107.131 Y111.939 E135.78866
G1 X107.233 Y111.766 E135.79267
G1 X107.412 Y111.632 E135.79713
G1 X107.597 Y111.572 E135.80101
G1 X108.331 Y111.574 E135.81566
G1 X108.557 Y111.641 E135.82036
G1 X108.709 Y111.755 E135.82415
G1 X108.876 Y112.151 E135.83273
G1 X108.876 Y112.582 E135.84133
G1 X109.297 Y112.586 E135.84973
G1 X109.792 Y112.746 E135.86011
G1 X109.792 Y112.151 E135.87199
G1 X109.959 Y111.755 E135.88056
G1 X110.111 Y111.641 E135.88436
G1 X110.305 Y111.572 E135.88847
G1 X112.781 Y111.574 E135.93788
G1 X112.916 Y111.602 E135.94063
G1 X113.051 Y111.574 E135.94338
G1 X113.636 Y111.571 E135.95505
G1 X113.904 Y111.635 E135.96055
G1 X114.159 Y111.877 E135.96757
G1 X114.212 Y112.078 E135.97172
G1 X114.325 Y111.877 E135.97632
G1 X114.58 Y111.635 E135.98333
G1 X114.768 Y111.572 E135.98729
G1 X115.552 Y111.572 E136.00294
G1 X115.913 Y111.691 E136.01052
G1 F1503.8 X116.151 Y112.172 E136.0212
G1 F1500 X116.146 Y115.144 E136.08051
G1 F1492.5 X115.982 Y115.459 E136.08764
G1 F1500 X115.836 Y115.569 E136.09128
G1 X115.552 Y115.64 E136.09713
G1 X115.02 Y115.64 E136.10774
G1 X114.697 Y115.547 E136.11445
G1 X114.498 Y115.337 E136.12022
G1 X114.439 Y115.115 E136.12481
G1 X114.259 Y115.434 E136.13212
G1 X114.115 Y115.547 E136.13577
G1 X113.873 Y115.64 E136.14094
G1 X113.016 Y115.64 E136.15805
G1 X112.874 Y115.593 E136.16103
G1 X112.718 Y115.64 E136.16428
G1 X110.392 Y115.64 E136.2107
G1 X110.097 Y115.563 E136.21679
G1 X110 Y115.478 E136.21936
G0 F9000 X110 Y115.951
G0 X108.666 Y116.16
G0 X107.679 Y116.094
G1 F1174.2 X109.111 Y116.092 E136.25587
G1 F1111.1 X109.547 Y116.064 E136.26764
G1 F982 X109.838 Y116.021 E136.2766
G1 F1032.7 X110.392 Y116.094 E136.2928
G1 F1160.5 X113.975 Y116.087 E136.38522
G0 F9000 X114.406 Y116.176
G1 F1408.5 X115.02 Y116.094 E136.39838
G1 X114.498 Y115.86 E136.41054
G1 F1538.5 X114.413 Y115.794 E136.41264
G1 F1250 X113.975 Y116.087 E136.42525
G1 F1379.3 X114.406 Y116.176 E136.43481
G0 F9000 X115.02 Y116.094
G1 F1178.8 X115.678 Y116.093 E136.45152
G1 F1190.5 X115.842 Y116.048 E136.45579
G1 F2700 E131.45579
G0 F9000 X115.993 Y115.479
G0 X115.993 Y111.736
G0 X110 Y111.241
G1 F2700 E136.45579
G1 F1500 X110.347 Y111.172 E136.46285
G1 X113.636 Y111.171 E136.52849
G1 X113.915 Y111.211 E136.53411
G1 X114.083 Y111.277 E136.53771
G1 X114.242 Y111.429 E136.5421
G1 X114.401 Y111.277 E136.54649
G1 X114.717 Y111.172 E136.55314
G1 X115.552 Y111.172 E136.5698
G1 X116.148 Y111.37 E136.58233
G1 X116.148 Y108.912 E136.63139
G1 X113.848 Y108.912 E136.67729
G1 X113.565 Y108.83 E136.68317
G1 X113.288 Y108.63 E136.68998
G1 X113.158 Y108.75 E136.69351
G1 X112.785 Y108.911 E136.70162
G1 X110.948 Y108.912 E136.73828
G1 X110.691 Y108.879 E136.74345
G1 X110.417 Y108.76 E136.74941
G1 X110.296 Y108.652 E136.75265
G1 X110.175 Y108.76 E136.75589
G1 X109.837 Y108.908 E136.76325
G1 X108.952 Y108.908 E136.78091
G1 X108.547 Y108.78 E136.78939
G1 X108.38 Y108.581 E136.79457
G1 X108.213 Y108.78 E136.79976
G1 X107.832 Y108.912 E136.8078
G1 X106.933 Y108.91 E136.82574
G1 X106.601 Y108.827 E136.83257
G1 X106.498 Y108.715 E136.83561
G1 X106.395 Y108.827 E136.83865
G1 X106.042 Y108.911 E136.84589
G1 X103.848 Y108.912 E136.88967
G1 X103.849 Y112.071 E136.95271
G1 X104.179 Y111.729 E136.9622
G1 X104.377 Y111.57 E136.96726
G1 X104.645 Y111.406 E136.97353
G1 X104.877 Y111.302 E136.97861
G1 X105.307 Y111.175 E136.98755
G1 X105.859 Y111.126 E136.99861
G1 X106.578 Y111.212 E137.01306
G1 X107.038 Y111.421 E137.02315
G1 X107.237 Y111.273 E137.0281
G1 X107.548 Y111.171 E137.03463
G1 X108.368 Y111.176 E137.05099
G1 X108.692 Y111.249 E137.05762
G1 X108.997 Y111.478 E137.06523
G1 X109.299 Y112.192 E137.0807
G1 X109.392 Y112.206 E137.08258
G1 X109.392 Y112.137 E137.08396
G1 X109.671 Y111.478 E137.09824
G1 X109.981 Y111.245 E137.10598
G1 X110 Y111.241 E137.10636
G0 F9000 X110.296 Y108.822
G0 X110.296 Y107.969
G1 F1188.1 X110.294 Y106.192 E137.15113
G1 F2700 E132.15113
G0 F9000 X110.084 Y108.35
G0 X103.437 Y108.35
G0 X103.437 Y104.608
G0 X109.287 Y104.136
G0 X109.287 Y104.222
G1 F2700 E137.15113
G1 F1117.3 X109.759 Y103.946 E137.16578
G1 X109.322 Y103.817 E137.17799
G1 X108.752 Y103.946 E137.19365
G1 X109.287 Y104.222 E137.20978
G0 F9000 X109.759 Y103.946
G1 F1041.7 X110.264 Y103.926 E137.2243
G1 F1047.1 X110.761 Y103.944 E137.23852
G0 F9000 X111.41 Y104.254
G1 F1200 X111.821 Y103.954 E137.25121
G1 X111.387 Y103.841 E137.2624
G1 F1470.6 X111.073 Y103.862 E137.2688
G1 F1176.5 X110.761 Y103.944 E137.27701
G1 X111.033 Y104.086 E137.28482
G1 F1470.6 X111.41 Y104.254 E137.29322
G0 F9000 X111.821 Y103.954
G1 F991.7 X112.012 Y103.946 E137.29899
G1 F1006.7 X114.148 Y103.946 E137.3625
G1 F956.9 X114.518 Y103.977 E137.37412
G1 F949.4 X114.759 Y103.946 E137.38178
G1 F1000 X115.488 Y103.946 E137.4036
G1 F991.7 X115.752 Y103.97 E137.4116
G1 F2700 E132.4116
G0 F9000 X103.437 Y104.608
G0 X103.437 Y108.35
G0 X113.051 Y108.35
G0 X113.051 Y107.669
G0 X113.917 Y106.479
G1 F2700 E137.4116
G1 F1612.9 X113.614 Y106.51 E137.41725
G0 F9000 X113.288 Y107.448
G1 F1260.5 X113.754 Y106.885 E137.43461
G1 F1500 X113.934 Y106.849 E137.43827
G1 X114.288 Y106.848 E137.44534
G1 X114.288 Y105.991 E137.46244
G1 X114.148 Y106.108 E137.46608
G1 X113.213 Y106.109 E137.48474
G1 X113.213 Y106.51 E137.49274
G1 F1260.5 X113.288 Y107.448 E137.51509
G1 F1081.1 X113.288 Y107.971 E137.52957
G1 F2700 E132.52957
G0 F9000 X113.288 Y108.822
G0 X103.437 Y108.35
G0 X103.437 Y104.608
G0 X108.752 Y103.946
G1 F2700 E137.52957
G1 F1006.7 X108.16 Y103.946 E137.54717
G1 F991.7 X107.969 Y103.954 E137.55294
G0 F9000 X107.36 Y104.41
G1 F1351.4 X107.502 Y104.261 E137.5575
G1 F1134.2 X107.969 Y103.954 E137.57225
G1 X107.36 Y103.87 E137.58848
G1 F1153.8 X106.56 Y103.946 E137.60932
G1 X107.218 Y104.261 E137.62825
G1 F1351.4 X107.36 Y104.41 E137.63281
G0 F9000 X106.56 Y103.946
G1 F1006.7 X105.96 Y103.946 E137.65065
G1 F991.7 X105.769 Y103.954 E137.65642
G0 F9000 X105.216 Y104.379
G1 F1415.1 X105.344 Y104.24 E137.66042
G1 F1156.1 X105.769 Y103.954 E137.67368
G1 X105.216 Y103.86 E137.68821
G1 F1176.5 X104.472 Y103.946 E137.70726
G1 X105.088 Y104.24 E137.72463
G1 F1415.1 X105.216 Y104.379 E137.72863
G0 F9000 X104.472 Y103.946
G1 F1015.2 X104.296 Y103.951 E137.73382
G0 F9000 X116.257 Y104.186
G0 X116.533 Y106.95
G1 F1395.3 X116.533 Y105.044 E137.77471
G1 F1421.8 X116.551 Y104.252 E137.79139
G1 F1470.6 X116.457 Y103.966 E137.79751
G1 F1500 X116.34 Y103.781 E137.80188
G1 X116.175 Y103.626 E137.8064
G1 X115.926 Y103.488 E137.81208
G1 X115.719 Y103.448 E137.81629
G1 X104.255 Y103.448 E138.04507
G1 X103.966 Y103.54 E138.05112
G1 X103.625 Y103.821 E138.05994
G1 X103.488 Y104.074 E138.06568
G1 X103.448 Y104.278 E138.06983
G1 X103.448 Y104.803 E138.0803
G1 X103.706 Y104.45 E138.08903
G1 X104.472 Y104.444 E138.10431
G1 X104.837 Y104.567 E138.112
G1 X104.975 Y104.715 E138.11604
G1 F1612.9 X105.044 Y105.044 E138.12228
G1 F1680.7 X105.058 Y105.51 E138.13058
G1 F1621.6 X105.507 Y105.51 E138.13887
G1 F1630.4 X105.411 Y105.244 E138.14406
G1 F1685.4 X105.388 Y105.044 E138.14764
G1 F1612.9 X105.457 Y104.715 E138.15388
G1 F1500 X105.595 Y104.567 E138.15791
G1 X105.877 Y104.444 E138.16405
G1 X106.56 Y104.444 E138.17768
G1 X106.946 Y104.584 E138.18588
G1 X107.086 Y104.731 E138.18993
G1 X107.243 Y105.176 E138.19935
G1 X107.48 Y105.176 E138.20408
G1 X107.631 Y104.733 E138.21342
G1 X107.774 Y104.584 E138.21754
G1 X108.075 Y104.444 E138.22416
G1 X108.752 Y104.444 E138.23767
G1 X109.023 Y104.508 E138.24323
G1 X109.209 Y104.665 E138.24809
G1 X109.47 Y104.533 E138.25392
G1 X109.844 Y104.436 E138.26163
G1 X110.218 Y104.405 E138.26912
G1 X110.803 Y104.442 E138.28082
G1 X111.259 Y104.616 E138.29056
G1 X111.493 Y104.766 E138.29611
G1 X111.696 Y104.533 E138.30227
G1 X111.932 Y104.444 E138.30731
G1 X114.148 Y104.444 E138.35153
G1 X114.345 Y104.476 E138.35551
G1 X114.49 Y104.551 E138.35877
G1 X114.518 Y104.605 E138.35998
G1 X114.546 Y104.551 E138.3612
G1 X114.753 Y104.444 E138.36585
G1 X115.571 Y104.444 E138.38217
G1 X115.808 Y104.537 E138.38725
G1 X115.926 Y104.632 E138.39028
G1 F1445.8 X116.103 Y105.044 E138.39956
G1 F1395.3 X116.103 Y106.833 E138.43794
G1 X116.416 Y106.833 E138.44465
G1 X116.533 Y106.95 E138.4482
G1 F2700 E133.4482
G0 F9000 X116.209 Y104.201
G0 X103.437 Y104.608
G0 X103.437 Y108.35
G0 X103.992 Y114.071
G0 X104.114 Y114.486
G0 X104.327 Y114.856
G0 X104.624 Y115.156
G0 X104.883 Y115.309
G0 X107.022 Y116.17
G1 F2700 E138.4482
G1 F1388.9 X107.679 Y116.094 E138.46246
G1 X107.122 Y115.846 E138.4756
G1 F1690.1 X107.047 Y115.787 E138.47729
G1 X106.773 Y115.907 E138.48259
G1 F1421.8 X106.233 Y116.103 E138.49468
G1 F1392.1 X106.579 Y116.162 E138.50223
G1 F1648.4 X107.022 Y116.17 E138.51028
G0 F9000 X106.233 Y116.103
G1 F1247.4 X105.664 Y116.112 E138.52393
G1 X105.472 Y116.103 E138.52854
G0 F9000 X105.037 Y116.124
G1 F1276.6 X105.472 Y116.103 E138.53876
G1 X105.048 Y116.004 E138.54897
G1 F1336.3 X104.715 Y115.878 E138.55694
G1 F1333.3 X104.271 Y115.616 E138.56852
G1 X103.873 Y115.217 E138.58117
G1 F1339.3 X103.874 Y115.684 E138.59161
G1 X103.928 Y115.852 E138.59555
G1 F1333.3 X104.071 Y116.022 E138.60054
G1 X104.253 Y116.124 E138.60522
G1 F1336.3 X105.037 Y116.124 E138.62278
G0 F9000 X110 Y116.24
G0 X110 Y116.548
G1 F1500 X115.76 Y116.547 E138.73773
G1 X116.034 Y116.457 E138.74349
G1 X116.218 Y116.342 E138.74782
G1 X116.369 Y116.178 E138.75226
G1 X116.507 Y115.925 E138.75802
G1 X116.548 Y115.719 E138.76221
G1 X116.548 Y108.402 E138.90823
G1 X116.416 Y108.512 E138.91166
G1 X113.897 Y108.512 E138.96192
G1 X113.636 Y108.415 E138.96748
G1 X113.487 Y108.278 E138.97152
G1 F1252.6 X113.288 Y107.971 E138.98026
G1 X113.089 Y108.278 E138.98901
G1 F1500 X112.94 Y108.415 E138.99305
G1 X112.716 Y108.511 E138.99791
G1 X111.946 Y108.509 E139.01328
G1 X111.78 Y108.465 E139.0167
G1 X111.614 Y108.509 E139.02013
G1 X110.842 Y108.512 E139.03554
G1 X110.629 Y108.421 E139.04016
G1 X110.479 Y108.287 E139.04417
G1 F1321.6 X110.296 Y107.969 E139.05248
G1 X110.113 Y108.287 E139.06079
G1 F1500 X109.963 Y108.421 E139.06481
G1 X109.752 Y108.513 E139.0694
G1 X108.989 Y108.51 E139.08463
G1 X108.746 Y108.433 E139.08971
G1 X108.479 Y108.116 E139.09798
G1 X108.444 Y107.912 E139.10212
G1 X108.444 Y107.661 E139.10712
G1 X108.281 Y108.116 E139.11677
G1 X108.014 Y108.433 E139.12504
G1 X107.716 Y108.512 E139.13119
G1 X106.942 Y108.509 E139.14664
G1 X106.764 Y108.461 E139.15032
G1 X106.498 Y108.175 E139.15811
G1 X106.232 Y108.461 E139.16591
G1 X106.021 Y108.512 E139.17024
G1 X103.872 Y108.512 E139.21312
G1 X103.447 Y108.155 E139.2242
G1 F1507.5 X103.446 Y113.18 E139.32398
G1 F1550.4 X103.437 Y113.62 E139.33248
G1 F1542.4 X103.448 Y114.212 E139.34397
G1 F1500 X103.449 Y115.746 E139.37458
G1 X103.541 Y116.034 E139.38061
G1 X103.657 Y116.217 E139.38494
G1 X103.819 Y116.37 E139.38938
G1 X104.074 Y116.508 E139.39517
G1 X104.278 Y116.548 E139.39932
G1 X110 Y116.548 E139.51351
G0 F9000 X110 Y116.948
;TYPE:WALL-OUTER
G1 F1500 X115.82 Y116.948 E139.62965
G1 X116.206 Y116.821 E139.63776
G1 X116.475 Y116.652 E139.6441
G1 X116.696 Y116.414 E139.65058
G1 X116.889 Y116.063 E139.65858
G1 X116.948 Y115.757 E139.66479
G1 X116.948 Y108.644 E139.80674
G1 F1566.6 X116.965 Y107.912 E139.82073
G1 F1639.3 X116.965 Y107.448 E139.82921
G1 F1566.6 X116.948 Y106.716 E139.8432
G1 F1500 X116.948 Y104.18 E139.8938
G1 X116.821 Y103.794 E139.90191
G1 X116.652 Y103.525 E139.90825
G1 X116.413 Y103.3 E139.9148
G1 X116.063 Y103.107 E139.92278
G1 X115.757 Y103.048 E139.929
G1 X104.191 Y103.048 E140.15981
G1 X103.794 Y103.175 E140.16813
G1 X103.525 Y103.348 E140.17451
G1 X103.299 Y103.583 E140.18102
G1 X103.107 Y103.937 E140.18906
G1 X103.048 Y104.24 E140.19522
G1 F1315.8 X103.104 Y105.044 E140.21355
G1 F1167.3 X103.106 Y108.001 E140.28938
G1 F1310 X103.048 Y108.936 E140.31078
G1 F1500 X103.049 Y115.808 E140.44792
G1 X103.175 Y116.206 E140.45625
G1 X103.347 Y116.475 E140.46263
G1 X103.583 Y116.696 E140.46908
G1 X103.937 Y116.889 E140.47712
G1 X104.24 Y116.948 E140.48328
G1 X110 Y116.948 E140.59823
G1 F2700 E135.59823
G0 F9000 X110 Y116.24
G0 X109.937 Y115.221
G0 X110 Y114.841
G1 F2700 E140.59823
G1 F1500 X109.983 Y114.87 E140.5989
G1 X109.674 Y115.096 E140.60654
G1 X109.392 Y115.194 E140.6125
G1 X109.14 Y115.234 E140.61759
G1 X107.677 Y115.24 E140.64679
G1 X107.562 Y115.205 E140.64919
G1 X107.476 Y115.049 E140.65274
G1 F1522.8 X107.482 Y113.843 E140.67645
G1 X107.413 Y114.231 E140.68419
G1 F1500 X107.264 Y114.565 E140.69149
G1 X107.041 Y114.85 E140.69871
G1 X106.753 Y115.068 E140.70592
G1 X106.461 Y115.196 E140.71228
G1 X106.075 Y115.273 E140.72014
G1 X105.627 Y115.273 E140.72908
G1 X105.163 Y115.186 E140.7385
G1 X104.777 Y114.956 E140.74747
G1 X104.523 Y114.703 E140.75462
G1 X104.335 Y114.364 E140.76236
G1 X104.238 Y114.023 E140.76943
G1 X104.204 Y113.602 E140.77786
G1 X104.243 Y113.193 E140.78606
G1 X104.354 Y112.824 E140.79375
G1 X104.543 Y112.505 E140.80115
G1 X104.795 Y112.253 E140.80826
G1 X105.109 Y112.068 E140.81553
G1 X105.449 Y111.966 E140.82262
G1 X105.83 Y111.932 E140.83025
G1 X106.383 Y112 E140.84137
G1 X106.828 Y112.21 E140.85119
G1 X107.013 Y112.357 E140.85591
G1 F1492.5 X107.301 Y112.733 E140.8654
G1 F1477.8 X107.472 Y113.236 E140.87617
G1 F1485.1 X107.477 Y112.142 E140.89822
G1 F1500 X107.528 Y112.036 E140.90056
G1 X107.641 Y111.974 E140.90314
G1 X108.295 Y111.972 E140.91619
G1 X108.421 Y112.033 E140.91898
G1 X108.476 Y112.165 E140.92183
G1 X108.476 Y112.98 E140.9381
G1 X109.226 Y112.986 E140.95307
G1 X109.642 Y113.119 E140.96178
G1 X109.938 Y113.348 E140.96925
G1 X110.093 Y113.558 E140.97446
G1 F1496.3 X110.191 Y113.809 E140.97985
G1 X110.192 Y112.165 E141.01274
G1 F1500 X110.247 Y112.033 E141.01559
G1 X110.352 Y111.975 E141.01799
G1 X112.789 Y111.974 E141.06662
G1 F1546.4 X112.916 Y112.172 E141.07117
G1 X113.044 Y111.972 E141.07577
G1 F1500 X113.703 Y111.971 E141.08892
G1 X113.836 Y112.097 E141.09258
G1 X113.836 Y113.557 E141.12171
G1 X114.673 Y112.073 E141.15571
G1 X114.813 Y111.974 E141.15914
G1 X115.552 Y111.972 E141.17388
G1 X115.673 Y112.011 E141.17642
G1 X115.752 Y112.172 E141.18
G1 X115.75 Y115.075 E141.23793
G1 X115.696 Y115.18 E141.24029
G1 X115.57 Y115.24 E141.24307
G1 X115.02 Y115.24 E141.25405
G1 X114.912 Y115.209 E141.25629
G1 X114.82 Y115.04 E141.26013
G1 X114.82 Y113.635 E141.28817
G1 X113.966 Y115.139 E141.32268
G1 X113.827 Y115.237 E141.32608
G1 X113.035 Y115.236 E141.34188
G1 F1392.1 X112.874 Y115.06 E141.34701
G1 X112.713 Y115.236 E141.35214
G1 F1500 X110.392 Y115.24 E141.39846
G1 X110.231 Y115.16 E141.40205
G1 X110.192 Y115.04 E141.40457
G1 X110.192 Y114.609 E141.41317
G1 F1574.8 X110.211 Y114.163 E141.42165
G1 X110.141 Y114.604 E141.43014
G1 F1500 X110 Y114.841 E141.43564
G0 F9000 X110.211 Y114.163
G1 F1570.7 X110.191 Y113.809 E141.4424
G1 F2700 E136.4424
G0 F9000 X107.482 Y113.843
G1 F2700 E141.4424
G1 F1562.5 X107.486 Y113.53 E141.4484
G1 F1522.8 X107.472 Y113.236 E141.45418
G1 F2700 E136.45418
G0 F9000 X112.915 Y112.668
G1 F2700 E141.45418
G1 F1591.5 X112.916 Y112.172 E141.46351
G1 F2700 E136.46351
G0 F9000 X112.916 Y111.264
G0 X112.874 Y111.764
G0 X112.874 Y114.576
G1 F2700 E141.46351
G1 F1301.5 X112.874 Y115.06 E141.47464
G0 F9000 X112.874 Y114.576
G1 F1415.1 X112.91 Y114.193 E141.48278
G1 F1754.4 X112.957 Y113.906 E141.48774
G1 F2047.8 X112.958 Y113.392 E141.49526
G1 F1734.1 X112.904 Y113.036 E141.50147
G1 F1542.4 X112.915 Y112.668 E141.50862
G1 F1566.6 X112.739 Y112.825 E141.51312
G1 X111.181 Y112.825 E141.54289
G1 F1587.3 X111.181 Y113.203 E141.55002
G1 F1562.5 X112.609 Y113.203 E141.57738
G1 F1764.7 X112.666 Y113.392 E141.58073
G1 F2047.8 X112.665 Y113.881 E141.58788
G1 F1796.4 X112.615 Y114.035 E141.59057
G1 F1634.9 X111.172 Y114.036 E141.617
G1 F1666.7 X111.172 Y114.396 E141.62346
G1 F1634.9 X112.691 Y114.395 E141.65127
G1 F1438.8 X112.874 Y114.576 E141.65663
G1 F2700 E136.65663
G0 F9000 X112.874 Y111.764
G0 X113.933 Y108.11
G1 F2700 E141.65663
G1 F1500 X113.805 Y108.034 E141.6596
G1 X113.764 Y107.93 E141.66183
G1 X113.764 Y107.448 E141.67145
G1 X113.902 Y107.248 E141.6763
G1 X114.688 Y107.248 E141.69198
G1 X114.688 Y106.248 E141.71194
G1 F1558.4 X114.703 Y105.044 E141.73507
G1 X114.774 Y104.879 E141.73852
G1 F1500 X114.888 Y104.844 E141.7409
G1 X115.536 Y104.849 E141.75383
G1 X115.634 Y104.906 E141.75609
G1 X115.688 Y105.044 E141.75905
G1 X115.688 Y107.248 E141.80303
G1 X116.416 Y107.248 E141.81756
G1 F1566.6 X116.599 Y107.448 E141.82274
G1 F1634.9 X116.598 Y107.944 E141.83182
G1 F1562.5 X116.416 Y108.112 E141.83657
G1 F1500 X113.933 Y108.11 E141.88612
G0 F9000 X113.933 Y108.822
G0 X111.78 Y108.822
G0 X111.78 Y107.932
G1 F1284.8 X111.778 Y106 E141.93113
G1 F2700 E136.93113
G0 F9000 X108.91 Y105.435
G1 F2700 E141.93113
G1 F1052.6 X108.784 Y105.804 E141.94222
G1 F2700 E136.94222
G0 F9000 X108.633 Y106.597
G0 X109.68 Y108.113
G1 F2700 E141.94222
G1 F1500 X108.966 Y108.112 E141.95647
G1 F1470.6 X108.844 Y107.967 E141.96033
G1 F1415.1 X108.828 Y106.124 E141.99931
G1 F1188.1 X108.784 Y105.804 E142.00745
G1 X108.606 Y106.085 E142.01583
G1 F1442.3 X107.905 Y107.98 E142.05777
G1 F1500 X107.796 Y108.11 E142.06115
G1 X106.941 Y108.111 E142.07821
G1 X106.82 Y107.981 E142.08176
G1 F1492.5 X106.526 Y107.178 E142.09891
G1 F1351.4 X106.384 Y106.911 E142.10561
G1 F1239.7 X106.252 Y106.548 E142.11493
G1 F1388.9 X106.129 Y106.061 E142.12576
G1 X106.182 Y106.56 E142.13657
G1 F1239.7 X106.048 Y106.777 E142.14273
G1 F1293.1 X104.694 Y106.782 E142.17408
G1 F1351.4 X104.694 Y107.226 E142.18391
G1 F1293.1 X106.072 Y107.221 E142.21581
G1 F1339.3 X106.194 Y107.448 E142.22157
G1 F1467 X106.187 Y107.969 E142.2322
G1 F1488.8 X106.054 Y108.112 E142.23613
G1 F1500 X103.872 Y108.112 E142.27967
G1 F1310 X103.617 Y107.957 E142.28649
G1 F1167.3 X103.616 Y105.044 E142.36119
G1 F1315.8 X103.819 Y104.845 E142.36766
G1 F1500 X104.472 Y104.844 E142.38069
G1 X104.594 Y104.885 E142.38326
G1 X104.672 Y105.044 E142.38679
G1 X104.673 Y105.895 E142.40378
G1 F1515.2 X105.94 Y105.9 E142.42881
G1 F1554.4 X106.119 Y106.03 E142.43307
G1 F1542.4 X105.762 Y105.079 E142.45278
G1 F1500 X105.792 Y104.934 E142.45574
G1 X105.925 Y104.847 E142.45891
G1 X106.56 Y104.844 E142.47158
G1 X106.722 Y104.902 E142.47501
G1 X106.959 Y105.576 E142.48927
G1 X107.765 Y105.576 E142.50536
G1 X107.994 Y104.907 E142.51947
G1 X108.125 Y104.847 E142.52234
G1 X108.824 Y104.844 E142.53629
G1 X108.941 Y104.977 E142.53983
G1 F1445.8 X108.957 Y105.112 E142.54264
G1 F1209.7 X108.91 Y105.435 E142.55072
G1 F1171.9 X109.08 Y105.257 E142.55701
G1 F1388.9 X109.358 Y105.038 E142.56463
G1 F1500 X109.61 Y104.908 E142.57029
G1 X109.913 Y104.83 E142.57654
G1 X110.28 Y104.804 E142.58388
G1 X110.721 Y104.838 E142.59271
G1 X111.067 Y104.968 E142.60008
G1 X111.328 Y105.137 E142.60629
G1 X111.529 Y105.362 E142.61231
G1 F1477.8 X111.691 Y105.689 E142.6197
G1 F1363.6 X111.778 Y106 E142.62679
G1 F1382.5 X111.812 Y105.61 E142.63527
G1 F1500 X111.812 Y104.99 E142.64764
G1 X111.927 Y104.847 E142.6513
G1 X114.195 Y104.844 E142.69656
G1 X114.262 Y104.879 E142.69807
G1 F1558.4 X114.333 Y105.044 E142.70152
G1 F1617.3 X114.332 Y105.54 E142.7107
G1 F1554.4 X114.148 Y105.708 E142.7155
G1 F1500 X112.813 Y105.709 E142.74214
G1 X112.812 Y107.93 E142.78646
G1 X112.722 Y108.08 E142.78995
G1 X112.612 Y108.112 E142.79224
G1 X111.942 Y108.108 E142.80561
G1 F1385.7 X111.78 Y107.932 E142.81078
G1 X111.615 Y108.111 E142.81604
G1 F1500 X110.896 Y108.106 E142.83039
G1 X110.791 Y108.037 E142.83289
G1 X110.748 Y107.93 E142.83519
G1 X110.744 Y106.11 E142.87151
G1 X110.704 Y105.927 E142.87525
G1 X110.592 Y105.769 E142.87912
G1 X110.409 Y105.688 E142.88311
G1 X110.154 Y105.688 E142.8882
G1 X109.983 Y105.763 E142.89193
G1 X109.913 Y105.853 E142.8942
G1 X109.844 Y106.14 E142.90009
G1 X109.844 Y107.93 E142.93581
G1 X109.801 Y108.037 E142.93811
G1 X109.68 Y108.113 E142.94097
G1 F2700 E137.94097
G0 F9000 X109.68 Y108.822
G0 X103.437 Y108.35
G0 X103.437 Y104.608
G0 X104.913 Y104.608
G0 X105.678 Y105.631
G0 X106.129 Y106.061
G1 F2700 E142.94097
G1 F1583.1 X106.119 Y106.03 E142.94158
G1 F2700 E137.94158
G0 F9000 X105.678 Y105.631
G0 X104.913 Y104.608
G0 X103.437 Y104.608
G0 X103.437 Y108.35
G0 X105.094 Y108.991
;TYPE:FILL
G1 F2700 E142.94158
G1 F3000 X107.279 Y111.176 E143.00325
G0 F9000 X108.418 Y111.093
G1 F3000 X108.982 Y108.988 E143.04674
G0 F9000 X110.72 Y108.961
G1 F3000 X112.851 Y111.091 E143.10686
G0 F9000 X112.559 Y111.093
G1 F3000 X113.165 Y108.832 E143.15358
G0 F9000 X116.067 Y109.661
G1 F3000 X110.715 Y111.095 E143.26415
G0 F9000 X109.683 Y111.264
G0 X109.683 Y111.372
G1 F3000 X109.09 Y111.531 E143.2764
G0 F9000 X109.188 Y111.531
G0 X104.84 Y108.991
G1 F3000 X104.121 Y111.677 E143.33189
G0 F9000 X104.06 Y111.59
G1 F2700 E138.33189
;MESH:NONMESH
G0 F300 Z1.88
G0 F9000 X106.427 Y108.35
G0 X106.402 Y107.463
G0 X107.432 Y106.523
;TIME_ELAPSED:497.360757
;LAYER:14
;TYPE:WALL-OUTER
;MESH:Lens_Openscad.stl
G1 F2700 E143.33189
G1 F1016.9 X107.396 Y106.586 E143.33403
G1 X107.323 Y106.586 E143.33618
G1 X107.286 Y106.523 E143.33833
G1 X107.322 Y106.46 E143.34046
G1 X107.395 Y106.46 E143.34261
G1 X107.432 Y106.523 E143.34476
G1 F2700 E138.34476
G0 F9000 X105.895 Y113.043
G0 X105.947 Y113.97
;TYPE:WALL-INNER
G1 F2700 E143.34476
G1 F1376.1 X106.009 Y113.913 E143.34659
G1 X106.071 Y113.707 E143.35127
G1 F1382.5 X106.05 Y113.367 E143.35865
G1 F1395.3 X105.964 Y113.265 E143.36151
G1 F1398.6 X105.761 Y113.236 E143.3659
G1 X105.687 Y113.307 E143.36809
G1 X105.634 Y113.475 E143.37186
G1 F1388.9 X105.639 Y113.758 E143.37796
G1 F1376.1 X105.687 Y113.921 E143.38166
G1 X105.746 Y113.97 E143.38333
G1 X105.947 Y113.97 E143.3877
G0 F9000 X106.026 Y114.388
;TYPE:WALL-OUTER
G1 F1500 X106.145 Y114.346 E143.39022
G1 X106.313 Y114.211 E143.39452
G1 X106.392 Y114.091 E143.39739
G1 X106.493 Y113.753 E143.40443
G1 X106.462 Y113.333 E143.41283
G1 X106.394 Y113.136 E143.41699
G1 X106.209 Y112.911 E143.4228
G1 X105.927 Y112.815 E143.42875
G1 X105.605 Y112.829 E143.43518
G1 X105.333 Y113.052 E143.4422
G1 X105.226 Y113.398 E143.44943
G1 X105.226 Y113.835 E143.45815
G1 X105.304 Y114.099 E143.46364
G1 X105.546 Y114.345 E143.47053
G1 X105.67 Y114.388 E143.47315
G1 X106.026 Y114.388 E143.48025
G1 F2700 E138.48025
G0 F9000 X105.877 Y113.695
G0 X106.266 Y113.726
G0 X108.702 Y114.07
G0 X108.974 Y114.34
G1 F2700 E143.48025
G1 F1293.1 X108.508 Y114.34 E143.49104
G1 X108.508 Y113.876 E143.50178
G1 X108.98 Y113.876 E143.51271
G1 X109.147 Y113.959 E143.51702
G1 X109.188 Y114.047 E143.51927
G1 X109.151 Y114.267 E143.52444
G1 X108.974 Y114.34 E143.52887
G1 F2700 E138.52887
G0 F9000 X108.942 Y114.066
G0 X109.45 Y115.423
G0 X110 Y115.951
G0 X110 Y115.478
;TYPE:WALL-INNER
G1 F2700 E143.52887
G1 F1500 X109.92 Y115.408 E143.53099
G1 X109.786 Y115.481 E143.53403
G1 X109.464 Y115.588 E143.54081
G1 X109.11 Y115.636 E143.54793
G1 X107.678 Y115.64 E143.57651
G1 X107.336 Y115.535 E143.58365
G1 X107.179 Y115.377 E143.5881
G1 X107.145 Y115.275 E143.59024
G1 X106.914 Y115.434 E143.59584
G1 X106.56 Y115.589 E143.60355
G1 X106.096 Y115.676 E143.61297
G1 X105.607 Y115.676 E143.62273
G1 X105.023 Y115.568 E143.63458
G1 X104.545 Y115.282 E143.6457
G1 X104.205 Y114.953 E143.65514
G1 X103.97 Y114.542 E143.66459
G1 X103.844 Y114.092 E143.67391
G1 F1538.5 X103.816 Y113.569 E143.6841
G1 F1542.4 X103.843 Y113.143 E143.69239
G1 F1507.5 X103.972 Y112.685 E143.70184
G1 F1500 X104.206 Y112.277 E143.71122
G1 X104.519 Y111.953 E143.72021
G1 X104.924 Y111.705 E143.72969
G1 X105.38 Y111.572 E143.73917
G1 X105.853 Y111.529 E143.74865
G1 X106.486 Y111.607 E143.76137
G1 X106.955 Y111.822 E143.77167
G1 X107.131 Y111.939 E143.77589
G1 X107.233 Y111.766 E143.7799
G1 X107.412 Y111.632 E143.78436
G1 X107.597 Y111.572 E143.78824
G1 X108.331 Y111.574 E143.80289
G1 X108.557 Y111.641 E143.80759
G1 X108.709 Y111.755 E143.81138
G1 X108.876 Y112.151 E143.81996
G1 X108.876 Y112.582 E143.82856
G1 X109.297 Y112.586 E143.83696
G1 X109.792 Y112.746 E143.84734
G1 X109.792 Y112.151 E143.85922
G1 X109.959 Y111.755 E143.86779
G1 X110.111 Y111.641 E143.87159
G1 X110.305 Y111.572 E143.87569
G1 X112.781 Y111.574 E143.92511
G1 X112.916 Y111.602 E143.92786
G1 X113.051 Y111.574 E143.93061
G1 X113.636 Y111.571 E143.94228
G1 X113.904 Y111.635 E143.94778
G1 X114.159 Y111.877 E143.9548
G1 X114.212 Y112.078 E143.95895
G1 X114.325 Y111.877 E143.96355
G1 X114.58 Y111.635 E143.97056
G1 X114.778 Y111.572 E143.97471
G1 X115.552 Y111.572 E143.99016
G1 X115.913 Y111.691 E143.99774
G1 F1503.8 X116.151 Y112.172 E144.00842
G1 F1500 X116.146 Y115.144 E144.06773
G1 F1492.5 X115.982 Y115.459 E144.07486
G1 F1500 X115.836 Y115.569 E144.0785
G1 X115.552 Y115.64 E144.08435
G1 X115.02 Y115.64 E144.09496
G1 X114.697 Y115.547 E144.10167
G1 X114.498 Y115.337 E144.10744
G1 X114.439 Y115.115 E144.11203
G1 X114.259 Y115.434 E144.11934
G1 X114.115 Y115.547 E144.12299
G1 X113.873 Y115.64 E144.12816
G1 X113.016 Y115.64 E144.14527
G1 X112.874 Y115.593 E144.14825
G1 X112.718 Y115.64 E144.1515
G1 X110.392 Y115.64 E144.19792
G1 X110.097 Y115.563 E144.204
G1 X110 Y115.478 E144.20658
G0 F9000 X110 Y115.951
G0 X108.666 Y116.16
G0 X107.679 Y116.094
G1 F1174.2 X109.111 Y116.092 E144.24309
G1 F1111.1 X109.547 Y116.064 E144.25486
G1 F982 X109.838 Y116.021 E144.26382
G1 F1032.7 X110.392 Y116.094 E144.28002
G1 F1160.5 X113.975 Y116.087 E144.37244
G0 F9000 X114.406 Y116.176
G1 F1408.5 X115.02 Y116.094 E144.3856
G1 X114.498 Y115.86 E144.39776
G1 F1538.5 X114.413 Y115.794 E144.39985
G1 F1250 X113.975 Y116.087 E144.41247
G1 F1379.3 X114.406 Y116.176 E144.42202
G0 F9000 X115.02 Y116.094
G1 F1178.8 X115.678 Y116.093 E144.43873
G1 F1190.5 X115.842 Y116.048 E144.44301
G1 F2700 E139.44301
G0 F9000 X115.993 Y115.479
G0 X115.993 Y111.736
G0 X110 Y111.241
G1 F2700 E144.44301
G1 F1500 X110.347 Y111.172 E144.45007
G1 X113.636 Y111.171 E144.51571
G1 X113.915 Y111.211 E144.52133
G1 X114.083 Y111.277 E144.52493
G1 X114.242 Y111.429 E144.52932
G1 X114.401 Y111.277 E144.53371
G1 X114.717 Y111.172 E144.54036
G1 X115.552 Y111.172 E144.55702
G1 X116.148 Y111.37 E144.56955
G1 X116.148 Y108.912 E144.61861
G1 X113.848 Y108.912 E144.6645
G1 X113.565 Y108.83 E144.67038
G1 X113.288 Y108.63 E144.6772
G1 X113.158 Y108.75 E144.68073
G1 X112.785 Y108.911 E144.68884
G1 X110.948 Y108.912 E144.7255
G1 X110.691 Y108.879 E144.73067
G1 X110.417 Y108.76 E144.73663
G1 X110.296 Y108.652 E144.73987
G1 X110.175 Y108.76 E144.74311
G1 X109.837 Y108.908 E144.75047
G1 X108.952 Y108.908 E144.76813
G1 X108.547 Y108.78 E144.77661
G1 X108.38 Y108.581 E144.78179
G1 X108.213 Y108.78 E144.78697
G1 X107.832 Y108.912 E144.79502
G1 X106.933 Y108.91 E144.81296
G1 X106.601 Y108.827 E144.81979
G1 X106.498 Y108.715 E144.82283
G1 X106.395 Y108.827 E144.82586
G1 X106.042 Y108.911 E144.83311
G1 X103.848 Y108.912 E144.87689
G1 X103.849 Y112.071 E144.93993
G1 X104.179 Y111.729 E144.94941
G1 X104.377 Y111.57 E144.95448
G1 X104.645 Y111.406 E144.96075
G1 X104.877 Y111.302 E144.96583
G1 X105.307 Y111.175 E144.97477
G1 X105.859 Y111.126 E144.98583
G1 X106.578 Y111.212 E145.00028
G1 X107.038 Y111.421 E145.01037
G1 X107.237 Y111.273 E145.01532
G1 X107.548 Y111.171 E145.02185
G1 X108.368 Y111.176 E145.03821
G1 X108.692 Y111.249 E145.04484
G1 X108.997 Y111.478 E145.05245
G1 X109.299 Y112.192 E145.06792
G1 X109.392 Y112.206 E145.0698
G1 X109.392 Y112.137 E145.07118
G1 X109.671 Y111.478 E145.08546
G1 X109.981 Y111.245 E145.0932
G1 X110 Y111.241 E145.09358
G0 F9000 X110.296 Y108.822
G0 X110.296 Y107.969
G1 F1188.1 X110.294 Y106.199 E145.13818
G1 F2700 E140.13818
G0 F9000 X110.084 Y108.35
G0 X103.437 Y108.35
G0 X103.437 Y104.608
G0 X109.287 Y104.136
G0 X109.287 Y104.222
G1 F2700 E145.13818
G1 F1117.3 X109.759 Y103.946 E145.15283
G1 X109.322 Y103.817 E145.16503
G1 X108.752 Y103.946 E145.18069
G1 X109.287 Y104.222 E145.19682
G0 F9000 X109.759 Y103.946
G1 F1041.7 X110.264 Y103.926 E145.21134
G1 F1047.1 X110.761 Y103.944 E145.22556
G0 F9000 X111.41 Y104.254
G1 F1200 X111.821 Y103.954 E145.23825
G1 X111.387 Y103.841 E145.24944
G1 F1470.6 X111.073 Y103.862 E145.25584
G1 F1176.5 X110.761 Y103.944 E145.26405
G1 X111.033 Y104.086 E145.27186
G1 F1470.6 X111.41 Y104.254 E145.28026
G0 F9000 X111.821 Y103.954
G1 F991.7 X112.012 Y103.946 E145.28603
G1 F1006.7 X114.148 Y103.946 E145.34954
G1 F956.9 X114.518 Y103.977 E145.36116
G1 F949.4 X114.759 Y103.946 E145.36882
G1 F1000 X115.488 Y103.946 E145.39064
G1 F991.7 X115.752 Y103.97 E145.39864
G1 F2700 E140.39864
G0 F9000 X103.437 Y104.608
G0 X103.437 Y108.35
G0 X113.051 Y108.35
G0 X113.051 Y107.669
G0 X113.917 Y106.479
G1 F2700 E145.39864
G1 F1612.9 X113.614 Y106.51 E145.4043
G0 F9000 X113.288 Y107.448
G1 F1260.5 X113.754 Y106.885 E145.42165
G1 F1500 X113.934 Y106.849 E145.42532
G1 X114.288 Y106.848 E145.43238
G1 X114.288 Y105.991 E145.44948
G1 X114.148 Y106.108 E145.45312
G1 X113.213 Y106.109 E145.47178
G1 X113.213 Y106.51 E145.47978
G1 F1260.5 X113.288 Y107.448 E145.50213
G1 F1081.1 X113.288 Y107.971 E145.51661
G1 F2700 E140.51661
G0 F9000 X113.288 Y108.822
G0 X103.437 Y108.35
G0 X103.437 Y104.608
G0 X108.752 Y103.946
G1 F2700 E145.51661
G1 F1006.7 X108.16 Y103.946 E145.53422
G1 F991.7 X107.969 Y103.954 E145.53999
G0 F9000 X107.36 Y104.41
G1 F1351.4 X107.502 Y104.261 E145.54454
G1 F1134.2 X107.969 Y103.954 E145.55929
G1 X107.36 Y103.87 E145.57552
G1 F1153.8 X106.56 Y103.946 E145.59637
G1 X107.218 Y104.261 E145.61529
G1 F1351.4 X107.36 Y104.41 E145.61985
G0 F9000 X106.56 Y103.946
G1 F1006.7 X105.96 Y103.946 E145.63769
G1 F991.7 X105.769 Y103.954 E145.64346
G0 F9000 X105.216 Y104.379
G1 F1415.1 X105.344 Y104.24 E145.64746
G1 F1156.1 X105.769 Y103.954 E145.66072
G1 X105.216 Y103.86 E145.67525
G1 F1176.5 X104.472 Y103.946 E145.69431
G1 X105.088 Y104.24 E145.71167
G1 F1415.1 X105.216 Y104.379 E145.71567
G0 F9000 X104.472 Y103.946
G1 F1015.2 X104.296 Y103.951 E145.72086
G0 F9000 X116.257 Y104.186
G0 X116.533 Y106.95
G1 F1395.3 X116.533 Y105.044 E145.76175
G1 F1421.8 X116.551 Y104.252 E145.77843
G1 F1470.6 X116.457 Y103.966 E145.78456
G1 F1500 X116.34 Y103.781 E145.78892
G1 X116.175 Y103.626 E145.79344
G1 X115.926 Y103.488 E145.79912
G1 X115.719 Y103.448 E145.80333
G1 X104.255 Y103.448 E146.03211
G1 X103.966 Y103.54 E146.03816
G1 X103.625 Y103.821 E146.04698
G1 X103.488 Y104.074 E146.05272
G1 X103.448 Y104.278 E146.05687
G1 X103.448 Y104.803 E146.06734
G1 X103.706 Y104.45 E146.07607
G1 X104.472 Y104.444 E146.09136
G1 X104.837 Y104.567 E146.09904
G1 X104.975 Y104.715 E146.10308
G1 F1612.9 X105.044 Y105.044 E146.10932
G1 F1680.7 X105.058 Y105.51 E146.11762
G1 F1621.6 X105.507 Y105.51 E146.12591
G1 F1630.4 X105.411 Y105.244 E146.1311
G1 F1685.4 X105.388 Y105.044 E146.13468
G1 F1612.9 X105.457 Y104.715 E146.14092
G1 F1500 X105.595 Y104.567 E146.14496
G1 X105.877 Y104.444 E146.1511
G1 X106.56 Y104.444 E146.16473
G1 X106.946 Y104.584 E146.17292
G1 X107.086 Y104.731 E146.17697
G1 X107.243 Y105.176 E146.18639
G1 X107.48 Y105.176 E146.19112
G1 X107.631 Y104.733 E146.20046
G1 X107.774 Y104.584 E146.20458
G1 X108.075 Y104.444 E146.2112
G1 X108.752 Y104.444 E146.22471
G1 X109.023 Y104.508 E146.23027
G1 X109.209 Y104.665 E146.23513
G1 X109.47 Y104.533 E146.24097
G1 X109.844 Y104.436 E146.24868
G1 X110.218 Y104.405 E146.25617
G1 X110.803 Y104.442 E146.26786
G1 X111.259 Y104.616 E146.2776
G1 X111.493 Y104.766 E146.28315
G1 X111.696 Y104.533 E146.28932
G1 X111.932 Y104.444 E146.29435
G1 X114.148 Y104.444 E146.33857
G1 X114.345 Y104.476 E146.34256
G1 X114.49 Y104.551 E146.34581
G1 X114.518 Y104.605 E146.34703
G1 X114.546 Y104.551 E146.34824
G1 X114.753 Y104.444 E146.35289
G1 X115.571 Y104.444 E146.36922
G1 X115.808 Y104.537 E146.3743
G1 X115.926 Y104.632 E146.37732
G1 F1445.8 X116.103 Y105.044 E146.3866
G1 F1395.3 X116.103 Y106.833 E146.42498
G1 X116.416 Y106.833 E146.4317
G1 X116.533 Y106.95 E146.43525
G1 F2700 E141.43525
G0 F9000 X116.209 Y104.201
G0 X103.437 Y104.608
G0 X103.437 Y108.35
G0 X103.992 Y114.071
G0 X104.114 Y114.486
G0 X104.327 Y114.856
G0 X104.624 Y115.156
G0 X104.883 Y115.309
G0 X107.022 Y116.17
G1 F2700 E146.43525
G1 F1388.9 X107.679 Y116.094 E146.4495
G1 X107.122 Y115.846 E146.46264
G1 F1690.1 X107.047 Y115.787 E146.46433
G1 X106.773 Y115.907 E146.46963
G1 F1421.8 X106.233 Y116.103 E146.48172
G1 F1392.1 X106.579 Y116.162 E146.48927
G1 F1648.4 X107.022 Y116.17 E146.49732
G0 F9000 X106.233 Y116.103
G1 F1247.4 X105.664 Y116.112 E146.51097
G1 X105.472 Y116.103 E146.51559
G0 F9000 X105.037 Y116.124
G1 F1276.6 X105.472 Y116.103 E146.5258
G1 X105.048 Y116.004 E146.53601
G1 F1336.3 X104.715 Y115.878 E146.54398
G1 F1333.3 X104.271 Y115.616 E146.55556
G1 X103.873 Y115.217 E146.56821
G1 F1339.3 X103.874 Y115.684 E146.57865
G1 X103.928 Y115.852 E146.58259
G1 F1333.3 X104.071 Y116.022 E146.58758
G1 X104.253 Y116.124 E146.59226
G1 F1336.3 X105.037 Y116.124 E146.60983
G0 F9000 X110 Y116.24
G0 X110 Y116.548
G1 F1500 X115.76 Y116.547 E146.72477
G1 X116.034 Y116.457 E146.73053
G1 X116.218 Y116.342 E146.73486
G1 X116.369 Y116.178 E146.73931
G1 X116.507 Y115.925 E146.74506
G1 X116.548 Y115.719 E146.74925
G1 X116.548 Y108.402 E146.89527
G1 X116.416 Y108.512 E146.8987
G1 X113.897 Y108.512 E146.94897
G1 X113.636 Y108.415 E146.95452
G1 X113.487 Y108.278 E146.95856
G1 F1252.6 X113.288 Y107.971 E146.96731
G1 X113.089 Y108.278 E146.97605
G1 F1500 X112.94 Y108.415 E146.98009
G1 X112.716 Y108.511 E146.98495
G1 X111.946 Y108.509 E147.00032
G1 X111.78 Y108.465 E147.00374
G1 X111.614 Y108.509 E147.00717
G1 X110.842 Y108.512 E147.02258
G1 X110.629 Y108.421 E147.0272
G1 X110.479 Y108.287 E147.03121
G1 F1321.6 X110.296 Y107.969 E147.03952
G1 X110.113 Y108.287 E147.04783
G1 F1500 X109.963 Y108.421 E147.05185
G1 X109.752 Y108.513 E147.05644
G1 X108.989 Y108.51 E147.07167
G1 X108.746 Y108.433 E147.07676
G1 X108.479 Y108.116 E147.08503
G1 X108.444 Y107.912 E147.08916
G1 X108.444 Y107.661 E147.09417
G1 X108.281 Y108.116 E147.10381
G1 X108.014 Y108.433 E147.11208
G1 X107.716 Y108.512 E147.11823
G1 X106.942 Y108.509 E147.13368
G1 X106.764 Y108.461 E147.13736
G1 X106.498 Y108.175 E147.14515
G1 X106.232 Y108.461 E147.15295
G1 X106.021 Y108.512 E147.15728
G1 X103.872 Y108.512 E147.20017
G1 X103.447 Y108.155 E147.21124
G1 F1507.5 X103.446 Y113.18 E147.31102
G1 F1550.4 X103.437 Y113.62 E147.31952
G1 F1542.4 X103.448 Y114.212 E147.33101
G1 F1500 X103.449 Y115.746 E147.36162
G1 X103.541 Y116.034 E147.36766
G1 X103.657 Y116.217 E147.37198
G1 X103.819 Y116.37 E147.37643
G1 X104.074 Y116.508 E147.38221
G1 X104.278 Y116.548 E147.38636
G1 X110 Y116.548 E147.50055
G0 F9000 X110 Y116.948
;TYPE:WALL-OUTER
G1 F1500 X115.82 Y116.948 E147.61669
G1 X116.206 Y116.821 E147.6248
G1 X116.475 Y116.652 E147.63114
G1 X116.696 Y116.414 E147.63762
G1 X116.889 Y116.063 E147.64562
G1 X116.948 Y115.757 E147.65184
G1 X116.948 Y108.644 E147.79378
G1 F1566.6 X116.965 Y107.912 E147.80778
G1 F1639.3 X116.965 Y107.448 E147.81625
G1 F1566.6 X116.948 Y106.716 E147.83024
G1 F1500 X116.948 Y104.18 E147.88085
G1 X116.821 Y103.794 E147.88896
G1 X116.652 Y103.525 E147.8953
G1 X116.413 Y103.3 E147.90185
G1 X116.063 Y103.107 E147.90982
G1 X115.757 Y103.048 E147.91604
G1 X104.191 Y103.048 E148.14685
G1 X103.794 Y103.175 E148.15517
G1 X103.525 Y103.348 E148.16155
G1 X103.299 Y103.583 E148.16806
G1 X103.107 Y103.937 E148.1761
G1 X103.048 Y104.24 E148.18226
G1 F1315.8 X103.104 Y105.044 E148.20059
G1 F1167.3 X103.106 Y108.001 E148.27642
G1 F1310 X103.048 Y108.936 E148.29783
G1 F1500 X103.049 Y115.808 E148.43496
G1 X103.175 Y116.206 E148.4433
G1 X103.347 Y116.475 E148.44967
G1 X103.583 Y116.696 E148.45612
G1 X103.937 Y116.889 E148.46417
G1 X104.24 Y116.948 E148.47033
G1 X110 Y116.948 E148.58527
G1 F2700 E143.58527
G0 F9000 X110 Y116.24
G0 X109.937 Y115.221
G0 X110 Y114.842
G1 F2700 E148.58527
G1 F1500 X109.983 Y114.871 E148.58594
G1 X109.674 Y115.096 E148.59357
G1 X109.392 Y115.194 E148.59953
G1 X109.14 Y115.234 E148.60462
G1 X107.677 Y115.24 E148.63382
G1 X107.562 Y115.205 E148.63622
G1 X107.476 Y115.049 E148.63977
G1 X107.476 Y114.193 E148.65685
G1 F1554.4 X107.49 Y113.749 E148.66541
G1 X107.425 Y114.189 E148.67397
G1 F1500 X107.264 Y114.565 E148.68214
G1 X107.041 Y114.85 E148.68936
G1 X106.753 Y115.068 E148.69657
G1 X106.461 Y115.196 E148.70293
G1 X106.075 Y115.273 E148.71078
G1 X105.627 Y115.273 E148.71972
G1 X105.163 Y115.186 E148.72914
G1 X104.777 Y114.956 E148.73811
G1 X104.523 Y114.703 E148.74527
G1 X104.335 Y114.364 E148.753
G1 X104.238 Y114.023 E148.76008
G1 X104.204 Y113.602 E148.76851
G1 X104.243 Y113.193 E148.7767
G1 X104.354 Y112.824 E148.78439
G1 X104.543 Y112.505 E148.79179
G1 X104.795 Y112.253 E148.79891
G1 X105.109 Y112.068 E148.80618
G1 X105.449 Y111.966 E148.81326
G1 X105.83 Y111.932 E148.8209
G1 X106.383 Y112 E148.83201
G1 X106.828 Y112.21 E148.84183
G1 X107.013 Y112.357 E148.84655
G1 F1492.5 X107.301 Y112.732 E148.85603
G1 F1477.8 X107.472 Y113.234 E148.86677
G1 F1485.1 X107.477 Y112.142 E148.88879
G1 F1500 X107.528 Y112.036 E148.89113
G1 X107.641 Y111.974 E148.8937
G1 X108.295 Y111.972 E148.90676
G1 X108.421 Y112.033 E148.90955
G1 X108.476 Y112.165 E148.9124
G1 X108.476 Y112.98 E148.92867
G1 X109.226 Y112.986 E148.94364
G1 X109.641 Y113.118 E148.95233
G1 X109.898 Y113.306 E148.95868
G1 X110.068 Y113.521 E148.96415
G1 F1515.2 X110.197 Y113.828 E148.97073
G1 F1511.3 X110.192 Y112.165 E149.00367
G1 F1500 X110.247 Y112.033 E149.00652
G1 X110.352 Y111.975 E149.00891
G1 X112.789 Y111.974 E149.05755
G1 F1546.4 X112.916 Y112.172 E149.0621
G1 X113.044 Y111.972 E149.0667
G1 F1500 X113.703 Y111.971 E149.07985
G1 X113.836 Y112.097 E149.0835
G1 X113.836 Y113.557 E149.11264
G1 X114.673 Y112.073 E149.14664
G1 X114.813 Y111.974 E149.15006
G1 X115.552 Y111.972 E149.16481
G1 X115.673 Y112.011 E149.16735
G1 X115.752 Y112.172 E149.17093
G1 X115.75 Y115.075 E149.22886
G1 X115.696 Y115.18 E149.23122
G1 X115.57 Y115.24 E149.234
G1 X115.02 Y115.24 E149.24498
G1 X114.912 Y115.209 E149.24722
G1 X114.82 Y115.04 E149.25106
G1 X114.82 Y113.638 E149.27904
G1 X113.966 Y115.139 E149.3135
G1 X113.827 Y115.237 E149.31689
G1 X113.035 Y115.236 E149.3327
G1 F1392.1 X112.874 Y115.06 E149.33783
G1 X112.713 Y115.236 E149.34296
G1 F1500 X110.392 Y115.24 E149.38928
G1 X110.231 Y115.16 E149.39286
G1 X110.192 Y115.04 E149.39538
G1 X110.192 Y114.611 E149.40394
G1 F1583.1 X110.213 Y114.162 E149.41244
G1 X110.141 Y114.606 E149.42095
G1 F1500 X110 Y114.842 E149.42643
G0 F9000 X110.213 Y114.162
G1 F1604.3 X110.197 Y113.848 E149.4323
G1 F2700 E144.4323
G0 F9000 X107.49 Y113.749
G1 F2700 E149.4323
G1 F1538.5 X107.472 Y113.234 E149.44233
G1 F2700 E144.44233
G0 F9000 X112.915 Y112.668
G1 F2700 E149.44233
G1 F1591.5 X112.916 Y112.172 E149.45165
G1 F2700 E144.45165
G0 F9000 X112.916 Y111.264
G0 X112.874 Y111.764
G0 X112.874 Y114.576
G1 F2700 E149.45165
G1 F1301.5 X112.874 Y115.06 E149.46279
G0 F9000 X112.874 Y114.576
G1 F1415.1 X112.91 Y114.193 E149.47092
G1 F1754.4 X112.957 Y113.906 E149.47589
G1 F2047.8 X112.958 Y113.392 E149.4834
G1 F1734.1 X112.904 Y113.036 E149.48961
G1 F1542.4 X112.915 Y112.668 E149.49676
G1 F1566.6 X112.739 Y112.825 E149.50127
G1 X111.181 Y112.825 E149.53104
G1 F1587.3 X111.181 Y113.203 E149.53817
G1 F1562.5 X112.609 Y113.203 E149.56552
G1 F1764.7 X112.666 Y113.392 E149.56887
G1 F2047.8 X112.665 Y113.881 E149.57602
G1 F1796.4 X112.615 Y114.035 E149.57872
G1 F1634.9 X111.172 Y114.036 E149.60514
G1 F1666.7 X111.172 Y114.396 E149.6116
G1 F1634.9 X112.691 Y114.395 E149.63942
G1 F1438.8 X112.874 Y114.576 E149.64477
G1 F2700 E144.64477
G0 F9000 X112.874 Y111.764
G0 X113.933 Y108.11
G1 F2700 E149.64477
G1 F1500 X113.805 Y108.034 E149.64774
G1 X113.764 Y107.93 E149.64997
G1 X113.764 Y107.448 E149.65959
G1 X113.902 Y107.248 E149.66444
G1 X114.688 Y107.248 E149.68013
G1 X114.688 Y106.248 E149.70008
G1 F1558.4 X114.703 Y105.044 E149.72321
G1 X114.774 Y104.879 E149.72666
G1 F1500 X114.888 Y104.844 E149.72904
G1 X115.536 Y104.849 E149.74197
G1 X115.634 Y104.906 E149.74423
G1 X115.688 Y105.044 E149.74719
G1 X115.688 Y107.248 E149.79118
G1 X116.416 Y107.248 E149.8057
G1 F1566.6 X116.599 Y107.448 E149.81088
G1 F1634.9 X116.598 Y107.944 E149.81996
G1 F1562.5 X116.416 Y108.112 E149.82471
G1 F1500 X113.933 Y108.11 E149.87426
G0 F9000 X113.933 Y108.822
G0 X111.78 Y108.822
G0 X111.78 Y107.932
G1 F1284.8 X111.778 Y106 E149.91927
G1 F2700 E144.91927
G0 F9000 X108.91 Y105.435
G1 F2700 E149.91927
G1 F1052.6 X108.784 Y105.804 E149.93036
G1 F2700 E144.93036
G0 F9000 X108.633 Y106.597
G0 X109.68 Y108.113
G1 F2700 E149.93036
G1 F1500 X108.966 Y108.112 E149.94461
G1 F1470.6 X108.844 Y107.967 E149.94847
G1 F1415.1 X108.828 Y106.124 E149.98746
G1 F1188.1 X108.784 Y105.804 E149.99559
G1 X108.606 Y106.085 E150.00397
G1 F1442.3 X107.905 Y107.98 E150.04591
G1 F1500 X107.796 Y108.11 E150.04929
G1 X106.941 Y108.111 E150.06636
G1 X106.82 Y107.981 E150.0699
G1 F1492.5 X106.526 Y107.178 E150.08705
G1 F1351.4 X106.384 Y106.911 E150.09375
G1 F1239.7 X106.252 Y106.548 E150.10308
G1 F1388.9 X106.129 Y106.061 E150.1139
G1 X106.182 Y106.56 E150.12472
G1 F1239.7 X106.048 Y106.777 E150.13088
G1 F1293.1 X104.694 Y106.782 E150.16222
G1 F1351.4 X104.694 Y107.226 E150.17206
G1 F1293.1 X106.072 Y107.221 E150.20395
G1 F1339.3 X106.194 Y107.448 E150.20971
G1 F1467 X106.187 Y107.969 E150.22035
G1 F1488.8 X106.054 Y108.112 E150.22427
G1 F1500 X103.872 Y108.112 E150.26782
G1 F1310 X103.617 Y107.957 E150.27464
G1 F1167.3 X103.616 Y105.044 E150.34934
G1 F1315.8 X103.819 Y104.845 E150.3558
G1 F1500 X104.472 Y104.844 E150.36883
G1 X104.594 Y104.885 E150.3714
G1 X104.672 Y105.044 E150.37494
G1 X104.673 Y105.895 E150.39192
G1 F1515.2 X105.94 Y105.9 E150.41695
G1 F1554.4 X106.119 Y106.03 E150.42121
G1 F1542.4 X105.762 Y105.079 E150.44093
G1 F1500 X105.792 Y104.934 E150.44388
G1 X105.925 Y104.847 E150.44705
G1 X106.56 Y104.844 E150.45972
G1 X106.722 Y104.902 E150.46316
G1 X106.959 Y105.576 E150.47742
G1 X107.765 Y105.576 E150.4935
G1 X107.994 Y104.907 E150.50761
G1 X108.125 Y104.847 E150.51049
G1 X108.824 Y104.844 E150.52444
G1 X108.941 Y104.977 E150.52797
G1 F1445.8 X108.957 Y105.112 E150.53079
G1 F1209.7 X108.91 Y105.435 E150.53886
G1 F1171.9 X109.08 Y105.257 E150.54515
G1 F1388.9 X109.358 Y105.038 E150.55278
G1 F1500 X109.61 Y104.908 E150.55844
G1 X109.913 Y104.83 E150.56468
G1 X110.28 Y104.804 E150.57202
G1 X110.721 Y104.838 E150.58085
G1 X111.067 Y104.968 E150.58823
G1 X111.328 Y105.137 E150.59443
G1 X111.529 Y105.362 E150.60045
G1 F1477.8 X111.691 Y105.689 E150.60784
G1 F1363.6 X111.778 Y106 E150.61493
G1 F1382.5 X111.812 Y105.61 E150.62341
G1 F1500 X111.812 Y104.99 E150.63578
G1 X111.927 Y104.847 E150.63944
G1 X114.195 Y104.844 E150.6847
G1 X114.262 Y104.879 E150.68621
G1 F1558.4 X114.333 Y105.044 E150.68966
G1 F1617.3 X114.332 Y105.54 E150.69884
G1 F1554.4 X114.148 Y105.708 E150.70364
G1 F1500 X112.813 Y105.709 E150.73028
G1 X112.812 Y107.93 E150.77461
G1 X112.722 Y108.08 E150.7781
G1 X112.612 Y108.112 E150.78038
G1 X111.942 Y108.108 E150.79375
G1 F1385.7 X111.78 Y107.932 E150.79892
G1 X111.615 Y108.111 E150.80418
G1 F1500 X110.896 Y108.106 E150.81853
G1 X110.791 Y108.037 E150.82104
G1 X110.748 Y107.93 E150.82334
G1 X110.744 Y106.11 E150.85966
G1 X110.704 Y105.927 E150.8634
G1 X110.592 Y105.769 E150.86726
G1 X110.409 Y105.688 E150.87125
G1 X110.154 Y105.688 E150.87634
G1 X109.983 Y105.763 E150.88007
G1 X109.913 Y105.853 E150.88234
G1 X109.844 Y106.148 E150.88839
G1 X109.844 Y107.93 E150.92395
G1 X109.801 Y108.037 E150.92625
G1 X109.68 Y108.113 E150.9291
G1 F2700 E145.9291
G0 F9000 X109.68 Y108.822
G0 X103.437 Y108.35
G0 X103.437 Y104.608
G0 X104.913 Y104.608
G0 X105.678 Y105.631
G0 X106.129 Y106.061
G1 F2700 E150.9291
G1 F1583.1 X106.119 Y106.03 E150.92972
G1 F2700 E145.92972
G0 F9000 X105.678 Y105.631
G0 X104.913 Y104.608
G0 X103.437 Y104.608
G0 X103.437 Y108.35
G0 X105.214 Y108.991
;TYPE:FILL
G1 F2700 E150.92972
G1 F3000 X107.369 Y111.147 E150.99055
G0 F9000 X108.33 Y111.093
G1 F3000 X108.897 Y108.978 E151.03425
G0 F9000 X110.859 Y108.979
G1 F3000 X112.971 Y111.091 E151.09386
G0 F9000 X112.471 Y111.093
G1 F3000 X113.061 Y108.893 E151.13931
G0 F9000 X111.045 Y111.095
G1 F3000 X116.068 Y109.749 E151.24309
G0 F9000 X109.554 Y111.336
G0 X109.596 Y111.483
G1 F3000 X109.124 Y111.61 E151.25284
G0 F9000 X109.188 Y111.61
G0 X109.123 Y111.363
G0 X104.752 Y108.992
G1 F3000 X104.026 Y111.703 E151.30885
G0 F9000 X104.06 Y111.651
G1 F2700 E146.30885
;MESH:NONMESH
G0 F300 Z2
G0 F9000 X106.427 Y108.35
G0 X106.402 Y107.463
G0 X107.432 Y106.523
;TIME_ELAPSED:532.671209
;LAYER:15
;TYPE:WALL-OUTER
;MESH:Lens_Openscad.stl
G1 F2700 E151.30885
G1 F1016.9 X107.396 Y106.586 E151.31098
G1 X107.323 Y106.586 E151.31313
G1 X107.286 Y106.523 E151.31528
G1 X107.322 Y106.46 E151.31742
G1 X107.395 Y106.46 E151.31957
G1 X107.432 Y106.523 E151.32172
G1 F2700 E146.32172
G0 F9000 X105.895 Y113.043
G0 X105.947 Y113.97
;TYPE:WALL-INNER
G1 F2700 E151.32172
G1 F1376.1 X106.009 Y113.913 E151.32355
G1 X106.071 Y113.707 E151.32823
G1 F1382.5 X106.05 Y113.367 E151.33561
G1 F1395.3 X105.964 Y113.265 E151.33847
G1 F1398.6 X105.761 Y113.236 E151.34286
G1 X105.687 Y113.307 E151.34505
G1 X105.634 Y113.475 E151.34882
G1 F1388.9 X105.639 Y113.758 E151.35492
G1 F1376.1 X105.687 Y113.921 E151.35862
G1 X105.746 Y113.97 E151.36029
G1 X105.947 Y113.97 E151.36466
G0 F9000 X106.026 Y114.388
;TYPE:WALL-OUTER
G1 F1500 X106.145 Y114.346 E151.36718
G1 X106.313 Y114.211 E151.37148
G1 X106.392 Y114.091 E151.37435
G1 X106.493 Y113.753 E151.38139
G1 X106.462 Y113.333 E151.38979
G1 X106.394 Y113.136 E151.39395
G1 X106.209 Y112.911 E151.39976
G1 X105.927 Y112.815 E151.40571
G1 X105.605 Y112.829 E151.41214
G1 X105.333 Y113.052 E151.41916
G1 X105.226 Y113.398 E151.42638
G1 X105.226 Y113.835 E151.43511
G1 X105.304 Y114.099 E151.4406
G1 X105.546 Y114.345 E151.44749
G1 X105.67 Y114.388 E151.4501
G1 X106.026 Y114.388 E151.45721
G1 F2700 E146.45721
G0 F9000 X105.877 Y113.695
G0 X106.266 Y113.726
G0 X108.702 Y114.07
G0 X108.974 Y114.34
G1 F2700 E151.45721
G1 F1293.1 X108.508 Y114.34 E151.468
G1 X108.508 Y113.876 E151.47874
G1 X108.98 Y113.876 E151.48966
G1 X109.147 Y113.959 E151.49398
G1 X109.188 Y114.047 E151.49623
G1 X109.151 Y114.267 E151.50139
G1 X108.974 Y114.34 E151.50583
G1 F2700 E146.50583
G0 F9000 X108.942 Y114.066
G0 X109.45 Y115.423
G0 X110 Y115.951
G0 X110 Y115.478
;TYPE:WALL-INNER
G1 F2700 E151.50583
G1 F1500 X109.92 Y115.408 E151.50795
G1 X109.786 Y115.481 E151.51099
G1 X109.464 Y115.588 E151.51776
G1 X109.11 Y115.636 E151.52489
G1 X107.678 Y115.64 E151.55347
G1 X107.336 Y115.535 E151.56061
G1 X107.179 Y115.377 E151.56505
G1 X107.145 Y115.275 E151.5672
G1 X106.914 Y115.434 E151.5728
G1 X106.56 Y115.589 E151.58051
G1 X106.096 Y115.676 E151.58993
G1 X105.607 Y115.676 E151.59969
G1 X105.023 Y115.568 E151.61154
G1 X104.545 Y115.282 E151.62266
G1 X104.205 Y114.953 E151.6321
G1 X103.97 Y114.542 E151.64154
G1 X103.844 Y114.092 E151.65087
G1 F1538.5 X103.816 Y113.569 E151.66106
G1 F1542.4 X103.843 Y113.143 E151.66935
G1 F1507.5 X103.972 Y112.685 E151.67879
G1 F1500 X104.206 Y112.277 E151.68818
G1 X104.519 Y111.953 E151.69717
G1 X104.924 Y111.705 E151.70665
G1 X105.38 Y111.572 E151.71613
G1 X105.853 Y111.529 E151.7256
G1 X106.486 Y111.607 E151.73833
G1 X106.955 Y111.822 E151.74863
G1 X107.131 Y111.939 E151.75285
G1 X107.233 Y111.766 E151.75685
G1 X107.412 Y111.632 E151.76132
G1 X107.597 Y111.572 E151.7652
G1 X108.331 Y111.574 E151.77984
G1 X108.557 Y111.641 E151.78455
G1 X108.709 Y111.755 E151.78834
G1 X108.876 Y112.151 E151.79692
G1 X108.876 Y112.582 E151.80552
G1 X109.297 Y112.586 E151.81392
G1 X109.792 Y112.746 E151.8243
G1 X109.792 Y112.151 E151.83617
G1 X109.959 Y111.755 E151.84475
G1 X110.111 Y111.641 E151.84854
G1 X110.305 Y111.572 E151.85265
G1 X112.781 Y111.574 E151.90206
G1 X112.916 Y111.602 E151.90481
G1 X113.051 Y111.574 E151.90757
G1 X113.636 Y111.571 E151.91924
G1 X113.904 Y111.635 E151.92474
G1 X114.159 Y111.876 E151.93174
G1 X114.212 Y112.078 E151.93591
G1 X114.325 Y111.876 E151.94053
G1 X114.58 Y111.635 E151.94753
G1 X114.768 Y111.572 E151.95149
G1 X115.552 Y111.572 E151.96713
G1 X115.913 Y111.691 E151.97472
G1 F1503.8 X116.151 Y112.172 E151.9854
G1 F1500 X116.146 Y115.144 E152.04471
G1 F1492.5 X115.982 Y115.459 E152.05183
G1 F1500 X115.836 Y115.569 E152.05548
G1 X115.552 Y115.64 E152.06132
G1 X115.02 Y115.64 E152.07194
G1 X114.697 Y115.547 E152.07865
G1 X114.498 Y115.337 E152.08442
G1 X114.439 Y115.115 E152.089
G1 X114.259 Y115.434 E152.09631
G1 X114.115 Y115.547 E152.09997
G1 X113.873 Y115.64 E152.10514
G1 X113.016 Y115.64 E152.12224
G1 X112.874 Y115.593 E152.12523
G1 X112.718 Y115.64 E152.12848
G1 X110.392 Y115.64 E152.1749
G1 X110.097 Y115.563 E152.18098
G1 X110 Y115.478 E152.18355
G0 F9000 X110 Y115.951
G0 X108.666 Y116.16
G0 X107.679 Y116.094
G1 F1174.2 X109.111 Y116.092 E152.22006
G1 F1111.1 X109.547 Y116.064 E152.23183
G1 F982 X109.838 Y116.021 E152.2408
G1 F1032.7 X110.392 Y116.094 E152.257
G1 F1160.5 X113.975 Y116.087 E152.34941
G0 F9000 X114.406 Y116.176
G1 F1408.5 X115.02 Y116.094 E152.36258
G1 X114.498 Y115.86 E152.37474
G1 F1538.5 X114.413 Y115.794 E152.37683
G1 F1250 X113.975 Y116.087 E152.38945
G1 F1379.3 X114.406 Y116.176 E152.399
G0 F9000 X115.02 Y116.094
G1 F1178.8 X115.678 Y116.093 E152.41571
G1 F1190.5 X115.842 Y116.048 E152.41999
G1 F2700 E147.41999
G0 F9000 X115.993 Y115.479
G0 X115.993 Y111.736
G0 X110 Y111.241
G1 F2700 E152.41999
G1 F1500 X110.347 Y111.172 E152.42705
G1 X113.636 Y111.171 E152.49268
G1 X113.915 Y111.211 E152.49831
G1 X114.083 Y111.277 E152.50191
G1 X114.242 Y111.428 E152.50629
G1 X114.401 Y111.277 E152.51066
G1 X114.717 Y111.172 E152.51731
G1 X115.552 Y111.172 E152.53397
G1 X116.148 Y111.37 E152.5465
G1 X116.148 Y108.912 E152.59555
G1 X113.848 Y108.912 E152.64145
G1 X113.565 Y108.83 E152.64733
G1 X113.288 Y108.63 E152.65415
G1 X113.158 Y108.75 E152.65768
G1 X112.783 Y108.912 E152.66583
G1 X110.948 Y108.912 E152.70245
G1 X110.691 Y108.879 E152.70762
G1 X110.417 Y108.76 E152.71359
G1 X110.296 Y108.652 E152.71682
G1 X110.175 Y108.76 E152.72006
G1 X109.837 Y108.908 E152.72742
G1 X108.952 Y108.908 E152.74508
G1 X108.547 Y108.78 E152.75356
G1 X108.38 Y108.581 E152.75874
G1 X108.213 Y108.78 E152.76393
G1 X107.832 Y108.912 E152.77198
G1 X106.933 Y108.91 E152.78992
G1 X106.601 Y108.827 E152.79675
G1 X106.498 Y108.715 E152.79978
G1 X106.395 Y108.827 E152.80282
G1 X106.042 Y108.911 E152.81006
G1 X103.848 Y108.912 E152.85384
G1 X103.849 Y112.071 E152.91688
G1 X104.179 Y111.729 E152.92637
G1 X104.377 Y111.57 E152.93144
G1 X104.645 Y111.406 E152.93771
G1 X104.877 Y111.302 E152.94278
G1 X105.307 Y111.175 E152.95173
G1 X105.859 Y111.126 E152.96279
G1 X106.578 Y111.212 E152.97724
G1 X107.038 Y111.421 E152.98732
G1 X107.237 Y111.273 E152.99227
G1 X107.548 Y111.171 E152.9988
G1 X108.368 Y111.176 E153.01517
G1 X108.692 Y111.249 E153.02179
G1 X108.997 Y111.478 E153.0294
G1 X109.299 Y112.192 E153.04488
G1 X109.392 Y112.206 E153.04675
G1 X109.392 Y112.137 E153.04813
G1 X109.671 Y111.478 E153.06241
G1 X109.981 Y111.245 E153.07015
G1 X110 Y111.241 E153.07054
G0 F9000 X110.296 Y108.822
G0 X110.296 Y107.969
G1 F1188.1 X110.294 Y106.157 E153.11619
G1 F2700 E148.11619
G0 F9000 X110.084 Y108.35
G0 X103.437 Y108.35
G0 X103.437 Y104.608
G0 X109.287 Y104.136
G0 X109.287 Y104.222
G1 F2700 E153.11619
G1 F1117.3 X109.759 Y103.946 E153.13084
G1 X109.322 Y103.817 E153.14304
G1 X108.752 Y103.946 E153.1587
G1 X109.287 Y104.222 E153.17483
G0 F9000 X109.759 Y103.946
G1 F1041.7 X110.264 Y103.926 E153.18935
G1 F1047.1 X110.761 Y103.944 E153.20357
G0 F9000 X111.41 Y104.254
G1 F1200 X111.821 Y103.954 E153.21626
G1 X111.387 Y103.841 E153.22745
G1 F1470.6 X111.073 Y103.862 E153.23386
G1 F1176.5 X110.761 Y103.944 E153.24206
G1 X111.033 Y104.086 E153.24987
G1 F1470.6 X111.41 Y104.254 E153.25827
G0 F9000 X111.821 Y103.954
G1 F991.7 X112.012 Y103.946 E153.26404
G1 F1006.7 X114.148 Y103.946 E153.32756
G1 F956.9 X114.518 Y103.977 E153.33917
G1 F949.4 X114.759 Y103.946 E153.34683
G1 F1000 X115.488 Y103.946 E153.36865
G1 F991.7 X115.752 Y103.97 E153.37666
G1 F2700 E148.37666
G0 F9000 X103.437 Y104.608
G0 X103.437 Y108.35
G0 X113.051 Y108.35
G0 X113.051 Y107.669
G0 X113.917 Y106.479
G1 F2700 E153.37666
G1 F1612.9 X113.614 Y106.51 E153.38231
G0 F9000 X113.288 Y107.448
G1 F1260.5 X113.754 Y106.885 E153.39966
G1 F1500 X113.934 Y106.849 E153.40333
G1 X114.288 Y106.848 E153.41039
G1 X114.288 Y105.991 E153.42749
G1 X114.148 Y106.108 E153.43114
G1 X113.213 Y106.109 E153.44979
G1 X113.213 Y106.51 E153.4578
G1 F1260.5 X113.288 Y107.448 E153.48014
G1 F1081.1 X113.288 Y107.971 E153.49462
G1 F2700 E148.49462
G0 F9000 X113.288 Y108.822
G0 X103.437 Y108.35
G0 X103.437 Y104.608
G0 X108.752 Y103.946
G1 F2700 E153.49462
G1 F1006.7 X108.16 Y103.946 E153.51223
G1 F991.7 X107.969 Y103.954 E153.518
G0 F9000 X107.36 Y104.41
G1 F1351.4 X107.502 Y104.261 E153.52256
G1 F1134.2 X107.969 Y103.954 E153.53731
G1 X107.36 Y103.87 E153.55353
G1 F1153.8 X106.56 Y103.946 E153.57438
G1 X107.218 Y104.261 E153.59331
G1 F1351.4 X107.36 Y104.41 E153.59786
G0 F9000 X106.56 Y103.946
G1 F1006.7 X105.96 Y103.946 E153.61571
G1 F991.7 X105.769 Y103.954 E153.62148
G0 F9000 X105.216 Y104.379
G1 F1415.1 X105.344 Y104.24 E153.62547
G1 F1156.1 X105.769 Y103.954 E153.63874
G1 X105.216 Y103.86 E153.65326
G1 F1176.5 X104.472 Y103.946 E153.67232
G1 X105.088 Y104.24 E153.68968
G1 F1415.1 X105.216 Y104.379 E153.69368
G0 F9000 X104.472 Y103.946
G1 F1015.2 X104.296 Y103.951 E153.69887
G0 F9000 X116.257 Y104.186
G0 X116.533 Y106.95
G1 F1395.3 X116.533 Y105.044 E153.73976
G1 F1421.8 X116.551 Y104.252 E153.75644
G1 F1470.6 X116.457 Y103.966 E153.76257
G1 F1500 X116.34 Y103.781 E153.76694
G1 X116.175 Y103.626 E153.77145
G1 X115.926 Y103.488 E153.77714
G1 X115.719 Y103.448 E153.78134
G1 X104.255 Y103.448 E154.01012
G1 X103.966 Y103.54 E154.01617
G1 X103.625 Y103.821 E154.02499
G1 X103.488 Y104.074 E154.03073
G1 X103.448 Y104.278 E154.03488
G1 X103.448 Y104.803 E154.04536
G1 X103.706 Y104.45 E154.05408
G1 X104.472 Y104.444 E154.06937
G1 X104.837 Y104.567 E154.07706
G1 X104.975 Y104.715 E154.08109
G1 F1612.9 X105.044 Y105.044 E154.08733
G1 F1680.7 X105.058 Y105.51 E154.09564
G1 F1621.6 X105.507 Y105.51 E154.10392
G1 F1630.4 X105.411 Y105.244 E154.10912
G1 F1685.4 X105.388 Y105.044 E154.11269
G1 F1612.9 X105.457 Y104.715 E154.11893
G1 F1500 X105.595 Y104.567 E154.12297
G1 X105.877 Y104.444 E154.12911
G1 X106.56 Y104.444 E154.14274
G1 X106.946 Y104.584 E154.15093
G1 X107.086 Y104.731 E154.15498
G1 X107.243 Y105.176 E154.1644
G1 X107.48 Y105.176 E154.16913
G1 X107.631 Y104.733 E154.17847
G1 X107.774 Y104.584 E154.18259
G1 X108.075 Y104.444 E154.18922
G1 X108.752 Y104.444 E154.20273
G1 X109.023 Y104.508 E154.20828
G1 X109.209 Y104.665 E154.21314
G1 X109.47 Y104.533 E154.21898
G1 X109.844 Y104.436 E154.22669
G1 X110.218 Y104.405 E154.23418
G1 X110.803 Y104.442 E154.24588
G1 X111.259 Y104.616 E154.25562
G1 X111.493 Y104.766 E154.26116
G1 X111.696 Y104.533 E154.26733
G1 X111.932 Y104.444 E154.27236
G1 X114.148 Y104.444 E154.31659
G1 X114.345 Y104.476 E154.32057
G1 X114.49 Y104.551 E154.32383
G1 X114.518 Y104.605 E154.32504
G1 X114.546 Y104.551 E154.32625
G1 X114.753 Y104.444 E154.3309
G1 X115.571 Y104.444 E154.34723
G1 X115.808 Y104.537 E154.35231
G1 X115.926 Y104.632 E154.35533
G1 F1445.8 X116.103 Y105.044 E154.36462
G1 F1395.3 X116.103 Y106.833 E154.40299
G1 X116.416 Y106.833 E154.40971
G1 X116.533 Y106.95 E154.41326
G1 F2700 E149.41326
G0 F9000 X116.209 Y104.201
G0 X103.437 Y104.608
G0 X103.437 Y108.35
G0 X103.992 Y114.071
G0 X104.114 Y114.486
G0 X104.327 Y114.856
G0 X104.624 Y115.156
G0 X104.883 Y115.309
G0 X107.022 Y116.17
G1 F2700 E154.41326
G1 F1388.9 X107.679 Y116.094 E154.42751
G1 X107.122 Y115.846 E154.44065
G1 F1690.1 X107.047 Y115.787 E154.44234
G1 X106.773 Y115.907 E154.44764
G1 F1421.8 X106.233 Y116.103 E154.45974
G1 F1392.1 X106.579 Y116.162 E154.46728
G1 F1648.4 X107.022 Y116.17 E154.47533
G0 F9000 X106.233 Y116.103
G1 F1247.4 X105.664 Y116.112 E154.48899
G1 X105.472 Y116.103 E154.4936
G0 F9000 X105.037 Y116.124
G1 F1276.6 X105.472 Y116.103 E154.50381
G1 X105.048 Y116.004 E154.51402
G1 F1336.3 X104.715 Y115.878 E154.522
G1 F1333.3 X104.271 Y115.616 E154.53357
G1 X103.873 Y115.217 E154.54622
G1 F1339.3 X103.874 Y115.684 E154.55666
G1 X103.928 Y115.852 E154.5606
G1 F1333.3 X104.071 Y116.022 E154.56559
G1 X104.253 Y116.124 E154.57028
G1 F1336.3 X105.037 Y116.124 E154.58784
G0 F9000 X110 Y116.24
G0 X110 Y116.548
G1 F1500 X115.76 Y116.547 E154.70279
G1 X116.034 Y116.457 E154.70854
G1 X116.218 Y116.342 E154.71287
G1 X116.369 Y116.178 E154.71732
G1 X116.507 Y115.925 E154.72307
G1 X116.548 Y115.719 E154.72726
G1 X116.548 Y108.402 E154.87328
G1 X116.416 Y108.512 E154.87671
G1 X113.897 Y108.512 E154.92698
G1 X113.636 Y108.415 E154.93254
G1 X113.487 Y108.278 E154.93658
G1 F1252.6 X113.288 Y107.971 E154.94532
G1 X113.089 Y108.278 E154.95406
G1 F1500 X112.94 Y108.415 E154.9581
G1 X112.716 Y108.511 E154.96296
G1 X111.947 Y108.509 E154.97831
G1 X111.782 Y108.465 E154.98172
G1 X111.617 Y108.509 E154.98513
G1 X110.842 Y108.512 E155.00059
G1 X110.629 Y108.421 E155.00521
G1 X110.479 Y108.287 E155.00923
G1 F1321.6 X110.296 Y107.969 E155.01754
G1 X110.113 Y108.287 E155.02585
G1 F1500 X109.963 Y108.421 E155.02986
G1 X109.752 Y108.513 E155.03446
G1 X108.989 Y108.51 E155.04968
G1 X108.746 Y108.433 E155.05477
G1 X108.479 Y108.116 E155.06304
G1 X108.444 Y107.912 E155.06717
G1 X108.444 Y107.661 E155.07218
G1 X108.281 Y108.116 E155.08183
G1 X108.014 Y108.433 E155.0901
G1 X107.716 Y108.512 E155.09625
G1 X106.942 Y108.509 E155.11169
G1 X106.764 Y108.461 E155.11537
G1 X106.498 Y108.175 E155.12317
G1 X106.232 Y108.461 E155.13096
G1 X106.021 Y108.512 E155.13529
G1 X103.872 Y108.512 E155.17818
G1 X103.447 Y108.155 E155.18926
G1 F1507.5 X103.446 Y113.18 E155.28903
G1 F1550.4 X103.437 Y113.62 E155.29753
G1 F1542.4 X103.448 Y114.212 E155.30902
G1 F1500 X103.449 Y115.746 E155.33964
G1 X103.541 Y116.034 E155.34567
G1 X103.657 Y116.217 E155.34999
G1 X103.819 Y116.37 E155.35444
G1 X104.074 Y116.508 E155.36023
G1 X104.278 Y116.548 E155.36437
G1 X110 Y116.548 E155.47856
G0 F9000 X110 Y116.948
;TYPE:WALL-OUTER
G1 F1500 X115.82 Y116.948 E155.59471
G1 X116.206 Y116.821 E155.60282
G1 X116.475 Y116.652 E155.60916
G1 X116.696 Y116.414 E155.61564
G1 X116.889 Y116.063 E155.62363
G1 X116.948 Y115.757 E155.62985
G1 X116.948 Y108.644 E155.7718
G1 F1566.6 X116.965 Y107.912 E155.78579
G1 F1639.3 X116.965 Y107.448 E155.79426
G1 F1566.6 X116.948 Y106.716 E155.80825
G1 F1500 X116.948 Y104.18 E155.85886
G1 X116.821 Y103.794 E155.86697
G1 X116.652 Y103.525 E155.87331
G1 X116.413 Y103.3 E155.87986
G1 X116.063 Y103.107 E155.88784
G1 X115.757 Y103.048 E155.89406
G1 X104.191 Y103.048 E156.12487
G1 X103.794 Y103.175 E156.13319
G1 X103.525 Y103.348 E156.13957
G1 X103.299 Y103.583 E156.14607
G1 X103.107 Y103.937 E156.15411
G1 X103.048 Y104.24 E156.16027
G1 F1315.8 X103.104 Y105.044 E156.17861
G1 F1167.3 X103.106 Y108.001 E156.25443
G1 F1310 X103.048 Y108.936 E156.27584
G1 F1500 X103.049 Y115.808 E156.41298
G1 X103.175 Y116.206 E156.42131
G1 X103.347 Y116.475 E156.42768
G1 X103.583 Y116.696 E156.43413
G1 X103.937 Y116.889 E156.44218
G1 X104.24 Y116.948 E156.44834
G1 X110 Y116.948 E156.56329
G1 F2700 E151.56329
G0 F9000 X110 Y116.24
G0 X109.937 Y115.221
G0 X110 Y114.841
G1 F2700 E156.56329
G1 F1500 X109.983 Y114.87 E156.56396
G1 X109.674 Y115.096 E156.5716
G1 X109.392 Y115.194 E156.57756
G1 X109.14 Y115.234 E156.58265
G1 X107.677 Y115.24 E156.61184
G1 X107.562 Y115.205 E156.61424
G1 X107.476 Y115.049 E156.6178
G1 X107.476 Y114.193 E156.63488
G1 F1554.4 X107.49 Y113.749 E156.64343
G1 X107.425 Y114.189 E156.652
G1 F1500 X107.264 Y114.565 E156.66016
G1 X107.041 Y114.85 E156.66738
G1 X106.753 Y115.068 E156.67459
G1 X106.461 Y115.196 E156.68095
G1 X106.075 Y115.273 E156.68881
G1 X105.627 Y115.273 E156.69775
G1 X105.163 Y115.186 E156.70717
G1 X104.777 Y114.956 E156.71614
G1 X104.523 Y114.703 E156.72329
G1 X104.335 Y114.364 E156.73103
G1 X104.238 Y114.023 E156.7381
G1 X104.204 Y113.602 E156.74653
G1 X104.243 Y113.193 E156.75473
G1 X104.354 Y112.824 E156.76242
G1 X104.543 Y112.505 E156.76982
G1 X104.795 Y112.253 E156.77693
G1 X105.109 Y112.068 E156.7842
G1 X105.449 Y111.966 E156.79129
G1 X105.83 Y111.932 E156.79892
G1 X106.383 Y112 E156.81004
G1 X106.828 Y112.21 E156.81986
G1 X107.013 Y112.357 E156.82458
G1 F1492.5 X107.301 Y112.732 E156.83406
G1 F1477.8 X107.472 Y113.234 E156.8448
G1 F1485.1 X107.477 Y112.142 E156.86681
G1 F1500 X107.528 Y112.036 E156.86916
G1 X107.641 Y111.974 E156.87173
G1 X108.295 Y111.972 E156.88478
G1 X108.421 Y112.033 E156.88758
G1 X108.476 Y112.165 E156.89043
G1 X108.476 Y112.98 E156.90669
G1 X109.226 Y112.986 E156.92166
G1 X109.642 Y113.119 E156.93038
G1 X109.938 Y113.348 E156.93784
G1 X110.093 Y113.558 E156.94305
G1 F1496.3 X110.191 Y113.809 E156.94844
G1 X110.192 Y112.165 E156.98133
G1 F1500 X110.247 Y112.033 E156.98419
G1 X110.352 Y111.975 E156.98658
G1 X112.789 Y111.974 E157.03521
G1 F1546.4 X112.916 Y112.172 E157.03977
G1 X113.044 Y111.972 E157.04436
G1 F1500 X113.703 Y111.971 E157.05752
G1 X113.836 Y112.097 E157.06117
G1 X113.837 Y113.553 E157.09023
G1 X114.673 Y112.073 E157.12415
G1 X114.813 Y111.974 E157.12757
G1 X115.552 Y111.972 E157.14232
G1 X115.673 Y112.011 E157.14486
G1 X115.752 Y112.172 E157.14843
G1 X115.75 Y115.075 E157.20637
G1 X115.696 Y115.18 E157.20872
G1 X115.57 Y115.24 E157.21151
G1 X115.02 Y115.24 E157.22248
G1 X114.912 Y115.209 E157.22473
G1 X114.82 Y115.04 E157.22857
G1 X114.82 Y113.638 E157.25654
G1 X113.966 Y115.139 E157.29101
G1 X113.827 Y115.237 E157.2944
G1 X113.035 Y115.236 E157.31021
G1 F1392.1 X112.874 Y115.06 E157.31534
G1 X112.713 Y115.236 E157.32046
G1 F1500 X110.392 Y115.24 E157.36678
G1 X110.231 Y115.16 E157.37037
G1 X110.192 Y115.04 E157.37289
G1 X110.192 Y114.609 E157.38149
G1 F1574.8 X110.211 Y114.163 E157.38997
G1 X110.141 Y114.604 E157.39846
G1 F1500 X110 Y114.841 E157.40397
G0 F9000 X110.211 Y114.163
G1 F1570.7 X110.191 Y113.809 E157.41072
G1 F2700 E152.41072
G0 F9000 X107.49 Y113.749
G1 F2700 E157.41072
G1 F1538.5 X107.472 Y113.234 E157.42075
G1 F2700 E152.42075
G0 F9000 X112.915 Y112.668
G1 F2700 E157.42075
G1 F1591.5 X112.916 Y112.172 E157.43008
G1 F2700 E152.43008
G0 F9000 X112.916 Y111.264
G0 X112.874 Y111.764
G0 X112.874 Y114.576
G1 F2700 E157.43008
G1 F1301.5 X112.874 Y115.06 E157.44121
G0 F9000 X112.874 Y114.576
G1 F1415.1 X112.91 Y114.193 E157.44935
G1 F1754.4 X112.957 Y113.906 E157.45431
G1 F2047.8 X112.958 Y113.392 E157.46182
G1 F1734.1 X112.904 Y113.036 E157.46804
G1 F1542.4 X112.915 Y112.668 E157.47518
G1 F1566.6 X112.739 Y112.825 E157.47969
G1 X111.181 Y112.825 E157.50946
G1 F1587.3 X111.181 Y113.203 E157.51659
G1 F1562.5 X112.609 Y113.203 E157.54395
G1 F1764.7 X112.666 Y113.392 E157.5473
G1 F2047.8 X112.665 Y113.881 E157.55444
G1 F1796.4 X112.615 Y114.035 E157.55714
G1 F1634.9 X111.172 Y114.036 E157.58356
G1 F1666.7 X111.172 Y114.396 E157.59003
G1 F1634.9 X112.691 Y114.395 E157.61784
G1 F1438.8 X112.874 Y114.576 E157.6232
G1 F2700 E152.6232
G0 F9000 X112.874 Y111.764
G0 X113.933 Y108.11
G1 F2700 E157.6232
G1 F1500 X113.805 Y108.034 E157.62617
G1 X113.764 Y107.93 E157.6284
G1 X113.764 Y107.448 E157.63802
G1 X113.902 Y107.248 E157.64287
G1 X114.688 Y107.248 E157.65855
G1 X114.688 Y106.248 E157.67851
G1 F1558.4 X114.703 Y105.044 E157.70163
G1 X114.774 Y104.879 E157.70508
G1 F1500 X114.888 Y104.844 E157.70746
G1 X115.536 Y104.849 E157.7204
G1 X115.634 Y104.906 E157.72266
G1 X115.688 Y105.044 E157.72562
G1 X115.688 Y107.248 E157.7696
G1 X116.416 Y107.248 E157.78413
G1 F1566.6 X116.599 Y107.448 E157.78931
G1 F1634.9 X116.598 Y107.944 E157.79839
G1 F1562.5 X116.416 Y108.112 E157.80313
G1 F1500 X113.933 Y108.11 E157.85269
G0 F9000 X113.933 Y108.822
G0 X111.782 Y108.822
G0 X111.782 Y107.932
G1 F1284.8 X111.776 Y105.948 E157.89891
G1 F2700 E152.89891
G0 F9000 X108.91 Y105.435
G1 F2700 E157.89891
G1 F1052.6 X108.784 Y105.804 E157.91
G1 F2700 E152.91
G0 F9000 X108.633 Y106.597
G0 X109.68 Y108.113
G1 F2700 E157.91
G1 F1500 X108.966 Y108.112 E157.92425
G1 F1470.6 X108.844 Y107.967 E157.9281
G1 F1415.1 X108.828 Y106.124 E157.96709
G1 F1188.1 X108.784 Y105.804 E157.97523
G1 X108.606 Y106.085 E157.98361
G1 F1442.3 X107.905 Y107.98 E158.02554
G1 F1500 X107.796 Y108.11 E158.02893
G1 X106.941 Y108.111 E158.04599
G1 X106.82 Y107.981 E158.04954
G1 F1492.5 X106.526 Y107.178 E158.06669
G1 F1351.4 X106.384 Y106.911 E158.07339
G1 F1239.7 X106.252 Y106.548 E158.08271
G1 F1388.9 X106.129 Y106.061 E158.09354
G1 X106.182 Y106.56 E158.10435
G1 F1239.7 X106.048 Y106.777 E158.11051
G1 F1293.1 X104.694 Y106.782 E158.14186
G1 F1351.4 X104.694 Y107.226 E158.15169
G1 F1293.1 X106.072 Y107.221 E158.18359
G1 F1339.3 X106.194 Y107.448 E158.18935
G1 F1467 X106.187 Y107.969 E158.19998
G1 F1488.8 X106.054 Y108.112 E158.20391
G1 F1500 X103.872 Y108.112 E158.24745
G1 F1310 X103.617 Y107.957 E158.25427
G1 F1167.3 X103.616 Y105.044 E158.32897
G1 F1315.8 X103.819 Y104.845 E158.33544
G1 F1500 X104.472 Y104.844 E158.34847
G1 X104.594 Y104.885 E158.35104
G1 X104.672 Y105.044 E158.35457
G1 X104.673 Y105.895 E158.37156
G1 F1515.2 X105.94 Y105.9 E158.39659
G1 F1554.4 X106.119 Y106.03 E158.40085
G1 F1542.4 X105.762 Y105.079 E158.42056
G1 F1500 X105.792 Y104.934 E158.42352
G1 X105.925 Y104.847 E158.42669
G1 X106.56 Y104.844 E158.43936
G1 X106.722 Y104.902 E158.44279
G1 X106.959 Y105.576 E158.45705
G1 X107.765 Y105.576 E158.47314
G1 X107.994 Y104.907 E158.48725
G1 X108.125 Y104.847 E158.49012
G1 X108.824 Y104.844 E158.50407
G1 X108.941 Y104.977 E158.50761
G1 F1445.8 X108.957 Y105.112 E158.51042
G1 F1209.7 X108.91 Y105.435 E158.5185
G1 F1171.9 X109.08 Y105.257 E158.52479
G1 F1388.9 X109.358 Y105.038 E158.53241
G1 F1500 X109.61 Y104.908 E158.53807
G1 X109.913 Y104.83 E158.54432
G1 X110.28 Y104.804 E158.55166
G1 X110.721 Y104.838 E158.56048
G1 X111.067 Y104.968 E158.56786
G1 X111.328 Y105.137 E158.57407
G1 X111.529 Y105.362 E158.58009
G1 F1463.4 X111.694 Y105.685 E158.58751
G1 F1345.3 X111.776 Y105.948 E158.59364
G1 F1360.5 X111.807 Y105.61 E158.6011
G1 F1470.6 X111.812 Y104.99 E158.61372
G1 F1492.5 X111.927 Y104.847 E158.6174
G1 F1500 X114.195 Y104.844 E158.66266
G1 X114.262 Y104.879 E158.66417
G1 F1558.4 X114.333 Y105.044 E158.66762
G1 F1617.3 X114.332 Y105.54 E158.6768
G1 F1554.4 X114.148 Y105.708 E158.6816
G1 F1500 X112.813 Y105.709 E158.70824
G1 X112.812 Y107.93 E158.75257
G1 X112.722 Y108.08 E158.75606
G1 X112.612 Y108.112 E158.75834
G1 X111.943 Y108.108 E158.77169
G1 F1392.1 X111.782 Y107.932 E158.77682
G1 X111.618 Y108.111 E158.78204
G1 F1500 X110.896 Y108.106 E158.79645
G1 X110.791 Y108.037 E158.79896
G1 X110.748 Y107.93 E158.80126
G1 X110.744 Y106.11 E158.83758
G1 X110.704 Y105.927 E158.84132
G1 X110.592 Y105.769 E158.84518
G1 X110.409 Y105.688 E158.84918
G1 X110.156 Y105.688 E158.85423
G1 X109.989 Y105.764 E158.85789
G1 X109.881 Y105.917 E158.86163
G1 X109.844 Y106.062 E158.86461
G1 X109.844 Y107.93 E158.90189
G1 X109.801 Y108.037 E158.90419
G1 X109.68 Y108.113 E158.90704
G1 F2700 E153.90704
G0 F9000 X109.68 Y108.822
G0 X103.437 Y108.35
G0 X103.437 Y104.608
G0 X104.913 Y104.608
G0 X105.678 Y105.631
G0 X106.129 Y106.061
G1 F2700 E158.90704
G1 F1583.1 X106.119 Y106.03 E158.90766
G1 F2700 E153.90766
G0 F9000 X105.678 Y105.631
G0 X104.913 Y104.608
G0 X103.437 Y104.608
G0 X103.437 Y108.35
G0 X106.335 Y109.139
;TYPE:FILL
G1 F2700 E158.90766
G1 F750 X104.128 Y111.346 E158.94503
G0 F9000 X104.128 Y110.78
G1 F750 X105.717 Y109.191 E158.97194
G0 F9000 X105.151 Y109.191
G1 F750 X104.128 Y110.215 E158.98927
G0 F9000 X104.128 Y109.649
G1 F750 X104.585 Y109.191 E158.99702
G0 F9000 X105.097 Y110.943
G1 F750 X106.861 Y109.179 E159.02689
G0 F9000 X107.413 Y109.192
G1 F750 X105.75 Y110.855 E159.05505
G0 F9000 X106.276 Y110.895
G1 F750 X107.984 Y109.187 E159.08397
G0 F9000 X108.619 Y109.117
G1 F750 X106.752 Y110.985 E159.11559
G0 F9000 X107.362 Y110.94
G1 F750 X109.114 Y109.188 E159.14526
G0 F9000 X109.68 Y109.188
G1 F750 X107.975 Y110.893 E159.17413
G0 F9000 X108.521 Y110.913
G1 F750 X110.389 Y109.045 E159.20576
G0 F9000 X110.823 Y109.176
G1 F750 X108.923 Y111.076 E159.23793
G0 F9000 X109.227 Y111.337
G1 F750 X111.374 Y109.191 E159.27428
G0 F9000 X111.94 Y109.191
G1 F750 X110.222 Y110.908 E159.30336
G0 F9000 X110.801 Y110.896
G1 F750 X112.506 Y109.19 E159.33224
G0 F9000 X113.247 Y109.015
G1 F750 X111.367 Y110.895 E159.36408
G0 F9000 X111.934 Y110.894
G1 F750 X113.677 Y109.151 E159.39359
G0 F9000 X114.202 Y109.191
G1 F750 X112.5 Y110.893 E159.42241
G0 F9000 X113.066 Y110.893
G1 F750 X114.768 Y109.191 E159.45123
G0 F9000 X115.333 Y109.191
G1 F750 X113.633 Y110.892 E159.48003
G0 F9000 X114.095 Y110.995
G1 F750 X115.868 Y109.223 E159.51004
G0 F9000 X115.868 Y109.788
G1 F750 X114.764 Y110.892 E159.52874
G0 F9000 X115.33 Y110.892
G1 F750 X115.868 Y110.354 E159.53785
G1 F2700 E154.53785
;MESH:NONMESH
G0 F300 Z2.12
G0 F9000 X108.608 Y108.35
G0 X108.616 Y106.916
G0 X107.432 Y106.523
;TIME_ELAPSED:572.153037
;LAYER:16
;TYPE:WALL-OUTER
;MESH:Lens_Openscad.stl
G1 F2700 E159.53785
G1 F1016.9 X107.396 Y106.586 E159.53998
G1 X107.323 Y106.586 E159.54213
G1 X107.286 Y106.523 E159.54428
G1 X107.322 Y106.46 E159.54642
G1 X107.395 Y106.46 E159.54857
G1 X107.432 Y106.523 E159.55072
G1 F2700 E154.55072
G0 F9000 X105.895 Y113.043
G0 X105.947 Y113.97
;TYPE:WALL-INNER
G1 F2700 E159.55072
G1 F1376.1 X106.009 Y113.913 E159.55255
G1 X106.071 Y113.707 E159.55723
G1 F1382.5 X106.05 Y113.367 E159.56461
G1 F1395.3 X105.964 Y113.265 E159.56747
G1 F1398.6 X105.761 Y113.236 E159.57186
G1 X105.687 Y113.307 E159.57405
G1 X105.634 Y113.475 E159.57782
G1 F1388.9 X105.639 Y113.758 E159.58392
G1 F1376.1 X105.687 Y113.921 E159.58762
G1 X105.746 Y113.97 E159.58929
G1 X105.947 Y113.97 E159.59366
G0 F9000 X106.026 Y114.388
;TYPE:WALL-OUTER
G1 F1500 X106.145 Y114.346 E159.59618
G1 X106.313 Y114.211 E159.60048
G1 X106.392 Y114.091 E159.60335
G1 X106.493 Y113.753 E159.61039
G1 X106.462 Y113.333 E159.61879
G1 X106.394 Y113.136 E159.62295
G1 X106.209 Y112.911 E159.62876
G1 X105.927 Y112.815 E159.63471
G1 X105.605 Y112.829 E159.64114
G1 X105.333 Y113.052 E159.64816
G1 X105.226 Y113.398 E159.65538
G1 X105.226 Y113.835 E159.66411
G1 X105.304 Y114.099 E159.6696
G1 X105.546 Y114.345 E159.67649
G1 X105.67 Y114.388 E159.6791
G1 X106.026 Y114.388 E159.68621
G1 F2700 E154.68621
G0 F9000 X105.877 Y113.695
G0 X106.266 Y113.726
G0 X108.702 Y114.071
G0 X108.974 Y114.341
G1 F2700 E159.68621
G1 F1298.7 X108.507 Y114.341 E159.69697
G1 F1295.9 X108.507 Y113.876 E159.70771
G1 F1298.7 X108.989 Y113.879 E159.71882
G1 X109.148 Y113.958 E159.72292
G1 X109.189 Y114.047 E159.72517
G1 X109.152 Y114.267 E159.73032
G1 X108.974 Y114.341 E159.73476
G1 F2700 E154.73476
G0 F9000 X108.942 Y114.066
G0 X109.45 Y115.423
G0 X110 Y115.951
G0 X110 Y115.478
;TYPE:WALL-INNER
G1 F2700 E159.73476
G1 F1500 X109.92 Y115.407 E159.73689
G1 X109.786 Y115.481 E159.73995
G1 X109.464 Y115.588 E159.74672
G1 X109.11 Y115.636 E159.75385
G1 X107.678 Y115.64 E159.78243
G1 X107.336 Y115.535 E159.78957
G1 X107.179 Y115.377 E159.79401
G1 X107.145 Y115.275 E159.79616
G1 X106.914 Y115.434 E159.80175
G1 X106.56 Y115.589 E159.80947
G1 X106.096 Y115.676 E159.81889
G1 X105.607 Y115.676 E159.82865
G1 X105.023 Y115.568 E159.8405
G1 X104.545 Y115.282 E159.85161
G1 X104.205 Y114.953 E159.86105
G1 X103.97 Y114.542 E159.8705
G1 X103.844 Y114.092 E159.87983
G1 F1538.5 X103.816 Y113.569 E159.89002
G1 F1542.4 X103.843 Y113.143 E159.8983
G1 F1507.5 X103.972 Y112.685 E159.90775
G1 F1500 X104.206 Y112.277 E159.91714
G1 X104.519 Y111.953 E159.92613
G1 X104.924 Y111.705 E159.9356
G1 X105.38 Y111.572 E159.94508
G1 X105.853 Y111.529 E159.95456
G1 X106.486 Y111.607 E159.96729
G1 X106.955 Y111.822 E159.97759
G1 X107.131 Y111.939 E159.9818
G1 X107.233 Y111.766 E159.98581
G1 X107.412 Y111.632 E159.99027
G1 X107.597 Y111.572 E159.99415
G1 X108.331 Y111.574 E160.0088
G1 X108.557 Y111.641 E160.01351
G1 X108.709 Y111.755 E160.0173
G1 X108.876 Y112.151 E160.02587
G1 X108.876 Y112.582 E160.03448
G1 X109.297 Y112.586 E160.04288
G1 X109.792 Y112.746 E160.05326
G1 X109.792 Y112.151 E160.06513
G1 X109.959 Y111.755 E160.07371
G1 X110.111 Y111.641 E160.0775
G1 X110.305 Y111.572 E160.08161
G1 X112.781 Y111.574 E160.13102
G1 X112.916 Y111.602 E160.13377
G1 X113.051 Y111.574 E160.13652
G1 X113.636 Y111.571 E160.1482
G1 X113.904 Y111.635 E160.1537
G1 X114.159 Y111.877 E160.16071
G1 X114.212 Y112.078 E160.16486
G1 X114.325 Y111.877 E160.16946
G1 X114.58 Y111.635 E160.17648
G1 X114.768 Y111.572 E160.18044
G1 X115.552 Y111.572 E160.19608
G1 X115.913 Y111.691 E160.20367
G1 F1503.8 X116.151 Y112.172 E160.21435
G1 F1500 X116.146 Y115.144 E160.27366
G1 F1492.5 X115.982 Y115.459 E160.28078
G1 F1500 X115.836 Y115.569 E160.28443
G1 X115.604 Y115.638 E160.28926
G1 X115.02 Y115.64 E160.30091
G1 X114.697 Y115.547 E160.30762
G1 X114.498 Y115.337 E160.31339
G1 X114.439 Y115.115 E160.31798
G1 X114.259 Y115.434 E160.32529
G1 X114.115 Y115.547 E160.32894
G1 X113.873 Y115.64 E160.33411
G1 X113.016 Y115.64 E160.35122
G1 X112.874 Y115.593 E160.3542
G1 X112.718 Y115.64 E160.35745
G1 X110.392 Y115.64 E160.40387
G1 X110.097 Y115.563 E160.40996
G1 X110 Y115.478 E160.41253
G0 F9000 X110 Y115.951
G0 X108.666 Y116.16
G0 X107.679 Y116.094
G1 F1174.2 X109.111 Y116.092 E160.44904
G1 F1111.1 X109.547 Y116.064 E160.46081
G1 F982 X109.838 Y116.021 E160.46977
G1 F1032.7 X110.392 Y116.094 E160.48597
G1 F1160.5 X113.975 Y116.087 E160.57839
G0 F9000 X114.406 Y116.176
G1 F1408.5 X115.02 Y116.094 E160.59155
G1 X114.498 Y115.86 E160.60371
G1 F1538.5 X114.413 Y115.794 E160.60581
G1 F1250 X113.975 Y116.087 E160.61843
G1 F1379.3 X114.406 Y116.176 E160.62798
G0 F9000 X115.02 Y116.094
G1 F1178.8 X115.678 Y116.093 E160.64469
G1 F1190.5 X115.842 Y116.048 E160.64896
G1 F2700 E155.64896
G0 F9000 X115.993 Y115.479
G0 X115.993 Y111.736
G0 X110 Y111.241
G1 F2700 E160.64896
G1 F1500 X110.347 Y111.172 E160.65602
G1 X113.636 Y111.171 E160.72166
G1 X113.915 Y111.211 E160.72728
G1 X114.083 Y111.277 E160.73088
G1 X114.242 Y111.429 E160.73527
G1 X114.401 Y111.277 E160.73966
G1 X114.717 Y111.172 E160.74631
G1 X115.552 Y111.172 E160.76297
G1 X116.148 Y111.37 E160.7755
G1 X116.148 Y108.912 E160.82456
G1 X113.848 Y108.912 E160.87046
G1 X113.565 Y108.83 E160.87634
G1 X113.288 Y108.63 E160.88315
G1 X113.158 Y108.75 E160.88668
G1 X112.785 Y108.911 E160.89479
G1 X110.948 Y108.912 E160.93145
G1 X110.691 Y108.879 E160.93662
G1 X110.417 Y108.76 E160.94258
G1 X110.296 Y108.652 E160.94582
G1 X110.175 Y108.76 E160.94906
G1 X109.837 Y108.908 E160.95642
G1 X108.952 Y108.908 E160.97408
G1 X108.547 Y108.78 E160.98256
G1 X108.38 Y108.581 E160.98774
G1 X108.213 Y108.78 E160.99293
G1 X107.832 Y108.912 E161.00097
G1 X106.933 Y108.91 E161.01891
G1 X106.601 Y108.827 E161.02574
G1 X106.498 Y108.715 E161.02878
G1 X106.395 Y108.827 E161.03182
G1 X106.042 Y108.911 E161.03906
G1 X103.848 Y108.912 E161.08284
G1 X103.849 Y112.071 E161.14588
G1 X104.179 Y111.729 E161.15537
G1 X104.377 Y111.57 E161.16043
G1 X104.645 Y111.406 E161.1667
G1 X104.877 Y111.302 E161.17178
G1 X105.307 Y111.175 E161.18073
G1 X105.859 Y111.126 E161.19178
G1 X106.578 Y111.212 E161.20624
G1 X107.038 Y111.421 E161.21632
G1 X107.237 Y111.273 E161.22127
G1 X107.548 Y111.171 E161.2278
G1 X108.368 Y111.176 E161.24416
G1 X108.692 Y111.249 E161.25079
G1 X108.997 Y111.478 E161.2584
G1 X109.299 Y112.192 E161.27387
G1 X109.392 Y112.206 E161.27575
G1 X109.392 Y112.137 E161.27713
G1 X109.671 Y111.478 E161.29141
G1 X109.981 Y111.245 E161.29915
G1 X110 Y111.241 E161.29953
G0 F9000 X115.971 Y111.135
G0 X116.23 Y108.83
G0 X113.799 Y108.901
G0 X110.296 Y108.822
G0 X110.296 Y107.969
G1 F1188.1 X110.294 Y106.157 E161.34519
G1 F2700 E156.34519
G0 F9000 X110.084 Y108.35
G0 X103.437 Y108.35
G0 X103.437 Y104.608
G0 X109.287 Y104.136
G0 X109.287 Y104.222
G1 F2700 E161.34519
G1 F1117.3 X109.759 Y103.946 E161.35984
G1 X109.322 Y103.817 E161.37204
G1 X108.752 Y103.946 E161.3877
G1 X109.287 Y104.222 E161.40383
G0 F9000 X109.759 Y103.946
G1 F1041.7 X110.264 Y103.926 E161.41835
G1 F1047.1 X110.761 Y103.944 E161.43257
G0 F9000 X111.41 Y104.254
G1 F1200 X111.821 Y103.954 E161.44526
G1 X111.387 Y103.841 E161.45645
G1 F1470.6 X111.073 Y103.862 E161.46285
G1 F1176.5 X110.761 Y103.944 E161.47106
G1 X111.033 Y104.086 E161.47887
G1 F1470.6 X111.41 Y104.254 E161.48727
G0 F9000 X111.821 Y103.954
G1 F991.7 X112.012 Y103.946 E161.49304
G1 F1006.7 X114.148 Y103.946 E161.55655
G1 F956.9 X114.518 Y103.977 E161.56817
G1 F949.4 X114.759 Y103.946 E161.57583
G1 F1000 X115.488 Y103.946 E161.59765
G1 F991.7 X115.752 Y103.97 E161.60565
G1 F2700 E156.60565
G0 F9000 X103.437 Y104.608
G0 X103.437 Y108.35
G0 X113.051 Y108.35
G0 X113.051 Y107.669
G0 X113.917 Y106.479
G1 F2700 E161.60565
G1 F1612.9 X113.614 Y106.51 E161.61131
G0 F9000 X113.288 Y107.448
G1 F1260.5 X113.754 Y106.885 E161.62866
G1 F1500 X113.934 Y106.849 E161.63233
G1 X114.288 Y106.848 E161.63939
G1 X114.288 Y105.991 E161.65649
G1 X114.148 Y106.108 E161.66013
G1 X113.213 Y106.109 E161.67879
G1 X113.213 Y106.51 E161.68679
G1 F1260.5 X113.288 Y107.448 E161.70914
G1 F1081.1 X113.288 Y107.971 E161.72362
G1 F2700 E156.72362
G0 F9000 X113.288 Y108.798
G0 X103.437 Y108.35
G0 X103.437 Y104.608
G0 X108.752 Y103.946
G1 F2700 E161.72362
G1 F1006.7 X108.16 Y103.946 E161.74123
G1 F991.7 X107.969 Y103.954 E161.747
G0 F9000 X107.36 Y104.41
G1 F1351.4 X107.502 Y104.261 E161.75155
G1 F1134.2 X107.969 Y103.954 E161.7663
G1 X107.36 Y103.87 E161.78253
G1 F1153.8 X106.56 Y103.946 E161.80338
G1 X107.218 Y104.261 E161.8223
G1 F1351.4 X107.36 Y104.41 E161.82686
G0 F9000 X106.56 Y103.946
G1 F1006.7 X105.96 Y103.946 E161.8447
G1 F991.7 X105.769 Y103.954 E161.85047
G0 F9000 X105.216 Y104.379
G1 F1415.1 X105.344 Y104.24 E161.85447
G1 F1156.1 X105.769 Y103.954 E161.86773
G1 X105.216 Y103.86 E161.88226
G1 F1176.5 X104.472 Y103.946 E161.90131
G1 X105.088 Y104.24 E161.91868
G1 F1415.1 X105.216 Y104.379 E161.92268
G0 F9000 X104.472 Y103.946
G1 F1015.2 X104.296 Y103.951 E161.92787
G0 F9000 X116.257 Y104.186
G0 X116.533 Y106.95
G1 F1395.3 X116.533 Y105.044 E161.96876
G1 F1421.8 X116.551 Y104.252 E161.98544
G1 F1470.6 X116.457 Y103.966 E161.99157
G1 F1500 X116.34 Y103.781 E161.99593
G1 X116.175 Y103.626 E162.00045
G1 X115.926 Y103.488 E162.00613
G1 X115.719 Y103.448 E162.01034
G1 X104.255 Y103.448 E162.23912
G1 X103.966 Y103.54 E162.24517
G1 X103.625 Y103.821 E162.25399
G1 X103.488 Y104.074 E162.25973
G1 X103.448 Y104.278 E162.26388
G1 X103.448 Y104.803 E162.27435
G1 X103.706 Y104.45 E162.28308
G1 X104.472 Y104.444 E162.29837
G1 X104.837 Y104.567 E162.30605
G1 X104.975 Y104.715 E162.31009
G1 F1612.9 X105.044 Y105.044 E162.31633
G1 F1680.7 X105.058 Y105.51 E162.32463
G1 F1621.6 X105.507 Y105.51 E162.33292
G1 F1630.4 X105.411 Y105.244 E162.33811
G1 F1685.4 X105.388 Y105.044 E162.34169
G1 F1612.9 X105.457 Y104.715 E162.34793
G1 F1500 X105.595 Y104.567 E162.35197
G1 X105.877 Y104.444 E162.35811
G1 X106.56 Y104.444 E162.37174
G1 X106.946 Y104.584 E162.37993
G1 X107.086 Y104.731 E162.38398
G1 X107.243 Y105.176 E162.3934
G1 X107.48 Y105.176 E162.39813
G1 X107.631 Y104.733 E162.40747
G1 X107.774 Y104.584 E162.41159
G1 X108.075 Y104.444 E162.41821
G1 X108.752 Y104.444 E162.43172
G1 X109.023 Y104.508 E162.43728
G1 X109.209 Y104.665 E162.44214
G1 X109.47 Y104.533 E162.44798
G1 X109.844 Y104.436 E162.45569
G1 X110.218 Y104.405 E162.46318
G1 X110.803 Y104.442 E162.47487
G1 X111.259 Y104.616 E162.48461
G1 X111.493 Y104.766 E162.49016
G1 X111.696 Y104.533 E162.49633
G1 X111.932 Y104.444 E162.50136
G1 X114.148 Y104.444 E162.54558
G1 X114.345 Y104.476 E162.54957
G1 X114.49 Y104.551 E162.55282
G1 X114.518 Y104.605 E162.55404
G1 X114.546 Y104.551 E162.55525
G1 X114.753 Y104.444 E162.5599
G1 X115.571 Y104.444 E162.57623
G1 X115.808 Y104.537 E162.58131
G1 X115.926 Y104.632 E162.58433
G1 F1445.8 X116.103 Y105.044 E162.59361
G1 F1395.3 X116.103 Y106.833 E162.63199
G1 X116.416 Y106.833 E162.63871
G1 X116.533 Y106.95 E162.64226
G1 F2700 E157.64226
G0 F9000 X116.209 Y104.201
G0 X103.437 Y104.608
G0 X103.437 Y108.35
G0 X113.288 Y108.858
G0 X116.23 Y108.83
G0 X115.971 Y111.135
G0 X109.954 Y111.736
G0 X108.716 Y112.746
G0 X108.716 Y111.736
G0 X105.856 Y111.683
G0 X105.399 Y111.723
G0 X104.984 Y111.852
G0 X104.62 Y112.073
G0 X104.325 Y112.379
G0 X104.113 Y112.751
G0 X103.992 Y113.169
G0 X103.992 Y114.071
G0 X104.114 Y114.486
G0 X104.327 Y114.856
G0 X104.624 Y115.156
G0 X104.883 Y115.309
G0 X107.022 Y116.17
G1 F2700 E162.64226
G1 F1388.9 X107.679 Y116.094 E162.65651
G1 X107.122 Y115.846 E162.66965
G1 F1690.1 X107.047 Y115.787 E162.67134
G1 X106.773 Y115.907 E162.67664
G1 F1421.8 X106.233 Y116.103 E162.68873
G1 F1392.1 X106.579 Y116.162 E162.69628
G1 F1648.4 X107.022 Y116.17 E162.70433
G0 F9000 X106.233 Y116.103
G1 F1247.4 X105.664 Y116.112 E162.71798
G1 X105.472 Y116.103 E162.7226
G0 F9000 X105.037 Y116.124
G1 F1276.6 X105.472 Y116.103 E162.73281
G1 X105.048 Y116.004 E162.74302
G1 F1336.3 X104.715 Y115.878 E162.75099
G1 F1333.3 X104.271 Y115.616 E162.76257
G1 X103.873 Y115.217 E162.77522
G1 F1339.3 X103.874 Y115.684 E162.78566
G1 X103.928 Y115.852 E162.7896
G1 F1333.3 X104.071 Y116.022 E162.79459
G1 X104.253 Y116.124 E162.79927
G1 F1336.3 X105.037 Y116.124 E162.81684
G0 F9000 X110 Y116.24
G0 X110 Y116.548
G1 F1500 X115.76 Y116.547 E162.93178
G1 X116.034 Y116.457 E162.93754
G1 X116.218 Y116.342 E162.94187
G1 X116.369 Y116.178 E162.94632
G1 X116.507 Y115.925 E162.95207
G1 X116.548 Y115.719 E162.95626
G1 X116.548 Y108.402 E163.10228
G1 X116.416 Y108.512 E163.10571
G1 X113.897 Y108.512 E163.15598
G1 X113.636 Y108.415 E163.16153
G1 X113.487 Y108.278 E163.16557
G1 F1252.6 X113.288 Y107.971 E163.17432
G1 X113.089 Y108.278 E163.18306
G1 F1500 X112.94 Y108.415 E163.1871
G1 X112.716 Y108.511 E163.19196
G1 X111.946 Y108.509 E163.20733
G1 X111.78 Y108.465 E163.21075
G1 X111.614 Y108.509 E163.21418
G1 X110.842 Y108.512 E163.22959
G1 X110.629 Y108.421 E163.23421
G1 X110.479 Y108.287 E163.23822
G1 F1321.6 X110.296 Y107.969 E163.24653
G1 X110.113 Y108.287 E163.25484
G1 F1500 X109.963 Y108.421 E163.25886
G1 X109.752 Y108.513 E163.26345
G1 X108.989 Y108.51 E163.27868
G1 X108.746 Y108.433 E163.28377
G1 X108.479 Y108.116 E163.29204
G1 X108.444 Y107.912 E163.29617
G1 X108.444 Y107.661 E163.30118
G1 X108.281 Y108.116 E163.31082
G1 X108.014 Y108.433 E163.31909
G1 X107.716 Y108.512 E163.32524
G1 X106.942 Y108.509 E163.34069
G1 X106.764 Y108.461 E163.34437
G1 X106.498 Y108.175 E163.35216
G1 X106.232 Y108.461 E163.35996
G1 X106.021 Y108.512 E163.36429
G1 X103.872 Y108.512 E163.40718
G1 X103.447 Y108.155 E163.41825
G1 F1507.5 X103.446 Y113.18 E163.51803
G1 F1550.4 X103.437 Y113.62 E163.52653
G1 F1542.4 X103.448 Y114.212 E163.53802
G1 F1500 X103.449 Y115.746 E163.56863
G1 X103.541 Y116.034 E163.57467
G1 X103.657 Y116.217 E163.57899
G1 X103.819 Y116.37 E163.58344
G1 X104.074 Y116.508 E163.58922
G1 X104.278 Y116.548 E163.59337
G1 X110 Y116.548 E163.70756
G0 F9000 X110 Y116.948
;TYPE:WALL-OUTER
G1 F1500 X115.82 Y116.948 E163.8237
G1 X116.206 Y116.821 E163.83181
G1 X116.475 Y116.652 E163.83815
G1 X116.696 Y116.414 E163.84463
G1 X116.889 Y116.063 E163.85263
G1 X116.948 Y115.757 E163.85885
G1 X116.948 Y108.644 E164.00079
G1 F1566.6 X116.965 Y107.912 E164.01479
G1 F1639.3 X116.965 Y107.448 E164.02326
G1 F1566.6 X116.948 Y106.716 E164.03725
G1 F1500 X116.948 Y104.18 E164.08786
G1 X116.821 Y103.794 E164.09597
G1 X116.652 Y103.525 E164.10231
G1 X116.413 Y103.3 E164.10886
G1 X116.063 Y103.107 E164.11683
G1 X115.757 Y103.048 E164.12305
G1 X104.191 Y103.048 E164.35386
G1 X103.794 Y103.175 E164.36218
G1 X103.525 Y103.348 E164.36856
G1 X103.299 Y103.583 E164.37507
G1 X103.107 Y103.937 E164.38311
G1 X103.048 Y104.24 E164.38927
G1 F1315.8 X103.104 Y105.044 E164.4076
G1 F1167.3 X103.106 Y108.001 E164.48343
G1 F1310 X103.048 Y108.936 E164.50484
G1 F1500 X103.049 Y115.808 E164.64197
G1 X103.175 Y116.206 E164.65031
G1 X103.347 Y116.475 E164.65668
G1 X103.583 Y116.696 E164.66313
G1 X103.937 Y116.889 E164.67118
G1 X104.24 Y116.948 E164.67734
G1 X110 Y116.948 E164.79228
G1 F2700 E159.79228
G0 F9000 X110 Y116.24
G0 X109.938 Y115.22
G0 X110 Y114.821
G1 F2700 E164.79228
G1 F1507.5 X109.948 Y114.893 E164.79405
G1 F1500 X109.674 Y115.096 E164.80085
G1 X109.392 Y115.194 E164.80681
G1 X109.14 Y115.234 E164.8119
G1 X107.677 Y115.24 E164.8411
G1 X107.562 Y115.205 E164.8435
G1 X107.476 Y115.049 E164.84705
G1 X107.476 Y114.193 E164.86413
G1 F1554.4 X107.49 Y113.749 E164.87269
G1 X107.425 Y114.189 E164.88125
G1 F1500 X107.264 Y114.565 E164.88942
G1 X107.041 Y114.85 E164.89664
G1 X106.753 Y115.068 E164.90385
G1 X106.461 Y115.196 E164.91021
G1 X106.075 Y115.273 E164.91806
G1 X105.627 Y115.273 E164.927
G1 X105.163 Y115.186 E164.93642
G1 X104.777 Y114.956 E164.94539
G1 X104.523 Y114.703 E164.95255
G1 X104.335 Y114.364 E164.96028
G1 X104.238 Y114.023 E164.96736
G1 X104.204 Y113.602 E164.97579
G1 X104.243 Y113.193 E164.98398
G1 X104.354 Y112.824 E164.99167
G1 X104.543 Y112.505 E164.99907
G1 X104.795 Y112.253 E165.00619
G1 X105.109 Y112.068 E165.01346
G1 X105.449 Y111.966 E165.02054
G1 X105.83 Y111.932 E165.02818
G1 X106.383 Y112 E165.03929
G1 X106.828 Y112.21 E165.04911
G1 X107.013 Y112.357 E165.05383
G1 F1492.5 X107.301 Y112.732 E165.06331
G1 F1477.8 X107.472 Y113.234 E165.07405
G1 F1485.1 X107.477 Y112.142 E165.09606
G1 F1500 X107.528 Y112.036 E165.09841
G1 X107.641 Y111.974 E165.10098
G1 X108.295 Y111.972 E165.11404
G1 X108.421 Y112.033 E165.11683
G1 X108.476 Y112.165 E165.11968
G1 X108.476 Y112.98 E165.13595
G1 X109.226 Y112.986 E165.15091
G1 X109.642 Y113.119 E165.15963
G1 X109.938 Y113.348 E165.1671
G1 X110.093 Y113.558 E165.17231
G1 F1496.3 X110.191 Y113.803 E165.17759
G1 X110.192 Y112.165 E165.21036
G1 F1500 X110.247 Y112.033 E165.21321
G1 X110.352 Y111.975 E165.2156
G1 X112.789 Y111.974 E165.26424
G1 F1546.4 X112.916 Y112.172 E165.26879
G1 X113.044 Y111.972 E165.27339
G1 F1500 X113.703 Y111.971 E165.28654
G1 X113.836 Y112.097 E165.29019
G1 X113.836 Y113.557 E165.31933
G1 X114.673 Y112.073 E165.35333
G1 X114.813 Y111.974 E165.35675
G1 X115.552 Y111.972 E165.3715
G1 X115.673 Y112.011 E165.37404
G1 X115.752 Y112.172 E165.37762
G1 X115.75 Y115.075 E165.43555
G1 X115.696 Y115.18 E165.4379
G1 X115.57 Y115.24 E165.44069
G1 X115.02 Y115.24 E165.45167
G1 X114.912 Y115.209 E165.45391
G1 X114.82 Y115.04 E165.45775
G1 X114.82 Y113.638 E165.48573
G1 X113.966 Y115.139 E165.52019
G1 X113.827 Y115.237 E165.52358
G1 X113.035 Y115.236 E165.53939
G1 F1392.1 X112.874 Y115.06 E165.54452
G1 X112.713 Y115.236 E165.54965
G1 F1500 X110.392 Y115.24 E165.59596
G1 X110.23 Y115.158 E165.59959
G1 X110.192 Y115.04 E165.60206
G1 F1522.8 X110.201 Y114.418 E165.61429
G1 F1530.6 X110.108 Y114.671 E165.61956
G1 F1519 X110 Y114.821 E165.6232
G0 F9000 X110.201 Y114.397
G1 F1626 X110.214 Y114.1 E165.62868
G1 F1583.1 X110.191 Y113.803 E165.63431
G1 F2700 E160.63431
G0 F9000 X107.49 Y113.749
G1 F2700 E165.63431
G1 F1538.5 X107.472 Y113.234 E165.64434
G1 F2700 E160.64434
G0 F9000 X112.915 Y112.668
G1 F2700 E165.64434
G1 F1591.5 X112.916 Y112.172 E165.65366
G1 F2700 E160.65366
G0 F9000 X112.916 Y111.264
G0 X112.874 Y111.764
G0 X112.874 Y114.576
G1 F2700 E165.65366
G1 F1301.5 X112.874 Y115.06 E165.6648
G0 F9000 X112.874 Y114.576
G1 F1415.1 X112.91 Y114.193 E165.67293
G1 F1754.4 X112.957 Y113.906 E165.6779
G1 F2047.8 X112.958 Y113.392 E165.68541
G1 F1734.1 X112.904 Y113.036 E165.69163
G1 F1542.4 X112.915 Y112.668 E165.69877
G1 F1566.6 X112.739 Y112.825 E165.70328
G1 X111.181 Y112.825 E165.73305
G1 F1587.3 X111.181 Y113.203 E165.74018
G1 F1562.5 X112.609 Y113.203 E165.76753
G1 F1764.7 X112.666 Y113.392 E165.77088
G1 F2047.8 X112.665 Y113.881 E165.77803
G1 F1796.4 X112.615 Y114.035 E165.78073
G1 F1634.9 X111.172 Y114.036 E165.80715
G1 F1666.7 X111.172 Y114.396 E165.81361
G1 F1634.9 X112.691 Y114.395 E165.84143
G1 F1438.8 X112.874 Y114.576 E165.84678
G1 F2700 E160.84678
G0 F9000 X112.874 Y111.764
G0 X113.933 Y108.11
G1 F2700 E165.84678
G1 F1500 X113.805 Y108.034 E165.84975
G1 X113.764 Y107.93 E165.85198
G1 X113.764 Y107.448 E165.8616
G1 X113.902 Y107.248 E165.86645
G1 X114.688 Y107.248 E165.88214
G1 X114.688 Y106.248 E165.90209
G1 F1558.4 X114.703 Y105.044 E165.92522
G1 X114.774 Y104.879 E165.92867
G1 F1500 X114.888 Y104.844 E165.93105
G1 X115.536 Y104.849 E165.94398
G1 X115.634 Y104.906 E165.94624
G1 X115.688 Y105.044 E165.9492
G1 X115.688 Y107.248 E165.99319
G1 X116.416 Y107.248 E166.00771
G1 F1566.6 X116.599 Y107.448 E166.01289
G1 F1634.9 X116.598 Y107.944 E166.02198
G1 F1562.5 X116.416 Y108.112 E166.02672
G1 F1500 X113.933 Y108.11 E166.07627
G0 F9000 X113.933 Y108.822
G0 X111.78 Y108.822
G0 X111.78 Y107.932
G1 F1284.8 X111.778 Y106 E166.12128
G1 F2700 E161.12128
G0 F9000 X108.91 Y105.435
G1 F2700 E166.12128
G1 F1052.6 X108.784 Y105.804 E166.13237
G1 F2700 E161.13237
G0 F9000 X108.633 Y106.597
G0 X109.68 Y108.113
G1 F2700 E166.13237
G1 F1500 X108.966 Y108.112 E166.14662
G1 F1470.6 X108.844 Y107.967 E166.15048
G1 F1415.1 X108.828 Y106.124 E166.18947
G1 F1188.1 X108.784 Y105.804 E166.1976
G1 X108.606 Y106.085 E166.20598
G1 F1442.3 X107.905 Y107.98 E166.24792
G1 F1500 X107.796 Y108.11 E166.2513
G1 X106.941 Y108.111 E166.26837
G1 X106.82 Y107.981 E166.27191
G1 F1492.5 X106.526 Y107.178 E166.28906
G1 F1351.4 X106.384 Y106.911 E166.29576
G1 F1239.7 X106.252 Y106.548 E166.30509
G1 F1388.9 X106.129 Y106.061 E166.31591
G1 X106.182 Y106.56 E166.32673
G1 F1239.7 X106.048 Y106.777 E166.33289
G1 F1293.1 X104.694 Y106.782 E166.36423
G1 F1351.4 X104.694 Y107.226 E166.37407
G1 F1293.1 X106.072 Y107.221 E166.40596
G1 F1339.3 X106.194 Y107.448 E166.41172
G1 F1467 X106.187 Y107.969 E166.42236
G1 F1488.8 X106.054 Y108.112 E166.42628
G1 F1500 X103.872 Y108.112 E166.46983
G1 F1310 X103.617 Y107.957 E166.47665
G1 F1167.3 X103.616 Y105.044 E166.55135
G1 F1315.8 X103.819 Y104.845 E166.55781
G1 F1500 X104.472 Y104.844 E166.57084
G1 X104.594 Y104.885 E166.57341
G1 X104.672 Y105.044 E166.57695
G1 X104.673 Y105.895 E166.59393
G1 F1515.2 X105.94 Y105.9 E166.61896
G1 F1554.4 X106.119 Y106.03 E166.62322
G1 F1542.4 X105.762 Y105.079 E166.64294
G1 F1500 X105.792 Y104.934 E166.64589
G1 X105.925 Y104.847 E166.64906
G1 X106.56 Y104.844 E166.66173
G1 X106.722 Y104.902 E166.66517
G1 X106.959 Y105.576 E166.67943
G1 X107.765 Y105.576 E166.69551
G1 X107.994 Y104.907 E166.70962
G1 X108.125 Y104.847 E166.7125
G1 X108.824 Y104.844 E166.72645
G1 X108.941 Y104.977 E166.72998
G1 F1445.8 X108.957 Y105.112 E166.7328
G1 F1209.7 X108.91 Y105.435 E166.74087
G1 F1171.9 X109.08 Y105.257 E166.74716
G1 F1388.9 X109.358 Y105.038 E166.75479
G1 F1500 X109.61 Y104.908 E166.76045
G1 X109.913 Y104.83 E166.76669
G1 X110.28 Y104.804 E166.77403
G1 X110.721 Y104.838 E166.78286
G1 X111.067 Y104.968 E166.79024
G1 X111.328 Y105.137 E166.79644
G1 X111.529 Y105.362 E166.80246
G1 F1477.8 X111.691 Y105.689 E166.80985
G1 F1363.6 X111.778 Y106 E166.81694
G1 F1382.5 X111.812 Y105.61 E166.82542
G1 F1500 X111.812 Y104.99 E166.83779
G1 X111.927 Y104.847 E166.84145
G1 X114.195 Y104.844 E166.88671
G1 X114.262 Y104.879 E166.88822
G1 F1558.4 X114.333 Y105.044 E166.89167
G1 F1617.3 X114.332 Y105.54 E166.90085
G1 F1554.4 X114.148 Y105.708 E166.90565
G1 F1500 X112.813 Y105.709 E166.93229
G1 X112.812 Y107.93 E166.97662
G1 X112.722 Y108.08 E166.98011
G1 X112.612 Y108.112 E166.98239
G1 X111.942 Y108.108 E166.99576
G1 F1385.7 X111.78 Y107.932 E167.00093
G1 X111.615 Y108.111 E167.00619
G1 F1500 X110.896 Y108.106 E167.02054
G1 X110.791 Y108.037 E167.02305
G1 X110.748 Y107.93 E167.02535
G1 X110.744 Y106.11 E167.06167
G1 X110.704 Y105.927 E167.06541
G1 X110.592 Y105.769 E167.06927
G1 X110.409 Y105.688 E167.07326
G1 X110.156 Y105.688 E167.07831
G1 X109.989 Y105.764 E167.08197
G1 X109.881 Y105.917 E167.08571
G1 X109.844 Y106.062 E167.0887
G1 X109.844 Y107.93 E167.12598
G1 X109.801 Y108.037 E167.12828
G1 X109.68 Y108.113 E167.13113
G1 F2700 E162.13113
G0 F9000 X109.68 Y108.822
G0 X103.437 Y108.35
G0 X103.437 Y104.608
G0 X104.913 Y104.608
G0 X105.678 Y105.631
G0 X106.129 Y106.061
G1 F2700 E167.13113
G1 F1583.1 X106.119 Y106.03 E167.13174
G1 F2700 E162.13174
G0 F9000 X105.678 Y105.631
G0 X104.913 Y104.608
G0 X103.437 Y104.608
G0 X103.437 Y108.35
G0 X103.875 Y111.941
G0 X109.11 Y111.363
G0 X109.334 Y112.196
G0 X110.053 Y111.129
G0 X110 Y110.872
;TYPE:SKIN
G1 F2700 E167.13174
G1 F1500 X109.828 Y110.909 E167.13526
G1 X109.435 Y111.204 E167.14506
G1 X109.332 Y111.379 E167.14911
G1 X109.229 Y111.204 E167.15317
G1 X108.908 Y110.966 E167.16114
G1 X108.487 Y110.816 E167.17006
G1 X107.493 Y110.815 E167.1899
G1 X107.103 Y110.937 E167.19805
G1 X106.995 Y111.005 E167.2006
G1 X106.664 Y110.857 E167.20783
G1 X105.829 Y110.764 E167.2246
G1 X105.221 Y110.82 E167.23678
G1 X104.749 Y110.965 E167.24664
G1 X104.474 Y111.089 E167.25266
G1 X104.208 Y111.25 E167.25886
G1 X104.208 Y109.272 E167.29834
G1 X106.06 Y109.268 E167.3353
G1 X106.31 Y109.229 E167.34034
G1 X106.505 Y109.153 E167.34452
G1 X106.882 Y109.269 E167.35239
G1 X107.983 Y109.269 E167.37436
G1 X108.378 Y109.096 E167.38297
G1 X108.633 Y109.208 E167.38853
G1 X108.889 Y109.264 E167.39376
G1 X109.911 Y109.264 E167.41415
G1 X110.297 Y109.092 E167.42259
G1 X110.58 Y109.221 E167.42879
G1 X110.925 Y109.271 E167.43575
G1 X112.717 Y109.264 E167.47151
G1 X113.132 Y109.169 E167.48001
G1 X113.287 Y109.085 E167.48352
G1 X113.44 Y109.169 E167.48701
G1 X113.815 Y109.272 E167.49477
G1 X115.788 Y109.272 E167.53414
G1 X115.788 Y110.88 E167.56623
G1 X115.544 Y110.812 E167.57129
G1 X114.661 Y110.815 E167.58891
G1 X114.207 Y110.962 E167.59843
G1 X114.02 Y110.865 E167.60263
G1 X113.627 Y110.807 E167.61056
G1 X110.246 Y110.82 E167.67803
G1 X110 Y110.872 E167.68305
G0 F9000 X110.055 Y111.129
G0 X109.558 Y111.363
G0 X109.334 Y111.836
G0 X109.11 Y111.363
G0 X104.782 Y111.237
G0 X104.595 Y110.817
G1 F1500 X104.408 Y110.63 E167.68833
G0 F9000 X104.408 Y110.065
G1 F1500 X105.015 Y110.671 E167.70545
G0 F9000 X105.504 Y110.595
G1 F1500 X104.408 Y109.499 E167.73638
G0 F9000 X104.946 Y109.471
G1 F1500 X106.058 Y110.584 E167.76778
G0 F9000 X106.698 Y110.658
G1 F1500 X105.51 Y109.47 E167.8013
G0 F9000 X106.074 Y109.468
G1 F1500 X107.279 Y110.673 E167.83531
G0 F9000 X107.788 Y110.616
G1 F1500 X106.548 Y109.376 E167.87031
G0 F9000 X107.207 Y109.47
G1 F1500 X108.35 Y110.613 E167.90256
G0 F9000 X108.349 Y111.072
G0 X109.055 Y111.398
G0 X109.333 Y111.03
G1 F1500 X107.77 Y109.467 E167.94668
G0 F9000 X108.245 Y109.377
G1 F1500 X109.657 Y110.788 E167.98651
G0 F9000 X110.083 Y110.649
G1 F1500 X108.898 Y109.464 E168.01995
G0 F9000 X109.466 Y109.466
G1 F1500 X110.614 Y110.614 E168.05235
G0 F9000 X111.178 Y110.613
G1 F1500 X110.01 Y109.444 E168.08533
G0 F9000 X110.555 Y109.424
G1 F1500 X111.743 Y110.611 E168.11884
G0 F9000 X112.307 Y110.61
G1 F1500 X111.166 Y109.469 E168.15105
G0 F9000 X111.729 Y109.466
G1 F1500 X112.871 Y110.608 E168.18328
G0 F9000 X113.435 Y110.607
G1 F1500 X112.293 Y109.464 E168.21552
G0 F9000 X112.835 Y109.441
G1 F1500 X114.066 Y110.671 E168.25025
G0 F9000 X114.589 Y110.629
G1 F1500 X113.296 Y109.336 E168.28674
G0 F9000 X113.998 Y109.472
G1 F1500 X115.14 Y110.614 E168.31897
G0 F9000 X115.589 Y110.497
G1 F1500 X114.563 Y109.472 E168.34791
G0 F9000 X115.129 Y109.472
G1 F1500 X115.589 Y109.932 E168.36089
G1 F2700 E163.36089
;MESH:NONMESH
G0 F300 Z2.24
G0 F9000 X116.048 Y109.932
G0 X115.976 Y109.084
G0 X108.608 Y108.35
G0 X108.616 Y106.916
G0 X107.432 Y106.523
;TIME_ELAPSED:612.422177
;LAYER:17
;TYPE:WALL-OUTER
;MESH:Lens_Openscad.stl
G1 F2700 E168.36089
G1 F1016.9 X107.396 Y106.586 E168.36303
G1 X107.323 Y106.586 E168.36518
G1 X107.286 Y106.523 E168.36733
G1 X107.322 Y106.46 E168.36946
G1 X107.395 Y106.46 E168.37161
G1 X107.432 Y106.523 E168.37376
G1 F2700 E163.37376
G0 F9000 X105.895 Y113.043
G0 X105.947 Y113.97
;TYPE:WALL-INNER
G1 F2700 E168.37376
G1 F1376.1 X106.009 Y113.913 E168.37559
G1 X106.071 Y113.707 E168.38027
G1 F1382.5 X106.05 Y113.367 E168.38765
G1 F1395.3 X105.964 Y113.265 E168.39051
G1 F1398.6 X105.761 Y113.236 E168.3949
G1 X105.687 Y113.307 E168.3971
G1 X105.634 Y113.475 E168.40087
G1 F1388.9 X105.639 Y113.758 E168.40697
G1 F1376.1 X105.687 Y113.921 E168.41066
G1 X105.746 Y113.97 E168.41233
G1 X105.947 Y113.97 E168.4167
G0 F9000 X106.026 Y114.388
;TYPE:WALL-OUTER
G1 F1500 X106.145 Y114.346 E168.41922
G1 X106.313 Y114.211 E168.42352
G1 X106.392 Y114.091 E168.42639
G1 X106.493 Y113.753 E168.43343
G1 X106.462 Y113.333 E168.44183
G1 X106.394 Y113.136 E168.44599
G1 X106.209 Y112.911 E168.45181
G1 X105.927 Y112.815 E168.45775
G1 X105.605 Y112.829 E168.46418
G1 X105.333 Y113.052 E168.4712
G1 X105.226 Y113.398 E168.47843
G1 X105.226 Y113.835 E168.48715
G1 X105.304 Y114.099 E168.49264
G1 X105.546 Y114.345 E168.49953
G1 X105.67 Y114.388 E168.50215
G1 X106.026 Y114.388 E168.50925
G1 F2700 E163.50925
G0 F9000 X105.877 Y113.695
G0 X106.266 Y113.726
G0 X108.702 Y114.071
G0 X108.974 Y114.341
G1 F2700 E168.50925
G1 F1298.7 X108.507 Y114.341 E168.52002
G1 F1295.9 X108.507 Y113.876 E168.53076
G1 F1298.7 X108.989 Y113.879 E168.54187
G1 X109.148 Y113.958 E168.54596
G1 X109.189 Y114.047 E168.54822
G1 X109.152 Y114.267 E168.55336
G1 X108.974 Y114.341 E168.5578
G1 F2700 E163.5578
G0 F9000 X108.942 Y114.066
G0 X109.45 Y115.423
G0 X110 Y115.951
G0 X110 Y115.478
;TYPE:WALL-INNER
G1 F2700 E168.5578
G1 F1500 X109.92 Y115.407 E168.55994
G1 X109.786 Y115.481 E168.56299
G1 X109.464 Y115.588 E168.56976
G1 X109.11 Y115.636 E168.57689
G1 X107.678 Y115.64 E168.60547
G1 X107.336 Y115.535 E168.61261
G1 X107.179 Y115.377 E168.61706
G1 X107.145 Y115.275 E168.6192
G1 X106.914 Y115.434 E168.6248
G1 X106.56 Y115.589 E168.63251
G1 X106.096 Y115.676 E168.64193
G1 X105.607 Y115.676 E168.65169
G1 X105.023 Y115.568 E168.66354
G1 X104.545 Y115.282 E168.67466
G1 X104.205 Y114.953 E168.6841
G1 X103.97 Y114.542 E168.69355
G1 X103.844 Y114.092 E168.70287
G1 F1538.5 X103.816 Y113.569 E168.71306
G1 F1542.4 X103.843 Y113.143 E168.72135
G1 F1507.5 X103.972 Y112.685 E168.7308
G1 F1500 X104.206 Y112.277 E168.74018
G1 X104.519 Y111.953 E168.74917
G1 X104.924 Y111.705 E168.75865
G1 X105.38 Y111.572 E168.76813
G1 X105.853 Y111.529 E168.77761
G1 X106.486 Y111.607 E168.79033
G1 X106.955 Y111.822 E168.80063
G1 X107.131 Y111.939 E168.80485
G1 X107.233 Y111.766 E168.80885
G1 X107.412 Y111.632 E168.81332
G1 X107.597 Y111.572 E168.8172
G1 X108.331 Y111.574 E168.83185
G1 X108.557 Y111.641 E168.83655
G1 X108.709 Y111.755 E168.84034
G1 X108.876 Y112.151 E168.84892
G1 X108.876 Y112.582 E168.85752
G1 X109.297 Y112.586 E168.86592
G1 X109.792 Y112.746 E168.8763
G1 X109.792 Y112.151 E168.88818
G1 X109.959 Y111.755 E168.89675
G1 X110.111 Y111.641 E168.90054
G1 X110.305 Y111.572 E168.90465
G1 X112.781 Y111.574 E168.95407
G1 X112.916 Y111.602 E168.95682
G1 X113.051 Y111.574 E168.95957
G1 X113.636 Y111.571 E168.97124
G1 X113.904 Y111.635 E168.97674
G1 X114.159 Y111.877 E168.98376
G1 X114.212 Y112.078 E168.98791
G1 X114.325 Y111.877 E168.99251
G1 X114.58 Y111.635 E168.99952
G1 X114.768 Y111.572 E169.00348
G1 X115.552 Y111.572 E169.01912
G1 X115.913 Y111.691 E169.02671
G1 F1503.8 X116.151 Y112.172 E169.03739
G1 F1500 X116.146 Y115.144 E169.0967
G1 F1492.5 X115.982 Y115.459 E169.10383
G1 F1500 X115.836 Y115.569 E169.10747
G1 X115.552 Y115.64 E169.11332
G1 X115.02 Y115.64 E169.12393
G1 X114.697 Y115.547 E169.13064
G1 X114.498 Y115.337 E169.13641
G1 X114.439 Y115.115 E169.141
G1 X114.259 Y115.434 E169.14831
G1 X114.115 Y115.547 E169.15196
G1 X113.873 Y115.64 E169.15713
G1 X113.016 Y115.64 E169.17424
G1 X112.874 Y115.593 E169.17722
G1 X112.718 Y115.64 E169.18047
G1 X110.392 Y115.64 E169.22689
G1 X110.097 Y115.563 E169.23297
G1 X110 Y115.478 E169.23555
G0 F9000 X110 Y115.951
G0 X108.666 Y116.16
G0 X107.679 Y116.094
G1 F1174.2 X109.111 Y116.092 E169.27205
G1 F1111.1 X109.547 Y116.064 E169.28383
G1 F982 X109.838 Y116.021 E169.29279
G1 F1032.7 X110.392 Y116.094 E169.30899
G1 F1160.5 X113.975 Y116.087 E169.40141
G0 F9000 X114.406 Y116.176
G1 F1408.5 X115.02 Y116.094 E169.41457
G1 X114.498 Y115.86 E169.42673
G1 F1538.5 X114.413 Y115.794 E169.42882
G1 F1250 X113.975 Y116.087 E169.44144
G1 F1379.3 X114.406 Y116.176 E169.45099
G0 F9000 X115.02 Y116.094
G1 F1178.8 X115.678 Y116.093 E169.4677
G1 F1190.5 X115.842 Y116.048 E169.47198
G1 F2700 E164.47198
G0 F9000 X115.993 Y115.479
G0 X115.993 Y111.736
G0 X110 Y111.241
G1 F2700 E169.47198
G1 F1500 X110.347 Y111.172 E169.47904
G1 X113.636 Y111.171 E169.54468
G1 X113.915 Y111.211 E169.5503
G1 X114.083 Y111.277 E169.5539
G1 X114.242 Y111.429 E169.55829
G1 X114.401 Y111.277 E169.56268
G1 X114.717 Y111.172 E169.56933
G1 X115.552 Y111.172 E169.58599
G1 X116.148 Y111.37 E169.59852
G1 X116.148 Y108.912 E169.64758
G1 X113.848 Y108.912 E169.69347
G1 X113.565 Y108.83 E169.69935
G1 X113.288 Y108.63 E169.70617
G1 X113.158 Y108.75 E169.7097
G1 X112.785 Y108.911 E169.71781
G1 X110.948 Y108.912 E169.75447
G1 X110.691 Y108.879 E169.75964
G1 X110.417 Y108.76 E169.7656
G1 X110.296 Y108.652 E169.76884
G1 X110.175 Y108.76 E169.77207
G1 X109.837 Y108.908 E169.77944
G1 X108.952 Y108.908 E169.7971
G1 X108.547 Y108.78 E169.80558
G1 X108.38 Y108.581 E169.81076
G1 X108.213 Y108.78 E169.81594
G1 X107.832 Y108.912 E169.82399
G1 X106.933 Y108.91 E169.84193
G1 X106.601 Y108.827 E169.84876
G1 X106.498 Y108.715 E169.8518
G1 X106.395 Y108.827 E169.85483
G1 X106.042 Y108.911 E169.86208
G1 X103.848 Y108.912 E169.90586
G1 X103.849 Y112.071 E169.9689
G1 X104.179 Y111.729 E169.97838
G1 X104.377 Y111.57 E169.98345
G1 X104.645 Y111.406 E169.98972
G1 X104.877 Y111.302 E169.9948
G1 X105.307 Y111.175 E170.00374
G1 X105.859 Y111.126 E170.0148
G1 X106.578 Y111.212 E170.02925
G1 X107.038 Y111.421 E170.03934
G1 X107.237 Y111.273 E170.04429
G1 X107.548 Y111.171 E170.05082
G1 X108.368 Y111.176 E170.06718
G1 X108.692 Y111.249 E170.07381
G1 X108.997 Y111.478 E170.08142
G1 X109.299 Y112.192 E170.09689
G1 X109.392 Y112.206 E170.09877
G1 X109.392 Y112.137 E170.10014
G1 X109.671 Y111.478 E170.11443
G1 X109.981 Y111.245 E170.12216
G1 X110 Y111.241 E170.12255
G0 F9000 X115.971 Y111.135
G0 X116.23 Y108.83
G0 X113.799 Y108.901
G0 X110.296 Y108.822
G0 X110.296 Y107.969
G1 F1192.8 X110.296 Y106.157 E170.16802
G1 F2700 E165.16802
G0 F9000 X110.083 Y108.35
G0 X103.437 Y108.35
G0 X103.437 Y104.608
G0 X109.287 Y104.136
G0 X109.287 Y104.222
G1 F2700 E170.16802
G1 F1117.3 X109.759 Y103.946 E170.18267
G1 X109.322 Y103.817 E170.19488
G1 X108.752 Y103.946 E170.21054
G1 X109.287 Y104.222 E170.22666
G0 F9000 X109.759 Y103.946
G1 F1041.7 X110.264 Y103.926 E170.24119
G1 F1047.1 X110.761 Y103.944 E170.25541
G0 F9000 X111.41 Y104.254
G1 F1200 X111.821 Y103.954 E170.2681
G1 X111.387 Y103.841 E170.27929
G1 F1470.6 X111.073 Y103.862 E170.28569
G1 F1176.5 X110.761 Y103.944 E170.2939
G1 X111.033 Y104.086 E170.30171
G1 F1470.6 X111.41 Y104.254 E170.31011
G0 F9000 X111.821 Y103.954
G1 F991.7 X112.012 Y103.946 E170.31588
G1 F1006.7 X114.148 Y103.946 E170.37939
G1 F956.9 X114.518 Y103.977 E170.39101
G1 F949.4 X114.759 Y103.946 E170.39867
G1 F1000 X115.488 Y103.946 E170.42049
G1 F991.7 X115.752 Y103.97 E170.42849
G1 F2700 E165.42849
G0 F9000 X103.437 Y104.608
G0 X103.437 Y108.35
G0 X113.051 Y108.35
G0 X113.051 Y107.669
G0 X113.917 Y106.479
G1 F2700 E170.42849
G1 F1612.9 X113.614 Y106.51 E170.43414
G0 F9000 X113.288 Y107.448
G1 F1260.5 X113.754 Y106.885 E170.4515
G1 F1500 X113.934 Y106.849 E170.45516
G1 X114.288 Y106.848 E170.46223
G1 X114.288 Y105.991 E170.47933
G1 X114.148 Y106.108 E170.48297
G1 X113.213 Y106.109 E170.50163
G1 X113.213 Y106.51 E170.50963
G1 F1260.5 X113.288 Y107.448 E170.53198
G1 F1081.1 X113.288 Y107.971 E170.54646
G1 F2700 E165.54646
G0 F9000 X113.288 Y108.798
G0 X103.437 Y108.35
G0 X103.437 Y104.608
G0 X108.752 Y103.946
G1 F2700 E170.54646
G1 F1006.7 X108.16 Y103.946 E170.56406
G1 F991.7 X107.969 Y103.954 E170.56983
G0 F9000 X107.36 Y104.41
G1 F1351.4 X107.502 Y104.261 E170.57439
G1 F1134.2 X107.969 Y103.954 E170.58914
G1 X107.36 Y103.87 E170.60537
G1 F1153.8 X106.56 Y103.946 E170.62621
G1 X107.218 Y104.261 E170.64514
G1 F1351.4 X107.36 Y104.41 E170.6497
G0 F9000 X106.56 Y103.946
G1 F1006.7 X105.96 Y103.946 E170.66754
G1 F991.7 X105.769 Y103.954 E170.67331
G0 F9000 X105.216 Y104.379
G1 F1415.1 X105.344 Y104.24 E170.67731
G1 F1156.1 X105.769 Y103.954 E170.69057
G1 X105.216 Y103.86 E170.7051
G1 F1176.5 X104.472 Y103.946 E170.72415
G1 X105.088 Y104.24 E170.74152
G1 F1415.1 X105.216 Y104.379 E170.74552
G0 F9000 X104.472 Y103.946
G1 F1015.2 X104.296 Y103.951 E170.75071
G0 F9000 X116.257 Y104.186
G0 X116.533 Y106.95
G1 F1395.3 X116.533 Y105.044 E170.7916
G1 F1421.8 X116.551 Y104.252 E170.80828
G1 F1470.6 X116.457 Y103.966 E170.8144
G1 F1500 X116.34 Y103.781 E170.81877
G1 X116.175 Y103.626 E170.82329
G1 X115.926 Y103.488 E170.82897
G1 X115.719 Y103.448 E170.83318
G1 X104.255 Y103.448 E171.06195
G1 X103.966 Y103.54 E171.06801
G1 X103.625 Y103.821 E171.07682
G1 X103.488 Y104.074 E171.08257
G1 X103.448 Y104.278 E171.08671
G1 X103.448 Y104.803 E171.09719
G1 X103.706 Y104.45 E171.10592
G1 X104.472 Y104.444 E171.1212
G1 X104.837 Y104.567 E171.12889
G1 X104.975 Y104.715 E171.13293
G1 F1612.9 X105.044 Y105.044 E171.13917
G1 F1680.7 X105.058 Y105.51 E171.14747
G1 F1621.6 X105.507 Y105.51 E171.15576
G1 F1630.4 X105.411 Y105.244 E171.16095
G1 F1685.4 X105.388 Y105.044 E171.16453
G1 F1612.9 X105.457 Y104.715 E171.17077
G1 F1500 X105.595 Y104.567 E171.1748
G1 X105.877 Y104.444 E171.18094
G1 X106.56 Y104.444 E171.19457
G1 X106.946 Y104.584 E171.20277
G1 X107.086 Y104.731 E171.20682
G1 X107.243 Y105.176 E171.21624
G1 X107.48 Y105.176 E171.22097
G1 X107.631 Y104.733 E171.23031
G1 X107.774 Y104.584 E171.23443
G1 X108.075 Y104.444 E171.24105
G1 X108.752 Y104.444 E171.25456
G1 X109.023 Y104.508 E171.26012
G1 X109.209 Y104.665 E171.26498
G1 X109.47 Y104.533 E171.27081
G1 X109.844 Y104.436 E171.27852
G1 X110.218 Y104.405 E171.28601
G1 X110.803 Y104.442 E171.29771
G1 X111.259 Y104.616 E171.30745
G1 X111.493 Y104.766 E171.313
G1 X111.696 Y104.533 E171.31916
G1 X111.932 Y104.444 E171.3242
G1 X114.148 Y104.444 E171.36842
G1 X114.345 Y104.476 E171.3724
G1 X114.49 Y104.551 E171.37566
G1 X114.518 Y104.605 E171.37687
G1 X114.546 Y104.551 E171.37809
G1 X114.753 Y104.444 E171.38274
G1 X115.571 Y104.444 E171.39906
G1 X115.808 Y104.537 E171.40414
G1 X115.926 Y104.632 E171.40717
G1 F1445.8 X116.103 Y105.044 E171.41645
G1 F1395.3 X116.103 Y106.833 E171.45483
G1 X116.416 Y106.833 E171.46154
G1 X116.533 Y106.95 E171.46509
G1 F2700 E166.46509
G0 F9000 X116.209 Y104.201
G0 X103.437 Y104.608
G0 X103.437 Y108.35
G0 X113.288 Y108.858
G0 X116.23 Y108.83
G0 X115.971 Y111.135
G0 X109.954 Y111.736
G0 X108.716 Y112.746
G0 X108.716 Y111.736
G0 X105.856 Y111.683
G0 X105.399 Y111.723
G0 X104.984 Y111.852
G0 X104.62 Y112.073
G0 X104.325 Y112.379
G0 X104.113 Y112.751
G0 X103.992 Y113.169
G0 X103.992 Y114.071
G0 X104.114 Y114.486
G0 X104.327 Y114.856
G0 X104.624 Y115.156
G0 X104.883 Y115.309
G0 X107.022 Y116.17
G1 F2700 E171.46509
G1 F1388.9 X107.679 Y116.094 E171.47935
G1 X107.122 Y115.846 E171.49249
G1 F1690.1 X107.047 Y115.787 E171.49418
G1 X106.773 Y115.907 E171.49948
G1 F1421.8 X106.233 Y116.103 E171.51157
G1 F1392.1 X106.579 Y116.162 E171.51912
G1 F1648.4 X107.022 Y116.17 E171.52717
G0 F9000 X106.233 Y116.103
G1 F1247.4 X105.664 Y116.112 E171.54082
G1 X105.472 Y116.103 E171.54543
G0 F9000 X105.037 Y116.124
G1 F1276.6 X105.472 Y116.103 E171.55565
G1 X105.048 Y116.004 E171.56586
G1 F1336.3 X104.715 Y115.878 E171.57383
G1 F1333.3 X104.271 Y115.616 E171.58541
G1 X103.873 Y115.217 E171.59806
G1 F1339.3 X103.874 Y115.684 E171.6085
G1 X103.928 Y115.852 E171.61244
G1 F1333.3 X104.071 Y116.022 E171.61743
G1 X104.253 Y116.124 E171.62211
G1 F1336.3 X105.037 Y116.124 E171.63967
G0 F9000 X110 Y116.24
G0 X110 Y116.548
G1 F1500 X115.76 Y116.547 E171.75462
G1 X116.034 Y116.457 E171.76038
G1 X116.218 Y116.342 E171.76471
G1 X116.369 Y116.178 E171.76915
G1 X116.507 Y115.925 E171.77491
G1 X116.548 Y115.719 E171.7791
G1 X116.548 Y108.402 E171.92512
G1 X116.416 Y108.512 E171.92854
G1 X113.897 Y108.512 E171.97881
G1 X113.636 Y108.415 E171.98437
G1 X113.487 Y108.278 E171.98841
G1 F1252.6 X113.288 Y107.971 E171.99715
G1 X113.089 Y108.278 E172.0059
G1 F1500 X112.94 Y108.415 E172.00994
G1 X112.716 Y108.511 E172.0148
G1 X111.946 Y108.509 E172.03016
G1 X111.78 Y108.465 E172.03359
G1 X111.614 Y108.509 E172.03702
G1 X110.842 Y108.512 E172.05243
G1 X110.629 Y108.421 E172.05705
G1 X110.479 Y108.287 E172.06106
G1 F1321.6 X110.296 Y107.969 E172.06937
G1 X110.113 Y108.287 E172.07768
G1 F1500 X109.963 Y108.421 E172.0817
G1 X109.752 Y108.513 E172.08629
G1 X108.989 Y108.51 E172.10152
G1 X108.746 Y108.433 E172.1066
G1 X108.479 Y108.116 E172.11487
G1 X108.444 Y107.912 E172.119
G1 X108.444 Y107.661 E172.12401
G1 X108.281 Y108.116 E172.13366
G1 X108.014 Y108.433 E172.14193
G1 X107.716 Y108.512 E172.14808
G1 X106.942 Y108.509 E172.16353
G1 X106.764 Y108.461 E172.16721
G1 X106.498 Y108.175 E172.175
G1 X106.232 Y108.461 E172.1828
G1 X106.021 Y108.512 E172.18713
G1 X103.872 Y108.512 E172.23001
G1 X103.447 Y108.155 E172.24109
G1 F1507.5 X103.446 Y113.18 E172.34087
G1 F1550.4 X103.437 Y113.62 E172.34937
G1 F1542.4 X103.448 Y114.212 E172.36086
G1 F1500 X103.449 Y115.746 E172.39147
G1 X103.541 Y116.034 E172.3975
G1 X103.657 Y116.217 E172.40183
G1 X103.819 Y116.37 E172.40627
G1 X104.074 Y116.508 E172.41206
G1 X104.278 Y116.548 E172.41621
G1 X110 Y116.548 E172.5304
G0 F9000 X110 Y116.948
;TYPE:WALL-OUTER
G1 F1500 X115.82 Y116.948 E172.64654
G1 X116.206 Y116.821 E172.65465
G1 X116.475 Y116.652 E172.66099
G1 X116.696 Y116.414 E172.66747
G1 X116.889 Y116.063 E172.67546
G1 X116.948 Y115.757 E172.68168
G1 X116.948 Y108.644 E172.82363
G1 F1566.6 X116.965 Y107.912 E172.83762
G1 F1639.3 X116.965 Y107.448 E172.84609
G1 F1566.6 X116.948 Y106.716 E172.86009
G1 F1500 X116.948 Y104.18 E172.91069
G1 X116.821 Y103.794 E172.9188
G1 X116.652 Y103.525 E172.92514
G1 X116.413 Y103.3 E172.93169
G1 X116.063 Y103.107 E172.93967
G1 X115.757 Y103.048 E172.94589
G1 X104.191 Y103.048 E173.1767
G1 X103.794 Y103.175 E173.18502
G1 X103.525 Y103.348 E173.1914
G1 X103.299 Y103.583 E173.19791
G1 X103.107 Y103.937 E173.20594
G1 X103.048 Y104.24 E173.2121
G1 F1315.8 X103.104 Y105.044 E173.23044
G1 F1167.3 X103.106 Y108.001 E173.30627
G1 F1310 X103.048 Y108.936 E173.32767
G1 F1500 X103.049 Y115.808 E173.46481
G1 X103.175 Y116.206 E173.47314
G1 X103.347 Y116.475 E173.47951
G1 X103.583 Y116.696 E173.48597
G1 X103.937 Y116.889 E173.49401
G1 X104.24 Y116.948 E173.50017
G1 X110 Y116.948 E173.61512
G1 F2700 E168.61512
G0 F9000 X110 Y116.24
G0 X109.938 Y115.22
G0 X110 Y114.821
G1 F2700 E173.61512
G1 F1507.5 X109.948 Y114.893 E173.61688
G1 F1500 X109.674 Y115.096 E173.62369
G1 X109.392 Y115.194 E173.62965
G1 X109.14 Y115.234 E173.63474
G1 X107.677 Y115.24 E173.66393
G1 X107.562 Y115.205 E173.66633
G1 X107.476 Y115.049 E173.66989
G1 X107.476 Y114.193 E173.68697
G1 F1554.4 X107.49 Y113.749 E173.69553
G1 X107.425 Y114.189 E173.70409
G1 F1500 X107.264 Y114.565 E173.71225
G1 X107.041 Y114.85 E173.71947
G1 X106.753 Y115.068 E173.72668
G1 X106.461 Y115.196 E173.73305
G1 X106.075 Y115.273 E173.7409
G1 X105.627 Y115.273 E173.74984
G1 X105.163 Y115.186 E173.75926
G1 X104.777 Y114.956 E173.76823
G1 X104.523 Y114.703 E173.77538
G1 X104.335 Y114.364 E173.78312
G1 X104.238 Y114.023 E173.79019
G1 X104.204 Y113.602 E173.79862
G1 X104.243 Y113.193 E173.80682
G1 X104.354 Y112.824 E173.81451
G1 X104.543 Y112.505 E173.82191
G1 X104.795 Y112.253 E173.82902
G1 X105.109 Y112.068 E173.8363
G1 X105.449 Y111.966 E173.84338
G1 X105.83 Y111.932 E173.85101
G1 X106.383 Y112 E173.86213
G1 X106.828 Y112.21 E173.87195
G1 X107.013 Y112.357 E173.87667
G1 F1492.5 X107.301 Y112.732 E173.88615
G1 F1477.8 X107.472 Y113.234 E173.89689
G1 F1485.1 X107.477 Y112.142 E173.9189
G1 F1500 X107.528 Y112.036 E173.92125
G1 X107.641 Y111.974 E173.92382
G1 X108.295 Y111.972 E173.93687
G1 X108.421 Y112.033 E173.93967
G1 X108.476 Y112.165 E173.94252
G1 X108.476 Y112.98 E173.95878
G1 X109.226 Y112.986 E173.97375
G1 X109.641 Y113.118 E173.98244
G1 X109.93 Y113.329 E173.98958
G1 F1492.5 X110.189 Y113.753 E173.99955
G1 X110.192 Y112.165 E174.0314
G1 F1500 X110.247 Y112.033 E174.03425
G1 X110.352 Y111.975 E174.03664
G1 X112.789 Y111.974 E174.08528
G1 F1546.4 X112.916 Y112.172 E174.08983
G1 X113.044 Y111.972 E174.09443
G1 F1500 X113.703 Y111.971 E174.10758
G1 X113.836 Y112.097 E174.11123
G1 X113.836 Y113.557 E174.14037
G1 X114.673 Y112.073 E174.17437
G1 X114.813 Y111.974 E174.17779
G1 X115.552 Y111.972 E174.19254
G1 X115.673 Y112.011 E174.19508
G1 X115.752 Y112.172 E174.19866
G1 X115.75 Y115.075 E174.25659
G1 X115.696 Y115.18 E174.25895
G1 X115.57 Y115.24 E174.26173
G1 X115.02 Y115.24 E174.27271
G1 X114.912 Y115.209 E174.27495
G1 X114.82 Y115.04 E174.27879
G1 X114.82 Y113.638 E174.30677
G1 X113.966 Y115.139 E174.34123
G1 X113.827 Y115.237 E174.34462
G1 X113.035 Y115.236 E174.36043
G1 F1392.1 X112.874 Y115.06 E174.36556
G1 X112.713 Y115.236 E174.37069
G1 F1500 X110.392 Y115.24 E174.417
G1 X110.23 Y115.158 E174.42063
G1 X110.192 Y115.04 E174.4231
G1 F1522.8 X110.201 Y114.418 E174.43533
G1 F1530.6 X110.108 Y114.671 E174.4406
G1 F1519 X110 Y114.821 E174.44424
G0 F9000 X110.201 Y114.397
G1 F1617.3 X110.212 Y114.104 E174.44967
G1 F1566.6 X110.189 Y113.782 E174.45584
G1 F2700 E169.45584
G0 F9000 X107.49 Y113.749
G1 F2700 E174.45584
G1 F1538.5 X107.472 Y113.234 E174.46587
G1 F2700 E169.46587
G0 F9000 X112.915 Y112.668
G1 F2700 E174.46587
G1 F1591.5 X112.916 Y112.172 E174.4752
G1 F2700 E169.4752
G0 F9000 X112.916 Y111.264
G0 X112.874 Y111.764
G0 X112.874 Y114.576
G1 F2700 E174.4752
G1 F1301.5 X112.874 Y115.06 E174.48633
G0 F9000 X112.874 Y114.576
G1 F1415.1 X112.91 Y114.193 E174.49446
G1 F1754.4 X112.957 Y113.906 E174.49943
G1 F2047.8 X112.958 Y113.392 E174.50694
G1 F1734.1 X112.904 Y113.036 E174.51316
G1 F1542.4 X112.915 Y112.668 E174.5203
G1 F1566.6 X112.739 Y112.825 E174.52481
G1 X111.181 Y112.825 E174.55458
G1 F1587.3 X111.181 Y113.203 E174.56171
G1 F1562.5 X112.609 Y113.203 E174.58906
G1 F1764.7 X112.666 Y113.392 E174.59241
G1 F2047.8 X112.665 Y113.881 E174.59956
G1 F1796.4 X112.615 Y114.035 E174.60226
G1 F1634.9 X111.172 Y114.036 E174.62868
G1 F1666.7 X111.172 Y114.396 E174.63514
G1 F1634.9 X112.691 Y114.395 E174.66296
G1 F1438.8 X112.874 Y114.576 E174.66831
G1 F2700 E169.66831
G0 F9000 X112.874 Y111.764
G0 X113.933 Y108.11
G1 F2700 E174.66831
G1 F1500 X113.805 Y108.034 E174.67128
G1 X113.764 Y107.93 E174.67351
G1 X113.764 Y107.448 E174.68313
G1 X113.902 Y107.248 E174.68798
G1 X114.688 Y107.248 E174.70367
G1 X114.688 Y106.248 E174.72362
G1 F1558.4 X114.703 Y105.044 E174.74675
G1 X114.774 Y104.879 E174.7502
G1 F1500 X114.888 Y104.844 E174.75258
G1 X115.536 Y104.849 E174.76551
G1 X115.634 Y104.906 E174.76778
G1 X115.688 Y105.044 E174.77073
G1 X115.688 Y107.248 E174.81472
G1 X116.416 Y107.248 E174.82924
G1 F1566.6 X116.599 Y107.448 E174.83442
G1 F1634.9 X116.598 Y107.944 E174.84351
G1 F1562.5 X116.416 Y108.112 E174.84825
G1 F1500 X113.933 Y108.11 E174.8978
G0 F9000 X113.933 Y108.822
G0 X111.78 Y108.822
G0 X111.78 Y107.932
G1 F1284.8 X111.778 Y106 E174.94281
G1 F2700 E169.94281
G0 F9000 X108.91 Y105.435
G1 F2700 E174.94281
G1 F1052.6 X108.784 Y105.804 E174.9539
G1 F2700 E169.9539
G0 F9000 X108.633 Y106.597
G0 X109.68 Y108.113
G1 F2700 E174.9539
G1 F1500 X108.966 Y108.112 E174.96815
G1 F1470.6 X108.844 Y107.967 E174.97201
G1 F1415.1 X108.828 Y106.124 E175.011
G1 F1188.1 X108.784 Y105.804 E175.01913
G1 X108.606 Y106.085 E175.02751
G1 F1442.3 X107.905 Y107.98 E175.06945
G1 F1500 X107.796 Y108.11 E175.07283
G1 X106.941 Y108.111 E175.0899
G1 X106.82 Y107.981 E175.09344
G1 F1492.5 X106.526 Y107.178 E175.11059
G1 F1351.4 X106.384 Y106.911 E175.11729
G1 F1239.7 X106.252 Y106.548 E175.12662
G1 F1388.9 X106.129 Y106.061 E175.13744
G1 X106.182 Y106.56 E175.14826
G1 F1239.7 X106.048 Y106.777 E175.15442
G1 F1293.1 X104.694 Y106.782 E175.18576
G1 F1351.4 X104.694 Y107.226 E175.1956
G1 F1293.1 X106.072 Y107.221 E175.2275
G1 F1339.3 X106.194 Y107.448 E175.23326
G1 F1467 X106.187 Y107.969 E175.24389
G1 F1488.8 X106.054 Y108.112 E175.24781
G1 F1500 X103.872 Y108.112 E175.29136
G1 F1310 X103.617 Y107.957 E175.29818
G1 F1167.3 X103.616 Y105.044 E175.37288
G1 F1315.8 X103.819 Y104.845 E175.37934
G1 F1500 X104.472 Y104.844 E175.39237
G1 X104.594 Y104.885 E175.39494
G1 X104.672 Y105.044 E175.39848
G1 X104.673 Y105.895 E175.41546
G1 F1515.2 X105.94 Y105.9 E175.44049
G1 F1554.4 X106.119 Y106.03 E175.44475
G1 F1542.4 X105.762 Y105.079 E175.46447
G1 F1500 X105.792 Y104.934 E175.46742
G1 X105.925 Y104.847 E175.47059
G1 X106.56 Y104.844 E175.48326
G1 X106.722 Y104.902 E175.4867
G1 X106.959 Y105.576 E175.50096
G1 X107.765 Y105.576 E175.51704
G1 X107.994 Y104.907 E175.53115
G1 X108.125 Y104.847 E175.53403
G1 X108.824 Y104.844 E175.54798
G1 X108.941 Y104.977 E175.55151
G1 F1445.8 X108.957 Y105.112 E175.55433
G1 F1209.7 X108.91 Y105.435 E175.5624
G1 F1171.9 X109.08 Y105.257 E175.56869
G1 F1388.9 X109.358 Y105.038 E175.57632
G1 F1500 X109.61 Y104.908 E175.58198
G1 X109.913 Y104.83 E175.58822
G1 X110.28 Y104.804 E175.59556
G1 X110.721 Y104.838 E175.60439
G1 X111.067 Y104.968 E175.61177
G1 X111.328 Y105.137 E175.61797
G1 X111.529 Y105.362 E175.62399
G1 F1477.8 X111.691 Y105.689 E175.63138
G1 F1363.6 X111.778 Y106 E175.63847
G1 F1382.5 X111.812 Y105.61 E175.64695
G1 F1500 X111.812 Y104.99 E175.65932
G1 X111.927 Y104.847 E175.66298
G1 X114.195 Y104.844 E175.70824
G1 X114.262 Y104.879 E175.70975
G1 F1558.4 X114.333 Y105.044 E175.7132
G1 F1617.3 X114.332 Y105.54 E175.72238
G1 F1554.4 X114.148 Y105.708 E175.72718
G1 F1500 X112.813 Y105.709 E175.75382
G1 X112.812 Y107.93 E175.79815
G1 X112.722 Y108.08 E175.80164
G1 X112.612 Y108.112 E175.80392
G1 X111.942 Y108.108 E175.81729
G1 F1385.7 X111.78 Y107.932 E175.82246
G1 X111.615 Y108.111 E175.82772
G1 F1500 X110.896 Y108.106 E175.84207
G1 X110.791 Y108.037 E175.84458
G1 X110.748 Y107.93 E175.84688
G1 X110.744 Y106.11 E175.8832
G1 X110.704 Y105.927 E175.88694
G1 X110.592 Y105.769 E175.8908
G1 X110.409 Y105.688 E175.89479
G1 X110.156 Y105.688 E175.89984
G1 X109.982 Y105.767 E175.90366
G1 X109.911 Y105.853 E175.90588
G1 X109.848 Y106.099 E175.91095
G1 X109.844 Y107.93 E175.94749
G1 X109.801 Y108.037 E175.94979
G1 X109.68 Y108.113 E175.95264
G1 F2700 E170.95264
G0 F9000 X109.68 Y108.822
G0 X103.437 Y108.35
G0 X103.437 Y104.608
G0 X104.913 Y104.608
G0 X105.678 Y105.631
G0 X106.129 Y106.061
G1 F2700 E175.95264
G1 F1583.1 X106.119 Y106.03 E175.95326
G1 F2700 E170.95326
G0 F9000 X105.678 Y105.631
G0 X104.913 Y104.608
G0 X103.437 Y104.608
G0 X103.437 Y108.35
G0 X103.875 Y111.941
G0 X109.11 Y111.363
G0 X109.334 Y112.196
G0 X110.053 Y111.129
G0 X110 Y110.872
;TYPE:SKIN
G1 F2700 E175.95326
G1 F1500 X109.828 Y110.909 E175.95677
G1 X109.435 Y111.204 E175.96658
G1 X109.332 Y111.379 E175.97063
G1 X109.229 Y111.204 E175.97468
G1 X108.908 Y110.966 E175.98265
G1 X108.487 Y110.816 E175.99157
G1 X107.493 Y110.815 E176.01141
G1 X107.103 Y110.937 E176.01956
G1 X106.995 Y111.005 E176.02211
G1 X106.664 Y110.857 E176.02935
G1 X105.829 Y110.764 E176.04611
G1 X105.221 Y110.82 E176.0583
G1 X104.749 Y110.965 E176.06815
G1 X104.474 Y111.089 E176.07417
G1 X104.208 Y111.25 E176.08038
G1 X104.208 Y109.272 E176.11985
G1 X106.06 Y109.268 E176.15681
G1 X106.31 Y109.229 E176.16186
G1 X106.505 Y109.153 E176.16603
G1 X106.882 Y109.269 E176.17391
G1 X107.983 Y109.269 E176.19588
G1 X108.378 Y109.096 E176.20448
G1 X108.633 Y109.208 E176.21004
G1 X108.889 Y109.264 E176.21527
G1 X109.911 Y109.264 E176.23567
G1 X110.297 Y109.092 E176.2441
G1 X110.58 Y109.221 E176.25031
G1 X110.925 Y109.271 E176.25726
G1 X112.717 Y109.264 E176.29302
G1 X113.132 Y109.169 E176.30152
G1 X113.287 Y109.085 E176.30504
G1 X113.44 Y109.169 E176.30852
G1 X113.815 Y109.272 E176.31628
G1 X115.788 Y109.272 E176.35566
G1 X115.788 Y110.88 E176.38775
G1 X115.544 Y110.812 E176.3928
G1 X114.661 Y110.815 E176.41042
G1 X114.207 Y110.962 E176.41994
G1 X114.02 Y110.865 E176.42415
G1 X113.627 Y110.807 E176.43208
G1 X110.246 Y110.82 E176.49955
G1 X110 Y110.872 E176.50457
G0 F9000 X110.055 Y111.129
G0 X114.247 Y111.204
G0 X115.093 Y111.072
G0 X115.093 Y110.616
G1 F1500 X115.588 Y110.121 E176.51854
G0 F9000 X115.588 Y109.555
G1 F1500 X114.477 Y110.666 E176.54989
G0 F9000 X113.926 Y110.652
G1 F1500 X115.106 Y109.471 E176.58321
G0 F9000 X114.54 Y109.471
G1 F1500 X113.404 Y110.608 E176.61528
G0 F9000 X112.837 Y110.609
G1 F1500 X113.974 Y109.471 E176.64738
G0 F9000 X113.489 Y109.391
G1 F1500 X112.269 Y110.611 E176.68182
G0 F9000 X111.702 Y110.612
G1 F1500 X112.885 Y109.429 E176.7152
G0 F9000 X112.285 Y109.464
G1 F1500 X111.135 Y110.613 E176.74764
G0 F9000 X110.568 Y110.615
G1 F1500 X111.717 Y109.466 E176.78007
G0 F9000 X111.149 Y109.468
G1 F1500 X109.936 Y110.681 E176.8143
G0 F9000 X109.153 Y110.898
G1 F1500 X110.62 Y109.432 E176.85569
G0 F9000 X110.071 Y109.415
G1 F1500 X108.778 Y110.708 E176.89218
G0 F9000 X108.307 Y110.613
G1 F1500 X109.455 Y109.465 E176.92458
G0 F9000 X108.892 Y109.463
G1 F1500 X107.738 Y110.617 E176.95715
G0 F9000 X107.043 Y110.746
G1 F1500 X108.445 Y109.343 E176.99673
G0 F9000 X107.757 Y109.466
G1 F1500 X106.579 Y110.645 E177.02999
G0 F9000 X106.071 Y110.587
G1 F1500 X107.188 Y109.469 E177.06153
G0 F9000 X106.678 Y109.414
G1 F1500 X105.495 Y110.596 E177.0949
G0 F9000 X104.781 Y110.745
G1 F1500 X106.058 Y109.468 E177.13094
G0 F9000 X105.491 Y109.469
G1 F1500 X104.408 Y110.553 E177.16152
G0 F9000 X104.408 Y109.987
G1 F1500 X104.924 Y109.471 E177.17608
G1 F2700 E172.17608
;MESH:NONMESH
G0 F300 Z2.36
G0 F9000 X104.924 Y109.011
G0 X106.427 Y108.35
G0 X106.402 Y107.463
G0 X107.432 Y106.523
;TIME_ELAPSED:652.243067
;LAYER:18
;TYPE:WALL-OUTER
;MESH:Lens_Openscad.stl
G1 F2700 E177.17608
G1 F1016.9 X107.396 Y106.586 E177.17822
G1 X107.323 Y106.586 E177.18037
G1 X107.286 Y106.523 E177.18252
G1 X107.322 Y106.46 E177.18466
G1 X107.395 Y106.46 E177.1868
G1 X107.432 Y106.523 E177.18895
G1 F2700 E172.18895
G0 F9000 X105.895 Y113.043
G0 X105.947 Y113.97
;TYPE:WALL-INNER
G1 F2700 E177.18895
G1 F1376.1 X106.009 Y113.913 E177.19079
G1 X106.071 Y113.707 E177.19547
G1 F1382.5 X106.05 Y113.367 E177.20284
G1 F1395.3 X105.964 Y113.265 E177.2057
G1 F1398.6 X105.761 Y113.236 E177.21009
G1 X105.687 Y113.307 E177.21229
G1 X105.634 Y113.475 E177.21606
G1 F1388.9 X105.639 Y113.758 E177.22216
G1 F1376.1 X105.687 Y113.921 E177.22585
G1 X105.746 Y113.97 E177.22752
G1 X105.947 Y113.97 E177.23189
G0 F9000 X106.026 Y114.388
;TYPE:WALL-OUTER
G1 F1500 X106.145 Y114.346 E177.23441
G1 X106.313 Y114.211 E177.23871
G1 X106.392 Y114.091 E177.24158
G1 X106.493 Y113.753 E177.24862
G1 X106.462 Y113.333 E177.25703
G1 X106.394 Y113.136 E177.26118
G1 X106.209 Y112.911 E177.267
G1 X105.927 Y112.815 E177.27294
G1 X105.605 Y112.829 E177.27937
G1 X105.333 Y113.052 E177.28639
G1 X105.226 Y113.398 E177.29362
G1 X105.226 Y113.835 E177.30234
G1 X105.304 Y114.099 E177.30784
G1 X105.546 Y114.345 E177.31472
G1 X105.67 Y114.388 E177.31734
G1 X106.026 Y114.388 E177.32445
G1 F2700 E172.32445
G0 F9000 X105.877 Y113.695
G0 X106.266 Y113.726
G0 X108.702 Y114.071
G0 X108.974 Y114.341
G1 F2700 E177.32445
G1 F1298.7 X108.507 Y114.341 E177.33521
G1 F1295.9 X108.507 Y113.876 E177.34595
G1 F1298.7 X108.989 Y113.879 E177.35706
G1 X109.148 Y113.958 E177.36115
G1 X109.189 Y114.047 E177.36341
G1 X109.152 Y114.267 E177.36855
G1 X108.974 Y114.341 E177.373
G1 F2700 E172.373
G0 F9000 X108.942 Y114.066
G0 X109.45 Y115.423
G0 X110 Y115.951
G0 X110 Y115.478
;TYPE:WALL-INNER
G1 F2700 E177.373
G1 F1500 X109.92 Y115.407 E177.37513
G1 X109.786 Y115.481 E177.37819
G1 X109.464 Y115.588 E177.38496
G1 X109.11 Y115.636 E177.39209
G1 X107.678 Y115.64 E177.42066
G1 X107.336 Y115.535 E177.4278
G1 X107.179 Y115.377 E177.43225
G1 X107.145 Y115.275 E177.43439
G1 X106.914 Y115.434 E177.43999
G1 X106.56 Y115.589 E177.4477
G1 X106.096 Y115.676 E177.45712
G1 X105.607 Y115.676 E177.46688
G1 X105.023 Y115.568 E177.47873
G1 X104.545 Y115.282 E177.48985
G1 X104.205 Y114.953 E177.49929
G1 X103.97 Y114.542 E177.50874
G1 X103.844 Y114.092 E177.51806
G1 F1538.5 X103.816 Y113.569 E177.52826
G1 F1542.4 X103.843 Y113.143 E177.53654
G1 F1507.5 X103.972 Y112.685 E177.54599
G1 F1500 X104.206 Y112.277 E177.55537
G1 X104.519 Y111.953 E177.56436
G1 X104.924 Y111.705 E177.57384
G1 X105.38 Y111.572 E177.58332
G1 X105.853 Y111.529 E177.5928
G1 X106.486 Y111.607 E177.60553
G1 X106.955 Y111.822 E177.61582
G1 X107.131 Y111.939 E177.62004
G1 X107.233 Y111.766 E177.62405
G1 X107.412 Y111.632 E177.62851
G1 X107.597 Y111.572 E177.63239
G1 X108.331 Y111.574 E177.64704
G1 X108.557 Y111.641 E177.65174
G1 X108.709 Y111.755 E177.65553
G1 X108.876 Y112.151 E177.66411
G1 X108.876 Y112.582 E177.67271
G1 X109.297 Y112.586 E177.68111
G1 X109.792 Y112.746 E177.69149
G1 X109.792 Y112.151 E177.70337
G1 X109.959 Y111.755 E177.71195
G1 X110.111 Y111.641 E177.71574
G1 X110.305 Y111.572 E177.71985
G1 X112.781 Y111.574 E177.76926
G1 X112.916 Y111.602 E177.77201
G1 X113.051 Y111.574 E177.77476
G1 X113.636 Y111.571 E177.78643
G1 X113.904 Y111.635 E177.79193
G1 X114.159 Y111.876 E177.79894
G1 X114.212 Y112.078 E177.8031
G1 X114.325 Y111.876 E177.80772
G1 X114.58 Y111.635 E177.81472
G1 X114.768 Y111.572 E177.81868
G1 X115.552 Y111.572 E177.83433
G1 X115.913 Y111.691 E177.84191
G1 F1503.8 X116.151 Y112.172 E177.85259
G1 F1500 X116.146 Y115.144 E177.9119
G1 F1492.5 X115.982 Y115.459 E177.91903
G1 F1500 X115.836 Y115.569 E177.92267
G1 X115.552 Y115.64 E177.92852
G1 X115.02 Y115.64 E177.93913
G1 X114.697 Y115.547 E177.94584
G1 X114.498 Y115.336 E177.95163
G1 X114.439 Y115.114 E177.95621
G1 X114.314 Y115.336 E177.9613
G1 X114.115 Y115.547 E177.96708
G1 X113.873 Y115.64 E177.97226
G1 X113.016 Y115.64 E177.98936
G1 X112.874 Y115.593 E177.99235
G1 X112.718 Y115.64 E177.9956
G1 X110.392 Y115.64 E178.04202
G1 X110.097 Y115.563 E178.0481
G1 X110 Y115.478 E178.05067
G0 F9000 X110 Y115.951
G0 X108.666 Y116.16
G0 X107.679 Y116.094
G1 F1174.2 X109.111 Y116.092 E178.08718
G1 F1111.1 X109.547 Y116.064 E178.09895
G1 F982 X109.838 Y116.021 E178.10792
G1 F1032.7 X110.392 Y116.094 E178.12411
G1 F1160.5 X113.975 Y116.087 E178.21653
G0 F9000 X114.406 Y116.176
G1 F1408.5 X115.02 Y116.094 E178.2297
G1 X114.498 Y115.86 E178.24186
G1 F1538.5 X114.413 Y115.794 E178.24395
G1 F1250 X113.975 Y116.087 E178.25657
G1 F1379.3 X114.406 Y116.176 E178.26612
G0 F9000 X115.02 Y116.094
G1 F1178.8 X115.678 Y116.093 E178.28283
G1 F1190.5 X115.842 Y116.048 E178.28711
G1 F2700 E173.28711
G0 F9000 X115.993 Y115.479
G0 X115.993 Y111.736
G0 X110 Y111.241
G1 F2700 E178.28711
G1 F1500 X110.347 Y111.172 E178.29417
G1 X113.636 Y111.171 E178.3598
G1 X113.915 Y111.211 E178.36543
G1 X114.083 Y111.277 E178.36903
G1 X114.242 Y111.428 E178.3734
G1 X114.401 Y111.277 E178.37778
G1 X114.717 Y111.172 E178.38442
G1 X115.552 Y111.172 E178.40109
G1 X116.148 Y111.37 E178.41362
G1 X116.148 Y108.912 E178.46267
G1 X113.848 Y108.912 E178.50857
G1 X113.565 Y108.83 E178.51445
G1 X113.288 Y108.63 E178.52127
G1 X113.158 Y108.75 E178.5248
G1 X112.783 Y108.912 E178.53295
G1 X110.948 Y108.912 E178.56957
G1 X110.691 Y108.879 E178.57474
G1 X110.417 Y108.76 E178.5807
G1 X110.296 Y108.652 E178.58394
G1 X110.175 Y108.76 E178.58718
G1 X109.837 Y108.908 E178.59454
G1 X108.952 Y108.908 E178.6122
G1 X108.547 Y108.78 E178.62068
G1 X108.38 Y108.581 E178.62586
G1 X108.213 Y108.78 E178.63105
G1 X107.832 Y108.912 E178.63909
G1 X106.933 Y108.91 E178.65703
G1 X106.601 Y108.827 E178.66386
G1 X106.498 Y108.715 E178.6669
G1 X106.395 Y108.827 E178.66994
G1 X106.042 Y108.911 E178.67718
G1 X103.848 Y108.912 E178.72096
G1 X103.849 Y112.071 E178.784
G1 X104.179 Y111.729 E178.79349
G1 X104.377 Y111.57 E178.79855
G1 X104.645 Y111.406 E178.80482
G1 X104.877 Y111.302 E178.8099
G1 X105.307 Y111.175 E178.81885
G1 X105.859 Y111.126 E178.82991
G1 X106.578 Y111.212 E178.84436
G1 X107.038 Y111.421 E178.85444
G1 X107.237 Y111.273 E178.85939
G1 X107.548 Y111.171 E178.86592
G1 X108.368 Y111.176 E178.88228
G1 X108.692 Y111.249 E178.88891
G1 X108.997 Y111.478 E178.89652
G1 X109.299 Y112.192 E178.91199
G1 X109.392 Y112.206 E178.91387
G1 X109.392 Y112.137 E178.91525
G1 X109.671 Y111.478 E178.92953
G1 X109.981 Y111.245 E178.93727
G1 X110 Y111.241 E178.93765
G0 F9000 X115.971 Y111.135
G0 X116.23 Y108.83
G0 X113.799 Y108.901
G0 X110.296 Y108.822
G0 X110.296 Y107.969
G1 F1197.6 X110.298 Y106.157 E178.98295
G1 F2700 E173.98295
G0 F9000 X110.083 Y108.35
G0 X103.437 Y108.35
G0 X103.437 Y104.608
G0 X109.287 Y104.136
G0 X109.287 Y104.222
G1 F2700 E178.98295
G1 F1117.3 X109.759 Y103.946 E178.99759
G1 X109.322 Y103.817 E179.0098
G1 X108.752 Y103.946 E179.02546
G1 X109.287 Y104.222 E179.04159
G0 F9000 X109.759 Y103.946
G1 F1041.7 X110.264 Y103.926 E179.05611
G1 F1047.1 X110.761 Y103.944 E179.07033
G0 F9000 X111.41 Y104.254
G1 F1200 X111.821 Y103.954 E179.08302
G1 X111.387 Y103.841 E179.09421
G1 F1470.6 X111.073 Y103.862 E179.10061
G1 F1176.5 X110.761 Y103.944 E179.10882
G1 X111.033 Y104.086 E179.11663
G1 F1470.6 X111.41 Y104.254 E179.12503
G0 F9000 X111.821 Y103.954
G1 F991.7 X112.012 Y103.946 E179.1308
G1 F1006.7 X114.148 Y103.946 E179.19431
G1 F956.9 X114.518 Y103.977 E179.20593
G1 F949.4 X114.759 Y103.946 E179.21359
G1 F1000 X115.488 Y103.946 E179.23541
G1 F991.7 X115.752 Y103.97 E179.24341
G1 F2700 E174.24341
G0 F9000 X103.437 Y104.608
G0 X103.437 Y108.35
G0 X113.051 Y108.35
G0 X113.051 Y107.669
G0 X113.917 Y106.479
G1 F2700 E179.24341
G1 F1612.9 X113.614 Y106.51 E179.24907
G0 F9000 X113.288 Y107.448
G1 F1260.5 X113.754 Y106.885 E179.26642
G1 F1500 X113.934 Y106.849 E179.27008
G1 X114.288 Y106.848 E179.27715
G1 X114.288 Y105.991 E179.29425
G1 X114.148 Y106.108 E179.29789
G1 X113.213 Y106.109 E179.31655
G1 X113.213 Y106.51 E179.32455
G1 F1260.5 X113.288 Y107.448 E179.3469
G1 F1081.1 X113.288 Y107.971 E179.36138
G1 F2700 E174.36138
G0 F9000 X113.288 Y108.798
G0 X103.437 Y108.35
G0 X103.437 Y104.608
G0 X108.752 Y103.946
G1 F2700 E179.36138
G1 F1006.7 X108.16 Y103.946 E179.37898
G1 F991.7 X107.969 Y103.954 E179.38475
G0 F9000 X107.36 Y104.41
G1 F1351.4 X107.502 Y104.261 E179.38931
G1 F1134.2 X107.969 Y103.954 E179.40406
G1 X107.36 Y103.87 E179.42029
G1 F1153.8 X106.56 Y103.946 E179.44114
G1 X107.218 Y104.261 E179.46006
G1 F1351.4 X107.36 Y104.41 E179.46462
G0 F9000 X106.56 Y103.946
G1 F1006.7 X105.96 Y103.946 E179.48246
G1 F991.7 X105.769 Y103.954 E179.48823
G0 F9000 X105.216 Y104.379
G1 F1415.1 X105.344 Y104.24 E179.49223
G1 F1156.1 X105.769 Y103.954 E179.50549
G1 X105.216 Y103.86 E179.52002
G1 F1176.5 X104.472 Y103.946 E179.53907
G1 X105.088 Y104.24 E179.55644
G1 F1415.1 X105.216 Y104.379 E179.56044
G0 F9000 X104.472 Y103.946
G1 F1015.2 X104.296 Y103.951 E179.56563
G0 F9000 X116.257 Y104.186
G0 X116.533 Y106.95
G1 F1395.3 X116.533 Y105.044 E179.60652
G1 F1421.8 X116.551 Y104.252 E179.6232
G1 F1470.6 X116.457 Y103.966 E179.62933
G1 F1500 X116.34 Y103.781 E179.63369
G1 X116.175 Y103.626 E179.63821
G1 X115.926 Y103.488 E179.64389
G1 X115.719 Y103.448 E179.6481
G1 X104.255 Y103.448 E179.87688
G1 X103.966 Y103.54 E179.88293
G1 X103.625 Y103.821 E179.89175
G1 X103.488 Y104.074 E179.89749
G1 X103.448 Y104.278 E179.90164
G1 X103.448 Y104.803 E179.91211
G1 X103.706 Y104.45 E179.92084
G1 X104.472 Y104.444 E179.93613
G1 X104.837 Y104.567 E179.94381
G1 X104.975 Y104.715 E179.94785
G1 F1612.9 X105.044 Y105.044 E179.95409
G1 F1680.7 X105.058 Y105.51 E179.96239
G1 F1621.6 X105.507 Y105.51 E179.97068
G1 F1630.4 X105.411 Y105.244 E179.97587
G1 F1685.4 X105.388 Y105.044 E179.97945
G1 F1612.9 X105.457 Y104.715 E179.98569
G1 F1500 X105.595 Y104.567 E179.98973
G1 X105.877 Y104.444 E179.99587
G1 X106.56 Y104.444 E180.0095
G1 X106.946 Y104.584 E180.01769
G1 X107.086 Y104.731 E180.02174
G1 X107.243 Y105.176 E180.03116
G1 X107.48 Y105.176 E180.03589
G1 X107.631 Y104.733 E180.04523
G1 X107.774 Y104.584 E180.04935
G1 X108.075 Y104.444 E180.05597
G1 X108.752 Y104.444 E180.06948
G1 X109.023 Y104.508 E180.07504
G1 X109.209 Y104.665 E180.0799
G1 X109.47 Y104.533 E180.08573
G1 X109.844 Y104.436 E180.09345
G1 X110.218 Y104.405 E180.10093
G1 X110.803 Y104.442 E180.11263
G1 X111.259 Y104.616 E180.12237
G1 X111.493 Y104.766 E180.12792
G1 X111.696 Y104.533 E180.13409
G1 X111.932 Y104.444 E180.13912
G1 X114.148 Y104.444 E180.18334
G1 X114.345 Y104.476 E180.18732
G1 X114.49 Y104.551 E180.19058
G1 X114.518 Y104.605 E180.1918
G1 X114.546 Y104.551 E180.19301
G1 X114.753 Y104.444 E180.19766
G1 X115.571 Y104.444 E180.21398
G1 X115.808 Y104.537 E180.21907
G1 X115.926 Y104.632 E180.22209
G1 F1445.8 X116.103 Y105.044 E180.23137
G1 F1395.3 X116.103 Y106.833 E180.26975
G1 X116.416 Y106.833 E180.27647
G1 X116.533 Y106.95 E180.28002
G1 F2700 E175.28002
G0 F9000 X116.209 Y104.201
G0 X103.437 Y104.608
G0 X103.437 Y108.35
G0 X113.288 Y108.858
G0 X116.23 Y108.83
G0 X115.971 Y111.135
G0 X109.954 Y111.736
G0 X108.716 Y112.746
G0 X108.716 Y111.736
G0 X105.856 Y111.683
G0 X105.399 Y111.723
G0 X104.984 Y111.852
G0 X104.62 Y112.073
G0 X104.325 Y112.379
G0 X104.113 Y112.751
G0 X103.992 Y113.169
G0 X103.992 Y114.071
G0 X104.114 Y114.486
G0 X104.327 Y114.856
G0 X104.624 Y115.156
G0 X104.883 Y115.309
G0 X107.022 Y116.17
G1 F2700 E180.28002
G1 F1388.9 X107.679 Y116.094 E180.29427
G1 X107.122 Y115.846 E180.30741
G1 F1690.1 X107.047 Y115.787 E180.3091
G1 X106.773 Y115.907 E180.3144
G1 F1421.8 X106.233 Y116.103 E180.32649
G1 F1392.1 X106.579 Y116.162 E180.33404
G1 F1648.4 X107.022 Y116.17 E180.34209
G0 F9000 X106.233 Y116.103
G1 F1247.4 X105.664 Y116.112 E180.35574
G1 X105.472 Y116.103 E180.36036
G0 F9000 X105.037 Y116.124
G1 F1276.6 X105.472 Y116.103 E180.37057
G1 X105.048 Y116.004 E180.38078
G1 F1336.3 X104.715 Y115.878 E180.38875
G1 F1333.3 X104.271 Y115.616 E180.40033
G1 X103.873 Y115.217 E180.41298
G1 F1339.3 X103.874 Y115.684 E180.42342
G1 X103.928 Y115.852 E180.42736
G1 F1333.3 X104.071 Y116.022 E180.43235
G1 X104.253 Y116.124 E180.43703
G1 F1336.3 X105.037 Y116.124 E180.45459
G0 F9000 X110 Y116.24
G0 X110 Y116.548
G1 F1500 X115.76 Y116.547 E180.56954
G1 X116.034 Y116.457 E180.5753
G1 X116.218 Y116.342 E180.57963
G1 X116.369 Y116.178 E180.58408
G1 X116.507 Y115.925 E180.58983
G1 X116.548 Y115.719 E180.59402
G1 X116.548 Y108.402 E180.74004
G1 X116.416 Y108.512 E180.74347
G1 X113.897 Y108.512 E180.79374
G1 X113.636 Y108.415 E180.79929
G1 X113.487 Y108.278 E180.80333
G1 F1252.6 X113.288 Y107.971 E180.81207
G1 X113.089 Y108.278 E180.82082
G1 F1500 X112.94 Y108.415 E180.82486
G1 X112.716 Y108.511 E180.82972
G1 X111.947 Y108.509 E180.84507
G1 X111.782 Y108.465 E180.84847
G1 X111.617 Y108.509 E180.85188
G1 X110.842 Y108.512 E180.86735
G1 X110.629 Y108.421 E180.87197
G1 X110.479 Y108.288 E180.87597
G1 F1321.6 X110.296 Y107.969 E180.8843
G1 X110.113 Y108.288 E180.89263
G1 F1500 X109.963 Y108.421 E180.89663
G1 X109.752 Y108.513 E180.90123
G1 X108.989 Y108.51 E180.91645
G1 X108.746 Y108.433 E180.92154
G1 X108.479 Y108.116 E180.92981
G1 X108.444 Y107.912 E180.93394
G1 X108.444 Y107.661 E180.93895
G1 X108.281 Y108.116 E180.94859
G1 X108.014 Y108.433 E180.95687
G1 X107.716 Y108.512 E180.96302
G1 X106.942 Y108.509 E180.97846
G1 X106.764 Y108.461 E180.98214
G1 X106.498 Y108.175 E180.98994
G1 X106.232 Y108.461 E180.99773
G1 X106.021 Y108.512 E181.00206
G1 X103.872 Y108.512 E181.04495
G1 X103.447 Y108.155 E181.05603
G1 F1507.5 X103.446 Y113.18 E181.1558
G1 F1550.4 X103.437 Y113.62 E181.1643
G1 F1542.4 X103.448 Y114.212 E181.17579
G1 F1500 X103.449 Y115.746 E181.2064
G1 X103.541 Y116.034 E181.21244
G1 X103.657 Y116.217 E181.21676
G1 X103.819 Y116.37 E181.22121
G1 X104.074 Y116.508 E181.227
G1 X104.278 Y116.548 E181.23114
G1 X110 Y116.548 E181.34533
G0 F9000 X110 Y116.948
;TYPE:WALL-OUTER
G1 F1500 X115.82 Y116.948 E181.46148
G1 X116.206 Y116.821 E181.46959
G1 X116.475 Y116.652 E181.47593
G1 X116.696 Y116.414 E181.48241
G1 X116.889 Y116.063 E181.4904
G1 X116.948 Y115.757 E181.49662
G1 X116.948 Y108.644 E181.63857
G1 F1566.6 X116.965 Y107.912 E181.65256
G1 F1639.3 X116.965 Y107.448 E181.66103
G1 F1566.6 X116.948 Y106.716 E181.67502
G1 F1500 X116.948 Y104.18 E181.72563
G1 X116.821 Y103.794 E181.73374
G1 X116.652 Y103.525 E181.74008
G1 X116.413 Y103.3 E181.74663
G1 X116.063 Y103.107 E181.75461
G1 X115.757 Y103.048 E181.76082
G1 X104.191 Y103.048 E181.99164
G1 X103.794 Y103.175 E181.99996
G1 X103.525 Y103.348 E182.00634
G1 X103.299 Y103.583 E182.01284
G1 X103.107 Y103.937 E182.02088
G1 X103.048 Y104.24 E182.02704
G1 F1315.8 X103.104 Y105.044 E182.04538
G1 F1167.3 X103.106 Y108.001 E182.1212
G1 F1310 X103.048 Y108.936 E182.14261
G1 F1500 X103.049 Y115.808 E182.27975
G1 X103.175 Y116.206 E182.28808
G1 X103.347 Y116.475 E182.29445
G1 X103.583 Y116.696 E182.3009
G1 X103.937 Y116.889 E182.30895
G1 X104.24 Y116.948 E182.31511
G1 X110 Y116.948 E182.43006
G1 F2700 E177.43006
G0 F9000 X110 Y116.24
G0 X109.938 Y115.22
G0 X110 Y114.821
G1 F2700 E182.43006
G1 F1507.5 X109.948 Y114.893 E182.43182
G1 F1500 X109.674 Y115.096 E182.43863
G1 X109.392 Y115.194 E182.44458
G1 X109.14 Y115.234 E182.44967
G1 X107.677 Y115.24 E182.47887
G1 X107.562 Y115.205 E182.48127
G1 X107.476 Y115.049 E182.48482
G1 X107.476 Y114.191 E182.50195
G1 F1558.4 X107.491 Y113.732 E182.51077
G1 X107.413 Y114.231 E182.52047
G1 F1500 X107.264 Y114.565 E182.52777
G1 X107.041 Y114.85 E182.53499
G1 X106.753 Y115.068 E182.5422
G1 X106.461 Y115.196 E182.54856
G1 X106.075 Y115.273 E182.55641
G1 X105.627 Y115.273 E182.56535
G1 X105.163 Y115.186 E182.57478
G1 X104.777 Y114.956 E182.58374
G1 X104.523 Y114.703 E182.5909
G1 X104.335 Y114.364 E182.59863
G1 X104.238 Y114.023 E182.60571
G1 X104.204 Y113.602 E182.61414
G1 X104.243 Y113.193 E182.62234
G1 X104.354 Y112.824 E182.63003
G1 X104.543 Y112.505 E182.63742
G1 X104.795 Y112.253 E182.64454
G1 X105.109 Y112.068 E182.65181
G1 X105.449 Y111.966 E182.65889
G1 X105.83 Y111.932 E182.66653
G1 X106.383 Y112 E182.67765
G1 X106.828 Y112.21 E182.68747
G1 X107.013 Y112.357 E182.69218
G1 F1492.5 X107.301 Y112.733 E182.70168
G1 F1477.8 X107.472 Y113.238 E182.71248
G1 F1485.1 X107.477 Y112.142 E182.73457
G1 F1500 X107.528 Y112.036 E182.73692
G1 X107.641 Y111.974 E182.73949
G1 X108.295 Y111.972 E182.75254
G1 X108.421 Y112.033 E182.75533
G1 X108.476 Y112.165 E182.75819
G1 X108.476 Y112.98 E182.77445
G1 X109.226 Y112.986 E182.78942
G1 X109.638 Y113.118 E182.79805
G1 X109.929 Y113.329 E182.80523
G1 F1503.8 X110.095 Y113.563 E182.81094
G1 F1522.8 X110.201 Y113.867 E182.81727
G1 X110.192 Y113.474 E182.82499
G1 F1500 X110.192 Y112.165 E182.85112
G1 X110.247 Y112.033 E182.85397
G1 X110.352 Y111.975 E182.85636
G1 X112.789 Y111.974 E182.905
G1 F1546.4 X112.916 Y112.172 E182.90955
G1 X113.044 Y111.972 E182.91415
G1 F1500 X113.703 Y111.971 E182.9273
G1 X113.836 Y112.097 E182.93095
G1 X113.837 Y113.553 E182.96001
G1 X114.673 Y112.073 E182.99393
G1 X114.813 Y111.974 E182.99735
G1 X115.552 Y111.972 E183.0121
G1 X115.673 Y112.011 E183.01464
G1 X115.752 Y112.172 E183.01822
G1 X115.75 Y115.075 E183.07615
G1 X115.696 Y115.18 E183.07851
G1 X115.57 Y115.24 E183.08129
G1 X115.02 Y115.24 E183.09227
G1 X114.912 Y115.209 E183.09451
G1 X114.82 Y115.039 E183.09837
G1 X114.822 Y113.629 E183.1265
G1 X113.966 Y115.139 E183.16114
G1 X113.827 Y115.237 E183.16454
G1 X113.035 Y115.236 E183.18034
G1 F1392.1 X112.874 Y115.06 E183.18547
G1 X112.713 Y115.236 E183.1906
G1 F1500 X110.392 Y115.24 E183.23692
G1 X110.23 Y115.158 E183.24054
G1 X110.192 Y115.04 E183.24302
G1 F1522.8 X110.201 Y114.418 E183.25524
G1 F1530.6 X110.108 Y114.671 E183.26051
G1 F1519 X110 Y114.821 E183.26416
G0 F9000 X110.201 Y114.397
G1 F1574.8 X110.202 Y113.904 E183.27353
G1 F2700 E178.27353
G0 F9000 X107.491 Y113.732
G1 F2700 E183.27353
G1 F1542.4 X107.472 Y113.238 E183.28312
G1 F2700 E178.28312
G0 F9000 X112.915 Y112.668
G1 F2700 E183.28312
G1 F1591.5 X112.916 Y112.172 E183.29245
G1 F2700 E178.29245
G0 F9000 X112.916 Y111.264
G0 X112.874 Y111.764
G0 X112.874 Y114.576
G1 F2700 E183.29245
G1 F1301.5 X112.874 Y115.06 E183.30358
G0 F9000 X112.874 Y114.576
G1 F1415.1 X112.91 Y114.193 E183.31172
G1 F1754.4 X112.957 Y113.906 E183.31668
G1 F2047.8 X112.958 Y113.392 E183.3242
G1 F1734.1 X112.904 Y113.036 E183.33041
G1 F1542.4 X112.915 Y112.668 E183.33756
G1 F1566.6 X112.739 Y112.825 E183.34206
G1 X111.181 Y112.825 E183.37183
G1 F1587.3 X111.181 Y113.203 E183.37896
G1 F1562.5 X112.609 Y113.203 E183.40632
G1 F1764.7 X112.666 Y113.392 E183.40967
G1 F2047.8 X112.665 Y113.881 E183.41682
G1 F1796.4 X112.615 Y114.035 E183.41951
G1 F1634.9 X111.172 Y114.036 E183.44594
G1 F1666.7 X111.172 Y114.396 E183.4524
G1 F1634.9 X112.691 Y114.395 E183.48021
G1 F1438.8 X112.874 Y114.576 E183.48557
G1 F2700 E178.48557
G0 F9000 X112.874 Y111.764
G0 X113.933 Y108.11
G1 F2700 E183.48557
G1 F1500 X113.805 Y108.034 E183.48854
G1 X113.764 Y107.93 E183.49077
G1 X113.764 Y107.448 E183.50039
G1 X113.902 Y107.248 E183.50524
G1 X114.688 Y107.248 E183.52092
G1 X114.688 Y106.248 E183.54088
G1 F1558.4 X114.703 Y105.044 E183.56401
G1 X114.774 Y104.879 E183.56746
G1 F1500 X114.888 Y104.844 E183.56984
G1 X115.536 Y104.849 E183.58277
G1 X115.634 Y104.906 E183.58503
G1 X115.688 Y105.044 E183.58799
G1 X115.688 Y107.248 E183.63197
G1 X116.416 Y107.248 E183.6465
G1 F1566.6 X116.599 Y107.448 E183.65168
G1 F1634.9 X116.598 Y107.944 E183.66076
G1 F1562.5 X116.416 Y108.112 E183.66551
G1 F1500 X113.933 Y108.11 E183.71506
G0 F9000 X113.933 Y108.822
G0 X111.782 Y108.822
G0 X111.782 Y107.932
G1 F1284.8 X111.776 Y105.952 E183.76119
G1 F2700 E178.76119
G0 F9000 X108.91 Y105.435
G1 F2700 E183.76119
G1 F1052.6 X108.784 Y105.804 E183.77228
G1 F2700 E178.77228
G0 F9000 X108.633 Y106.597
G0 X109.68 Y108.113
G1 F2700 E183.77228
G1 F1500 X108.966 Y108.112 E183.78653
G1 F1470.6 X108.844 Y107.967 E183.79038
G1 F1415.1 X108.828 Y106.124 E183.82937
G1 F1188.1 X108.784 Y105.804 E183.83751
G1 X108.606 Y106.085 E183.84589
G1 F1442.3 X107.905 Y107.98 E183.88782
G1 F1500 X107.796 Y108.11 E183.89121
G1 X106.941 Y108.111 E183.90827
G1 X106.82 Y107.981 E183.91182
G1 F1492.5 X106.526 Y107.178 E183.92897
G1 F1351.4 X106.384 Y106.911 E183.93567
G1 F1239.7 X106.252 Y106.548 E183.94499
G1 F1388.9 X106.129 Y106.061 E183.95582
G1 X106.182 Y106.56 E183.96663
G1 F1239.7 X106.048 Y106.777 E183.97279
G1 F1293.1 X104.694 Y106.782 E184.00414
G1 F1351.4 X104.694 Y107.226 E184.01397
G1 F1293.1 X106.072 Y107.221 E184.04587
G1 F1339.3 X106.194 Y107.448 E184.05163
G1 F1467 X106.187 Y107.969 E184.06226
G1 F1488.8 X106.054 Y108.112 E184.06619
G1 F1500 X103.872 Y108.112 E184.10973
G1 F1310 X103.617 Y107.957 E184.11655
G1 F1167.3 X103.616 Y105.044 E184.19125
G1 F1315.8 X103.819 Y104.845 E184.19772
G1 F1500 X104.472 Y104.844 E184.21075
G1 X104.594 Y104.885 E184.21332
G1 X104.672 Y105.044 E184.21685
G1 X104.673 Y105.895 E184.23384
G1 F1515.2 X105.94 Y105.9 E184.25887
G1 F1554.4 X106.119 Y106.03 E184.26313
G1 F1542.4 X105.762 Y105.079 E184.28284
G1 F1500 X105.792 Y104.934 E184.2858
G1 X105.925 Y104.847 E184.28897
G1 X106.56 Y104.844 E184.30164
G1 X106.722 Y104.902 E184.30507
G1 X106.959 Y105.576 E184.31933
G1 X107.765 Y105.576 E184.33542
G1 X107.994 Y104.907 E184.34953
G1 X108.125 Y104.847 E184.3524
G1 X108.824 Y104.844 E184.36635
G1 X108.941 Y104.977 E184.36989
G1 F1445.8 X108.957 Y105.112 E184.3727
G1 F1209.7 X108.91 Y105.435 E184.38078
G1 F1171.9 X109.08 Y105.257 E184.38707
G1 F1388.9 X109.358 Y105.038 E184.39469
G1 F1500 X109.61 Y104.908 E184.40035
G1 X109.913 Y104.83 E184.4066
G1 X110.28 Y104.804 E184.41394
G1 X110.721 Y104.838 E184.42276
G1 X111.067 Y104.968 E184.43014
G1 X111.328 Y105.137 E184.43635
G1 X111.529 Y105.362 E184.44237
G1 F1463.4 X111.694 Y105.686 E184.4498
G1 F1345.3 X111.776 Y105.952 E184.456
G1 F1363.6 X111.808 Y105.61 E184.46354
G1 F1477.8 X111.812 Y104.99 E184.4761
G1 F1492.5 X111.927 Y104.847 E184.47978
G1 F1500 X114.195 Y104.844 E184.52504
G1 X114.262 Y104.879 E184.52655
G1 F1558.4 X114.333 Y105.044 E184.53
G1 F1617.3 X114.332 Y105.54 E184.53918
G1 F1554.4 X114.148 Y105.708 E184.54398
G1 F1500 X112.813 Y105.709 E184.57062
G1 X112.812 Y107.93 E184.61494
G1 X112.722 Y108.08 E184.61843
G1 X112.612 Y108.112 E184.62072
G1 X111.943 Y108.108 E184.63407
G1 F1392.1 X111.782 Y107.932 E184.6392
G1 X111.618 Y108.111 E184.64442
G1 F1500 X110.896 Y108.106 E184.65882
G1 X110.791 Y108.038 E184.66132
G1 X110.748 Y107.93 E184.66364
G1 X110.744 Y106.11 E184.69996
G1 X110.704 Y105.927 E184.7037
G1 X110.592 Y105.769 E184.70756
G1 X110.409 Y105.688 E184.71156
G1 X110.156 Y105.688 E184.71661
G1 X109.983 Y105.767 E184.7204
G1 X109.911 Y105.857 E184.7227
G1 X109.852 Y106.072 E184.72715
G1 X109.844 Y107.93 E184.76423
G1 X109.801 Y108.038 E184.76655
G1 X109.68 Y108.113 E184.76939
G1 F2700 E179.76939
G0 F9000 X109.68 Y108.822
G0 X103.437 Y108.35
G0 X103.437 Y104.608
G0 X104.913 Y104.608
G0 X105.678 Y105.631
G0 X106.129 Y106.061
G1 F2700 E184.76939
G1 F1583.1 X106.119 Y106.03 E184.77001
G1 F2700 E179.77001
G0 F9000 X105.678 Y105.631
G0 X104.913 Y104.608
G0 X103.437 Y104.608
G0 X103.437 Y108.35
G0 X103.875 Y111.941
G0 X109.11 Y111.363
G0 X109.334 Y112.196
G0 X110.053 Y111.129
G0 X110 Y110.872
;TYPE:SKIN
G1 F2700 E184.77001
G1 F1500 X109.828 Y110.909 E184.77352
G1 X109.435 Y111.204 E184.78332
G1 X109.332 Y111.379 E184.78738
G1 X109.229 Y111.204 E184.79143
G1 X108.908 Y110.966 E184.7994
G1 X108.487 Y110.816 E184.80832
G1 X107.493 Y110.815 E184.82816
G1 X107.103 Y110.937 E184.83631
G1 X106.995 Y111.005 E184.83886
G1 X106.664 Y110.857 E184.8461
G1 X105.829 Y110.764 E184.86286
G1 X105.221 Y110.82 E184.87505
G1 X104.749 Y110.965 E184.8849
G1 X104.474 Y111.089 E184.89092
G1 X104.208 Y111.25 E184.89713
G1 X104.208 Y109.272 E184.9366
G1 X106.06 Y109.268 E184.97356
G1 X106.31 Y109.229 E184.97861
G1 X106.505 Y109.153 E184.98278
G1 X106.882 Y109.269 E184.99065
G1 X107.983 Y109.269 E185.01263
G1 X108.378 Y109.096 E185.02123
G1 X108.633 Y109.208 E185.02679
G1 X108.889 Y109.264 E185.03202
G1 X109.911 Y109.264 E185.05241
G1 X110.297 Y109.092 E185.06085
G1 X110.58 Y109.221 E185.06705
G1 X110.925 Y109.271 E185.07401
G1 X112.717 Y109.264 E185.10977
G1 X113.132 Y109.169 E185.11827
G1 X113.287 Y109.085 E185.12179
G1 X113.44 Y109.169 E185.12527
G1 X113.815 Y109.272 E185.13303
G1 X115.788 Y109.272 E185.1724
G1 X115.788 Y110.88 E185.20449
G1 X115.544 Y110.812 E185.20955
G1 X114.661 Y110.815 E185.22717
G1 X114.207 Y110.962 E185.23669
G1 X114.02 Y110.865 E185.2409
G1 X113.627 Y110.807 E185.24882
G1 X110.246 Y110.82 E185.3163
G1 X110 Y110.872 E185.32131
G0 F9000 X110.055 Y111.129
G0 X109.558 Y111.363
G0 X109.334 Y111.836
G0 X109.11 Y111.363
G0 X104.782 Y111.237
G0 X104.595 Y110.817
G1 F1500 X104.408 Y110.63 E185.32659
G0 F9000 X104.408 Y110.065
G1 F1500 X105.015 Y110.671 E185.34371
G0 F9000 X105.504 Y110.595
G1 F1500 X104.408 Y109.499 E185.37464
G0 F9000 X104.946 Y109.471
G1 F1500 X106.058 Y110.584 E185.40604
G0 F9000 X106.698 Y110.658
G1 F1500 X105.51 Y109.47 E185.43957
G0 F9000 X106.074 Y109.468
G1 F1500 X107.279 Y110.673 E185.47357
G0 F9000 X107.788 Y110.616
G1 F1500 X106.548 Y109.376 E185.50857
G0 F9000 X107.207 Y109.47
G1 F1500 X108.35 Y110.613 E185.54083
G0 F9000 X108.349 Y111.072
G0 X109.055 Y111.398
G0 X109.333 Y111.03
G1 F1500 X107.77 Y109.467 E185.58494
G0 F9000 X108.245 Y109.377
G1 F1500 X109.657 Y110.788 E185.62477
G0 F9000 X110.083 Y110.649
G1 F1500 X108.898 Y109.464 E185.65822
G0 F9000 X109.466 Y109.466
G1 F1500 X110.614 Y110.614 E185.69062
G0 F9000 X111.178 Y110.613
G1 F1500 X110.01 Y109.444 E185.72359
G0 F9000 X110.555 Y109.424
G1 F1500 X111.743 Y110.611 E185.75711
G0 F9000 X112.307 Y110.61
G1 F1500 X111.166 Y109.469 E185.78931
G0 F9000 X111.729 Y109.466
G1 F1500 X112.871 Y110.608 E185.82154
G0 F9000 X113.435 Y110.607
G1 F1500 X112.293 Y109.464 E185.85378
G0 F9000 X112.835 Y109.441
G1 F1500 X114.066 Y110.671 E185.88851
G0 F9000 X114.589 Y110.629
G1 F1500 X113.296 Y109.336 E185.925
G0 F9000 X113.998 Y109.472
G1 F1500 X115.14 Y110.614 E185.95723
G0 F9000 X115.589 Y110.497
G1 F1500 X114.563 Y109.472 E185.98617
G0 F9000 X115.129 Y109.472
G1 F1500 X115.589 Y109.932 E185.99915
G1 F2700 E180.99915
;MESH:NONMESH
G0 F300 Z2.48
G0 F9000 X116.048 Y109.932
G0 X115.976 Y109.084
G0 X108.608 Y108.35
G0 X108.599 Y106.949
G0 X107.434 Y106.522
;TIME_ELAPSED:692.506499
;LAYER:19
;TYPE:WALL-OUTER
;MESH:Lens_Openscad.stl
G1 F2700 E185.99915
G1 F1020.4 X107.398 Y106.585 E186.00128
G1 X107.325 Y106.585 E186.00342
G1 X107.288 Y106.522 E186.00557
G1 X107.324 Y106.459 E186.0077
G1 X107.397 Y106.459 E186.00984
G1 X107.434 Y106.522 E186.01198
G1 F2700 E181.01198
G0 F9000 X105.895 Y113.043
G0 X105.949 Y113.976
;TYPE:WALL-INNER
G1 F2700 E186.01198
G1 F1411.8 X106.014 Y113.915 E186.01387
G1 F1398.6 X106.061 Y113.543 E186.0219
G1 F1385.7 X105.963 Y113.267 E186.02822
G1 X105.761 Y113.238 E186.03263
G1 X105.689 Y113.306 E186.03477
G1 X105.622 Y113.527 E186.03976
G1 F1398.6 X105.684 Y113.927 E186.04842
G1 F1411.8 X105.743 Y113.976 E186.05005
G1 X105.949 Y113.976 E186.05442
G0 F9000 X106.026 Y114.388
;TYPE:WALL-OUTER
G1 F1500 X106.145 Y114.346 E186.05694
G1 X106.313 Y114.211 E186.06124
G1 X106.392 Y114.09 E186.06412
G1 X106.468 Y113.835 E186.06943
G1 X106.479 Y113.501 E186.0761
G1 X106.392 Y113.132 E186.08366
G1 X106.209 Y112.911 E186.08939
G1 X105.927 Y112.814 E186.09534
G1 X105.604 Y112.829 E186.10179
G1 X105.384 Y113.01 E186.10748
G1 X105.308 Y113.132 E186.11035
G1 X105.202 Y113.48 E186.11761
G1 X105.227 Y113.836 E186.12473
G1 X105.304 Y114.099 E186.1302
G1 X105.546 Y114.345 E186.13709
G1 X105.67 Y114.388 E186.1397
G1 X106.026 Y114.388 E186.14681
G1 F2700 E181.14681
G0 F9000 X105.878 Y113.695
G0 X106.243 Y113.8
G0 X108.702 Y114.071
G0 X108.974 Y114.341
G1 F2700 E186.14681
G1 F1298.7 X108.507 Y114.341 E186.15757
G1 F1295.9 X108.507 Y113.876 E186.16831
G1 F1298.7 X108.974 Y113.879 E186.17908
G1 X109.131 Y113.937 E186.18294
G1 X109.189 Y114.045 E186.18576
G1 X109.152 Y114.267 E186.19095
G1 X108.974 Y114.341 E186.19539
G1 F2700 E181.19539
G0 F9000 X108.942 Y114.066
G0 X109.45 Y115.423
G0 X110 Y115.951
G0 X110 Y115.478
;TYPE:WALL-INNER
G1 F2700 E186.19539
G1 F1500 X109.92 Y115.407 E186.19753
G1 X109.786 Y115.481 E186.20058
G1 X109.464 Y115.588 E186.20735
G1 X109.11 Y115.636 E186.21448
G1 X107.678 Y115.64 E186.24306
G1 X107.336 Y115.535 E186.2502
G1 X107.179 Y115.377 E186.25464
G1 X107.145 Y115.275 E186.25679
G1 X106.914 Y115.434 E186.26239
G1 X106.56 Y115.589 E186.2701
G1 X106.096 Y115.676 E186.27952
G1 X105.607 Y115.676 E186.28928
G1 X105.023 Y115.568 E186.30113
G1 X104.545 Y115.282 E186.31225
G1 X104.205 Y114.953 E186.32169
G1 X103.97 Y114.542 E186.33113
G1 X103.844 Y114.092 E186.34046
G1 F1538.5 X103.816 Y113.569 E186.35065
G1 F1542.4 X103.843 Y113.143 E186.35894
G1 F1507.5 X103.972 Y112.685 E186.36838
G1 F1500 X104.206 Y112.277 E186.37777
G1 X104.519 Y111.953 E186.38676
G1 X104.924 Y111.705 E186.39624
G1 X105.38 Y111.572 E186.40572
G1 X105.853 Y111.529 E186.41519
G1 X106.486 Y111.607 E186.42792
G1 X106.955 Y111.822 E186.43822
G1 X107.131 Y111.939 E186.44244
G1 X107.233 Y111.766 E186.44644
G1 X107.412 Y111.632 E186.45091
G1 X107.597 Y111.572 E186.45479
G1 X108.331 Y111.574 E186.46943
G1 X108.557 Y111.641 E186.47414
G1 X108.709 Y111.755 E186.47793
G1 X108.876 Y112.151 E186.48651
G1 X108.876 Y112.582 E186.49511
G1 X109.297 Y112.586 E186.50351
G1 X109.792 Y112.746 E186.51389
G1 X109.792 Y112.151 E186.52576
G1 X109.959 Y111.755 E186.53434
G1 X110.111 Y111.641 E186.53813
G1 X110.305 Y111.572 E186.54224
G1 X112.781 Y111.574 E186.59165
G1 X112.916 Y111.602 E186.5944
G1 X113.051 Y111.574 E186.59716
G1 X113.636 Y111.571 E186.60883
G1 X113.904 Y111.635 E186.61433
G1 X114.159 Y111.877 E186.62134
G1 X114.212 Y112.078 E186.62549
G1 X114.325 Y111.877 E186.63009
G1 X114.58 Y111.635 E186.63711
G1 X114.768 Y111.572 E186.64107
G1 X115.552 Y111.572 E186.65671
G1 X115.913 Y111.691 E186.6643
G1 F1503.8 X116.151 Y112.172 E186.67498
G1 F1500 X116.146 Y115.144 E186.73429
G1 F1492.5 X115.982 Y115.459 E186.74141
G1 F1500 X115.836 Y115.569 E186.74506
G1 X115.552 Y115.64 E186.7509
G1 X115.02 Y115.64 E186.76152
G1 X114.697 Y115.547 E186.76823
G1 X114.498 Y115.337 E186.774
G1 X114.439 Y115.115 E186.77858
G1 X114.259 Y115.434 E186.78589
G1 X114.115 Y115.547 E186.78955
G1 X113.873 Y115.64 E186.79472
G1 X113.016 Y115.64 E186.81182
G1 X112.874 Y115.593 E186.81481
G1 X112.718 Y115.64 E186.81806
G1 X110.392 Y115.64 E186.86448
G1 X110.097 Y115.563 E186.87056
G1 X110 Y115.478 E186.87314
G0 F9000 X110 Y115.951
G0 X108.666 Y116.16
G0 X107.679 Y116.094
G1 F1174.2 X109.111 Y116.092 E186.90964
G1 F1111.1 X109.547 Y116.064 E186.92141
G1 F982 X109.838 Y116.021 E186.93038
G1 F1032.7 X110.392 Y116.094 E186.94658
G1 F1160.5 X113.975 Y116.087 E187.03899
G0 F9000 X114.406 Y116.176
G1 F1408.5 X115.02 Y116.094 E187.05216
G1 X114.498 Y115.86 E187.06432
G1 F1538.5 X114.413 Y115.794 E187.06641
G1 F1250 X113.975 Y116.087 E187.07903
G1 F1379.3 X114.406 Y116.176 E187.08858
G0 F9000 X115.02 Y116.094
G1 F1178.8 X115.678 Y116.093 E187.10529
G1 F1190.5 X115.842 Y116.048 E187.10957
G1 F2700 E182.10957
G0 F9000 X115.993 Y115.479
G0 X115.993 Y111.736
G0 X110 Y111.241
G1 F2700 E187.10957
G1 F1500 X110.347 Y111.172 E187.11663
G1 X113.636 Y111.171 E187.18226
G1 X113.915 Y111.211 E187.18789
G1 X114.083 Y111.277 E187.19149
G1 X114.242 Y111.429 E187.19588
G1 X114.401 Y111.277 E187.20027
G1 X114.717 Y111.172 E187.20691
G1 X115.552 Y111.172 E187.22358
G1 X116.148 Y111.37 E187.23611
G1 X116.148 Y108.912 E187.28516
G1 X113.848 Y108.912 E187.33106
G1 X113.565 Y108.83 E187.33694
G1 X113.288 Y108.63 E187.34376
G1 X113.158 Y108.75 E187.34729
G1 X112.783 Y108.912 E187.35544
G1 X110.948 Y108.912 E187.39206
G1 X110.691 Y108.879 E187.39723
G1 X110.417 Y108.76 E187.40319
G1 X110.296 Y108.652 E187.40643
G1 X110.175 Y108.76 E187.40967
G1 X109.837 Y108.908 E187.41703
G1 X108.952 Y108.908 E187.43469
G1 X108.547 Y108.78 E187.44317
G1 X108.38 Y108.581 E187.44835
G1 X108.213 Y108.78 E187.45354
G1 X107.832 Y108.912 E187.46158
G1 X106.933 Y108.91 E187.47952
G1 X106.601 Y108.827 E187.48635
G1 X106.498 Y108.715 E187.48939
G1 X106.395 Y108.827 E187.49243
G1 X106.042 Y108.911 E187.49967
G1 X103.848 Y108.912 E187.54345
G1 X103.849 Y112.071 E187.60649
G1 X104.179 Y111.729 E187.61598
G1 X104.377 Y111.57 E187.62104
G1 X104.645 Y111.406 E187.62731
G1 X104.877 Y111.302 E187.63239
G1 X105.307 Y111.175 E187.64134
G1 X105.859 Y111.126 E187.65239
G1 X106.578 Y111.212 E187.66685
G1 X107.038 Y111.421 E187.67693
G1 X107.237 Y111.273 E187.68188
G1 X107.548 Y111.171 E187.68841
G1 X108.368 Y111.176 E187.70477
G1 X108.692 Y111.249 E187.7114
G1 X108.997 Y111.478 E187.71901
G1 X109.299 Y112.192 E187.73448
G1 X109.392 Y112.206 E187.73636
G1 X109.392 Y112.137 E187.73774
G1 X109.671 Y111.478 E187.75202
G1 X109.981 Y111.245 E187.75976
G1 X110 Y111.241 E187.76014
G0 F9000 X115.971 Y111.135
G0 X116.23 Y108.83
G0 X113.799 Y108.901
G0 X110.296 Y108.822
G0 X110.296 Y107.969
G1 F1197.6 X110.298 Y106.157 E187.80544
G1 F2700 E182.80544
G0 F9000 X110.084 Y108.35
G0 X103.437 Y108.35
G0 X103.437 Y104.608
G0 X109.287 Y104.136
G0 X109.287 Y104.222
G1 F2700 E187.80544
G1 F1117.3 X109.759 Y103.946 E187.82008
G1 X109.322 Y103.817 E187.83229
G1 X108.752 Y103.946 E187.84795
G1 X109.287 Y104.222 E187.86408
G0 F9000 X109.759 Y103.946
G1 F1041.7 X110.264 Y103.926 E187.8786
G1 F1047.1 X110.761 Y103.944 E187.89282
G0 F9000 X111.41 Y104.254
G1 F1200 X111.821 Y103.954 E187.90551
G1 X111.387 Y103.841 E187.9167
G1 F1470.6 X111.073 Y103.862 E187.9231
G1 F1176.5 X110.761 Y103.944 E187.93131
G1 X111.033 Y104.086 E187.93912
G1 F1470.6 X111.41 Y104.254 E187.94752
G0 F9000 X111.821 Y103.954
G1 F991.7 X112.012 Y103.946 E187.95329
G1 F1006.7 X114.148 Y103.946 E188.0168
G1 F956.9 X114.518 Y103.977 E188.02842
G1 F949.4 X114.759 Y103.946 E188.03608
G1 F1000 X115.488 Y103.946 E188.0579
G1 F991.7 X115.752 Y103.97 E188.0659
G1 F2700 E183.0659
G0 F9000 X103.437 Y104.608
G0 X103.437 Y108.35
G0 X113.051 Y108.35
G0 X113.051 Y107.669
G0 X113.917 Y106.479
G1 F2700 E188.0659
G1 F1612.9 X113.614 Y106.51 E188.07156
G0 F9000 X113.288 Y107.448
G1 F1260.5 X113.754 Y106.885 E188.08891
G1 F1500 X113.934 Y106.849 E188.09257
G1 X114.288 Y106.848 E188.09964
G1 X114.288 Y105.991 E188.11674
G1 X114.148 Y106.108 E188.12038
G1 X113.213 Y106.109 E188.13904
G1 X113.213 Y106.51 E188.14704
G1 F1260.5 X113.288 Y107.448 E188.16939
G1 F1081.1 X113.288 Y107.971 E188.18387
G1 F2700 E183.18387
G0 F9000 X113.288 Y108.798
G0 X103.437 Y108.35
G0 X103.437 Y104.608
G0 X108.752 Y103.946
G1 F2700 E188.18387
G1 F1006.7 X108.16 Y103.946 E188.20147
G1 F991.7 X107.969 Y103.954 E188.20724
G0 F9000 X107.36 Y104.41
G1 F1351.4 X107.502 Y104.261 E188.2118
G1 F1134.2 X107.969 Y103.954 E188.22655
G1 X107.36 Y103.87 E188.24278
G1 F1153.8 X106.56 Y103.946 E188.26363
G1 X107.218 Y104.261 E188.28255
G1 F1351.4 X107.36 Y104.41 E188.28711
G0 F9000 X106.56 Y103.946
G1 F1006.7 X105.96 Y103.946 E188.30495
G1 F991.7 X105.769 Y103.954 E188.31072
G0 F9000 X105.216 Y104.379
G1 F1415.1 X105.344 Y104.24 E188.31472
G1 F1156.1 X105.769 Y103.954 E188.32798
G1 X105.216 Y103.86 E188.34251
G1 F1176.5 X104.472 Y103.946 E188.36156
G1 X105.088 Y104.24 E188.37893
G1 F1415.1 X105.216 Y104.379 E188.38293
G0 F9000 X104.472 Y103.946
G1 F1015.2 X104.296 Y103.951 E188.38812
G0 F9000 X116.257 Y104.186
G0 X116.533 Y106.95
G1 F1395.3 X116.533 Y105.044 E188.42901
G1 F1421.8 X116.551 Y104.252 E188.44569
G1 F1470.6 X116.457 Y103.966 E188.45182
G1 F1500 X116.34 Y103.781 E188.45618
G1 X116.175 Y103.626 E188.4607
G1 X115.926 Y103.488 E188.46638
G1 X115.719 Y103.448 E188.47059
G1 X104.255 Y103.448 E188.69937
G1 X103.966 Y103.54 E188.70542
G1 X103.625 Y103.821 E188.71424
G1 X103.488 Y104.074 E188.71998
G1 X103.448 Y104.278 E188.72413
G1 X103.448 Y104.803 E188.7346
G1 X103.706 Y104.45 E188.74333
G1 X104.472 Y104.444 E188.75862
G1 X104.837 Y104.567 E188.7663
G1 X104.975 Y104.715 E188.77034
G1 F1612.9 X105.044 Y105.044 E188.77658
G1 F1680.7 X105.058 Y105.51 E188.78488
G1 F1621.6 X105.507 Y105.51 E188.79317
G1 F1630.4 X105.411 Y105.244 E188.79836
G1 F1685.4 X105.388 Y105.044 E188.80194
G1 F1612.9 X105.457 Y104.715 E188.80818
G1 F1500 X105.595 Y104.567 E188.81222
G1 X105.877 Y104.444 E188.81836
G1 X106.56 Y104.444 E188.83199
G1 X106.946 Y104.584 E188.84018
G1 X107.086 Y104.731 E188.84423
G1 X107.243 Y105.176 E188.85365
G1 X107.48 Y105.176 E188.85838
G1 X107.631 Y104.733 E188.86772
G1 X107.774 Y104.584 E188.87184
G1 X108.075 Y104.444 E188.87846
G1 X108.752 Y104.444 E188.89197
G1 X109.023 Y104.508 E188.89753
G1 X109.209 Y104.665 E188.90239
G1 X109.47 Y104.533 E188.90822
G1 X109.844 Y104.436 E188.91594
G1 X110.218 Y104.405 E188.92342
G1 X110.803 Y104.442 E188.93512
G1 X111.259 Y104.616 E188.94486
G1 X111.493 Y104.766 E188.95041
G1 X111.696 Y104.533 E188.95658
G1 X111.932 Y104.444 E188.96161
G1 X114.148 Y104.444 E189.00583
G1 X114.345 Y104.476 E189.00981
G1 X114.49 Y104.551 E189.01307
G1 X114.518 Y104.605 E189.01429
G1 X114.546 Y104.551 E189.0155
G1 X114.753 Y104.444 E189.02015
G1 X115.571 Y104.444 E189.03647
G1 X115.808 Y104.537 E189.04155
G1 X115.926 Y104.632 E189.04458
G1 F1445.8 X116.103 Y105.044 E189.05386
G1 F1395.3 X116.103 Y106.833 E189.09224
G1 X116.416 Y106.833 E189.09896
G1 X116.533 Y106.95 E189.10251
G1 F2700 E184.10251
G0 F9000 X116.209 Y104.201
G0 X103.437 Y104.608
G0 X103.437 Y108.35
G0 X113.288 Y108.858
G0 X116.23 Y108.83
G0 X115.971 Y111.135
G0 X109.954 Y111.736
G0 X108.716 Y112.746
G0 X108.716 Y111.736
G0 X105.856 Y111.683
G0 X105.399 Y111.723
G0 X104.984 Y111.852
G0 X104.62 Y112.073
G0 X104.325 Y112.379
G0 X104.113 Y112.751
G0 X103.992 Y113.169
G0 X103.992 Y114.071
G0 X104.114 Y114.486
G0 X104.327 Y114.856
G0 X104.624 Y115.156
G0 X104.883 Y115.309
G0 X107.022 Y116.17
G1 F2700 E189.10251
G1 F1388.9 X107.679 Y116.094 E189.11676
G1 X107.122 Y115.846 E189.1299
G1 F1690.1 X107.047 Y115.787 E189.13159
G1 X106.773 Y115.907 E189.13689
G1 F1421.8 X106.233 Y116.103 E189.14898
G1 F1392.1 X106.579 Y116.162 E189.15653
G1 F1648.4 X107.022 Y116.17 E189.16458
G0 F9000 X106.233 Y116.103
G1 F1247.4 X105.664 Y116.112 E189.17823
G1 X105.472 Y116.103 E189.18285
G0 F9000 X105.037 Y116.124
G1 F1276.6 X105.472 Y116.103 E189.19306
G1 X105.048 Y116.004 E189.20327
G1 F1336.3 X104.715 Y115.878 E189.21124
G1 F1333.3 X104.271 Y115.616 E189.22282
G1 X103.873 Y115.217 E189.23547
G1 F1339.3 X103.874 Y115.684 E189.24591
G1 X103.928 Y115.852 E189.24985
G1 F1333.3 X104.071 Y116.022 E189.25484
G1 X104.253 Y116.124 E189.25952
G1 F1336.3 X105.037 Y116.124 E189.27708
G0 F9000 X110 Y116.24
G0 X110 Y116.548
G1 F1500 X115.76 Y116.547 E189.39203
G1 X116.034 Y116.457 E189.39779
G1 X116.218 Y116.342 E189.40212
G1 X116.369 Y116.178 E189.40657
G1 X116.507 Y115.925 E189.41232
G1 X116.548 Y115.719 E189.41651
G1 X116.548 Y108.402 E189.56253
G1 X116.416 Y108.512 E189.56596
G1 X113.897 Y108.512 E189.61623
G1 X113.636 Y108.415 E189.62178
G1 X113.487 Y108.278 E189.62582
G1 F1252.6 X113.288 Y107.971 E189.63456
G1 X113.089 Y108.278 E189.64331
G1 F1500 X112.94 Y108.415 E189.64735
G1 X112.716 Y108.511 E189.65221
G1 X111.947 Y108.509 E189.66756
G1 X111.782 Y108.465 E189.67096
G1 X111.617 Y108.509 E189.67437
G1 X110.842 Y108.512 E189.68984
G1 X110.629 Y108.421 E189.69446
G1 X110.479 Y108.287 E189.69847
G1 F1321.6 X110.296 Y107.969 E189.70678
G1 X110.113 Y108.287 E189.7151
G1 F1500 X109.963 Y108.421 E189.71911
G1 X109.752 Y108.513 E189.7237
G1 X108.989 Y108.51 E189.73893
G1 X108.746 Y108.433 E189.74402
G1 X108.479 Y108.116 E189.75229
G1 X108.444 Y107.912 E189.75642
G1 X108.444 Y107.661 E189.76143
G1 X108.281 Y108.116 E189.77107
G1 X108.014 Y108.433 E189.77934
G1 X107.716 Y108.512 E189.7855
G1 X106.942 Y108.509 E189.80094
G1 X106.764 Y108.461 E189.80462
G1 X106.498 Y108.175 E189.81241
G1 X106.232 Y108.461 E189.82021
G1 X106.021 Y108.512 E189.82454
G1 X103.872 Y108.512 E189.86743
G1 X103.447 Y108.155 E189.8785
G1 F1507.5 X103.446 Y113.18 E189.97828
G1 F1550.4 X103.437 Y113.62 E189.98678
G1 F1542.4 X103.448 Y114.212 E189.99827
G1 F1500 X103.449 Y115.746 E190.02888
G1 X103.541 Y116.034 E190.03492
G1 X103.657 Y116.217 E190.03924
G1 X103.819 Y116.37 E190.04369
G1 X104.074 Y116.508 E190.04947
G1 X104.278 Y116.548 E190.05362
G1 X110 Y116.548 E190.16781
G0 F9000 X110 Y116.948
;TYPE:WALL-OUTER
G1 F1500 X115.82 Y116.948 E190.28395
G1 X116.206 Y116.821 E190.29206
G1 X116.475 Y116.652 E190.2984
G1 X116.696 Y116.414 E190.30488
G1 X116.889 Y116.063 E190.31288
G1 X116.948 Y115.757 E190.3191
G1 X116.948 Y108.644 E190.46104
G1 F1566.6 X116.965 Y107.912 E190.47504
G1 F1639.3 X116.965 Y107.448 E190.48351
G1 F1566.6 X116.948 Y106.716 E190.4975
G1 F1500 X116.948 Y104.18 E190.54811
G1 X116.821 Y103.794 E190.55622
G1 X116.652 Y103.525 E190.56256
G1 X116.413 Y103.3 E190.56911
G1 X116.063 Y103.107 E190.57708
G1 X115.757 Y103.048 E190.5833
G1 X104.191 Y103.048 E190.81411
G1 X103.794 Y103.175 E190.82243
G1 X103.525 Y103.348 E190.82881
G1 X103.299 Y103.583 E190.83532
G1 X103.107 Y103.937 E190.84336
G1 X103.048 Y104.24 E190.84952
G1 F1315.8 X103.104 Y105.044 E190.86785
G1 F1167.3 X103.106 Y108.001 E190.94368
G1 F1310 X103.048 Y108.936 E190.96509
G1 F1500 X103.049 Y115.808 E191.10223
G1 X103.175 Y116.206 E191.11056
G1 X103.347 Y116.475 E191.11693
G1 X103.583 Y116.696 E191.12338
G1 X103.937 Y116.889 E191.13143
G1 X104.24 Y116.948 E191.13759
G1 X110 Y116.948 E191.25253
G1 F2700 E186.25253
G0 F9000 X110 Y116.24
G0 X109.938 Y115.22
G0 X110 Y114.821
G1 F2700 E191.25253
G1 F1507.5 X109.948 Y114.893 E191.2543
G1 F1500 X109.674 Y115.096 E191.2611
G1 X109.392 Y115.194 E191.26706
G1 X109.14 Y115.234 E191.27215
G1 X107.677 Y115.24 E191.30135
G1 X107.562 Y115.205 E191.30375
G1 X107.476 Y115.049 E191.3073
G1 X107.476 Y114.193 E191.32438
G1 F1554.4 X107.49 Y113.749 E191.33294
G1 X107.425 Y114.189 E191.3415
G1 F1500 X107.264 Y114.565 E191.34967
G1 X107.041 Y114.85 E191.35689
G1 X106.753 Y115.068 E191.3641
G1 X106.461 Y115.196 E191.37046
G1 X106.075 Y115.273 E191.37831
G1 X105.627 Y115.273 E191.38725
G1 X105.163 Y115.186 E191.39667
G1 X104.777 Y114.956 E191.40564
G1 X104.523 Y114.703 E191.4128
G1 X104.335 Y114.364 E191.42053
G1 X104.238 Y114.023 E191.42761
G1 X104.204 Y113.602 E191.43604
G1 X104.243 Y113.193 E191.44423
G1 X104.354 Y112.824 E191.45192
G1 X104.543 Y112.505 E191.45932
G1 X104.795 Y112.253 E191.46644
G1 X105.109 Y112.068 E191.47371
G1 X105.449 Y111.966 E191.48079
G1 X105.83 Y111.932 E191.48843
G1 X106.383 Y112 E191.49954
G1 X106.828 Y112.21 E191.50936
G1 X107.013 Y112.357 E191.51408
G1 F1492.5 X107.301 Y112.732 E191.52356
G1 F1477.8 X107.472 Y113.234 E191.5343
G1 F1485.1 X107.477 Y112.142 E191.55632
G1 F1500 X107.528 Y112.036 E191.55866
G1 X107.641 Y111.974 E191.56123
G1 X108.295 Y111.972 E191.57429
G1 X108.421 Y112.033 E191.57708
G1 X108.476 Y112.165 E191.57993
G1 X108.476 Y112.98 E191.5962
G1 X109.226 Y112.986 E191.61117
G1 X109.641 Y113.118 E191.61986
G1 X109.932 Y113.331 E191.62705
G1 F1492.5 X110.189 Y113.761 E191.6371
G1 X110.192 Y112.165 E191.66911
G1 F1500 X110.247 Y112.033 E191.67196
G1 X110.352 Y111.975 E191.67436
G1 X112.789 Y111.974 E191.72299
G1 F1546.4 X112.916 Y112.172 E191.72754
G1 X113.044 Y111.972 E191.73214
G1 F1500 X113.703 Y111.971 E191.74529
G1 X113.836 Y112.097 E191.74895
G1 X113.836 Y113.557 E191.77808
G1 X114.673 Y112.073 E191.81208
G1 X114.813 Y111.974 E191.8155
G1 X115.552 Y111.972 E191.83025
G1 X115.673 Y112.011 E191.83279
G1 X115.752 Y112.172 E191.83637
G1 X115.75 Y115.075 E191.8943
G1 X115.696 Y115.18 E191.89666
G1 X115.57 Y115.24 E191.89944
G1 X115.02 Y115.24 E191.91042
G1 X114.912 Y115.209 E191.91266
G1 X114.82 Y115.04 E191.9165
G1 X114.82 Y113.638 E191.94448
G1 X113.966 Y115.139 E191.97894
G1 X113.827 Y115.237 E191.98234
G1 X113.035 Y115.236 E191.99814
G1 F1392.1 X112.874 Y115.06 E192.00327
G1 X112.713 Y115.236 E192.0084
G1 F1500 X110.392 Y115.24 E192.05472
G1 X110.23 Y115.158 E192.05834
G1 X110.192 Y115.04 E192.06081
G1 F1522.8 X110.201 Y114.418 E192.07304
G1 F1530.6 X110.108 Y114.671 E192.07831
G1 F1519 X110 Y114.821 E192.08196
G0 F9000 X110.201 Y114.397
G1 F1626 X110.214 Y114.112 E192.08721
G1 F1574.8 X110.189 Y113.787 E192.0934
G1 F2700 E187.0934
G0 F9000 X107.49 Y113.749
G1 F2700 E192.0934
G1 F1538.5 X107.472 Y113.234 E192.10343
G1 F2700 E187.10343
G0 F9000 X112.915 Y112.668
G1 F2700 E192.10343
G1 F1591.5 X112.916 Y112.172 E192.11276
G1 F2700 E187.11276
G0 F9000 X112.916 Y111.264
G0 X112.874 Y111.764
G0 X112.874 Y114.576
G1 F2700 E192.11276
G1 F1301.5 X112.874 Y115.06 E192.12389
G0 F9000 X112.874 Y114.576
G1 F1415.1 X112.91 Y114.193 E192.13203
G1 F1754.4 X112.957 Y113.906 E192.13699
G1 F2047.8 X112.958 Y113.392 E192.1445
G1 F1734.1 X112.904 Y113.036 E192.15072
G1 F1542.4 X112.915 Y112.668 E192.15786
G1 F1566.6 X112.739 Y112.825 E192.16237
G1 X111.181 Y112.825 E192.19214
G1 F1587.3 X111.181 Y113.203 E192.19927
G1 F1562.5 X112.609 Y113.203 E192.22663
G1 F1764.7 X112.666 Y113.392 E192.22998
G1 F2047.8 X112.665 Y113.881 E192.23712
G1 F1796.4 X112.615 Y114.035 E192.23982
G1 F1634.9 X111.172 Y114.036 E192.26624
G1 F1666.7 X111.172 Y114.396 E192.27271
G1 F1634.9 X112.691 Y114.395 E192.30052
G1 F1438.8 X112.874 Y114.576 E192.30588
G1 F2700 E187.30588
G0 F9000 X112.874 Y111.764
G0 X113.933 Y108.11
G1 F2700 E192.30588
G1 F1500 X113.805 Y108.034 E192.30885
G1 X113.764 Y107.93 E192.31108
G1 X113.764 Y107.448 E192.3207
G1 X113.902 Y107.248 E192.32555
G1 X114.688 Y107.248 E192.34123
G1 X114.688 Y106.248 E192.36119
G1 F1558.4 X114.703 Y105.044 E192.38432
G1 X114.774 Y104.879 E192.38777
G1 F1500 X114.888 Y104.844 E192.39015
G1 X115.536 Y104.849 E192.40308
G1 X115.634 Y104.906 E192.40534
G1 X115.688 Y105.044 E192.4083
G1 X115.688 Y107.248 E192.45228
G1 X116.416 Y107.248 E192.46681
G1 F1566.6 X116.599 Y107.448 E192.47199
G1 F1634.9 X116.598 Y107.944 E192.48107
G1 F1562.5 X116.416 Y108.112 E192.48581
G1 F1500 X113.933 Y108.11 E192.53537
G0 F9000 X113.933 Y108.822
G0 X111.782 Y108.822
G0 X111.782 Y107.932
G1 F1284.8 X111.776 Y105.952 E192.5815
G1 F2700 E187.5815
G0 F9000 X108.91 Y105.435
G1 F2700 E192.5815
G1 F1052.6 X108.784 Y105.804 E192.59259
G1 F2700 E187.59259
G0 F9000 X108.633 Y106.597
G0 X109.68 Y108.113
G1 F2700 E192.59259
G1 F1500 X108.966 Y108.112 E192.60683
G1 F1470.6 X108.844 Y107.967 E192.61069
G1 F1415.1 X108.828 Y106.124 E192.64968
G1 F1188.1 X108.784 Y105.804 E192.65782
G1 X108.606 Y106.085 E192.6662
G1 F1442.3 X107.905 Y107.98 E192.70813
G1 F1500 X107.796 Y108.11 E192.71152
G1 X106.941 Y108.111 E192.72858
G1 X106.82 Y107.981 E192.73212
G1 F1492.5 X106.526 Y107.178 E192.74927
G1 F1351.4 X106.384 Y106.911 E192.75597
G1 F1239.7 X106.252 Y106.548 E192.7653
G1 F1388.9 X106.129 Y106.061 E192.77613
G1 X106.182 Y106.56 E192.78694
G1 F1239.7 X106.048 Y106.777 E192.7931
G1 F1293.1 X104.694 Y106.782 E192.82444
G1 F1351.4 X104.694 Y107.226 E192.83428
G1 F1293.1 X106.072 Y107.221 E192.86618
G1 F1339.3 X106.194 Y107.448 E192.87194
G1 F1467 X106.187 Y107.969 E192.88257
G1 F1488.8 X106.054 Y108.112 E192.8865
G1 F1500 X103.872 Y108.112 E192.93004
G1 F1310 X103.617 Y107.957 E192.93686
G1 F1167.3 X103.616 Y105.044 E193.01156
G1 F1315.8 X103.819 Y104.845 E193.01803
G1 F1500 X104.472 Y104.844 E193.03106
G1 X104.594 Y104.885 E193.03363
G1 X104.672 Y105.044 E193.03716
G1 X104.673 Y105.895 E193.05414
G1 F1515.2 X105.94 Y105.9 E193.07917
G1 F1554.4 X106.119 Y106.03 E193.08343
G1 F1542.4 X105.762 Y105.079 E193.10315
G1 F1500 X105.792 Y104.934 E193.1061
G1 X105.925 Y104.847 E193.10928
G1 X106.56 Y104.844 E193.12195
G1 X106.722 Y104.902 E193.12538
G1 X106.959 Y105.576 E193.13964
G1 X107.765 Y105.576 E193.15572
G1 X107.994 Y104.907 E193.16983
G1 X108.125 Y104.847 E193.17271
G1 X108.824 Y104.844 E193.18666
G1 X108.941 Y104.977 E193.19019
G1 F1445.8 X108.957 Y105.112 E193.19301
G1 F1209.7 X108.91 Y105.435 E193.20109
G1 F1171.9 X109.08 Y105.257 E193.20737
G1 F1388.9 X109.358 Y105.038 E193.215
G1 F1500 X109.61 Y104.908 E193.22066
G1 X109.913 Y104.83 E193.2269
G1 X110.28 Y104.804 E193.23425
G1 X110.721 Y104.838 E193.24307
G1 X111.067 Y104.968 E193.25045
G1 X111.328 Y105.137 E193.25665
G1 X111.529 Y105.362 E193.26267
G1 F1463.4 X111.694 Y105.686 E193.27011
G1 F1345.3 X111.776 Y105.952 E193.27631
G1 F1363.6 X111.808 Y105.61 E193.28385
G1 F1477.8 X111.812 Y104.99 E193.2964
G1 F1492.5 X111.927 Y104.847 E193.30008
G1 F1500 X114.195 Y104.844 E193.34535
G1 X114.262 Y104.879 E193.34685
G1 F1558.4 X114.333 Y105.044 E193.3503
G1 F1617.3 X114.332 Y105.54 E193.35948
G1 F1554.4 X114.148 Y105.708 E193.36428
G1 F1500 X112.813 Y105.709 E193.39092
G1 X112.812 Y107.93 E193.43525
G1 X112.722 Y108.08 E193.43874
G1 X112.612 Y108.112 E193.44102
G1 X111.943 Y108.108 E193.45437
G1 F1392.1 X111.782 Y107.932 E193.4595
G1 X111.618 Y108.111 E193.46472
G1 F1500 X110.896 Y108.106 E193.47913
G1 X110.791 Y108.037 E193.48164
G1 X110.748 Y107.93 E193.48394
G1 X110.744 Y106.11 E193.52026
G1 X110.704 Y105.927 E193.524
G1 X110.592 Y105.769 E193.52786
G1 X110.409 Y105.688 E193.53186
G1 X110.156 Y105.688 E193.53691
G1 X109.989 Y105.764 E193.54057
G1 X109.89 Y105.907 E193.54404
G1 X109.844 Y106.166 E193.54929
G1 X109.844 Y107.93 E193.58449
G1 X109.801 Y108.037 E193.58679
G1 X109.68 Y108.113 E193.58964
G1 F2700 E188.58964
G0 F9000 X109.68 Y108.822
G0 X103.437 Y108.35
G0 X103.437 Y104.608
G0 X104.913 Y104.608
G0 X105.678 Y105.631
G0 X106.129 Y106.061
G1 F2700 E193.58964
G1 F1583.1 X106.119 Y106.03 E193.59026
G1 F2700 E188.59026
G0 F9000 X105.678 Y105.631
G0 X104.913 Y104.608
G0 X103.437 Y104.608
G0 X103.437 Y108.35
G0 X103.875 Y111.941
G0 X109.11 Y111.363
G0 X109.334 Y112.196
G0 X110.053 Y111.129
G0 X110 Y110.872
;TYPE:SKIN
G1 F2700 E193.59026
G1 F1500 X109.828 Y110.909 E193.59377
G1 X109.435 Y111.204 E193.60358
G1 X109.332 Y111.379 E193.60763
G1 X109.229 Y111.204 E193.61168
G1 X108.908 Y110.966 E193.61966
G1 X108.487 Y110.816 E193.62858
G1 X107.493 Y110.815 E193.64841
G1 X107.103 Y110.937 E193.65657
G1 X106.995 Y111.005 E193.65911
G1 X106.664 Y110.857 E193.66635
G1 X105.829 Y110.764 E193.68312
G1 X105.221 Y110.82 E193.6953
G1 X104.749 Y110.965 E193.70515
G1 X104.474 Y111.089 E193.71117
G1 X104.208 Y111.25 E193.71738
G1 X104.208 Y109.272 E193.75685
G1 X106.06 Y109.268 E193.79381
G1 X106.31 Y109.229 E193.79886
G1 X106.505 Y109.153 E193.80304
G1 X106.882 Y109.269 E193.81091
G1 X107.983 Y109.269 E193.83288
G1 X108.378 Y109.096 E193.84149
G1 X108.633 Y109.208 E193.84704
G1 X108.889 Y109.264 E193.85227
G1 X109.911 Y109.264 E193.87267
G1 X110.297 Y109.092 E193.8811
G1 X110.58 Y109.221 E193.88731
G1 X110.925 Y109.271 E193.89426
G1 X112.717 Y109.264 E193.93003
G1 X113.132 Y109.169 E193.93852
G1 X113.287 Y109.085 E193.94204
G1 X113.44 Y109.169 E193.94552
G1 X113.815 Y109.272 E193.95328
G1 X115.788 Y109.272 E193.99266
G1 X115.788 Y110.88 E194.02475
G1 X115.544 Y110.812 E194.0298
G1 X114.661 Y110.815 E194.04742
G1 X114.207 Y110.962 E194.05695
G1 X114.02 Y110.865 E194.06115
G1 X113.627 Y110.807 E194.06908
G1 X110.246 Y110.82 E194.13655
G1 X110 Y110.872 E194.14157
G0 F9000 X110.055 Y111.129
G0 X114.247 Y111.204
G0 X115.093 Y111.072
G0 X115.093 Y110.616
G1 F1500 X115.588 Y110.121 E194.15554
G0 F9000 X115.588 Y109.555
G1 F1500 X114.477 Y110.666 E194.18689
G0 F9000 X113.926 Y110.652
G1 F1500 X115.106 Y109.471 E194.22021
G0 F9000 X114.54 Y109.471
G1 F1500 X113.404 Y110.608 E194.25228
G0 F9000 X112.837 Y110.609
G1 F1500 X113.974 Y109.471 E194.28439
G0 F9000 X113.489 Y109.391
G1 F1500 X112.269 Y110.611 E194.31882
G0 F9000 X111.702 Y110.612
G1 F1500 X112.885 Y109.429 E194.3522
G0 F9000 X112.285 Y109.464
G1 F1500 X111.135 Y110.613 E194.38464
G0 F9000 X110.568 Y110.615
G1 F1500 X111.717 Y109.466 E194.41707
G0 F9000 X111.149 Y109.468
G1 F1500 X109.936 Y110.681 E194.45131
G0 F9000 X109.153 Y110.898
G1 F1500 X110.62 Y109.432 E194.49269
G0 F9000 X110.071 Y109.415
G1 F1500 X108.778 Y110.708 E194.52918
G0 F9000 X108.307 Y110.613
G1 F1500 X109.455 Y109.465 E194.56158
G0 F9000 X108.892 Y109.463
G1 F1500 X107.738 Y110.617 E194.59415
G0 F9000 X107.043 Y110.746
G1 F1500 X108.445 Y109.343 E194.63373
G0 F9000 X107.757 Y109.466
G1 F1500 X106.579 Y110.645 E194.66699
G0 F9000 X106.071 Y110.587
G1 F1500 X107.188 Y109.469 E194.69853
G0 F9000 X106.678 Y109.414
G1 F1500 X105.495 Y110.596 E194.7319
G0 F9000 X104.781 Y110.745
G1 F1500 X106.058 Y109.468 E194.76794
G0 F9000 X105.491 Y109.469
G1 F1500 X104.408 Y110.553 E194.79852
G0 F9000 X104.408 Y109.987
G1 F1500 X104.924 Y109.471 E194.81309
G1 F2700 E189.81309
;MESH:NONMESH
G0 F300 Z2.6
G0 F9000 X104.924 Y109.011
G0 X106.427 Y108.35
G0 X106.402 Y107.463
G0 X107.432 Y106.523
;TIME_ELAPSED:732.334004
;LAYER:20
;TYPE:WALL-OUTER
;MESH:Lens_Openscad.stl
G1 F2700 E194.81309
G1 F1016.9 X107.396 Y106.586 E194.81522
G1 X107.323 Y106.586 E194.81737
G1 X107.286 Y106.523 E194.81952
G1 X107.322 Y106.46 E194.82166
G1 X107.395 Y106.46 E194.82381
G1 X107.432 Y106.523 E194.82596
G1 F2700 E189.82596
G0 F9000 X105.897 Y113.043
G0 X105.946 Y113.97
;TYPE:WALL-INNER
G1 F2700 E194.82596
G1 F1376.1 X106 Y113.927 E194.82746
G1 X106.073 Y113.706 E194.83252
G1 X106.045 Y113.415 E194.83888
G1 F1379.3 X105.977 Y113.272 E194.84232
G1 X105.764 Y113.239 E194.84699
G1 X105.655 Y113.411 E194.85141
G1 X105.628 Y113.614 E194.85586
G1 F1376.1 X105.687 Y113.921 E194.86266
G1 X105.746 Y113.97 E194.86433
G1 X105.946 Y113.97 E194.86868
G0 F9000 X106.026 Y114.388
;TYPE:WALL-OUTER
G1 F1500 X106.145 Y114.346 E194.87119
G1 X106.313 Y114.212 E194.87548
G1 X106.392 Y114.09 E194.87838
G1 X106.497 Y113.748 E194.88552
G1 X106.452 Y113.3 E194.89451
G1 X106.304 Y112.99 E194.90136
G1 X106.223 Y112.916 E194.90355
G1 X105.927 Y112.814 E194.9098
G1 X105.609 Y112.829 E194.91615
G1 X105.392 Y113.005 E194.92173
G1 X105.25 Y113.288 E194.92805
G1 X105.209 Y113.602 E194.93437
G1 X105.227 Y113.836 E194.93905
G1 X105.304 Y114.099 E194.94452
G1 X105.546 Y114.345 E194.95141
G1 X105.67 Y114.388 E194.95403
G1 X106.026 Y114.388 E194.96113
G1 F2700 E189.96113
G0 F9000 X105.878 Y113.695
G0 X106.265 Y113.728
G0 X108.702 Y114.071
G0 X108.974 Y114.341
G1 F2700 E194.96113
G1 F1298.7 X108.507 Y114.341 E194.97189
G1 F1295.9 X108.507 Y113.876 E194.98263
G1 F1298.7 X108.989 Y113.879 E194.99374
G1 X109.148 Y113.958 E194.99784
G1 X109.189 Y114.047 E195.0001
G1 X109.152 Y114.267 E195.00524
G1 X108.974 Y114.341 E195.00968
G1 F2700 E190.00968
G0 F9000 X108.942 Y114.066
G0 X109.45 Y115.423
G0 X110 Y115.951
G0 X110 Y115.478
;TYPE:WALL-INNER
G1 F2700 E195.00968
G1 F1500 X109.92 Y115.407 E195.01182
G1 X109.786 Y115.481 E195.01487
G1 X109.464 Y115.588 E195.02164
G1 X109.11 Y115.636 E195.02877
G1 X107.678 Y115.64 E195.05735
G1 X107.336 Y115.535 E195.06449
G1 X107.179 Y115.377 E195.06893
G1 X107.145 Y115.275 E195.07108
G1 X106.914 Y115.434 E195.07667
G1 X106.56 Y115.589 E195.08439
G1 X106.096 Y115.676 E195.09381
G1 X105.607 Y115.676 E195.10357
G1 X105.023 Y115.568 E195.11542
G1 X104.545 Y115.282 E195.12653
G1 X104.205 Y114.953 E195.13598
G1 X103.97 Y114.542 E195.14542
G1 X103.844 Y114.092 E195.15475
G1 F1538.5 X103.816 Y113.569 E195.16494
G1 F1542.4 X103.843 Y113.143 E195.17322
G1 F1507.5 X103.972 Y112.685 E195.18267
G1 F1500 X104.206 Y112.277 E195.19206
G1 X104.519 Y111.953 E195.20105
G1 X104.924 Y111.705 E195.21053
G1 X105.38 Y111.572 E195.22
G1 X105.853 Y111.529 E195.22948
G1 X106.486 Y111.607 E195.24221
G1 X106.955 Y111.822 E195.25251
G1 X107.131 Y111.939 E195.25672
G1 X107.233 Y111.766 E195.26073
G1 X107.412 Y111.632 E195.26519
G1 X107.597 Y111.572 E195.26907
G1 X108.331 Y111.574 E195.28372
G1 X108.557 Y111.641 E195.28843
G1 X108.711 Y111.758 E195.29229
G1 X108.876 Y112.162 E195.30099
G1 X108.876 Y112.584 E195.30942
G1 X109.188 Y112.593 E195.31565
G1 X109.516 Y112.654 E195.3223
G1 X109.792 Y112.765 E195.32824
G1 X109.792 Y112.162 E195.34027
G1 X109.957 Y111.758 E195.34898
G1 X110.111 Y111.641 E195.35284
G1 X110.305 Y111.572 E195.35695
G1 X112.781 Y111.574 E195.40636
G1 X112.916 Y111.602 E195.40911
G1 X113.051 Y111.574 E195.41186
G1 X113.636 Y111.571 E195.42354
G1 X113.904 Y111.635 E195.42904
G1 X114.159 Y111.877 E195.43605
G1 X114.212 Y112.078 E195.4402
G1 X114.325 Y111.877 E195.4448
G1 X114.58 Y111.635 E195.45182
G1 X114.768 Y111.572 E195.45578
G1 X115.552 Y111.572 E195.47142
G1 X115.913 Y111.691 E195.47901
G1 F1503.8 X116.151 Y112.172 E195.48969
G1 F1500 X116.146 Y115.144 E195.549
G1 F1492.5 X115.992 Y115.449 E195.55585
G1 F1500 X115.775 Y115.598 E195.5611
G1 X115.645 Y115.633 E195.56379
G1 X115.02 Y115.64 E195.57626
G1 X114.697 Y115.547 E195.58297
G1 X114.498 Y115.337 E195.58875
G1 X114.439 Y115.115 E195.59333
G1 X114.259 Y115.434 E195.60064
G1 X114.115 Y115.547 E195.60429
G1 X113.873 Y115.64 E195.60947
G1 X113.016 Y115.64 E195.62657
G1 X112.874 Y115.593 E195.62955
G1 X112.718 Y115.64 E195.6328
G1 X110.392 Y115.64 E195.67922
G1 X110.097 Y115.563 E195.68531
G1 X110 Y115.478 E195.68788
G0 F9000 X110 Y115.951
G0 X108.666 Y116.16
G0 X107.679 Y116.094
G1 F1174.2 X109.111 Y116.092 E195.72439
G1 F1111.1 X109.547 Y116.064 E195.73616
G1 F982 X109.838 Y116.021 E195.74513
G1 F1032.7 X110.392 Y116.094 E195.76132
G1 F1160.5 X113.975 Y116.087 E195.85374
G0 F9000 X114.406 Y116.176
G1 F1408.5 X115.02 Y116.094 E195.86691
G1 X114.498 Y115.86 E195.87906
G1 F1538.5 X114.413 Y115.794 E195.88116
G1 F1250 X113.975 Y116.087 E195.89378
G1 F1379.3 X114.406 Y116.176 E195.90333
G0 F9000 X115.02 Y116.094
G1 F1178.8 X115.678 Y116.093 E195.92004
G1 F1190.5 X115.842 Y116.048 E195.92431
G1 F2700 E190.92431
G0 F9000 X115.993 Y115.479
G0 X115.993 Y111.736
G0 X110 Y111.241
G1 F2700 E195.92431
G1 F1500 X110.347 Y111.172 E195.93137
G1 X113.636 Y111.171 E195.99701
G1 X113.915 Y111.211 E196.00263
G1 X114.083 Y111.277 E196.00624
G1 X114.242 Y111.429 E196.01062
G1 X114.401 Y111.277 E196.01501
G1 X114.717 Y111.172 E196.02166
G1 X115.552 Y111.172 E196.03832
G1 X116.148 Y111.37 E196.05086
G1 X116.148 Y108.912 E196.09991
G1 X113.848 Y108.912 E196.14581
G1 X113.565 Y108.83 E196.15169
G1 X113.288 Y108.63 E196.15851
G1 X113.158 Y108.75 E196.16204
G1 X112.783 Y108.912 E196.17019
G1 X110.948 Y108.912 E196.20681
G1 X110.691 Y108.879 E196.21198
G1 X110.417 Y108.76 E196.21794
G1 X110.296 Y108.652 E196.22118
G1 X110.175 Y108.76 E196.22441
G1 X109.837 Y108.908 E196.23178
G1 X108.952 Y108.908 E196.24944
G1 X108.547 Y108.78 E196.25791
G1 X108.38 Y108.581 E196.2631
G1 X108.213 Y108.78 E196.26828
G1 X107.832 Y108.912 E196.27633
G1 X106.933 Y108.91 E196.29427
G1 X106.601 Y108.827 E196.3011
G1 X106.498 Y108.715 E196.30414
G1 X106.395 Y108.827 E196.30717
G1 X106.042 Y108.911 E196.31441
G1 X103.848 Y108.912 E196.3582
G1 X103.849 Y112.071 E196.42124
G1 X104.179 Y111.729 E196.43072
G1 X104.377 Y111.57 E196.43579
G1 X104.645 Y111.406 E196.44206
G1 X104.877 Y111.302 E196.44713
G1 X105.307 Y111.175 E196.45608
G1 X105.859 Y111.126 E196.46714
G1 X106.578 Y111.212 E196.48159
G1 X107.038 Y111.421 E196.49167
G1 X107.237 Y111.273 E196.49662
G1 X107.548 Y111.171 E196.50315
G1 X108.368 Y111.176 E196.51952
G1 X108.692 Y111.249 E196.52615
G1 X109.001 Y111.482 E196.53387
G1 X109.297 Y112.207 E196.5495
G1 X109.392 Y112.224 E196.55142
G1 X109.392 Y112.155 E196.5528
G1 X109.667 Y111.482 E196.56731
G1 X109.981 Y111.245 E196.57516
G1 X110 Y111.241 E196.57555
G0 F9000 X115.971 Y111.135
G0 X116.23 Y108.83
G0 X113.799 Y108.901
G0 X110.296 Y108.822
G0 X110.296 Y107.969
G1 F1188.1 X110.294 Y106.157 E196.6212
G1 F2700 E191.6212
G0 F9000 X110.084 Y108.35
G0 X103.437 Y108.35
G0 X103.437 Y104.608
G0 X109.287 Y104.136
G0 X109.287 Y104.222
G1 F2700 E196.6212
G1 F1117.3 X109.759 Y103.946 E196.63585
G1 X109.322 Y103.817 E196.64806
G1 X108.752 Y103.946 E196.66371
G1 X109.287 Y104.222 E196.67984
G0 F9000 X109.759 Y103.946
G1 F1041.7 X110.264 Y103.926 E196.69436
G1 F1047.1 X110.761 Y103.944 E196.70858
G0 F9000 X111.41 Y104.254
G1 F1200 X111.821 Y103.954 E196.72127
G1 X111.387 Y103.841 E196.73246
G1 F1470.6 X111.073 Y103.862 E196.73887
G1 F1176.5 X110.761 Y103.944 E196.74708
G1 X111.033 Y104.086 E196.75488
G1 F1470.6 X111.41 Y104.254 E196.76328
G0 F9000 X111.821 Y103.954
G1 F991.7 X112.012 Y103.946 E196.76905
G1 F1006.7 X114.148 Y103.946 E196.83257
G1 F956.9 X114.518 Y103.977 E196.84418
G1 F949.4 X114.759 Y103.946 E196.85184
G1 F1000 X115.488 Y103.946 E196.87366
G1 F991.7 X115.752 Y103.97 E196.88167
G1 F2700 E191.88167
G0 F9000 X103.437 Y104.608
G0 X103.437 Y108.35
G0 X113.051 Y108.35
G0 X113.051 Y107.669
G0 X113.917 Y106.479
G1 F2700 E196.88167
G1 F1612.9 X113.614 Y106.51 E196.88732
G0 F9000 X113.288 Y107.448
G1 F1260.5 X113.754 Y106.885 E196.90467
G1 F1500 X113.934 Y106.849 E196.90834
G1 X114.288 Y106.848 E196.9154
G1 X114.288 Y105.991 E196.9325
G1 X114.148 Y106.108 E196.93615
G1 X113.213 Y106.109 E196.9548
G1 X113.213 Y106.51 E196.96281
G1 F1260.5 X113.288 Y107.448 E196.98515
G1 F1081.1 X113.288 Y107.971 E196.99963
G1 F2700 E191.99963
G0 F9000 X113.288 Y108.798
G0 X103.437 Y108.35
G0 X103.437 Y104.608
G0 X108.752 Y103.946
G1 F2700 E196.99963
G1 F1006.7 X108.16 Y103.946 E197.01724
G1 F991.7 X107.969 Y103.954 E197.02301
G0 F9000 X107.36 Y104.41
G1 F1351.4 X107.502 Y104.261 E197.02757
G1 F1134.2 X107.969 Y103.954 E197.04232
G1 X107.36 Y103.87 E197.05854
G1 F1153.8 X106.56 Y103.946 E197.07939
G1 X107.218 Y104.261 E197.09832
G1 F1351.4 X107.36 Y104.41 E197.10287
G0 F9000 X106.56 Y103.946
G1 F1006.7 X105.96 Y103.946 E197.12072
G1 F991.7 X105.769 Y103.954 E197.12649
G0 F9000 X105.216 Y104.379
G1 F1415.1 X105.344 Y104.24 E197.13048
G1 F1156.1 X105.769 Y103.954 E197.14375
G1 X105.216 Y103.86 E197.15827
G1 F1176.5 X104.472 Y103.946 E197.17733
G1 X105.088 Y104.24 E197.19469
G1 F1415.1 X105.216 Y104.379 E197.19869
G0 F9000 X104.472 Y103.946
G1 F1015.2 X104.296 Y103.951 E197.20388
G0 F9000 X116.257 Y104.186
G0 X116.533 Y106.95
G1 F1395.3 X116.533 Y105.044 E197.24477
G1 F1421.8 X116.551 Y104.252 E197.26145
G1 F1470.6 X116.457 Y103.966 E197.26758
G1 F1500 X116.34 Y103.781 E197.27195
G1 X116.175 Y103.626 E197.27646
G1 X115.926 Y103.488 E197.28215
G1 X115.719 Y103.448 E197.28635
G1 X104.255 Y103.448 E197.51513
G1 X103.966 Y103.54 E197.52118
G1 X103.781 Y103.659 E197.52557
G1 X103.625 Y103.822 E197.53007
G1 X103.516 Y104.021 E197.5346
G1 X103.448 Y104.29 E197.54014
G1 X103.448 Y104.797 E197.55026
G1 X103.678 Y104.475 E197.55815
G1 X103.829 Y104.445 E197.56123
G1 X104.472 Y104.444 E197.57406
G1 X104.837 Y104.567 E197.58174
G1 X104.975 Y104.715 E197.58578
G1 F1612.9 X105.044 Y105.044 E197.59202
G1 F1680.7 X105.058 Y105.51 E197.60033
G1 F1621.6 X105.507 Y105.51 E197.60861
G1 F1630.4 X105.411 Y105.244 E197.61381
G1 F1685.4 X105.388 Y105.044 E197.61738
G1 F1612.9 X105.457 Y104.715 E197.62362
G1 F1500 X105.595 Y104.567 E197.62766
G1 X105.877 Y104.444 E197.6338
G1 X106.56 Y104.444 E197.64743
G1 X106.946 Y104.584 E197.65562
G1 X107.086 Y104.731 E197.65967
G1 X107.243 Y105.176 E197.66909
G1 X107.48 Y105.176 E197.67382
G1 X107.631 Y104.733 E197.68316
G1 X107.774 Y104.584 E197.68728
G1 X108.075 Y104.444 E197.69391
G1 X108.752 Y104.444 E197.70742
G1 X109.023 Y104.508 E197.71297
G1 X109.209 Y104.665 E197.71783
G1 X109.47 Y104.533 E197.72367
G1 X109.844 Y104.436 E197.73138
G1 X110.218 Y104.405 E197.73887
G1 X110.803 Y104.442 E197.75056
G1 X111.259 Y104.616 E197.7603
G1 X111.493 Y104.766 E197.76585
G1 X111.696 Y104.533 E197.77202
G1 X111.932 Y104.444 E197.77705
G1 X114.148 Y104.444 E197.82127
G1 X114.345 Y104.476 E197.82526
G1 X114.49 Y104.551 E197.82851
G1 X114.518 Y104.605 E197.82973
G1 X114.546 Y104.551 E197.83094
G1 X114.753 Y104.444 E197.83559
G1 X115.571 Y104.444 E197.85192
G1 X115.808 Y104.537 E197.857
G1 X115.926 Y104.632 E197.86002
G1 F1445.8 X116.103 Y105.044 E197.8693
G1 F1395.3 X116.103 Y106.833 E197.90768
G1 X116.416 Y106.833 E197.9144
G1 X116.533 Y106.95 E197.91795
G1 F2700 E192.91795
G0 F9000 X116.209 Y104.201
G0 X103.437 Y104.608
G0 X103.437 Y108.35
G0 X113.288 Y108.858
G0 X116.23 Y108.83
G0 X115.971 Y111.135
G0 X109.954 Y111.736
G0 X108.716 Y112.746
G0 X108.716 Y111.736
G0 X105.856 Y111.683
G0 X105.399 Y111.723
G0 X104.984 Y111.852
G0 X104.62 Y112.073
G0 X104.325 Y112.379
G0 X104.113 Y112.751
G0 X103.992 Y113.169
G0 X103.992 Y114.071
G0 X104.114 Y114.486
G0 X104.327 Y114.856
G0 X104.624 Y115.156
G0 X104.883 Y115.309
G0 X107.022 Y116.17
G1 F2700 E197.91795
G1 F1388.9 X107.679 Y116.094 E197.9322
G1 X107.122 Y115.846 E197.94534
G1 F1690.1 X107.047 Y115.787 E197.94703
G1 X106.773 Y115.907 E197.95233
G1 F1421.8 X106.233 Y116.103 E197.96443
G1 F1392.1 X106.579 Y116.162 E197.97197
G1 F1648.4 X107.022 Y116.17 E197.98002
G0 F9000 X106.233 Y116.103
G1 F1247.4 X105.664 Y116.112 E197.99368
G1 X105.472 Y116.103 E197.99829
G0 F9000 X105.037 Y116.124
G1 F1276.6 X105.472 Y116.103 E198.0085
G1 X105.048 Y116.004 E198.01871
G1 F1336.3 X104.715 Y115.878 E198.02668
G1 F1333.3 X104.271 Y115.616 E198.03826
G1 X103.873 Y115.217 E198.05091
G1 F1339.3 X103.874 Y115.684 E198.06135
G1 X103.928 Y115.852 E198.06529
G1 F1333.3 X104.071 Y116.022 E198.07028
G1 X104.253 Y116.124 E198.07496
G1 F1336.3 X105.037 Y116.124 E198.09253
G0 F9000 X110 Y116.24
G0 X110 Y116.548
G1 F1500 X115.76 Y116.547 E198.20747
G1 X116.034 Y116.457 E198.21323
G1 X116.218 Y116.342 E198.21756
G1 X116.369 Y116.178 E198.22201
G1 X116.48 Y115.975 E198.22663
G1 X116.548 Y115.706 E198.23216
G1 X116.548 Y108.402 E198.37792
G1 X116.416 Y108.512 E198.38135
G1 X113.897 Y108.512 E198.43162
G1 X113.636 Y108.415 E198.43718
G1 X113.487 Y108.278 E198.44122
G1 F1252.6 X113.288 Y107.971 E198.44996
G1 X113.089 Y108.278 E198.4587
G1 F1500 X112.94 Y108.415 E198.46274
G1 X112.716 Y108.511 E198.4676
G1 X111.947 Y108.509 E198.48295
G1 X111.782 Y108.465 E198.48636
G1 X111.617 Y108.509 E198.48977
G1 X110.842 Y108.512 E198.50523
G1 X110.629 Y108.421 E198.50985
G1 X110.479 Y108.287 E198.51387
G1 F1321.6 X110.296 Y107.969 E198.52218
G1 X110.113 Y108.287 E198.53049
G1 F1500 X109.963 Y108.421 E198.5345
G1 X109.752 Y108.513 E198.5391
G1 X108.989 Y108.51 E198.55432
G1 X108.746 Y108.433 E198.55941
G1 X108.479 Y108.116 E198.56768
G1 X108.444 Y107.912 E198.57181
G1 X108.444 Y107.661 E198.57682
G1 X108.281 Y108.116 E198.58647
G1 X108.014 Y108.433 E198.59474
G1 X107.716 Y108.512 E198.60089
G1 X106.942 Y108.509 E198.61634
G1 X106.764 Y108.461 E198.62001
G1 X106.498 Y108.175 E198.62781
G1 X106.232 Y108.461 E198.6356
G1 X106.021 Y108.512 E198.63994
G1 X103.872 Y108.512 E198.68282
G1 X103.447 Y108.155 E198.6939
G1 F1507.5 X103.446 Y113.18 E198.79368
G1 F1550.4 X103.437 Y113.62 E198.80217
G1 F1542.4 X103.448 Y114.212 E198.81366
G1 F1500 X103.449 Y115.746 E198.84428
G1 X103.541 Y116.034 E198.85031
G1 X103.657 Y116.217 E198.85463
G1 X103.819 Y116.37 E198.85908
G1 X104.074 Y116.508 E198.86487
G1 X104.278 Y116.548 E198.86901
G1 X110 Y116.548 E198.9832
G0 F9000 X110 Y116.948
;TYPE:WALL-OUTER
G1 F1500 X115.82 Y116.948 E199.09935
G1 X116.206 Y116.821 E199.10746
G1 X116.475 Y116.652 E199.1138
G1 X116.696 Y116.414 E199.12028
G1 X116.856 Y116.122 E199.12692
G1 X116.948 Y115.755 E199.13447
G1 X116.948 Y108.644 E199.27638
G1 F1566.6 X116.965 Y107.912 E199.29037
G1 F1639.3 X116.965 Y107.448 E199.29884
G1 F1566.6 X116.948 Y106.716 E199.31284
G1 F1500 X116.948 Y104.18 E199.36344
G1 X116.821 Y103.794 E199.37155
G1 X116.652 Y103.525 E199.37789
G1 X116.413 Y103.3 E199.38444
G1 X116.063 Y103.107 E199.39242
G1 X115.757 Y103.048 E199.39864
G1 X104.191 Y103.048 E199.62945
G1 X103.794 Y103.175 E199.63777
G1 X103.525 Y103.348 E199.64415
G1 X103.299 Y103.584 E199.65067
G1 X103.14 Y103.874 E199.65727
G1 X103.048 Y104.241 E199.66482
G1 F1315.8 X103.104 Y105.044 E199.68314
G1 F1167.3 X103.106 Y108.001 E199.75896
G1 F1310 X103.048 Y108.936 E199.78037
G1 F1500 X103.049 Y115.808 E199.91751
G1 X103.175 Y116.206 E199.92584
G1 X103.347 Y116.475 E199.93221
G1 X103.583 Y116.696 E199.93866
G1 X103.937 Y116.889 E199.94671
G1 X104.24 Y116.948 E199.95287
G1 X110 Y116.948 E200.06782
G1 F2700 E195.06782
G0 F9000 X110 Y116.24
G0 X109.938 Y115.22
G0 X110 Y114.821
G1 F2700 E200.06782
G1 F1507.5 X109.948 Y114.893 E200.06958
G1 F1500 X109.674 Y115.096 E200.07638
G1 X109.392 Y115.194 E200.08234
G1 X109.14 Y115.234 E200.08743
G1 X107.677 Y115.24 E200.11663
G1 X107.562 Y115.205 E200.11903
G1 X107.476 Y115.049 E200.12258
G1 X107.476 Y114.192 E200.13969
G1 F1558.4 X107.491 Y113.737 E200.14843
G1 X107.413 Y114.231 E200.15804
G1 F1500 X107.264 Y114.565 E200.16533
G1 X107.041 Y114.85 E200.17256
G1 X106.753 Y115.068 E200.17976
G1 X106.461 Y115.196 E200.18613
G1 X106.075 Y115.273 E200.19398
G1 X105.627 Y115.273 E200.20292
G1 X105.163 Y115.186 E200.21234
G1 X104.777 Y114.956 E200.22131
G1 X104.523 Y114.703 E200.22846
G1 X104.335 Y114.364 E200.2362
G1 X104.238 Y114.023 E200.24328
G1 X104.204 Y113.602 E200.2517
G1 X104.243 Y113.193 E200.2599
G1 X104.354 Y112.824 E200.26759
G1 X104.543 Y112.505 E200.27499
G1 X104.795 Y112.253 E200.2821
G1 X105.109 Y112.068 E200.28938
G1 X105.449 Y111.966 E200.29646
G1 X105.83 Y111.932 E200.30409
G1 X106.383 Y112 E200.31521
G1 X106.828 Y112.21 E200.32503
G1 X107.013 Y112.357 E200.32975
G1 X107.3 Y112.738 E200.33927
G1 F1477.8 X107.47 Y113.213 E200.34949
G1 X107.477 Y112.142 E200.37118
G1 F1500 X107.528 Y112.036 E200.37353
G1 X107.641 Y111.974 E200.3761
G1 X108.295 Y111.972 E200.38915
G1 X108.421 Y112.034 E200.39195
G1 X108.476 Y112.168 E200.39484
G1 X108.476 Y112.984 E200.41113
G1 X109.116 Y112.987 E200.4239
G1 X109.472 Y113.052 E200.43112
G1 X109.797 Y113.215 E200.43838
G1 F1515.2 X110.071 Y113.518 E200.44645
G1 F1538.5 X110.2 Y113.848 E200.45334
G1 F1522.8 X110.192 Y112.168 E200.48637
G1 F1500 X110.247 Y112.034 E200.48926
G1 X110.352 Y111.975 E200.49166
G1 X112.789 Y111.974 E200.54029
G1 F1546.4 X112.916 Y112.172 E200.54485
G1 X113.044 Y111.972 E200.54944
G1 F1500 X113.703 Y111.971 E200.56259
G1 X113.836 Y112.097 E200.56625
G1 X113.836 Y113.557 E200.59539
G1 X114.673 Y112.073 E200.62939
G1 X114.813 Y111.974 E200.63281
G1 X115.552 Y111.972 E200.64756
G1 X115.673 Y112.011 E200.65009
G1 X115.752 Y112.172 E200.65367
G1 X115.75 Y115.075 E200.71161
G1 X115.699 Y115.177 E200.71388
G1 X115.57 Y115.24 E200.71675
G1 X115.02 Y115.24 E200.72772
G1 X114.912 Y115.209 E200.72996
G1 X114.82 Y115.04 E200.7338
G1 X114.82 Y113.635 E200.76184
G1 X113.966 Y115.139 E200.79636
G1 X113.827 Y115.237 E200.79975
G1 X113.035 Y115.236 E200.81556
G1 F1392.1 X112.874 Y115.06 E200.82069
G1 X112.713 Y115.236 E200.82581
G1 F1500 X110.392 Y115.24 E200.87213
G1 X110.23 Y115.158 E200.87576
G1 X110.192 Y115.04 E200.87823
G1 F1522.8 X110.201 Y114.418 E200.89046
G1 F1530.6 X110.108 Y114.671 E200.89573
G1 F1519 X110 Y114.821 E200.89937
G0 F9000 X110.201 Y114.397
G1 F1566.6 X110.2 Y113.89 E200.90906
G1 F2700 E195.90906
G0 F9000 X107.491 Y113.737
G1 F2700 E200.90906
G1 F1534.5 X107.47 Y113.213 E200.91929
G1 F2700 E195.91929
G0 F9000 X112.915 Y112.668
G1 F2700 E200.91929
G1 F1591.5 X112.916 Y112.172 E200.92862
G1 F2700 E195.92862
G0 F9000 X112.916 Y111.264
G0 X112.874 Y111.764
G0 X112.874 Y114.576
G1 F2700 E200.92862
G1 F1301.5 X112.874 Y115.06 E200.93975
G0 F9000 X112.874 Y114.576
G1 F1415.1 X112.91 Y114.193 E200.94789
G1 F1754.4 X112.957 Y113.906 E200.95285
G1 F2047.8 X112.958 Y113.392 E200.96036
G1 F1734.1 X112.904 Y113.036 E200.96658
G1 F1542.4 X112.915 Y112.668 E200.97372
G1 F1566.6 X112.739 Y112.825 E200.97823
G1 X111.181 Y112.825 E201.008
G1 F1587.3 X111.181 Y113.203 E201.01513
G1 F1562.5 X112.609 Y113.203 E201.04249
G1 F1764.7 X112.666 Y113.392 E201.04584
G1 F2047.8 X112.665 Y113.881 E201.05298
G1 F1796.4 X112.615 Y114.035 E201.05568
G1 F1634.9 X111.172 Y114.036 E201.0821
G1 F1666.7 X111.172 Y114.396 E201.08857
G1 F1634.9 X112.691 Y114.395 E201.11638
G1 F1438.8 X112.874 Y114.576 E201.12174
G1 F2700 E196.12174
G0 F9000 X112.874 Y111.764
G0 X113.933 Y108.11
G1 F2700 E201.12174
G1 F1500 X113.805 Y108.034 E201.12471
G1 X113.764 Y107.93 E201.12694
G1 X113.764 Y107.448 E201.13656
G1 X113.902 Y107.248 E201.14141
G1 X114.688 Y107.248 E201.15709
G1 X114.688 Y106.248 E201.17705
G1 F1558.4 X114.703 Y105.044 E201.20017
G1 X114.774 Y104.879 E201.20362
G1 F1500 X114.888 Y104.844 E201.206
G1 X115.536 Y104.849 E201.21894
G1 X115.634 Y104.906 E201.2212
G1 X115.688 Y105.044 E201.22416
G1 X115.688 Y107.248 E201.26814
G1 X116.416 Y107.248 E201.28267
G1 F1566.6 X116.599 Y107.448 E201.28785
G1 F1634.9 X116.598 Y107.944 E201.29693
G1 F1562.5 X116.416 Y108.112 E201.30167
G1 F1500 X113.933 Y108.11 E201.35123
G0 F9000 X113.933 Y108.822
G0 X111.782 Y108.822
G0 X111.782 Y107.932
G1 F1284.8 X111.776 Y105.952 E201.39736
G1 F2700 E196.39736
G0 F9000 X108.91 Y105.435
G1 F2700 E201.39736
G1 F1052.6 X108.784 Y105.804 E201.40845
G1 F2700 E196.40845
G0 F9000 X108.633 Y106.597
G0 X109.68 Y108.113
G1 F2700 E201.40845
G1 F1500 X108.966 Y108.112 E201.42269
G1 F1470.6 X108.844 Y107.967 E201.42655
G1 F1415.1 X108.828 Y106.124 E201.46554
G1 F1188.1 X108.784 Y105.804 E201.47368
G1 X108.606 Y106.085 E201.48206
G1 F1442.3 X107.905 Y107.98 E201.52399
G1 F1500 X107.796 Y108.11 E201.52738
G1 X106.941 Y108.111 E201.54444
G1 X106.82 Y107.981 E201.54798
G1 F1492.5 X106.526 Y107.178 E201.56513
G1 F1351.4 X106.384 Y106.911 E201.57183
G1 F1239.7 X106.252 Y106.548 E201.58116
G1 F1388.9 X106.129 Y106.061 E201.59198
G1 X106.182 Y106.56 E201.6028
G1 F1239.7 X106.048 Y106.777 E201.60896
G1 F1293.1 X104.694 Y106.782 E201.6403
G1 F1351.4 X104.694 Y107.226 E201.65014
G1 F1293.1 X106.072 Y107.221 E201.68204
G1 F1339.3 X106.194 Y107.448 E201.6878
G1 F1467 X106.187 Y107.969 E201.69843
G1 F1488.8 X106.054 Y108.112 E201.70236
G1 F1500 X103.872 Y108.112 E201.7459
G1 F1310 X103.617 Y107.957 E201.75272
G1 F1167.3 X103.616 Y105.044 E201.82742
G1 F1315.8 X103.817 Y104.844 E201.83387
G1 F1500 X104.472 Y104.844 E201.84694
G1 X104.594 Y104.885 E201.84951
G1 X104.672 Y105.044 E201.85304
G1 X104.673 Y105.895 E201.87003
G1 F1515.2 X105.94 Y105.9 E201.89506
G1 F1554.4 X106.119 Y106.03 E201.89932
G1 F1542.4 X105.762 Y105.079 E201.91903
G1 F1500 X105.792 Y104.934 E201.92199
G1 X105.925 Y104.847 E201.92516
G1 X106.56 Y104.844 E201.93783
G1 X106.722 Y104.902 E201.94126
G1 X106.959 Y105.576 E201.95552
G1 X107.765 Y105.576 E201.97161
G1 X107.994 Y104.907 E201.98572
G1 X108.125 Y104.847 E201.98859
G1 X108.824 Y104.844 E202.00254
G1 X108.941 Y104.977 E202.00608
G1 F1445.8 X108.957 Y105.112 E202.00889
G1 F1209.7 X108.91 Y105.435 E202.01697
G1 F1171.9 X109.08 Y105.257 E202.02326
G1 F1388.9 X109.358 Y105.038 E202.03088
G1 F1500 X109.61 Y104.908 E202.03654
G1 X109.913 Y104.83 E202.04279
G1 X110.28 Y104.804 E202.05013
G1 X110.721 Y104.838 E202.05896
G1 X111.067 Y104.968 E202.06633
G1 X111.328 Y105.137 E202.07254
G1 X111.529 Y105.362 E202.07856
G1 F1463.4 X111.694 Y105.686 E202.08599
G1 F1345.3 X111.776 Y105.952 E202.09219
G1 F1363.6 X111.808 Y105.61 E202.09973
G1 F1477.8 X111.812 Y104.99 E202.11229
G1 F1492.5 X111.927 Y104.847 E202.11597
G1 F1500 X114.195 Y104.844 E202.16123
G1 X114.262 Y104.879 E202.16274
G1 F1558.4 X114.333 Y105.044 E202.16619
G1 F1617.3 X114.332 Y105.54 E202.17537
G1 F1554.4 X114.148 Y105.708 E202.18017
G1 F1500 X112.813 Y105.709 E202.20681
G1 X112.812 Y107.93 E202.25113
G1 X112.722 Y108.08 E202.25462
G1 X112.612 Y108.112 E202.25691
G1 X111.943 Y108.108 E202.27026
G1 F1392.1 X111.782 Y107.932 E202.27539
G1 X111.618 Y108.111 E202.28061
G1 F1500 X110.896 Y108.106 E202.29501
G1 X110.791 Y108.037 E202.29752
G1 X110.748 Y107.93 E202.29982
G1 X110.744 Y106.11 E202.33614
G1 X110.704 Y105.927 E202.33988
G1 X110.592 Y105.769 E202.34375
G1 X110.409 Y105.688 E202.34774
G1 X110.156 Y105.688 E202.35279
G1 X109.981 Y105.768 E202.35663
G1 X109.91 Y105.852 E202.35882
G1 X109.844 Y106.049 E202.36297
G1 X109.844 Y107.93 E202.40051
G1 X109.801 Y108.037 E202.40281
G1 X109.68 Y108.113 E202.40566
G1 F2700 E197.40566
G0 F9000 X109.68 Y108.822
G0 X103.437 Y108.35
G0 X103.437 Y104.608
G0 X104.913 Y104.608
G0 X105.678 Y105.631
G0 X106.129 Y106.061
G1 F2700 E202.40566
G1 F1583.1 X106.119 Y106.03 E202.40628
G1 F2700 E197.40628
G0 F9000 X105.678 Y105.631
G0 X104.913 Y104.608
G0 X103.437 Y104.608
G0 X103.437 Y108.35
G0 X103.875 Y111.941
G0 X109.114 Y111.368
G0 X109.334 Y112.205
G0 X110.053 Y111.13
G0 X110 Y110.874
;TYPE:SKIN
G1 F2700 E202.40628
G1 F1500 X109.824 Y110.913 E202.40987
G1 X109.43 Y111.209 E202.41971
G1 X109.332 Y111.379 E202.42362
G1 X109.234 Y111.209 E202.42754
G1 X108.912 Y110.966 E202.43559
G1 X108.487 Y110.816 E202.44458
G1 X107.493 Y110.815 E202.46442
G1 X107.103 Y110.937 E202.47258
G1 X106.995 Y111.005 E202.47512
G1 X106.664 Y110.857 E202.48236
G1 X105.829 Y110.764 E202.49912
G1 X105.221 Y110.82 E202.51131
G1 X104.749 Y110.965 E202.52116
G1 X104.474 Y111.089 E202.52718
G1 X104.208 Y111.25 E202.53339
G1 X104.208 Y109.272 E202.57286
G1 X106.06 Y109.268 E202.60982
G1 X106.31 Y109.229 E202.61487
G1 X106.505 Y109.153 E202.61905
G1 X106.882 Y109.269 E202.62692
G1 X107.983 Y109.269 E202.64889
G1 X108.378 Y109.096 E202.65749
G1 X108.633 Y109.208 E202.66305
G1 X108.889 Y109.264 E202.66828
G1 X109.911 Y109.264 E202.68868
G1 X110.297 Y109.092 E202.69711
G1 X110.58 Y109.221 E202.70332
G1 X110.925 Y109.271 E202.71027
G1 X112.717 Y109.264 E202.74604
G1 X113.132 Y109.169 E202.75453
G1 X113.287 Y109.085 E202.75805
G1 X113.44 Y109.169 E202.76153
G1 X113.815 Y109.272 E202.76929
G1 X115.788 Y109.272 E202.80867
G1 X115.788 Y110.88 E202.84076
G1 X115.544 Y110.812 E202.84581
G1 X114.661 Y110.815 E202.86343
G1 X114.207 Y110.962 E202.87296
G1 X114.02 Y110.865 E202.87716
G1 X113.627 Y110.807 E202.88509
G1 X110.249 Y110.82 E202.9525
G1 X110 Y110.874 E202.95758
G0 F9000 X110.055 Y111.129
G0 X109.554 Y111.368
G0 X109.334 Y111.845
G0 X109.114 Y111.368
G0 X104.782 Y111.237
G0 X104.595 Y110.817
G1 F1500 X104.408 Y110.63 E202.96286
G0 F9000 X104.408 Y110.065
G1 F1500 X105.015 Y110.671 E202.97998
G0 F9000 X105.504 Y110.595
G1 F1500 X104.408 Y109.499 E203.01091
G0 F9000 X104.946 Y109.471
G1 F1500 X106.058 Y110.584 E203.04231
G0 F9000 X106.698 Y110.658
G1 F1500 X105.51 Y109.47 E203.07583
G0 F9000 X106.074 Y109.468
G1 F1500 X107.279 Y110.673 E203.10984
G0 F9000 X107.788 Y110.616
G1 F1500 X106.548 Y109.376 E203.14484
G0 F9000 X107.207 Y109.47
G1 F1500 X108.35 Y110.613 E203.1771
G0 F9000 X108.349 Y111.072
G0 X109.054 Y111.399
G0 X109.334 Y111.031
G1 F1500 X107.77 Y109.467 E203.22124
G0 F9000 X108.245 Y109.377
G1 F1500 X109.656 Y110.787 E203.26104
G0 F9000 X110.085 Y110.651
G1 F1500 X108.898 Y109.464 E203.29454
G0 F9000 X109.466 Y109.466
G1 F1500 X110.615 Y110.615 E203.32697
G0 F9000 X111.179 Y110.613
G1 F1500 X110.009 Y109.443 E203.35999
G0 F9000 X110.555 Y109.424
G1 F1500 X111.743 Y110.612 E203.39352
G0 F9000 X112.308 Y110.611
G1 F1500 X111.166 Y109.469 E203.42575
G0 F9000 X111.729 Y109.466
G1 F1500 X112.871 Y110.608 E203.45798
G0 F9000 X113.435 Y110.607
G1 F1500 X112.293 Y109.464 E203.49022
G0 F9000 X112.835 Y109.441
G1 F1500 X114.066 Y110.671 E203.52495
G0 F9000 X114.589 Y110.629
G1 F1500 X113.296 Y109.336 E203.56144
G0 F9000 X113.998 Y109.472
G1 F1500 X115.14 Y110.614 E203.59367
G0 F9000 X115.589 Y110.497
G1 F1500 X114.563 Y109.472 E203.62261
G0 F9000 X115.129 Y109.472
G1 F1500 X115.589 Y109.932 E203.63559
G1 F2700 E198.63559
;MESH:NONMESH
G0 F300 Z2.72
G0 F9000 X116.048 Y109.932
G0 X115.976 Y109.084
G0 X108.608 Y108.35
G0 X108.616 Y106.916
G0 X107.432 Y106.523
;TIME_ELAPSED:772.599013
;LAYER:21
;TYPE:WALL-OUTER
;MESH:Lens_Openscad.stl
G1 F2700 E203.63559
G1 F1016.9 X107.396 Y106.586 E203.63773
G1 X107.323 Y106.586 E203.63988
G1 X107.286 Y106.523 E203.64203
G1 X107.322 Y106.46 E203.64416
G1 X107.395 Y106.46 E203.64631
G1 X107.432 Y106.523 E203.64846
G1 F2700 E198.64846
G0 F9000 X105.895 Y113.043
G0 X105.949 Y113.97
;TYPE:WALL-INNER
G1 F2700 E203.64846
G1 F1376.1 X106.001 Y113.928 E203.64992
G1 X106.072 Y113.706 E203.65499
G1 X106.053 Y113.419 E203.66124
G1 X105.962 Y113.268 E203.66508
G1 X105.762 Y113.24 E203.66947
G1 X105.696 Y113.296 E203.67135
G1 X105.624 Y113.531 E203.6767
G1 X105.687 Y113.921 E203.68529
G1 X105.746 Y113.97 E203.68696
G1 X105.949 Y113.97 E203.69138
G0 F9000 X106.026 Y114.388
;TYPE:WALL-OUTER
G1 F1500 X106.149 Y114.346 E203.69397
G1 X106.385 Y114.105 E203.7007
G1 X106.494 Y113.756 E203.708
G1 X106.466 Y113.334 E203.71644
G1 X106.395 Y113.137 E203.72062
G1 X106.209 Y112.911 E203.72646
G1 X105.927 Y112.814 E203.73241
G1 X105.604 Y112.829 E203.73886
G1 X105.383 Y113.011 E203.74458
G1 X105.312 Y113.122 E203.74721
G1 X105.202 Y113.483 E203.75474
G1 X105.227 Y113.836 E203.7618
G1 X105.304 Y114.099 E203.76727
G1 X105.546 Y114.345 E203.77415
G1 X105.67 Y114.388 E203.77677
G1 X106.026 Y114.388 E203.78388
G1 F2700 E198.78388
G0 F9000 X105.878 Y113.695
G0 X106.264 Y113.731
G0 X108.702 Y114.071
G0 X108.507 Y114.341
G1 F2700 E203.78388
G1 F1295.9 X108.507 Y113.876 E203.79462
G1 F1298.7 X108.974 Y113.879 E203.80538
G1 X109.11 Y113.93 E203.80873
G1 X109.187 Y114.034 E203.81171
G1 X109.137 Y114.273 E203.81734
G1 X108.975 Y114.34 E203.82138
G1 X108.507 Y114.341 E203.83217
G1 F2700 E198.83217
G0 F9000 X108.758 Y114.095
G0 X109.436 Y115.428
G0 X110 Y115.951
G0 X110 Y115.478
;TYPE:WALL-INNER
G1 F2700 E203.83217
G1 F1500 X109.92 Y115.407 E203.8343
G1 X109.786 Y115.481 E203.83736
G1 X109.464 Y115.588 E203.84413
G1 X109.11 Y115.636 E203.85126
G1 X107.678 Y115.64 E203.87984
G1 X107.336 Y115.535 E203.88698
G1 X107.179 Y115.377 E203.89142
G1 X107.145 Y115.275 E203.89357
G1 X106.914 Y115.434 E203.89916
G1 X106.56 Y115.589 E203.90688
G1 X106.096 Y115.676 E203.9163
G1 X105.607 Y115.676 E203.92605
G1 X105.023 Y115.568 E203.93791
G1 X104.545 Y115.282 E203.94902
G1 X104.205 Y114.953 E203.95846
G1 X103.969 Y114.54 E203.96796
G1 F1507.5 X103.847 Y114.091 E203.9772
G1 F1554.4 X103.815 Y113.644 E203.98583
G1 F1546.4 X103.843 Y113.144 E203.99552
G1 F1507.5 X103.972 Y112.685 E204.00499
G1 F1500 X104.206 Y112.277 E204.01437
G1 X104.519 Y111.953 E204.02336
G1 X104.924 Y111.705 E204.03284
G1 X105.38 Y111.572 E204.04232
G1 X105.853 Y111.529 E204.0518
G1 X106.486 Y111.607 E204.06453
G1 X106.955 Y111.822 E204.07482
G1 X107.125 Y111.94 E204.07895
G1 X107.233 Y111.766 E204.08304
G1 X107.412 Y111.632 E204.0875
G1 X107.597 Y111.572 E204.09138
G1 X108.331 Y111.574 E204.10603
G1 X108.557 Y111.641 E204.11073
G1 X108.711 Y111.758 E204.11459
G1 X108.876 Y112.162 E204.1233
G1 X108.876 Y112.584 E204.13172
G1 X109.188 Y112.593 E204.13795
G1 X109.516 Y112.654 E204.14461
G1 X109.792 Y112.765 E204.15055
G1 X109.792 Y112.162 E204.16258
G1 X109.957 Y111.758 E204.17129
G1 X110.111 Y111.641 E204.17515
G1 X110.305 Y111.572 E204.17926
G1 X112.781 Y111.574 E204.22867
G1 X112.916 Y111.602 E204.23142
G1 X113.051 Y111.574 E204.23417
G1 X113.636 Y111.571 E204.24585
G1 X113.904 Y111.635 E204.25134
G1 X114.159 Y111.876 E204.25835
G1 X114.212 Y112.078 E204.26251
G1 X114.325 Y111.876 E204.26713
G1 X114.58 Y111.635 E204.27413
G1 X114.768 Y111.572 E204.27809
G1 X115.552 Y111.572 E204.29374
G1 X115.913 Y111.691 E204.30132
G1 F1503.8 X116.151 Y112.172 E204.31201
G1 F1500 X116.146 Y115.144 E204.37131
G1 F1492.5 X115.992 Y115.449 E204.37817
G1 F1500 X115.775 Y115.598 E204.38342
G1 X115.645 Y115.633 E204.38611
G1 X115.02 Y115.64 E204.39858
G1 X114.697 Y115.547 E204.40529
G1 X114.498 Y115.336 E204.41108
G1 X114.439 Y115.114 E204.41566
G1 X114.314 Y115.336 E204.42074
G1 X114.115 Y115.547 E204.42653
G1 X113.873 Y115.64 E204.43171
G1 X113.016 Y115.64 E204.44881
G1 X112.874 Y115.593 E204.45179
G1 X112.718 Y115.64 E204.45504
G1 X110.392 Y115.64 E204.50146
G1 X110.097 Y115.563 E204.50755
G1 X110 Y115.478 E204.51012
G0 F9000 X110 Y115.951
G0 X108.666 Y116.16
G0 X107.679 Y116.094
G1 F1174.2 X109.111 Y116.092 E204.54663
G1 F1111.1 X109.547 Y116.064 E204.5584
G1 F982 X109.838 Y116.021 E204.56737
G1 F1032.7 X110.392 Y116.094 E204.58356
G1 F1160.5 X113.975 Y116.087 E204.67598
G0 F9000 X114.406 Y116.176
G1 F1408.5 X115.02 Y116.094 E204.68915
G1 X114.498 Y115.86 E204.7013
G1 F1538.5 X114.413 Y115.794 E204.7034
G1 F1250 X113.975 Y116.087 E204.71602
G1 F1379.3 X114.406 Y116.176 E204.72557
G0 F9000 X115.02 Y116.094
G1 F1178.8 X115.678 Y116.093 E204.74228
G1 F1190.5 X115.842 Y116.048 E204.74655
G1 F2700 E199.74655
G0 F9000 X115.993 Y115.479
G0 X115.993 Y111.736
G0 X110 Y111.241
G1 F2700 E204.74655
G1 F1500 X110.347 Y111.172 E204.75361
G1 X113.636 Y111.171 E204.81925
G1 X113.915 Y111.211 E204.82487
G1 X114.083 Y111.277 E204.82848
G1 X114.242 Y111.428 E204.83285
G1 X114.401 Y111.277 E204.83723
G1 X114.717 Y111.172 E204.84387
G1 X115.552 Y111.172 E204.86054
G1 X116.148 Y111.37 E204.87307
G1 X116.148 Y108.912 E204.92212
G1 X113.848 Y108.912 E204.96802
G1 X113.565 Y108.83 E204.9739
G1 X113.288 Y108.63 E204.98072
G1 X113.158 Y108.75 E204.98425
G1 X112.785 Y108.911 E204.99236
G1 X110.948 Y108.912 E205.02901
G1 X110.691 Y108.879 E205.03419
G1 X110.417 Y108.76 E205.04015
G1 X110.296 Y108.652 E205.04338
G1 X110.175 Y108.76 E205.04662
G1 X109.837 Y108.908 E205.05398
G1 X108.952 Y108.908 E205.07164
G1 X108.547 Y108.78 E205.08012
G1 X108.38 Y108.581 E205.08531
G1 X108.213 Y108.78 E205.09049
G1 X107.832 Y108.912 E205.09854
G1 X106.933 Y108.91 E205.11648
G1 X106.601 Y108.827 E205.12331
G1 X106.498 Y108.715 E205.12634
G1 X106.395 Y108.827 E205.12938
G1 X106.042 Y108.911 E205.13662
G1 X103.848 Y108.912 E205.1804
G1 X103.849 Y112.071 E205.24345
G1 X104.179 Y111.729 E205.25293
G1 X104.377 Y111.57 E205.258
G1 X104.645 Y111.406 E205.26427
G1 X104.877 Y111.302 E205.26934
G1 X105.307 Y111.175 E205.27829
G1 X105.859 Y111.126 E205.28935
G1 X106.578 Y111.212 E205.3038
G1 X107.038 Y111.421 E205.31388
G1 X107.237 Y111.273 E205.31883
G1 X107.548 Y111.171 E205.32536
G1 X108.368 Y111.176 E205.34173
G1 X108.692 Y111.249 E205.34835
G1 X109.001 Y111.482 E205.35608
G1 X109.297 Y112.207 E205.37171
G1 X109.392 Y112.224 E205.37363
G1 X109.392 Y112.155 E205.37501
G1 X109.667 Y111.482 E205.38952
G1 X109.981 Y111.245 E205.39737
G1 X110 Y111.241 E205.39775
G0 F9000 X115.971 Y111.135
G0 X116.23 Y108.83
G0 X113.799 Y108.901
G0 X110.296 Y108.822
G0 X110.296 Y107.969
G1 F1188.1 X110.294 Y106.157 E205.44341
G1 F2700 E200.44341
G0 F9000 X110.084 Y108.35
G0 X103.437 Y108.35
G0 X103.437 Y104.608
G0 X109.287 Y104.136
G0 X109.287 Y104.222
G1 F2700 E205.44341
G1 F1117.3 X109.759 Y103.946 E205.45806
G1 X109.322 Y103.817 E205.47026
G1 X108.752 Y103.946 E205.48592
G1 X109.287 Y104.222 E205.50205
G0 F9000 X109.759 Y103.946
G1 F1041.7 X110.264 Y103.926 E205.51657
G1 F1047.1 X110.761 Y103.944 E205.53079
G0 F9000 X111.41 Y104.254
G1 F1200 X111.821 Y103.954 E205.54348
G1 X111.387 Y103.841 E205.55467
G1 F1470.6 X111.073 Y103.862 E205.56107
G1 F1176.5 X110.761 Y103.944 E205.56928
G1 X111.033 Y104.086 E205.57709
G1 F1470.6 X111.41 Y104.254 E205.58549
G0 F9000 X111.821 Y103.954
G1 F991.7 X112.012 Y103.946 E205.59126
G1 F1006.7 X114.148 Y103.946 E205.65477
G1 F956.9 X114.518 Y103.977 E205.66639
G1 F949.4 X114.759 Y103.946 E205.67405
G1 F1000 X115.488 Y103.946 E205.69587
G1 F991.7 X115.752 Y103.97 E205.70387
G1 F2700 E200.70387
G0 F9000 X103.437 Y104.608
G0 X103.437 Y108.35
G0 X113.051 Y108.35
G0 X113.051 Y107.669
G0 X113.917 Y106.479
G1 F2700 E205.70387
G1 F1612.9 X113.614 Y106.51 E205.70953
G0 F9000 X113.288 Y107.448
G1 F1260.5 X113.754 Y106.885 E205.72688
G1 F1500 X113.934 Y106.849 E205.73055
G1 X114.288 Y106.848 E205.73761
G1 X114.288 Y105.991 E205.75471
G1 X114.148 Y106.108 E205.75835
G1 X113.213 Y106.109 E205.77701
G1 X113.213 Y106.51 E205.78501
G1 F1260.5 X113.288 Y107.448 E205.80736
G1 F1081.1 X113.288 Y107.971 E205.82184
G1 F2700 E200.82184
G0 F9000 X113.288 Y108.798
G0 X103.437 Y108.35
G0 X103.437 Y104.608
G0 X108.752 Y103.946
G1 F2700 E205.82184
G1 F1006.7 X108.16 Y103.946 E205.83945
G1 F991.7 X107.969 Y103.954 E205.84522
G0 F9000 X107.36 Y104.41
G1 F1351.4 X107.502 Y104.261 E205.84977
G1 F1134.2 X107.969 Y103.954 E205.86452
G1 X107.36 Y103.87 E205.88075
G1 F1153.8 X106.56 Y103.946 E205.9016
G1 X107.218 Y104.261 E205.92052
G1 F1351.4 X107.36 Y104.41 E205.92508
G0 F9000 X106.56 Y103.946
G1 F1006.7 X105.96 Y103.946 E205.94292
G1 F991.7 X105.769 Y103.954 E205.94869
G0 F9000 X105.216 Y104.379
G1 F1415.1 X105.344 Y104.24 E205.95269
G1 F1156.1 X105.769 Y103.954 E205.96595
G1 X105.216 Y103.86 E205.98048
G1 F1176.5 X104.472 Y103.946 E205.99954
G1 X105.088 Y104.24 E206.0169
G1 F1415.1 X105.216 Y104.379 E206.0209
G0 F9000 X104.472 Y103.946
G1 F1015.2 X104.296 Y103.951 E206.02609
G0 F9000 X116.257 Y104.186
G0 X116.533 Y106.95
G1 F1395.3 X116.533 Y105.044 E206.06698
G1 F1421.8 X116.551 Y104.252 E206.08366
G1 F1470.6 X116.457 Y103.966 E206.08979
G1 F1500 X116.34 Y103.781 E206.09415
G1 X116.175 Y103.626 E206.09867
G1 X115.926 Y103.488 E206.10435
G1 X115.719 Y103.448 E206.10856
G1 X104.255 Y103.448 E206.33734
G1 X103.966 Y103.54 E206.34339
G1 X103.781 Y103.659 E206.34778
G1 X103.625 Y103.822 E206.35228
G1 X103.516 Y104.021 E206.35681
G1 X103.448 Y104.29 E206.36235
G1 X103.448 Y104.797 E206.37247
G1 X103.678 Y104.475 E206.38036
G1 X103.829 Y104.445 E206.38343
G1 X104.472 Y104.444 E206.39627
G1 X104.837 Y104.567 E206.40395
G1 X104.975 Y104.715 E206.40799
G1 F1612.9 X105.044 Y105.044 E206.41423
G1 F1680.7 X105.058 Y105.51 E206.42253
G1 F1621.6 X105.507 Y105.51 E206.43082
G1 F1630.4 X105.411 Y105.244 E206.43601
G1 F1685.4 X105.388 Y105.044 E206.43959
G1 F1612.9 X105.457 Y104.715 E206.44583
G1 F1500 X105.595 Y104.567 E206.44987
G1 X105.877 Y104.444 E206.45601
G1 X106.56 Y104.444 E206.46964
G1 X106.946 Y104.584 E206.47783
G1 X107.086 Y104.731 E206.48188
G1 X107.243 Y105.176 E206.4913
G1 X107.48 Y105.176 E206.49603
G1 X107.631 Y104.733 E206.50537
G1 X107.774 Y104.584 E206.50949
G1 X108.075 Y104.444 E206.51611
G1 X108.752 Y104.444 E206.52962
G1 X109.023 Y104.508 E206.53518
G1 X109.209 Y104.665 E206.54004
G1 X109.47 Y104.533 E206.54587
G1 X109.844 Y104.436 E206.55358
G1 X110.218 Y104.405 E206.56107
G1 X110.804 Y104.442 E206.57279
G1 X111.261 Y104.617 E206.58256
G1 X111.499 Y104.774 E206.58825
G1 X111.572 Y104.635 E206.59138
G1 X111.696 Y104.533 E206.59458
G1 X111.932 Y104.444 E206.59962
G1 X114.148 Y104.444 E206.64384
G1 X114.345 Y104.476 E206.64782
G1 X114.49 Y104.551 E206.65108
G1 X114.518 Y104.605 E206.6523
G1 X114.546 Y104.551 E206.65351
G1 X114.753 Y104.444 E206.65816
G1 X115.571 Y104.444 E206.67448
G1 X115.808 Y104.537 E206.67956
G1 X115.926 Y104.632 E206.68259
G1 F1445.8 X116.103 Y105.044 E206.69187
G1 F1395.3 X116.103 Y106.833 E206.73025
G1 X116.416 Y106.833 E206.73697
G1 X116.533 Y106.95 E206.74051
G1 F2700 E201.74051
G0 F9000 X116.209 Y104.201
G0 X103.437 Y104.608
G0 X103.437 Y108.35
G0 X113.288 Y108.858
G0 X116.23 Y108.83
G0 X115.971 Y111.135
G0 X109.954 Y111.736
G0 X108.716 Y112.746
G0 X108.716 Y111.736
G0 X105.856 Y111.683
G0 X105.399 Y111.723
G0 X104.984 Y111.852
G0 X104.62 Y112.073
G0 X104.325 Y112.379
G0 X104.113 Y112.751
G0 X103.992 Y113.171
G0 X103.992 Y114.073
G0 X104.114 Y114.486
G0 X104.327 Y114.856
G0 X104.624 Y115.156
G0 X104.883 Y115.309
G0 X107.022 Y116.17
G1 F2700 E206.74051
G1 F1388.9 X107.679 Y116.094 E206.75477
G1 X107.122 Y115.846 E206.76791
G1 F1690.1 X107.047 Y115.787 E206.7696
G1 X106.773 Y115.907 E206.7749
G1 F1421.8 X106.233 Y116.103 E206.78699
G1 F1392.1 X106.579 Y116.162 E206.79454
G1 F1648.4 X107.022 Y116.17 E206.80259
G0 F9000 X106.233 Y116.103
G1 F1247.4 X105.664 Y116.112 E206.81624
G1 X105.472 Y116.103 E206.82085
G0 F9000 X105.037 Y116.124
G1 F1276.6 X105.472 Y116.103 E206.83107
G1 X105.048 Y116.004 E206.84128
G1 F1336.3 X104.715 Y115.878 E206.84925
G1 F1333.3 X104.271 Y115.616 E206.86083
G1 X103.873 Y115.217 E206.87348
G1 F1339.3 X103.874 Y115.684 E206.88392
G1 X103.928 Y115.852 E206.88786
G1 F1333.3 X104.071 Y116.022 E206.89285
G1 X104.253 Y116.124 E206.89753
G1 F1336.3 X105.037 Y116.124 E206.91509
G0 F9000 X110 Y116.24
G0 X110 Y116.548
G1 F1500 X115.76 Y116.547 E207.03004
G1 X116.034 Y116.457 E207.0358
G1 X116.218 Y116.342 E207.04013
G1 X116.369 Y116.178 E207.04458
G1 X116.48 Y115.975 E207.04919
G1 X116.548 Y115.706 E207.05473
G1 X116.548 Y108.402 E207.20049
G1 X116.416 Y108.512 E207.20392
G1 X113.897 Y108.512 E207.25419
G1 X113.636 Y108.415 E207.25974
G1 X113.487 Y108.278 E207.26378
G1 F1252.6 X113.288 Y107.971 E207.27253
G1 X113.089 Y108.278 E207.28127
G1 F1500 X112.94 Y108.415 E207.28531
G1 X112.716 Y108.511 E207.29017
G1 X111.946 Y108.509 E207.30554
G1 X111.78 Y108.465 E207.30896
G1 X111.614 Y108.509 E207.31239
G1 X110.842 Y108.512 E207.3278
G1 X110.629 Y108.421 E207.33242
G1 X110.479 Y108.287 E207.33643
G1 F1321.6 X110.296 Y107.969 E207.34474
G1 X110.113 Y108.287 E207.35305
G1 F1500 X109.963 Y108.421 E207.35707
G1 X109.752 Y108.513 E207.36166
G1 X108.989 Y108.51 E207.37689
G1 X108.746 Y108.433 E207.38198
G1 X108.479 Y108.116 E207.39025
G1 X108.444 Y107.912 E207.39438
G1 X108.444 Y107.661 E207.39939
G1 X108.281 Y108.116 E207.40903
G1 X108.014 Y108.433 E207.4173
G1 X107.716 Y108.512 E207.42345
G1 X106.942 Y108.509 E207.4389
G1 X106.764 Y108.461 E207.44258
G1 X106.498 Y108.175 E207.45037
G1 X106.232 Y108.461 E207.45817
G1 X106.021 Y108.512 E207.4625
G1 X103.872 Y108.512 E207.50539
G1 X103.447 Y108.155 E207.51646
G1 F1507.5 X103.446 Y113.184 E207.61632
G1 F1550.4 X103.437 Y113.644 E207.6252
G1 F1542.4 X103.449 Y114.545 E207.64269
G1 F1500 X103.449 Y115.745 E207.66664
G1 X103.541 Y116.034 E207.67269
G1 X103.657 Y116.217 E207.67701
G1 X103.819 Y116.37 E207.68146
G1 X104.074 Y116.508 E207.68725
G1 X104.278 Y116.548 E207.6914
G1 X110 Y116.548 E207.80558
G0 F9000 X110 Y116.948
;TYPE:WALL-OUTER
G1 F1500 X115.82 Y116.948 E207.92173
G1 X116.206 Y116.821 E207.92984
G1 X116.475 Y116.652 E207.93618
G1 X116.696 Y116.414 E207.94266
G1 X116.856 Y116.122 E207.9493
G1 X116.948 Y115.755 E207.95685
G1 X116.948 Y108.644 E208.09876
G1 F1566.6 X116.965 Y107.912 E208.11275
G1 F1639.3 X116.965 Y107.448 E208.12123
G1 F1566.6 X116.948 Y106.716 E208.13522
G1 F1500 X116.948 Y104.18 E208.18583
G1 X116.821 Y103.794 E208.19393
G1 X116.652 Y103.525 E208.20027
G1 X116.413 Y103.3 E208.20682
G1 X116.063 Y103.107 E208.2148
G1 X115.757 Y103.048 E208.22102
G1 X104.191 Y103.048 E208.45183
G1 X103.794 Y103.175 E208.46015
G1 X103.525 Y103.348 E208.46653
G1 X103.299 Y103.584 E208.47305
G1 X103.14 Y103.874 E208.47965
G1 X103.048 Y104.241 E208.4872
G1 F1315.8 X103.104 Y105.044 E208.50552
G1 F1167.3 X103.106 Y108.001 E208.58134
G1 F1310 X103.048 Y108.936 E208.60275
G1 F1500 X103.049 Y115.808 E208.73989
G1 X103.175 Y116.206 E208.74822
G1 X103.347 Y116.475 E208.75459
G1 X103.583 Y116.696 E208.76104
G1 X103.937 Y116.889 E208.76909
G1 X104.24 Y116.948 E208.77525
G1 X110 Y116.948 E208.8902
G1 F2700 E203.8902
G0 F9000 X110 Y116.24
G0 X109.938 Y115.22
G0 X110 Y114.838
G1 F2700 E208.8902
G1 F1507.5 X109.977 Y114.872 E208.89101
G1 F1500 X109.674 Y115.096 E208.89853
G1 X109.392 Y115.194 E208.90449
G1 X109.14 Y115.234 E208.90958
G1 X107.677 Y115.24 E208.93878
G1 X107.562 Y115.205 E208.94118
G1 X107.476 Y115.049 E208.94473
G1 X107.476 Y114.192 E208.96183
G1 F1558.4 X107.491 Y113.741 E208.9705
G1 X107.413 Y114.231 E208.98003
G1 F1500 X107.264 Y114.565 E208.98733
G1 X107.041 Y114.85 E208.99455
G1 X106.753 Y115.068 E209.00176
G1 X106.461 Y115.196 E209.00812
G1 X106.075 Y115.273 E209.01598
G1 X105.627 Y115.273 E209.02492
G1 X105.163 Y115.186 E209.03434
G1 X104.777 Y114.956 E209.0433
G1 X104.523 Y114.703 E209.05046
G1 X104.335 Y114.364 E209.05819
G1 X104.238 Y114.023 E209.06527
G1 X104.204 Y113.663 E209.07249
G1 X104.243 Y113.193 E209.0819
G1 X104.354 Y112.824 E209.08959
G1 X104.543 Y112.505 E209.09699
G1 X104.795 Y112.253 E209.1041
G1 X105.109 Y112.068 E209.11137
G1 X105.449 Y111.966 E209.11846
G1 X105.83 Y111.932 E209.12609
G1 X106.383 Y112 E209.13721
G1 X106.819 Y112.2 E209.14678
G1 X107.171 Y112.529 E209.1564
G1 F1496.3 X107.383 Y112.929 E209.16545
G1 F1474.2 X107.47 Y113.217 E209.17156
G1 F1477.8 X107.476 Y112.172 E209.19273
G1 F1500 X107.528 Y112.036 E209.19563
G1 X107.641 Y111.974 E209.19821
G1 X108.295 Y111.972 E209.21126
G1 X108.421 Y112.034 E209.21406
G1 X108.476 Y112.168 E209.21695
G1 X108.476 Y112.984 E209.23323
G1 X109.116 Y112.987 E209.24601
G1 X109.472 Y113.052 E209.25323
G1 X109.794 Y113.213 E209.26041
G1 X110.078 Y113.52 E209.26876
G1 F1542.4 X110.211 Y113.906 E209.27668
G1 X110.192 Y113.536 E209.28387
G1 F1500 X110.192 Y112.168 E209.31117
G1 X110.247 Y112.034 E209.31406
G1 X110.352 Y111.975 E209.31647
G1 X112.789 Y111.974 E209.3651
G1 F1546.4 X112.916 Y112.172 E209.36965
G1 X113.044 Y111.972 E209.37425
G1 F1500 X113.703 Y111.971 E209.3874
G1 X113.836 Y112.097 E209.39106
G1 X113.837 Y113.553 E209.42011
G1 X114.673 Y112.073 E209.45403
G1 X114.813 Y111.974 E209.45746
G1 X115.552 Y111.972 E209.4722
G1 X115.673 Y112.011 E209.47474
G1 X115.752 Y112.172 E209.47832
G1 X115.75 Y115.075 E209.53625
G1 X115.699 Y115.177 E209.53853
G1 X115.57 Y115.24 E209.54139
G1 X115.02 Y115.24 E209.55237
G1 X114.912 Y115.209 E209.55461
G1 X114.82 Y115.039 E209.55847
G1 X114.822 Y113.629 E209.58661
G1 X113.966 Y115.139 E209.62124
G1 X113.827 Y115.237 E209.62464
G1 X113.035 Y115.236 E209.64044
G1 F1392.1 X112.874 Y115.06 E209.64557
G1 X112.713 Y115.236 E209.6507
G1 F1500 X110.392 Y115.24 E209.69702
G1 X110.23 Y115.158 E209.70064
G1 X110.192 Y115.04 E209.70312
G1 F1534.5 X110.201 Y114.393 E209.71574
G1 F1542.4 X110.107 Y114.677 E209.72155
G1 F1515.2 X110 Y114.838 E209.72536
G0 F9000 X110.201 Y114.393
G1 F1626 X110.214 Y113.964 E209.73327
G1 F2700 E204.73327
G0 F9000 X112.874 Y114.576
G1 F2700 E209.73327
G1 F1301.5 X112.874 Y115.06 E209.7444
G0 F9000 X112.874 Y114.576
G1 F1415.1 X112.91 Y114.193 E209.75254
G1 F1754.4 X112.957 Y113.906 E209.7575
G1 F2047.8 X112.958 Y113.392 E209.76501
G1 F1734.1 X112.904 Y113.036 E209.77123
G1 F1542.4 X112.915 Y112.668 E209.77837
G1 F1566.6 X112.739 Y112.825 E209.78288
G1 X111.181 Y112.825 E209.81265
G1 F1587.3 X111.181 Y113.203 E209.81978
G1 F1562.5 X112.609 Y113.203 E209.84713
G1 F1764.7 X112.666 Y113.392 E209.85048
G1 F2047.8 X112.665 Y113.881 E209.85763
G1 F1796.4 X112.615 Y114.035 E209.86033
G1 F1634.9 X111.172 Y114.036 E209.88675
G1 F1666.7 X111.172 Y114.396 E209.89322
G1 F1634.9 X112.691 Y114.395 E209.92103
G1 F1438.8 X112.874 Y114.576 E209.92638
G1 F2700 E204.92638
G0 F9000 X112.915 Y112.668
G1 F2700 E209.92638
G1 F1591.5 X112.916 Y112.172 E209.93571
G0 F9000 X112.916 Y111.264
G0 X115.971 Y111.135
G0 X116.23 Y108.83
G0 X113.933 Y108.822
G0 X113.933 Y108.11
G1 F1500 X113.805 Y108.034 E209.93868
G1 X113.764 Y107.93 E209.94091
G1 X113.764 Y107.448 E209.95053
G1 X113.902 Y107.248 E209.95538
G1 X114.688 Y107.248 E209.97107
G1 X114.688 Y106.248 E209.99102
G1 F1558.4 X114.703 Y105.044 E210.01415
G1 X114.774 Y104.879 E210.0176
G1 F1500 X114.888 Y104.844 E210.01998
G1 X115.522 Y104.846 E210.03263
G1 X115.634 Y104.906 E210.03517
G1 X115.688 Y105.044 E210.03813
G1 X115.688 Y107.248 E210.08211
G1 X116.416 Y107.248 E210.09664
G1 F1566.6 X116.599 Y107.448 E210.10182
G1 F1634.9 X116.598 Y107.944 E210.1109
G1 F1562.5 X116.416 Y108.112 E210.11564
G1 F1500 X113.933 Y108.11 E210.1652
G0 F9000 X113.933 Y108.822
G0 X111.78 Y108.822
G0 X111.78 Y107.932
G1 F1287.6 X111.779 Y106.099 E210.20781
G1 F1250 X111.765 Y105.834 E210.21417
G1 F2700 E205.21417
G0 F9000 X108.91 Y105.435
G1 F2700 E210.21417
G1 F1052.6 X108.784 Y105.804 E210.22525
G1 F2700 E205.22525
G0 F9000 X108.633 Y106.597
G0 X109.68 Y108.113
G1 F2700 E210.22525
G1 F1500 X108.966 Y108.112 E210.2395
G1 F1470.6 X108.844 Y107.967 E210.24336
G1 F1415.1 X108.828 Y106.124 E210.28235
G1 F1188.1 X108.784 Y105.804 E210.29048
G1 X108.606 Y106.085 E210.29887
G1 F1442.3 X107.905 Y107.98 E210.3408
G1 F1500 X107.796 Y108.11 E210.34419
G1 X106.941 Y108.111 E210.36125
G1 X106.82 Y107.981 E210.36479
G1 F1492.5 X106.526 Y107.178 E210.38194
G1 F1351.4 X106.384 Y106.911 E210.38864
G1 F1239.7 X106.252 Y106.548 E210.39797
G1 F1388.9 X106.129 Y106.061 E210.40879
G1 X106.182 Y106.56 E210.41961
G1 F1239.7 X106.048 Y106.777 E210.42577
G1 F1293.1 X104.694 Y106.782 E210.45711
G1 F1351.4 X104.694 Y107.226 E210.46695
G1 F1293.1 X106.072 Y107.221 E210.49885
G1 F1339.3 X106.194 Y107.448 E210.50461
G1 F1467 X106.187 Y107.969 E210.51524
G1 F1488.8 X106.054 Y108.112 E210.51916
G1 F1500 X103.872 Y108.112 E210.56271
G1 F1310 X103.617 Y107.957 E210.56953
G1 F1167.3 X103.616 Y105.044 E210.64423
G1 F1315.8 X103.817 Y104.844 E210.65068
G1 F1500 X104.472 Y104.844 E210.66375
G1 X104.594 Y104.885 E210.66632
G1 X104.672 Y105.044 E210.66985
G1 X104.673 Y105.895 E210.68683
G1 F1515.2 X105.94 Y105.9 E210.71187
G1 F1554.4 X106.119 Y106.03 E210.71613
G1 F1542.4 X105.762 Y105.079 E210.73584
G1 F1500 X105.792 Y104.934 E210.73879
G1 X105.925 Y104.847 E210.74197
G1 X106.56 Y104.844 E210.75464
G1 X106.722 Y104.902 E210.75807
G1 X106.959 Y105.576 E210.77233
G1 X107.765 Y105.576 E210.78841
G1 X107.994 Y104.907 E210.80253
G1 X108.125 Y104.847 E210.8054
G1 X108.824 Y104.844 E210.81935
G1 X108.941 Y104.977 E210.82289
G1 F1445.8 X108.957 Y105.112 E210.8257
G1 F1209.7 X108.91 Y105.435 E210.83378
G1 F1171.9 X109.08 Y105.257 E210.84006
G1 F1388.9 X109.358 Y105.038 E210.84769
G1 F1500 X109.61 Y104.908 E210.85335
G1 X109.913 Y104.83 E210.85959
G1 X110.28 Y104.804 E210.86694
G1 X110.721 Y104.838 E210.87576
G1 X111.085 Y104.976 E210.88353
G1 X111.412 Y105.199 E210.89143
G1 F1463.4 X111.64 Y105.544 E210.89989
G1 F1315.8 X111.765 Y105.834 E210.90707
G1 F1342.3 X111.812 Y105.437 E210.91599
G1 F1500 X111.816 Y105.001 E210.92469
G1 X111.865 Y104.907 E210.92681
G1 X111.977 Y104.847 E210.92934
G1 X114.195 Y104.844 E210.9736
G1 X114.262 Y104.879 E210.97511
G1 F1558.4 X114.333 Y105.044 E210.97856
G1 F1617.3 X114.332 Y105.54 E210.98774
G1 F1554.4 X114.148 Y105.708 E210.99254
G1 F1500 X112.813 Y105.709 E211.01918
G1 X112.812 Y107.93 E211.06351
G1 X112.722 Y108.08 E211.067
G1 X112.612 Y108.112 E211.06928
G1 X111.942 Y108.108 E211.08265
G1 F1385.7 X111.78 Y107.932 E211.08782
G1 X111.615 Y108.111 E211.09308
G1 F1500 X110.896 Y108.106 E211.10743
G1 X110.791 Y108.037 E211.10994
G1 X110.748 Y107.93 E211.11224
G1 X110.744 Y106.11 E211.14856
G1 X110.704 Y105.927 E211.1523
G1 X110.592 Y105.769 E211.15616
G1 X110.409 Y105.688 E211.16015
G1 X110.156 Y105.688 E211.1652
G1 X109.982 Y105.767 E211.16902
G1 X109.911 Y105.854 E211.17126
G1 X109.844 Y106.056 E211.1755
G1 X109.844 Y107.93 E211.2129
G1 X109.801 Y108.037 E211.2152
G1 X109.68 Y108.113 E211.21806
G1 F2700 E206.21806
G0 F9000 X109.68 Y108.822
G0 X103.437 Y108.35
G0 X103.437 Y104.608
G0 X104.913 Y104.608
G0 X105.678 Y105.631
G0 X106.129 Y106.061
G1 F2700 E211.21806
G1 F1583.1 X106.119 Y106.03 E211.21867
G1 F2700 E206.21867
G0 F9000 X105.678 Y105.631
G0 X104.913 Y104.608
G0 X103.437 Y104.608
G0 X103.437 Y108.35
G0 X104.031 Y111.617
G0 X107.004 Y111.219
G0 X107.268 Y112.332
G0 X107.47 Y113.217
G1 F2700 E211.21867
G1 F1534.5 X107.491 Y113.741 E211.2289
G1 F2700 E206.2289
G0 F9000 X108.688 Y112.774
G0 X110.053 Y111.13
G0 X110 Y110.874
;TYPE:SKIN
G1 F2700 E211.2289
G1 F1500 X109.824 Y110.913 E211.2325
G1 X109.43 Y111.209 E211.24233
G1 X109.332 Y111.379 E211.24625
G1 X109.234 Y111.209 E211.25016
G1 X108.912 Y110.966 E211.25821
G1 X108.487 Y110.816 E211.26721
G1 X107.493 Y110.815 E211.28705
G1 X107.103 Y110.937 E211.2952
G1 X106.995 Y111.005 E211.29775
G1 X106.664 Y110.857 E211.30498
G1 X105.829 Y110.764 E211.32175
G1 X105.221 Y110.82 E211.33393
G1 X104.749 Y110.965 E211.34379
G1 X104.474 Y111.089 E211.34981
G1 X104.208 Y111.25 E211.35601
G1 X104.208 Y109.272 E211.39549
G1 X106.06 Y109.268 E211.43244
G1 X106.31 Y109.229 E211.43749
G1 X106.505 Y109.153 E211.44167
G1 X106.882 Y109.269 E211.44954
G1 X107.983 Y109.269 E211.47151
G1 X108.378 Y109.096 E211.48012
G1 X108.633 Y109.208 E211.48568
G1 X108.889 Y109.264 E211.49091
G1 X109.911 Y109.264 E211.5113
G1 X110.297 Y109.092 E211.51973
G1 X110.58 Y109.221 E211.52594
G1 X110.925 Y109.271 E211.5329
G1 X112.717 Y109.264 E211.56866
G1 X113.132 Y109.169 E211.57716
G1 X113.287 Y109.085 E211.58067
G1 X113.44 Y109.169 E211.58416
G1 X113.815 Y109.272 E211.59192
G1 X115.788 Y109.272 E211.63129
G1 X115.788 Y110.88 E211.66338
G1 X115.544 Y110.812 E211.66844
G1 X114.661 Y110.815 E211.68606
G1 X114.207 Y110.962 E211.69558
G1 X114.02 Y110.865 E211.69978
G1 X113.627 Y110.807 E211.70771
G1 X110.249 Y110.82 E211.77512
G1 X110 Y110.874 E211.78021
G0 F9000 X110.055 Y111.129
G0 X114.247 Y111.204
G0 X115.093 Y111.072
G0 X115.093 Y110.616
G1 F1500 X115.588 Y110.121 E211.79418
G0 F9000 X115.588 Y109.555
G1 F1500 X114.477 Y110.666 E211.82553
G0 F9000 X113.926 Y110.652
G1 F1500 X115.106 Y109.471 E211.85885
G0 F9000 X114.54 Y109.471
G1 F1500 X113.404 Y110.608 E211.89092
G0 F9000 X112.836 Y110.61
G1 F1500 X113.974 Y109.471 E211.92305
G0 F9000 X113.489 Y109.391
G1 F1500 X112.269 Y110.611 E211.95749
G0 F9000 X111.702 Y110.613
G1 F1500 X112.885 Y109.429 E211.99089
G0 F9000 X112.285 Y109.464
G1 F1500 X111.135 Y110.614 E212.02334
G0 F9000 X110.567 Y110.616
G1 F1500 X111.717 Y109.466 E212.0558
G0 F9000 X111.149 Y109.468
G1 F1500 X109.932 Y110.685 E212.09014
G0 F9000 X109.153 Y110.899
G1 F1500 X110.62 Y109.432 E212.13155
G0 F9000 X110.072 Y109.414
G1 F1500 X108.778 Y110.708 E212.16807
G0 F9000 X108.307 Y110.613
G1 F1500 X109.455 Y109.465 E212.20046
G0 F9000 X108.892 Y109.463
G1 F1500 X107.738 Y110.617 E212.23303
G0 F9000 X107.043 Y110.746
G1 F1500 X108.445 Y109.343 E212.27261
G0 F9000 X107.757 Y109.466
G1 F1500 X106.579 Y110.645 E212.30587
G0 F9000 X106.071 Y110.587
G1 F1500 X107.188 Y109.469 E212.33741
G0 F9000 X106.678 Y109.414
G1 F1500 X105.495 Y110.596 E212.37079
G0 F9000 X104.781 Y110.745
G1 F1500 X106.058 Y109.468 E212.40682
G0 F9000 X105.491 Y109.469
G1 F1500 X104.408 Y110.553 E212.4374
G0 F9000 X104.408 Y109.987
G1 F1500 X104.924 Y109.471 E212.45197
G1 F2700 E207.45197
;MESH:NONMESH
G0 F300 Z2.84
G0 F9000 X104.924 Y109.011
G0 X106.427 Y108.35
G0 X106.402 Y107.463
G0 X107.432 Y106.522
;TIME_ELAPSED:812.064505
;LAYER:22
;TYPE:WALL-OUTER
;MESH:Lens_Openscad.stl
G1 F2700 E212.45197
G1 F1020.4 X107.396 Y106.585 E212.45409
G1 X107.323 Y106.585 E212.45624
G1 X107.286 Y106.522 E212.45838
G1 X107.322 Y106.459 E212.46051
G1 X107.395 Y106.459 E212.46265
G1 X107.432 Y106.522 E212.46479
G1 F2700 E207.46479
G0 F9000 X105.897 Y113.043
G0 X105.937 Y113.973
;TYPE:WALL-INNER
G1 F2700 E212.46479
G1 F1395.3 X105.998 Y113.916 E212.46658
G1 X106.059 Y113.751 E212.47036
G1 F1388.9 X106.043 Y113.412 E212.47767
G1 F1379.3 X105.977 Y113.272 E212.48103
G1 X105.76 Y113.239 E212.48579
G1 X105.699 Y113.288 E212.48749
G1 X105.619 Y113.522 E212.49286
G1 F1388.9 X105.642 Y113.83 E212.49952
G1 F1395.3 X105.744 Y113.973 E212.50328
G1 X105.937 Y113.973 E212.50742
G0 F9000 X106.026 Y114.388
;TYPE:WALL-OUTER
G1 F1500 X106.143 Y114.348 E212.50989
G1 X106.352 Y114.153 E212.5156
G1 X106.496 Y113.768 E212.5238
G1 X106.452 Y113.299 E212.5332
G1 X106.304 Y112.99 E212.54004
G1 X106.223 Y112.916 E212.54223
G1 X105.927 Y112.814 E212.54847
G1 X105.606 Y112.829 E212.55489
G1 X105.386 Y113.005 E212.56051
G1 X105.307 Y113.127 E212.56341
G1 X105.198 Y113.472 E212.57063
G1 X105.233 Y113.953 E212.58026
G1 X105.38 Y114.212 E212.5862
G1 X105.546 Y114.346 E212.59046
G1 X105.67 Y114.388 E212.59307
G1 X106.026 Y114.388 E212.60017
G1 F2700 E207.60017
G0 F9000 X105.878 Y113.693
G0 X106.245 Y113.791
G0 X108.702 Y114.071
G0 X108.974 Y114.341
G1 F2700 E212.60017
G1 F1298.7 X108.507 Y114.341 E212.61094
G1 F1295.9 X108.507 Y113.876 E212.62168
G1 F1298.7 X108.974 Y113.879 E212.63244
G1 X109.131 Y113.937 E212.6363
G1 X109.189 Y114.051 E212.63925
G1 X109.152 Y114.267 E212.6443
G1 X108.974 Y114.341 E212.64874
G1 F2700 E207.64874
G0 F9000 X108.942 Y114.066
G0 X109.45 Y115.423
G0 X110 Y115.951
G0 X110 Y115.478
;TYPE:WALL-INNER
G1 F2700 E212.64874
G1 F1500 X109.92 Y115.408 E212.65086
G1 X109.786 Y115.481 E212.65391
G1 X109.464 Y115.588 E212.66068
G1 X109.11 Y115.636 E212.66781
G1 X107.678 Y115.64 E212.69639
G1 X107.336 Y115.535 E212.70353
G1 X107.179 Y115.377 E212.70797
G1 X107.145 Y115.275 E212.71012
G1 X106.914 Y115.434 E212.71571
G1 X106.56 Y115.589 E212.72342
G1 X106.096 Y115.676 E212.73285
G1 X105.603 Y115.676 E212.74268
G1 X105.122 Y115.587 E212.75245
G1 X104.924 Y115.512 E212.75667
G1 X104.439 Y115.22 E212.76797
G1 X104.073 Y114.76 E212.7797
G1 F1503.8 X103.856 Y114.234 E212.79103
G1 F1546.4 X103.815 Y113.636 E212.80263
G1 X103.843 Y113.144 E212.81217
G1 F1507.5 X103.972 Y112.685 E212.82164
G1 F1500 X104.206 Y112.277 E212.83102
G1 X104.519 Y111.953 E212.84001
G1 X104.924 Y111.705 E212.84949
G1 X105.38 Y111.572 E212.85897
G1 X105.853 Y111.529 E212.86845
G1 X106.486 Y111.607 E212.88117
G1 X106.955 Y111.822 E212.89147
G1 X107.132 Y111.939 E212.8957
G1 X107.233 Y111.766 E212.8997
G1 X107.412 Y111.632 E212.90416
G1 X107.597 Y111.572 E212.90805
G1 X108.331 Y111.574 E212.92269
G1 X108.557 Y111.641 E212.9274
G1 X108.709 Y111.755 E212.93119
G1 X108.876 Y112.151 E212.93977
G1 X108.876 Y112.582 E212.94837
G1 X109.297 Y112.586 E212.95677
G1 X109.792 Y112.746 E212.96715
G1 X109.792 Y112.151 E212.97902
G1 X109.959 Y111.755 E212.9876
G1 X110.111 Y111.641 E212.99139
G1 X110.305 Y111.572 E212.9955
G1 X112.781 Y111.574 E213.04491
G1 X112.916 Y111.602 E213.04766
G1 X113.051 Y111.574 E213.05041
G1 X113.636 Y111.571 E213.06209
G1 X113.904 Y111.635 E213.06759
G1 X114.159 Y111.877 E213.0746
G1 X114.212 Y112.078 E213.07875
G1 X114.325 Y111.877 E213.08335
G1 X114.58 Y111.635 E213.09037
G1 X114.768 Y111.572 E213.09433
G1 X115.552 Y111.572 E213.10997
G1 X115.913 Y111.691 E213.11756
G1 F1503.8 X116.151 Y112.172 E213.12824
G1 F1500 X116.146 Y115.144 E213.18755
G1 F1492.5 X116.021 Y115.415 E213.19353
G1 F1500 X115.916 Y115.518 E213.19647
G1 X115.672 Y115.64 E213.20191
G1 X115.02 Y115.64 E213.21493
G1 X114.697 Y115.547 E213.22163
G1 X114.498 Y115.337 E213.22741
G1 X114.439 Y115.115 E213.23199
G1 X114.259 Y115.434 E213.2393
G1 X114.115 Y115.547 E213.24295
G1 X113.873 Y115.64 E213.24813
G1 X113.016 Y115.64 E213.26523
G1 X112.874 Y115.593 E213.26821
G1 X112.718 Y115.64 E213.27147
G1 X110.392 Y115.64 E213.31788
G1 X110.097 Y115.563 E213.32397
G1 X110 Y115.478 E213.32654
G0 F9000 X110 Y115.951
G0 X108.666 Y116.16
G0 X107.679 Y116.094
G1 F1174.2 X109.111 Y116.092 E213.36305
G1 F1111.1 X109.547 Y116.064 E213.37482
G1 F982 X109.838 Y116.021 E213.38379
G1 F1032.7 X110.392 Y116.094 E213.39998
G1 F1160.5 X113.975 Y116.087 E213.4924
G0 F9000 X114.406 Y116.176
G1 F1408.5 X115.02 Y116.094 E213.50557
G1 X114.498 Y115.86 E213.51772
G1 F1538.5 X114.413 Y115.794 E213.51982
G1 F1250 X113.975 Y116.087 E213.53244
G1 F1379.3 X114.406 Y116.176 E213.54199
G0 F9000 X115.02 Y116.094
G1 F1178.8 X115.678 Y116.093 E213.5587
G1 F1190.5 X115.842 Y116.048 E213.56297
G1 F2700 E208.56297
G0 F9000 X115.993 Y115.479
G0 X115.993 Y111.736
G0 X110 Y111.241
G1 F2700 E213.56297
G1 F1500 X110.347 Y111.172 E213.57003
G1 X113.636 Y111.171 E213.63567
G1 X113.915 Y111.211 E213.64129
G1 X114.083 Y111.277 E213.6449
G1 X114.242 Y111.429 E213.64929
G1 X114.401 Y111.277 E213.65368
G1 X114.717 Y111.172 E213.66032
G1 X115.552 Y111.172 E213.67698
G1 X116.148 Y111.37 E213.68952
G1 X116.148 Y108.912 E213.73857
G1 X113.848 Y108.912 E213.78447
G1 X113.565 Y108.83 E213.79035
G1 X113.288 Y108.63 E213.79717
G1 X113.158 Y108.75 E213.8007
G1 X112.785 Y108.911 E213.8088
G1 X110.948 Y108.912 E213.84546
G1 X110.691 Y108.879 E213.85063
G1 X110.417 Y108.76 E213.8566
G1 X110.296 Y108.652 E213.85983
G1 X110.175 Y108.76 E213.86307
G1 X109.837 Y108.908 E213.87043
G1 X108.952 Y108.908 E213.88809
G1 X108.547 Y108.78 E213.89657
G1 X108.38 Y108.581 E213.90175
G1 X108.213 Y108.78 E213.90694
G1 X107.832 Y108.912 E213.91498
G1 X106.933 Y108.91 E213.93293
G1 X106.601 Y108.827 E213.93975
G1 X106.498 Y108.715 E213.94279
G1 X106.395 Y108.827 E213.94583
G1 X106.042 Y108.911 E213.95307
G1 X103.848 Y108.912 E213.99685
G1 X103.849 Y112.071 E214.05989
G1 X104.179 Y111.729 E214.06938
G1 X104.377 Y111.57 E214.07445
G1 X104.645 Y111.406 E214.08072
G1 X104.877 Y111.302 E214.08579
G1 X105.307 Y111.175 E214.09474
G1 X105.859 Y111.126 E214.1058
G1 X106.578 Y111.212 E214.12025
G1 X107.038 Y111.421 E214.13033
G1 X107.237 Y111.273 E214.13528
G1 X107.548 Y111.171 E214.14181
G1 X108.368 Y111.176 E214.15817
G1 X108.692 Y111.249 E214.1648
G1 X108.997 Y111.478 E214.17241
G1 X109.299 Y112.192 E214.18788
G1 X109.392 Y112.206 E214.18976
G1 X109.392 Y112.137 E214.19114
G1 X109.671 Y111.478 E214.20542
G1 X109.981 Y111.245 E214.21316
G1 X110 Y111.241 E214.21355
G0 F9000 X115.971 Y111.135
G0 X116.23 Y108.83
G0 X113.799 Y108.901
G0 X110.296 Y108.822
G0 X110.296 Y107.969
G1 F1192.8 X110.296 Y106.17 E214.25869
G1 F2700 E209.25869
G0 F9000 X110.083 Y108.35
G0 X103.437 Y108.35
G0 X103.437 Y104.608
G0 X109.287 Y104.136
G0 X109.287 Y104.222
G1 F2700 E214.25869
G1 F1117.3 X109.759 Y103.946 E214.27334
G1 X109.322 Y103.817 E214.28555
G1 X108.752 Y103.946 E214.3012
G1 X109.287 Y104.222 E214.31733
G0 F9000 X109.759 Y103.946
G1 F1041.7 X110.264 Y103.926 E214.33186
G1 F1047.1 X110.761 Y103.944 E214.34607
G0 F9000 X111.41 Y104.254
G1 F1200 X111.821 Y103.954 E214.35877
G1 X111.387 Y103.841 E214.36995
G1 F1470.6 X111.073 Y103.862 E214.37636
G1 F1176.5 X110.761 Y103.944 E214.38457
G1 X111.033 Y104.086 E214.39237
G1 F1470.6 X111.41 Y104.254 E214.40078
G0 F9000 X111.821 Y103.954
G1 F991.7 X112.012 Y103.946 E214.40655
G1 F1006.7 X114.148 Y103.946 E214.47006
G1 F956.9 X114.518 Y103.977 E214.48167
G1 F949.4 X114.759 Y103.946 E214.48933
G1 F1000 X115.488 Y103.946 E214.51116
G1 F991.7 X115.752 Y103.97 E214.51916
G1 F2700 E209.51916
G0 F9000 X103.437 Y104.608
G0 X103.437 Y108.35
G0 X113.051 Y108.35
G0 X113.051 Y107.669
G0 X113.917 Y106.479
G1 F2700 E214.51916
G1 F1612.9 X113.614 Y106.51 E214.52481
G0 F9000 X113.288 Y107.448
G1 F1260.5 X113.754 Y106.885 E214.54217
G1 F1500 X113.934 Y106.849 E214.54583
G1 X114.288 Y106.848 E214.55289
G1 X114.288 Y105.991 E214.57
G1 X114.148 Y106.108 E214.57364
G1 X113.213 Y106.109 E214.5923
G1 X113.213 Y106.51 E214.6003
G1 F1260.5 X113.288 Y107.448 E214.62265
G1 F1081.1 X113.288 Y107.971 E214.63713
G1 F2700 E209.63713
G0 F9000 X113.288 Y108.798
G0 X103.437 Y108.35
G0 X103.437 Y104.608
G0 X108.752 Y103.946
G1 F2700 E214.63713
G1 F1006.7 X108.16 Y103.946 E214.65473
G1 F991.7 X107.969 Y103.954 E214.6605
G0 F9000 X107.36 Y104.41
G1 F1351.4 X107.502 Y104.261 E214.66506
G1 F1134.2 X107.969 Y103.954 E214.67981
G1 X107.36 Y103.87 E214.69603
G1 F1153.8 X106.56 Y103.946 E214.71688
G1 X107.218 Y104.261 E214.73581
G1 F1351.4 X107.36 Y104.41 E214.74037
G0 F9000 X106.56 Y103.946
G1 F1006.7 X105.96 Y103.946 E214.75821
G1 F991.7 X105.769 Y103.954 E214.76398
G0 F9000 X105.216 Y104.379
G1 F1415.1 X105.344 Y104.24 E214.76797
G1 F1156.1 X105.769 Y103.954 E214.78124
G1 X105.216 Y103.86 E214.79576
G1 F1176.5 X104.472 Y103.946 E214.81482
G1 X105.088 Y104.24 E214.83219
G1 F1415.1 X105.216 Y104.379 E214.83618
G0 F9000 X104.472 Y103.946
G1 F1015.2 X104.296 Y103.951 E214.84138
G0 F9000 X116.257 Y104.186
G0 X116.533 Y106.95
G1 F1395.3 X116.533 Y105.044 E214.88226
G1 F1421.8 X116.551 Y104.252 E214.89894
G1 F1470.6 X116.457 Y103.966 E214.90507
G1 F1500 X116.34 Y103.781 E214.90944
G1 X116.175 Y103.626 E214.91396
G1 X115.926 Y103.488 E214.91964
G1 X115.719 Y103.448 E214.92385
G1 X104.255 Y103.448 E215.15262
G1 X103.966 Y103.54 E215.15867
G1 X103.781 Y103.659 E215.16306
G1 X103.62 Y103.828 E215.16772
G1 X103.489 Y104.063 E215.17309
G1 X103.448 Y104.386 E215.17959
G1 X103.448 Y104.77 E215.18725
G1 X103.622 Y104.498 E215.1937
G1 X103.805 Y104.448 E215.19748
G1 X104.472 Y104.444 E215.21079
G1 X104.837 Y104.567 E215.21848
G1 X104.975 Y104.715 E215.22252
G1 F1612.9 X105.044 Y105.044 E215.22876
G1 F1680.7 X105.058 Y105.51 E215.23706
G1 F1621.6 X105.507 Y105.51 E215.24535
G1 F1630.4 X105.411 Y105.244 E215.25054
G1 F1685.4 X105.388 Y105.044 E215.25412
G1 F1612.9 X105.457 Y104.715 E215.26035
G1 F1500 X105.595 Y104.567 E215.26439
G1 X105.877 Y104.444 E215.27053
G1 X106.56 Y104.444 E215.28416
G1 X106.946 Y104.584 E215.29236
G1 X107.086 Y104.731 E215.29641
G1 X107.243 Y105.176 E215.30582
G1 X107.48 Y105.176 E215.31055
G1 X107.631 Y104.733 E215.31989
G1 X107.774 Y104.584 E215.32402
G1 X108.075 Y104.444 E215.33064
G1 X108.752 Y104.444 E215.34415
G1 X109.023 Y104.508 E215.34971
G1 X109.209 Y104.665 E215.35456
G1 X109.47 Y104.533 E215.3604
G1 X109.844 Y104.436 E215.36811
G1 X110.218 Y104.405 E215.3756
G1 X110.804 Y104.442 E215.38732
G1 X111.261 Y104.617 E215.39708
G1 X111.492 Y104.768 E215.40259
G1 X111.572 Y104.634 E215.40571
G1 X111.696 Y104.533 E215.4089
G1 X111.932 Y104.444 E215.41393
G1 X114.148 Y104.444 E215.45815
G1 X114.345 Y104.476 E215.46214
G1 X114.49 Y104.551 E215.46539
G1 X114.518 Y104.605 E215.46661
G1 X114.546 Y104.551 E215.46782
G1 X114.753 Y104.444 E215.47247
G1 X115.571 Y104.444 E215.4888
G1 X115.808 Y104.537 E215.49388
G1 X115.926 Y104.632 E215.4969
G1 F1445.8 X116.103 Y105.044 E215.50618
G1 F1395.3 X116.103 Y106.833 E215.54456
G1 X116.416 Y106.833 E215.55128
G1 X116.533 Y106.95 E215.55483
G1 F2700 E210.55483
G0 F9000 X116.209 Y104.201
G0 X103.437 Y104.608
G0 X103.437 Y108.35
G0 X113.288 Y108.858
G0 X116.23 Y108.83
G0 X115.971 Y111.135
G0 X109.954 Y111.736
G0 X108.716 Y112.746
G0 X108.716 Y111.736
G0 X105.856 Y111.683
G0 X105.399 Y111.723
G0 X104.984 Y111.852
G0 X104.62 Y112.073
G0 X104.325 Y112.379
G0 X104.113 Y112.751
G0 X103.992 Y113.17
G0 X103.953 Y113.641
G0 X104.005 Y114.2
G0 X104.208 Y114.678
G0 X104.533 Y115.102
G0 X104.977 Y115.364
G0 X107.022 Y116.17
G1 F2700 E215.55483
G1 F1388.9 X107.679 Y116.094 E215.56908
G1 X107.122 Y115.846 E215.58222
G1 F1690.1 X107.047 Y115.787 E215.58391
G1 X106.773 Y115.907 E215.58921
G1 F1421.8 X106.233 Y116.103 E215.60131
G1 F1392.1 X106.579 Y116.162 E215.60885
G1 F1648.4 X107.022 Y116.17 E215.6169
G0 F9000 X106.233 Y116.103
G1 F1247.4 X105.664 Y116.112 E215.63056
G1 F1250 X105.474 Y116.103 E215.63511
G0 F9000 X105.034 Y116.124
G1 F1282.1 X105.474 Y116.103 E215.6454
G1 X105.045 Y116.004 E215.65568
G1 F1336.3 X104.707 Y115.876 E215.66377
G1 F1333.3 X104.319 Y115.646 E215.6739
G1 F1339.3 X104.117 Y115.487 E215.67964
G1 F1348.3 X103.869 Y115.182 E215.68837
G1 X103.871 Y115.687 E215.69958
G1 X103.985 Y115.946 E215.70586
G1 F1342.3 X104.247 Y116.124 E215.71293
G1 F1336.3 X105.034 Y116.124 E215.73056
G0 F9000 X110 Y116.24
G0 X110 Y116.548
G1 F1500 X115.76 Y116.547 E215.8455
G1 X116.034 Y116.457 E215.85126
G1 X116.219 Y116.34 E215.85563
G1 X116.374 Y116.176 E215.86013
G1 X116.507 Y115.934 E215.86564
G1 X116.548 Y115.617 E215.87202
G1 X116.548 Y108.402 E216.016
G1 X116.416 Y108.512 E216.01943
G1 X113.897 Y108.512 E216.0697
G1 X113.636 Y108.415 E216.07526
G1 X113.487 Y108.278 E216.0793
G1 F1252.6 X113.288 Y107.971 E216.08804
G1 X113.089 Y108.278 E216.09678
G1 F1500 X112.94 Y108.415 E216.10082
G1 X112.716 Y108.511 E216.10569
G1 X111.946 Y108.509 E216.12105
G1 X111.78 Y108.465 E216.12448
G1 X111.614 Y108.509 E216.12791
G1 X110.842 Y108.512 E216.14331
G1 X110.629 Y108.421 E216.14794
G1 X110.479 Y108.287 E216.15195
G1 F1321.6 X110.296 Y107.969 E216.16026
G1 X110.113 Y108.287 E216.16857
G1 F1500 X109.963 Y108.421 E216.17258
G1 X109.752 Y108.513 E216.17718
G1 X108.989 Y108.51 E216.1924
G1 X108.746 Y108.433 E216.19749
G1 X108.479 Y108.116 E216.20576
G1 X108.444 Y107.912 E216.20989
G1 X108.444 Y107.661 E216.2149
G1 X108.281 Y108.116 E216.22455
G1 X108.014 Y108.433 E216.23282
G1 X107.716 Y108.512 E216.23897
G1 X106.942 Y108.509 E216.25442
G1 X106.764 Y108.461 E216.2581
G1 X106.498 Y108.175 E216.26589
G1 X106.232 Y108.461 E216.27368
G1 X106.021 Y108.512 E216.27802
G1 X103.872 Y108.512 E216.3209
G1 X103.447 Y108.155 E216.33198
G1 F1507.5 X103.446 Y113.183 E216.43182
G1 F1550.4 X103.437 Y113.636 E216.44056
G1 F1546.4 X103.448 Y114.158 E216.45067
G1 F1503.8 X103.448 Y115.747 E216.4823
G1 F1500 X103.54 Y116.034 E216.48832
G1 X103.658 Y116.217 E216.49266
G1 X103.82 Y116.369 E216.49709
G1 X104.074 Y116.508 E216.50287
G1 X104.278 Y116.548 E216.50702
G1 X110 Y116.548 E216.62121
G0 F9000 X110 Y116.948
;TYPE:WALL-OUTER
G1 F1500 X115.82 Y116.948 E216.73735
G1 X116.206 Y116.821 E216.74546
G1 X116.475 Y116.652 E216.7518
G1 X116.7 Y116.413 E216.75835
G1 X116.894 Y116.06 E216.76639
G1 X116.948 Y115.643 E216.77478
G1 X116.948 Y108.644 E216.91446
G1 F1566.6 X116.965 Y107.912 E216.92845
G1 F1639.3 X116.965 Y107.448 E216.93692
G1 F1566.6 X116.948 Y106.716 E216.95091
G1 F1500 X116.948 Y104.18 E217.00152
G1 X116.821 Y103.794 E217.00963
G1 X116.652 Y103.525 E217.01597
G1 X116.413 Y103.3 E217.02252
G1 X116.063 Y103.107 E217.03049
G1 X115.757 Y103.048 E217.03671
G1 X104.191 Y103.048 E217.26753
G1 X103.794 Y103.175 E217.27584
G1 X103.525 Y103.348 E217.28223
G1 X103.295 Y103.588 E217.28886
G1 X103.102 Y103.936 E217.2968
G1 X103.048 Y104.353 E217.30519
G1 F1315.8 X103.104 Y105.044 E217.32096
G1 F1167.3 X103.106 Y108.001 E217.39679
G1 F1310 X103.048 Y108.936 E217.4182
G1 F1500 X103.048 Y115.638 E217.55194
G1 X103.073 Y115.887 E217.55694
G1 X103.175 Y116.206 E217.56362
G1 X103.348 Y116.475 E217.57
G1 X103.583 Y116.696 E217.57644
G1 X103.937 Y116.889 E217.58449
G1 X104.24 Y116.948 E217.59065
G1 X110 Y116.948 E217.70559
G1 F2700 E212.70559
G0 F9000 X110 Y116.24
G0 X109.937 Y115.221
G0 X110 Y114.827
G1 F2700 E217.70559
G1 F1500 X109.951 Y114.894 E217.70725
G1 X109.674 Y115.096 E217.71409
G1 X109.392 Y115.194 E217.72005
G1 X109.14 Y115.234 E217.72514
G1 X107.677 Y115.24 E217.75434
G1 X107.562 Y115.205 E217.75674
G1 X107.476 Y115.049 E217.76029
G1 X107.476 Y114.192 E217.77739
G1 F1558.4 X107.491 Y113.745 E217.78599
G1 X107.413 Y114.231 E217.79544
G1 F1500 X107.264 Y114.565 E217.80274
G1 X107.041 Y114.85 E217.80996
G1 X106.753 Y115.068 E217.81717
G1 X106.461 Y115.196 E217.82353
G1 X106.075 Y115.273 E217.83139
G1 X105.627 Y115.273 E217.84033
G1 X105.159 Y115.186 E217.84982
G1 X104.695 Y114.903 E217.86067
G1 X104.411 Y114.53 E217.87003
G1 X104.246 Y114.123 E217.87879
G1 X104.204 Y113.619 E217.88888
G1 X104.243 Y113.193 E217.89742
G1 X104.354 Y112.824 E217.90511
G1 X104.543 Y112.505 E217.91251
G1 X104.795 Y112.253 E217.91962
G1 X105.109 Y112.068 E217.92689
G1 X105.449 Y111.966 E217.93398
G1 X105.83 Y111.932 E217.94161
G1 X106.383 Y112 E217.95273
G1 X106.826 Y112.208 E217.9625
G1 X107.033 Y112.376 E217.96782
G1 X107.295 Y112.73 E217.97661
G1 F1477.8 X107.47 Y113.225 E217.98724
G1 X107.478 Y112.141 E218.0092
G1 F1500 X107.528 Y112.036 E218.01152
G1 X107.641 Y111.974 E218.01409
G1 X108.295 Y111.972 E218.02714
G1 X108.421 Y112.033 E218.02994
G1 X108.476 Y112.165 E218.03279
G1 X108.476 Y112.98 E218.04905
G1 X109.226 Y112.986 E218.06402
G1 X109.64 Y113.118 E218.07269
G1 X109.934 Y113.337 E218.08001
G1 X110.191 Y113.769 E218.09004
G1 X110.192 Y112.165 E218.12205
G1 X110.247 Y112.033 E218.1249
G1 X110.352 Y111.975 E218.1273
G1 X112.789 Y111.974 E218.17593
G1 F1546.4 X112.916 Y112.172 E218.18048
G1 X113.044 Y111.972 E218.18508
G1 F1500 X113.703 Y111.971 E218.19823
G1 X113.836 Y112.097 E218.20189
G1 X113.836 Y113.557 E218.23102
G1 X114.673 Y112.073 E218.26502
G1 X114.813 Y111.974 E218.26845
G1 X115.552 Y111.972 E218.28319
G1 X115.673 Y112.011 E218.28573
G1 X115.752 Y112.172 E218.28931
G1 X115.75 Y115.075 E218.34724
G1 X115.709 Y115.165 E218.34922
G1 X115.594 Y115.24 E218.35196
G1 X115.02 Y115.24 E218.36341
G1 X114.912 Y115.209 E218.36565
G1 X114.82 Y115.04 E218.36949
G1 X114.82 Y113.638 E218.39747
G1 X113.966 Y115.139 E218.43193
G1 X113.827 Y115.237 E218.43533
G1 X113.035 Y115.236 E218.45113
G1 F1392.1 X112.874 Y115.06 E218.45626
G1 X112.713 Y115.236 E218.46139
G1 F1500 X110.392 Y115.24 E218.50771
G1 X110.231 Y115.16 E218.5113
G1 X110.192 Y115.04 E218.51381
G1 X110.192 Y114.608 E218.52244
G1 F1574.8 X110.211 Y114.155 E218.53105
G1 X110.135 Y114.642 E218.54042
G1 F1500 X110 Y114.827 E218.54499
G0 F9000 X110.211 Y114.155
G1 F1570.7 X110.191 Y113.801 E218.55175
G1 F2700 E213.55175
G0 F9000 X107.491 Y113.745
G1 F2700 E218.55175
G1 F1534.5 X107.47 Y113.225 E218.5619
G1 F2700 E213.5619
G0 F9000 X112.915 Y112.668
G1 F2700 E218.5619
G1 F1591.5 X112.916 Y112.172 E218.57123
G1 F2700 E213.57123
G0 F9000 X112.916 Y111.264
G0 X112.874 Y111.764
G0 X112.874 Y114.576
G1 F2700 E218.57123
G1 F1301.5 X112.874 Y115.06 E218.58236
G0 F9000 X112.874 Y114.576
G1 F1415.1 X112.91 Y114.193 E218.5905
G1 F1754.4 X112.957 Y113.906 E218.59546
G1 F2047.8 X112.958 Y113.392 E218.60298
G1 F1734.1 X112.904 Y113.036 E218.60919
G1 F1542.4 X112.915 Y112.668 E218.61634
G1 F1566.6 X112.739 Y112.825 E218.62084
G1 X111.181 Y112.825 E218.65061
G1 F1587.3 X111.181 Y113.203 E218.65774
G1 F1562.5 X112.609 Y113.203 E218.6851
G1 F1764.7 X112.666 Y113.392 E218.68845
G1 F2047.8 X112.665 Y113.881 E218.6956
G1 F1796.4 X112.615 Y114.035 E218.69829
G1 F1634.9 X111.172 Y114.036 E218.72472
G1 F1666.7 X111.172 Y114.396 E218.73118
G1 F1634.9 X112.691 Y114.395 E218.75899
G1 F1438.8 X112.874 Y114.576 E218.76435
G1 F2700 E213.76435
G0 F9000 X112.874 Y111.764
G0 X113.933 Y108.11
G1 F2700 E218.76435
G1 F1500 X113.805 Y108.034 E218.76732
G1 X113.764 Y107.93 E218.76955
G1 X113.764 Y107.448 E218.77917
G1 X113.902 Y107.248 E218.78402
G1 X114.688 Y107.248 E218.7997
G1 X114.688 Y106.248 E218.81966
G1 F1558.4 X114.703 Y105.044 E218.84279
G1 X114.774 Y104.879 E218.84624
G1 F1500 X114.888 Y104.844 E218.84862
G1 X115.536 Y104.849 E218.86155
G1 X115.634 Y104.906 E218.86381
G1 X115.688 Y105.044 E218.86677
G1 X115.688 Y107.248 E218.91075
G1 X116.416 Y107.248 E218.92528
G1 F1566.6 X116.599 Y107.448 E218.93046
G1 F1634.9 X116.598 Y107.944 E218.93954
G1 F1562.5 X116.416 Y108.112 E218.94429
G1 F1500 X113.933 Y108.11 E218.99384
G0 F9000 X113.933 Y108.822
G0 X111.78 Y108.822
G0 X111.78 Y107.932
G1 F1284.8 X111.778 Y105.977 E219.03939
G1 F2700 E214.03939
G0 F9000 X108.91 Y105.435
G1 F2700 E219.03939
G1 F1052.6 X108.784 Y105.804 E219.05048
G1 F2700 E214.05048
G0 F9000 X108.633 Y106.597
G0 X109.68 Y108.113
G1 F2700 E219.05048
G1 F1500 X108.966 Y108.112 E219.06472
G1 F1470.6 X108.844 Y107.967 E219.06858
G1 F1415.1 X108.828 Y106.124 E219.10757
G1 F1188.1 X108.784 Y105.804 E219.11571
G1 X108.606 Y106.085 E219.12409
G1 F1442.3 X107.905 Y107.98 E219.16602
G1 F1500 X107.796 Y108.11 E219.16941
G1 X106.941 Y108.111 E219.18647
G1 X106.82 Y107.981 E219.19001
G1 F1492.5 X106.526 Y107.178 E219.20716
G1 F1351.4 X106.384 Y106.911 E219.21386
G1 F1239.7 X106.252 Y106.548 E219.22319
G1 F1388.9 X106.129 Y106.061 E219.23402
G1 X106.182 Y106.56 E219.24483
G1 F1239.7 X106.048 Y106.777 E219.25099
G1 F1293.1 X104.694 Y106.782 E219.28233
G1 F1351.4 X104.694 Y107.226 E219.29217
G1 F1293.1 X106.072 Y107.221 E219.32407
G1 F1339.3 X106.194 Y107.448 E219.32983
G1 F1467 X106.187 Y107.969 E219.34046
G1 F1488.8 X106.054 Y108.112 E219.34439
G1 F1500 X103.872 Y108.112 E219.38793
G1 F1310 X103.617 Y107.957 E219.39475
G1 F1167.3 X103.616 Y105.044 E219.46945
G1 F1315.8 X103.804 Y104.845 E219.47568
G1 F1500 X104.472 Y104.844 E219.48901
G1 X104.594 Y104.885 E219.49158
G1 X104.672 Y105.044 E219.49511
G1 X104.673 Y105.895 E219.51209
G1 F1515.2 X105.94 Y105.9 E219.53712
G1 F1554.4 X106.119 Y106.03 E219.54138
G1 F1542.4 X105.762 Y105.079 E219.5611
G1 F1500 X105.792 Y104.934 E219.56405
G1 X105.925 Y104.847 E219.56723
G1 X106.56 Y104.844 E219.5799
G1 X106.722 Y104.902 E219.58333
G1 X106.959 Y105.576 E219.59759
G1 X107.765 Y105.576 E219.61367
G1 X107.994 Y104.907 E219.62778
G1 X108.125 Y104.847 E219.63066
G1 X108.824 Y104.844 E219.64461
G1 X108.941 Y104.977 E219.64814
G1 F1445.8 X108.957 Y105.112 E219.65096
G1 F1209.7 X108.91 Y105.435 E219.65904
G1 F1171.9 X109.08 Y105.257 E219.66532
G1 F1388.9 X109.358 Y105.038 E219.67295
G1 F1500 X109.61 Y104.908 E219.67861
G1 X109.913 Y104.83 E219.68485
G1 X110.28 Y104.804 E219.6922
G1 X110.721 Y104.838 E219.70102
G1 X111.085 Y104.976 E219.70879
G1 X111.363 Y105.172 E219.71558
G1 X111.552 Y105.4 E219.72149
G1 F1470.6 X111.691 Y105.686 E219.72796
G1 F1357.5 X111.778 Y105.977 E219.73466
G1 F1376.1 X111.81 Y105.608 E219.74272
G1 F1488.8 X111.812 Y104.994 E219.75506
G1 F1496.3 X111.865 Y104.907 E219.7571
G1 F1500 X111.977 Y104.847 E219.75963
G1 X114.195 Y104.844 E219.8039
G1 X114.262 Y104.879 E219.80541
G1 F1558.4 X114.333 Y105.044 E219.80886
G1 F1617.3 X114.332 Y105.54 E219.81804
G1 F1554.4 X114.148 Y105.708 E219.82283
G1 F1500 X112.813 Y105.709 E219.84948
G1 X112.812 Y107.93 E219.8938
G1 X112.722 Y108.08 E219.89729
G1 X112.612 Y108.112 E219.89958
G1 X111.942 Y108.108 E219.91295
G1 F1385.7 X111.78 Y107.932 E219.91811
G1 X111.615 Y108.111 E219.92337
G1 F1500 X110.896 Y108.106 E219.93772
G1 X110.791 Y108.037 E219.94023
G1 X110.748 Y107.93 E219.94253
G1 X110.744 Y106.125 E219.97855
G1 X110.704 Y105.929 E219.98254
G1 X110.591 Y105.769 E219.98645
G1 X110.409 Y105.688 E219.99043
G1 X110.154 Y105.688 E219.99552
G1 X109.982 Y105.764 E219.99927
G1 X109.911 Y105.852 E220.00153
G1 X109.848 Y106.091 E220.00646
G1 X109.844 Y107.93 E220.04316
G1 X109.801 Y108.037 E220.04546
G1 X109.68 Y108.113 E220.04831
G1 F2700 E215.04831
G0 F9000 X109.68 Y108.822
G0 X103.437 Y108.35
G0 X103.437 Y104.608
G0 X104.913 Y104.608
G0 X105.678 Y105.631
G0 X106.129 Y106.061
G1 F2700 E220.04831
G1 F1583.1 X106.119 Y106.03 E220.04893
G1 F2700 E215.04893
G0 F9000 X105.678 Y105.631
G0 X104.913 Y104.608
G0 X103.437 Y104.608
G0 X103.437 Y108.35
G0 X103.875 Y111.941
G0 X109.11 Y111.363
G0 X109.334 Y112.196
G0 X110.053 Y111.129
G0 X110 Y110.872
;TYPE:SKIN
G1 F2700 E220.04893
G1 F1500 X109.828 Y110.909 E220.05244
G1 X109.435 Y111.204 E220.06224
G1 X109.332 Y111.379 E220.0663
G1 X109.229 Y111.204 E220.07035
G1 X108.908 Y110.966 E220.07832
G1 X108.487 Y110.816 E220.08724
G1 X107.493 Y110.815 E220.10708
G1 X107.103 Y110.937 E220.11523
G1 X106.995 Y111.005 E220.11778
G1 X106.664 Y110.857 E220.12502
G1 X105.829 Y110.764 E220.14178
G1 X105.221 Y110.82 E220.15397
G1 X104.749 Y110.965 E220.16382
G1 X104.474 Y111.089 E220.16984
G1 X104.208 Y111.25 E220.17604
G1 X104.208 Y109.272 E220.21552
G1 X106.06 Y109.268 E220.25248
G1 X106.31 Y109.229 E220.25753
G1 X106.505 Y109.153 E220.2617
G1 X106.882 Y109.269 E220.26957
G1 X107.983 Y109.269 E220.29155
G1 X108.378 Y109.096 E220.30015
G1 X108.633 Y109.208 E220.30571
G1 X108.889 Y109.264 E220.31094
G1 X109.911 Y109.264 E220.33133
G1 X110.297 Y109.092 E220.33977
G1 X110.58 Y109.221 E220.34597
G1 X110.925 Y109.271 E220.35293
G1 X112.717 Y109.264 E220.38869
G1 X113.132 Y109.169 E220.39719
G1 X113.287 Y109.085 E220.40071
G1 X113.44 Y109.169 E220.40419
G1 X113.815 Y109.272 E220.41195
G1 X115.788 Y109.272 E220.45132
G1 X115.788 Y110.88 E220.48341
G1 X115.544 Y110.812 E220.48847
G1 X114.661 Y110.815 E220.50609
G1 X114.207 Y110.962 E220.51561
G1 X114.02 Y110.865 E220.51982
G1 X113.627 Y110.807 E220.52774
G1 X110.246 Y110.82 E220.59522
G1 X110 Y110.872 E220.60023
G0 F9000 X110.055 Y111.129
G0 X109.558 Y111.363
G0 X109.334 Y111.836
G0 X109.11 Y111.363
G0 X104.782 Y111.237
G0 X104.595 Y110.817
G1 F1500 X104.408 Y110.63 E220.60551
G0 F9000 X104.408 Y110.065
G1 F1500 X105.015 Y110.671 E220.62263
G0 F9000 X105.504 Y110.595
G1 F1500 X104.408 Y109.499 E220.65356
G0 F9000 X104.946 Y109.471
G1 F1500 X106.058 Y110.584 E220.68496
G0 F9000 X106.698 Y110.658
G1 F1500 X105.51 Y109.47 E220.71848
G0 F9000 X106.074 Y109.468
G1 F1500 X107.279 Y110.673 E220.75249
G0 F9000 X107.788 Y110.616
G1 F1500 X106.548 Y109.376 E220.78749
G0 F9000 X107.207 Y109.47
G1 F1500 X108.35 Y110.613 E220.81975
G0 F9000 X108.349 Y111.072
G0 X109.055 Y111.398
G0 X109.333 Y111.03
G1 F1500 X107.77 Y109.467 E220.86386
G0 F9000 X108.245 Y109.377
G1 F1500 X109.657 Y110.788 E220.90369
G0 F9000 X110.083 Y110.649
G1 F1500 X108.898 Y109.464 E220.93714
G0 F9000 X109.466 Y109.466
G1 F1500 X110.614 Y110.614 E220.96953
G0 F9000 X111.178 Y110.613
G1 F1500 X110.01 Y109.444 E221.00251
G0 F9000 X110.555 Y109.424
G1 F1500 X111.743 Y110.611 E221.03603
G0 F9000 X112.307 Y110.61
G1 F1500 X111.166 Y109.469 E221.06823
G0 F9000 X111.729 Y109.466
G1 F1500 X112.871 Y110.608 E221.10046
G0 F9000 X113.435 Y110.607
G1 F1500 X112.293 Y109.464 E221.1327
G0 F9000 X112.835 Y109.441
G1 F1500 X114.066 Y110.671 E221.16743
G0 F9000 X114.589 Y110.629
G1 F1500 X113.296 Y109.336 E221.20392
G0 F9000 X113.998 Y109.472
G1 F1500 X115.14 Y110.614 E221.23615
G0 F9000 X115.589 Y110.497
G1 F1500 X114.563 Y109.472 E221.26509
G0 F9000 X115.129 Y109.472
G1 F1500 X115.589 Y109.932 E221.27807
G1 F2700 E216.27807
;MESH:NONMESH
G0 F300 Z2.96
G0 F9000 X116.048 Y109.932
G0 X115.976 Y109.084
G0 X108.608 Y108.35
G0 X108.616 Y106.915
G0 X107.434 Y106.523
;TIME_ELAPSED:852.349415
;LAYER:23
;TYPE:WALL-OUTER
;MESH:Lens_Openscad.stl
G1 F2700 E221.27807
G1 F1020.4 X107.398 Y106.586 E221.2802
G1 X107.325 Y106.586 E221.28234
G1 X107.288 Y106.523 E221.28449
G1 X107.324 Y106.46 E221.28662
G1 X107.397 Y106.46 E221.28876
G1 X107.434 Y106.523 E221.2909
G1 F2700 E216.2909
G0 F9000 X105.897 Y113.043
G0 X105.948 Y113.974
;TYPE:WALL-INNER
G1 F2700 E221.2909
G1 F1398.6 X106.011 Y113.918 E221.2927
G1 X106.059 Y113.764 E221.29616
G1 F1401.9 X106.049 Y113.412 E221.30368
G1 F1405.2 X105.978 Y113.268 E221.3071
G1 X105.76 Y113.235 E221.31179
G1 X105.685 Y113.307 E221.31401
G1 X105.633 Y113.472 E221.31769
G1 F1401.9 X105.638 Y113.804 E221.32478
G1 F1398.6 X105.744 Y113.974 E221.32907
G1 X105.948 Y113.974 E221.33344
G0 F9000 X106.026 Y114.388
;TYPE:WALL-OUTER
G1 F1500 X106.145 Y114.346 E221.33596
G1 X106.314 Y114.211 E221.34027
G1 X106.389 Y114.097 E221.343
G1 X106.495 Y113.754 E221.35016
G1 X106.452 Y113.299 E221.35928
G1 X106.303 Y112.991 E221.36611
G1 X106.225 Y112.915 E221.36828
G1 X105.928 Y112.815 E221.37454
G1 X105.604 Y112.829 E221.38101
G1 X105.387 Y113.008 E221.38662
G1 X105.307 Y113.13 E221.38953
G1 X105.199 Y113.481 E221.39686
G1 X105.23 Y113.89 E221.40505
G1 X105.376 Y114.209 E221.41205
G1 X105.546 Y114.346 E221.4164
G1 X105.67 Y114.388 E221.41902
G1 X106.026 Y114.388 E221.42612
G1 F2700 E216.42612
G0 F9000 X105.877 Y113.695
G0 X106.245 Y113.797
G0 X108.702 Y114.071
G0 X108.973 Y114.341
G1 F2700 E221.42612
G1 F1295.9 X108.507 Y114.341 E221.43689
G1 X108.507 Y113.876 E221.44763
G1 X108.989 Y113.879 E221.45876
G1 X109.147 Y113.957 E221.46283
G1 X109.189 Y114.05 E221.46519
G1 X109.153 Y114.264 E221.4702
G1 X108.973 Y114.341 E221.47472
G1 F2700 E216.47472
G0 F9000 X108.942 Y114.066
G0 X109.192 Y115.438
G0 X110 Y115.951
G1 F2700 E221.47472
G0 F9000 X110 Y115.462
G0 E216.47472
;TYPE:WALL-INNER
G1 F2700 E221.47472
G1 F1500 X109.939 Y115.402 E221.47643
G1 X109.69 Y115.555 E221.48226
G1 X109.11 Y115.636 E221.49395
G1 X107.678 Y115.64 E221.52253
G1 X107.336 Y115.535 E221.52967
G1 X107.178 Y115.376 E221.53414
G1 X107.145 Y115.272 E221.53632
G1 X106.912 Y115.433 E221.54197
G1 X106.561 Y115.589 E221.54963
G1 X106.096 Y115.676 E221.55907
G1 X105.607 Y115.676 E221.56883
G1 X105.125 Y115.587 E221.57861
G1 X104.931 Y115.513 E221.58276
G1 X104.522 Y115.264 E221.59231
G1 X104.202 Y114.944 E221.60134
G1 X103.974 Y114.546 E221.6105
G1 X103.844 Y114.1 E221.61977
G1 F1538.5 X103.816 Y113.574 E221.63002
G1 F1542.4 X103.843 Y113.143 E221.6384
G1 F1503.8 X104.004 Y112.579 E221.65007
G1 F1500 X104.355 Y112.108 E221.6618
G1 X104.519 Y111.957 E221.66625
G1 X104.924 Y111.707 E221.67574
G1 X105.38 Y111.572 E221.68523
G1 X105.853 Y111.529 E221.69471
G1 X106.486 Y111.607 E221.70744
G1 X106.955 Y111.822 E221.71774
G1 X107.126 Y111.94 E221.72188
G1 X107.233 Y111.766 E221.72596
G1 X107.412 Y111.632 E221.73042
G1 X107.597 Y111.572 E221.7343
G1 X108.331 Y111.574 E221.74895
G1 X108.557 Y111.641 E221.75365
G1 X108.709 Y111.755 E221.75745
G1 X108.876 Y112.151 E221.76602
G1 X108.876 Y112.582 E221.77462
G1 X109.297 Y112.586 E221.78302
G1 X109.792 Y112.746 E221.79341
G1 X109.792 Y112.151 E221.80528
G1 X109.959 Y111.755 E221.81386
G1 X110.111 Y111.641 E221.81765
G1 X110.305 Y111.572 E221.82176
G1 X112.781 Y111.574 E221.87117
G1 X112.916 Y111.602 E221.87392
G1 X113.051 Y111.574 E221.87667
G1 X113.636 Y111.571 E221.88835
G1 X113.904 Y111.635 E221.89384
G1 X114.159 Y111.877 E221.90086
G1 X114.212 Y112.078 E221.90501
G1 X114.325 Y111.877 E221.90961
G1 X114.58 Y111.635 E221.91663
G1 X114.768 Y111.572 E221.92058
G1 X115.552 Y111.572 E221.93623
G1 X115.913 Y111.691 E221.94381
G1 F1503.8 X116.151 Y112.172 E221.9545
G1 F1500 X116.146 Y115.144 E222.01381
G1 F1492.5 X115.98 Y115.461 E222.02098
G1 F1500 X115.664 Y115.64 E222.02823
G1 X115.02 Y115.64 E222.04108
G1 X114.697 Y115.547 E222.04779
G1 X114.498 Y115.336 E222.05358
G1 X114.439 Y115.114 E222.05816
G1 X114.314 Y115.336 E222.06325
G1 X114.115 Y115.547 E222.06903
G1 X113.873 Y115.64 E222.07421
G1 X113.016 Y115.64 E222.09131
G1 X112.874 Y115.593 E222.0943
G1 X112.718 Y115.64 E222.09755
G1 X110.392 Y115.64 E222.14396
G1 X110.111 Y115.571 E222.14974
G1 X110 Y115.462 E222.15284
G0 F9000 X110 Y115.951
G0 X107.679 Y116.094
G1 F1174.2 X109.111 Y116.092 E222.18935
G1 F1090.9 X109.681 Y116.054 E222.20503
G1 F978.8 X109.869 Y116.029 E222.21083
G1 F1047.1 X110.392 Y116.094 E222.22589
G1 F1160.5 X113.975 Y116.087 E222.31831
G0 F9000 X114.406 Y116.176
G1 F1408.5 X115.02 Y116.094 E222.33147
G1 X114.498 Y115.86 E222.34363
G1 F1538.5 X114.413 Y115.794 E222.34573
G1 F1250 X113.975 Y116.087 E222.35835
G1 F1379.3 X114.406 Y116.176 E222.3679
G0 F9000 X115.02 Y116.094
G1 F1178.8 X115.678 Y116.093 E222.38461
G1 F1190.5 X115.839 Y116.049 E222.3888
G1 F2700 E217.3888
G0 F9000 X115.993 Y115.479
G0 X115.993 Y111.736
G0 X110 Y111.241
G1 F2700 E222.3888
G1 F1500 X110.347 Y111.172 E222.39586
G1 X113.636 Y111.171 E222.4615
G1 X113.915 Y111.211 E222.46712
G1 X114.083 Y111.277 E222.47073
G1 X114.242 Y111.429 E222.47512
G1 X114.401 Y111.277 E222.4795
G1 X114.717 Y111.172 E222.48615
G1 X115.552 Y111.172 E222.50281
G1 X116.148 Y111.37 E222.51535
G1 X116.148 Y108.912 E222.5644
G1 X113.848 Y108.912 E222.6103
G1 X113.565 Y108.83 E222.61618
G1 X113.288 Y108.63 E222.623
G1 X113.158 Y108.75 E222.62653
G1 X112.785 Y108.911 E222.63463
G1 X110.948 Y108.912 E222.67129
G1 X110.691 Y108.879 E222.67646
G1 X110.417 Y108.76 E222.68242
G1 X110.296 Y108.652 E222.68566
G1 X110.175 Y108.76 E222.6889
G1 X109.837 Y108.908 E222.69626
G1 X108.952 Y108.908 E222.71392
G1 X108.547 Y108.78 E222.7224
G1 X108.38 Y108.581 E222.72758
G1 X108.213 Y108.78 E222.73277
G1 X107.832 Y108.912 E222.74081
G1 X106.933 Y108.91 E222.75875
G1 X106.601 Y108.827 E222.76558
G1 X106.498 Y108.715 E222.76862
G1 X106.395 Y108.827 E222.77166
G1 X106.042 Y108.911 E222.7789
G1 X103.848 Y108.912 E222.82268
G1 X103.848 Y112.119 E222.88668
G1 X104.035 Y111.869 E222.89291
G1 X104.309 Y111.617 E222.90034
G1 X104.646 Y111.409 E222.90824
G1 X104.877 Y111.304 E222.91331
G1 X105.306 Y111.175 E222.92225
G1 X105.859 Y111.126 E222.93333
G1 X106.578 Y111.212 E222.94778
G1 X107.038 Y111.421 E222.95786
G1 X107.237 Y111.273 E222.96281
G1 X107.548 Y111.171 E222.96934
G1 X108.368 Y111.176 E222.9857
G1 X108.692 Y111.249 E222.99233
G1 X108.997 Y111.478 E222.99994
G1 X109.299 Y112.192 E223.01541
G1 X109.392 Y112.206 E223.01729
G1 X109.392 Y112.137 E223.01867
G1 X109.671 Y111.478 E223.03295
G1 X109.981 Y111.245 E223.04069
G1 X110 Y111.241 E223.04108
G0 F9000 X115.971 Y111.135
G0 X116.23 Y108.83
G0 X113.799 Y108.901
G0 X110.296 Y108.822
G0 X110.296 Y107.969
G1 F1192.8 X110.296 Y106.161 E223.08645
G1 F2700 E218.08645
G0 F9000 X110.083 Y108.35
G0 X103.437 Y108.35
G0 X103.437 Y104.608
G0 X109.287 Y104.136
G1 F2700 E223.08645
G0 F9000 X109.287 Y104.222
G0 E218.08645
G1 F2700 E223.08645
G1 F1117.3 X109.759 Y103.946 E223.1011
G1 X109.322 Y103.817 E223.1133
G1 X108.752 Y103.946 E223.12896
G1 X109.287 Y104.222 E223.14509
G0 F9000 X109.759 Y103.946
G1 F1041.7 X110.264 Y103.926 E223.15961
G1 F1047.1 X110.761 Y103.944 E223.17383
G0 F9000 X111.41 Y104.254
G1 F1200 X111.821 Y103.954 E223.18652
G1 X111.387 Y103.841 E223.19771
G1 F1470.6 X111.073 Y103.862 E223.20411
G1 F1176.5 X110.761 Y103.944 E223.21232
G1 X111.033 Y104.086 E223.22013
G1 F1470.6 X111.41 Y104.254 E223.22853
G0 F9000 X111.821 Y103.954
G1 F991.7 X112.012 Y103.946 E223.2343
G1 F1006.7 X114.148 Y103.946 E223.29781
G1 F956.9 X114.518 Y103.977 E223.30943
G1 F949.4 X114.759 Y103.946 E223.31709
G1 F1000 X115.488 Y103.946 E223.33891
G1 F991.7 X115.752 Y103.97 E223.34691
G1 F2700 E218.34691
G0 F9000 X103.437 Y104.608
G0 X103.437 Y108.35
G0 X113.051 Y108.35
G0 X113.051 Y107.669
G0 X113.917 Y106.479
G1 F2700 E223.34691
G1 F1612.9 X113.614 Y106.51 E223.35257
G0 F9000 X113.288 Y107.448
G1 F1260.5 X113.754 Y106.885 E223.36992
G1 F1500 X113.934 Y106.849 E223.37359
G1 X114.288 Y106.848 E223.38065
G1 X114.288 Y105.991 E223.39775
G1 X114.148 Y106.108 E223.40139
G1 X113.213 Y106.109 E223.42005
G1 X113.213 Y106.51 E223.42805
G1 F1260.5 X113.288 Y107.448 E223.4504
G1 F1081.1 X113.288 Y107.971 E223.46488
G1 F2700 E218.46488
G0 F9000 X113.288 Y108.798
G0 X103.437 Y108.35
G0 X103.437 Y104.608
G0 X108.752 Y103.946
G1 F2700 E223.46488
G1 F1006.7 X108.16 Y103.946 E223.48249
G1 F991.7 X107.969 Y103.954 E223.48826
G0 F9000 X107.36 Y104.41
G1 F1351.4 X107.502 Y104.261 E223.49282
G1 F1134.2 X107.969 Y103.954 E223.50756
G1 X107.36 Y103.87 E223.52379
G1 F1153.8 X106.56 Y103.946 E223.54464
G1 X107.218 Y104.261 E223.56356
G1 F1351.4 X107.36 Y104.41 E223.56812
G0 F9000 X106.56 Y103.946
G1 F1006.7 X105.96 Y103.946 E223.58596
G1 F991.7 X105.769 Y103.954 E223.59173
G0 F9000 X105.216 Y104.379
G1 F1415.1 X105.344 Y104.24 E223.59573
G1 F1156.1 X105.769 Y103.954 E223.60899
G1 X105.216 Y103.86 E223.62352
G1 F1176.5 X104.472 Y103.946 E223.64258
G1 X105.088 Y104.24 E223.65994
G1 F1415.1 X105.216 Y104.379 E223.66394
G0 F9000 X104.472 Y103.946
G1 F1015.2 X104.296 Y103.951 E223.66913
G0 F9000 X116.257 Y104.186
G0 X116.533 Y106.95
G1 F1395.3 X116.533 Y105.044 E223.71002
G1 F1421.8 X116.551 Y104.251 E223.72672
G1 F1470.6 X116.46 Y103.973 E223.73267
G1 F1500 X116.337 Y103.777 E223.73729
G1 X116.175 Y103.626 E223.74171
G1 X115.926 Y103.488 E223.74739
G1 X115.719 Y103.448 E223.7516
G1 X104.255 Y103.448 E223.98038
G1 X103.963 Y103.541 E223.98649
G1 X103.781 Y103.656 E223.99079
G1 X103.625 Y103.82 E223.99531
G1 X103.491 Y104.064 E224.00086
G1 X103.449 Y104.279 E224.00523
G1 X103.449 Y104.802 E224.01567
G1 X103.706 Y104.449 E224.02438
G1 X104.472 Y104.444 E224.03967
G1 X104.837 Y104.567 E224.04736
G1 X104.975 Y104.715 E224.05139
G1 F1612.9 X105.044 Y105.044 E224.05763
G1 F1680.7 X105.058 Y105.51 E224.06594
G1 F1621.6 X105.507 Y105.51 E224.07422
G1 F1630.4 X105.411 Y105.244 E224.07942
G1 F1685.4 X105.388 Y105.044 E224.08299
G1 F1612.9 X105.457 Y104.715 E224.08923
G1 F1500 X105.595 Y104.567 E224.09327
G1 X105.877 Y104.444 E224.09941
G1 X106.56 Y104.444 E224.11304
G1 X106.946 Y104.584 E224.12123
G1 X107.086 Y104.731 E224.12528
G1 X107.243 Y105.176 E224.1347
G1 X107.48 Y105.176 E224.13943
G1 X107.631 Y104.733 E224.14877
G1 X107.774 Y104.584 E224.15289
G1 X108.075 Y104.444 E224.15952
G1 X108.752 Y104.444 E224.17303
G1 X109.023 Y104.508 E224.17858
G1 X109.209 Y104.665 E224.18344
G1 X109.47 Y104.533 E224.18928
G1 X109.844 Y104.436 E224.19699
G1 X110.218 Y104.405 E224.20448
G1 X110.803 Y104.442 E224.21618
G1 X111.259 Y104.616 E224.22592
G1 X111.493 Y104.766 E224.23146
G1 X111.696 Y104.533 E224.23763
G1 X111.932 Y104.444 E224.24266
G1 X114.148 Y104.444 E224.28689
G1 X114.345 Y104.476 E224.29087
G1 X114.49 Y104.551 E224.29413
G1 X114.518 Y104.605 E224.29534
G1 X114.546 Y104.551 E224.29655
G1 X114.753 Y104.444 E224.3012
G1 X115.571 Y104.444 E224.31753
G1 X115.812 Y104.539 E224.3227
G1 X115.926 Y104.632 E224.32563
G1 F1445.8 X116.103 Y105.044 E224.33492
G1 F1395.3 X116.103 Y106.833 E224.3733
G1 X116.416 Y106.833 E224.38001
G1 X116.533 Y106.95 E224.38356
G1 F2700 E219.38356
G0 F9000 X116.209 Y104.2
G0 X103.437 Y104.608
G0 X103.437 Y108.35
G0 X113.288 Y108.858
G0 X116.23 Y108.83
G0 X115.971 Y111.135
G0 X109.954 Y111.736
G0 X108.716 Y112.746
G0 X108.716 Y111.736
G0 X105.856 Y111.683
G0 X105.399 Y111.723
G0 X104.984 Y111.852
G0 X104.527 Y112.131
G0 X104.145 Y112.646
G0 X103.992 Y113.17
G0 X103.993 Y114.079
G0 X104.117 Y114.493
G0 X104.328 Y114.856
G0 X104.624 Y115.156
G0 X104.883 Y115.309
G0 X107.021 Y116.17
G1 F2700 E224.38356
G1 F1385.7 X107.679 Y116.094 E224.39787
G1 X107.121 Y115.846 E224.41106
G1 F1685.4 X107.045 Y115.787 E224.41277
G1 X106.777 Y115.906 E224.41798
G1 F1418.4 X106.233 Y116.103 E224.43019
G1 F1388.9 X106.579 Y116.162 E224.43775
G1 F1648.4 X107.021 Y116.17 E224.44578
G0 F9000 X106.233 Y116.103
G1 F1247.4 X105.664 Y116.112 E224.45944
G1 X105.472 Y116.103 E224.46405
G0 F9000 X105.037 Y116.124
G1 F1276.6 X105.472 Y116.103 E224.47426
G1 X105.048 Y116.004 E224.48447
G1 F1336.3 X104.715 Y115.878 E224.49245
G1 F1333.3 X104.269 Y115.615 E224.50407
G1 X103.873 Y115.214 E224.51672
G1 F1339.3 X103.872 Y115.675 E224.52703
G1 X103.924 Y115.845 E224.531
G1 F1333.3 X104.071 Y116.022 E224.53617
G1 X104.253 Y116.124 E224.54085
G1 F1336.3 X105.037 Y116.124 E224.55841
G0 F9000 X110 Y116.24
G0 X110 Y116.548
G1 F1500 X115.761 Y116.547 E224.67338
G1 X116.032 Y116.457 E224.67908
G1 X116.216 Y116.34 E224.68343
G1 X116.373 Y116.177 E224.68795
G1 X116.508 Y115.933 E224.69351
G1 X116.548 Y115.723 E224.69778
G1 X116.548 Y108.402 E224.84387
G1 X116.416 Y108.512 E224.8473
G1 X113.897 Y108.512 E224.89757
G1 X113.636 Y108.415 E224.90313
G1 X113.487 Y108.278 E224.90717
G1 F1252.6 X113.288 Y107.971 E224.91591
G1 X113.089 Y108.278 E224.92465
G1 F1500 X112.94 Y108.415 E224.92869
G1 X112.716 Y108.511 E224.93356
G1 X111.946 Y108.509 E224.94892
G1 X111.78 Y108.465 E224.95235
G1 X111.614 Y108.509 E224.95578
G1 X110.842 Y108.512 E224.97118
G1 X110.629 Y108.421 E224.97581
G1 X110.479 Y108.287 E224.97982
G1 F1321.6 X110.296 Y107.969 E224.98813
G1 X110.113 Y108.287 E224.99644
G1 F1500 X109.963 Y108.421 E225.00045
G1 X109.752 Y108.513 E225.00505
G1 X108.989 Y108.51 E225.02028
G1 X108.746 Y108.433 E225.02536
G1 X108.479 Y108.116 E225.03363
G1 X108.444 Y107.912 E225.03776
G1 X108.444 Y107.661 E225.04277
G1 X108.281 Y108.116 E225.05242
G1 X108.014 Y108.433 E225.06069
G1 X107.716 Y108.512 E225.06684
G1 X106.942 Y108.509 E225.08229
G1 X106.764 Y108.461 E225.08597
G1 X106.498 Y108.175 E225.09376
G1 X106.232 Y108.461 E225.10156
G1 X106.021 Y108.512 E225.10589
G1 X103.872 Y108.512 E225.14877
G1 X103.447 Y108.155 E225.15985
G1 F1507.5 X103.446 Y113.181 E225.25965
G1 F1550.4 X103.437 Y113.624 E225.2682
G1 F1542.4 X103.449 Y114.232 E225.28
G1 F1500 X103.448 Y115.741 E225.31012
G1 X103.537 Y116.025 E225.31606
G1 X103.659 Y116.219 E225.32063
G1 X103.819 Y116.37 E225.32502
G1 X104.074 Y116.508 E225.33081
G1 X104.278 Y116.548 E225.33496
G1 X110 Y116.548 E225.44914
G0 F9000 X110 Y116.948
;TYPE:WALL-OUTER
G1 F1500 X115.82 Y116.948 E225.56529
G1 X116.205 Y116.821 E225.57338
G1 X116.472 Y116.652 E225.57968
G1 X116.697 Y116.416 E225.58619
G1 X116.889 Y116.071 E225.59407
G1 X116.948 Y115.761 E225.60037
G1 X116.948 Y108.644 E225.7424
G1 F1566.6 X116.965 Y107.912 E225.75639
G1 F1639.3 X116.965 Y107.448 E225.76486
G1 F1566.6 X116.948 Y106.716 E225.77885
G1 F1500 X116.948 Y104.181 E225.82944
G1 X116.825 Y103.802 E225.83739
G1 X116.648 Y103.521 E225.84402
G1 X116.413 Y103.3 E225.85046
G1 X116.063 Y103.107 E225.85843
G1 X115.757 Y103.048 E225.86465
G1 X104.191 Y103.048 E226.09546
G1 X103.793 Y103.175 E226.1038
G1 X103.525 Y103.344 E226.11012
G1 X103.299 Y103.583 E226.11669
G1 X103.111 Y103.926 E226.12449
G1 X103.049 Y104.24 E226.13088
G1 F1315.8 X103.104 Y105.044 E226.14921
G1 F1167.3 X103.106 Y108.001 E226.22504
G1 F1310 X103.048 Y108.936 E226.24645
G1 F1500 X103.048 Y115.804 E226.38351
G1 X103.171 Y116.195 E226.39169
G1 X103.348 Y116.475 E226.3983
G1 X103.583 Y116.696 E226.40473
G1 X103.937 Y116.889 E226.41278
G1 X104.24 Y116.948 E226.41894
G1 X110 Y116.948 E226.53389
G1 F2700 E221.53389
G0 F9000 X110 Y116.24
G0 X109.935 Y115.235
G1 F2700 E226.53389
G0 F9000 X110 Y114.826
G0 E221.53389
G1 F2700 E226.53389
G1 F1507.5 X109.866 Y114.972 E226.53782
G1 F1500 X109.561 Y115.168 E226.54506
G1 X109.139 Y115.234 E226.55358
G1 X107.677 Y115.24 E226.58276
G1 X107.562 Y115.205 E226.58516
G1 X107.476 Y115.044 E226.5888
G1 F1467 X107.467 Y114.112 E226.60782
G1 X107.284 Y114.528 E226.61709
G1 F1500 X107.08 Y114.806 E226.62397
G1 X106.773 Y115.057 E226.63188
G1 X106.417 Y115.209 E226.63961
G1 X106.075 Y115.273 E226.64655
G1 X105.627 Y115.273 E226.65549
G1 X105.163 Y115.186 E226.66491
G1 X104.776 Y114.955 E226.67391
G1 X104.51 Y114.676 E226.6816
G1 X104.34 Y114.371 E226.68857
G1 X104.238 Y114.031 E226.69565
G1 X104.204 Y113.607 E226.70414
G1 X104.243 Y113.192 E226.71246
G1 X104.369 Y112.757 E226.7215
G1 X104.699 Y112.316 E226.73249
G1 X105.066 Y112.089 E226.7411
G1 X105.449 Y111.966 E226.74913
G1 X105.83 Y111.932 E226.75676
G1 X106.383 Y112 E226.76788
G1 X106.818 Y112.2 E226.77744
G1 X107.165 Y112.519 E226.78684
G1 X107.342 Y112.828 E226.79395
G1 F1485.1 X107.472 Y113.23 E226.80246
G1 X107.476 Y112.172 E226.82379
G1 F1500 X107.528 Y112.036 E226.82669
G1 X107.641 Y111.974 E226.82927
G1 X108.295 Y111.972 E226.84232
G1 X108.421 Y112.033 E226.84511
G1 X108.476 Y112.165 E226.84797
G1 X108.476 Y112.98 E226.86423
G1 X109.226 Y112.986 E226.8792
G1 X109.641 Y113.118 E226.88789
G1 X109.933 Y113.332 E226.89511
G1 X110.191 Y113.779 E226.90541
G1 X110.192 Y112.165 E226.93762
G1 X110.247 Y112.033 E226.94047
G1 X110.352 Y111.975 E226.94287
G1 X112.789 Y111.974 E226.9915
G1 F1546.4 X112.916 Y112.172 E226.99606
G1 X113.044 Y111.972 E227.00065
G1 F1500 X113.703 Y111.971 E227.0138
G1 X113.836 Y112.097 E227.01746
G1 X113.836 Y113.557 E227.04659
G1 X114.673 Y112.073 E227.0806
G1 X114.813 Y111.974 E227.08402
G1 X115.552 Y111.972 E227.09876
G1 X115.673 Y112.011 E227.1013
G1 X115.752 Y112.172 E227.10488
G1 X115.75 Y115.075 E227.16281
G1 X115.695 Y115.181 E227.1652
G1 X115.595 Y115.24 E227.16751
G1 X115.02 Y115.24 E227.17899
G1 X114.912 Y115.209 E227.18123
G1 X114.82 Y115.039 E227.18509
G1 X114.822 Y113.629 E227.21323
G1 X113.966 Y115.139 E227.24786
G1 X113.827 Y115.237 E227.25126
G1 X113.035 Y115.236 E227.26706
G1 F1392.1 X112.874 Y115.06 E227.27219
G1 X112.713 Y115.236 E227.27732
G1 F1500 X110.392 Y115.24 E227.32364
G1 X110.26 Y115.191 E227.32645
G1 F1515.2 X110.191 Y115.082 E227.329
G1 F1554.4 X110.201 Y114.397 E227.34219
G1 X110.064 Y114.757 E227.34961
G1 F1522.8 X110 Y114.826 E227.35146
G0 F9000 X110.201 Y114.397
G1 F1626 X110.214 Y114.132 E227.35634
G1 F1583.1 X110.191 Y113.806 E227.36252
G1 F2700 E222.36252
G0 F9000 X107.467 Y114.112
G1 F2700 E227.36252
G1 F1511.3 X107.488 Y113.6 E227.37267
G1 F1530.6 X107.472 Y113.23 E227.37992
G1 F2700 E222.37992
G0 F9000 X112.915 Y112.668
G1 F2700 E227.37992
G1 F1591.5 X112.916 Y112.172 E227.38924
G1 F2700 E222.38924
G0 F9000 X112.916 Y111.264
G0 X112.874 Y111.764
G0 X112.874 Y114.576
G1 F2700 E227.38924
G1 F1301.5 X112.874 Y115.06 E227.40038
G0 F9000 X112.874 Y114.576
G1 F1415.1 X112.91 Y114.193 E227.40851
G1 F1754.4 X112.957 Y113.906 E227.41348
G1 F2047.8 X112.958 Y113.392 E227.42099
G1 F1734.1 X112.904 Y113.036 E227.4272
G1 F1542.4 X112.915 Y112.668 E227.43435
G1 F1566.6 X112.739 Y112.825 E227.43886
G1 X111.181 Y112.825 E227.46863
G1 F1587.3 X111.181 Y113.203 E227.47576
G1 F1562.5 X112.609 Y113.203 E227.50311
G1 F1764.7 X112.666 Y113.392 E227.50646
G1 F2047.8 X112.665 Y113.881 E227.51361
G1 F1796.4 X112.615 Y114.035 E227.51631
G1 F1634.9 X111.172 Y114.036 E227.54273
G1 F1666.7 X111.172 Y114.396 E227.54919
G1 F1634.9 X112.691 Y114.395 E227.57701
G1 F1438.8 X112.874 Y114.576 E227.58236
G1 F2700 E222.58236
G0 F9000 X112.874 Y111.764
G0 X113.933 Y108.11
G1 F2700 E227.58236
G1 F1500 X113.805 Y108.034 E227.58533
G1 X113.764 Y107.93 E227.58756
G1 X113.764 Y107.448 E227.59718
G1 X113.902 Y107.248 E227.60203
G1 X114.688 Y107.248 E227.61772
G1 X114.688 Y106.248 E227.63767
G1 F1558.4 X114.703 Y105.044 E227.6608
G1 X114.774 Y104.879 E227.66425
G1 F1500 X114.888 Y104.844 E227.66663
G1 X115.536 Y104.849 E227.67956
G1 X115.634 Y104.906 E227.68182
G1 X115.688 Y105.044 E227.68478
G1 X115.688 Y107.248 E227.72877
G1 X116.416 Y107.248 E227.74329
G1 F1566.6 X116.599 Y107.448 E227.74847
G1 F1634.9 X116.598 Y107.944 E227.75755
G1 F1562.5 X116.416 Y108.112 E227.7623
G1 F1500 X113.933 Y108.11 E227.81185
G0 F9000 X113.933 Y108.822
G0 X111.78 Y108.822
G0 X111.78 Y107.932
G1 F1284.8 X111.778 Y105.997 E227.85693
G1 F2700 E222.85693
G0 F9000 X110.518 Y106.144
G0 X108.942 Y105.362
G1 F2700 E227.85693
G1 F1067.6 X108.817 Y105.671 E227.86628
G1 F1083 X108.798 Y105.739 E227.86823
G1 F2700 E222.86823
G0 F9000 X108.633 Y106.597
G0 X109.68 Y108.113
G1 F2700 E227.86823
G1 F1500 X108.966 Y108.112 E227.88248
G1 X108.844 Y107.967 E227.88626
G1 X108.844 Y106.124 E227.92304
G1 F1250 X108.798 Y105.739 E227.93233
G1 X108.591 Y106.08 E227.94188
G1 F1500 X107.905 Y107.98 E227.98219
G1 X107.796 Y108.11 E227.98558
G1 X106.941 Y108.111 E228.00264
G1 X106.82 Y107.981 E228.00618
G1 F1492.5 X106.526 Y107.178 E228.02333
G1 F1351.4 X106.384 Y106.911 E228.03003
G1 F1239.7 X106.252 Y106.548 E228.03936
G1 F1388.9 X106.129 Y106.061 E228.05018
G1 X106.182 Y106.56 E228.061
G1 F1239.7 X106.048 Y106.777 E228.06716
G1 F1293.1 X104.694 Y106.782 E228.0985
G1 F1351.4 X104.694 Y107.226 E228.10834
G1 F1293.1 X106.072 Y107.221 E228.14024
G1 F1339.3 X106.194 Y107.448 E228.146
G1 F1467 X106.187 Y107.969 E228.15663
G1 F1488.8 X106.054 Y108.112 E228.16056
G1 F1500 X103.872 Y108.112 E228.2041
G1 F1310 X103.617 Y107.957 E228.21092
G1 F1167.3 X103.616 Y105.044 E228.28562
G1 F1315.8 X103.819 Y104.845 E228.29209
G1 F1500 X104.472 Y104.844 E228.30512
G1 X104.594 Y104.885 E228.30769
G1 X104.672 Y105.044 E228.31122
G1 X104.673 Y105.895 E228.3282
G1 F1515.2 X105.94 Y105.9 E228.35323
G1 F1554.4 X106.119 Y106.03 E228.35749
G1 F1542.4 X105.762 Y105.079 E228.37721
G1 F1500 X105.792 Y104.934 E228.38016
G1 X105.925 Y104.847 E228.38333
G1 X106.56 Y104.844 E228.39601
G1 X106.722 Y104.902 E228.39944
G1 X106.959 Y105.576 E228.4137
G1 X107.765 Y105.576 E228.42978
G1 X107.994 Y104.907 E228.44389
G1 X108.125 Y104.847 E228.44677
G1 X108.819 Y104.844 E228.46062
G1 X108.917 Y104.93 E228.46322
G1 F1379.3 X108.973 Y105.124 E228.4676
G1 F1255.2 X108.944 Y105.347 E228.47297
G1 F1351.4 X109.358 Y105.038 E228.48441
G1 F1500 X109.61 Y104.908 E228.49007
G1 X109.913 Y104.83 E228.49631
G1 X110.28 Y104.804 E228.50365
G1 X110.721 Y104.838 E228.51248
G1 X111.067 Y104.968 E228.51986
G1 X111.328 Y105.137 E228.52606
G1 X111.529 Y105.362 E228.53208
G1 F1477.8 X111.691 Y105.681 E228.53933
G1 F1363.6 X111.778 Y105.997 E228.54652
G1 F1382.5 X111.812 Y105.598 E228.5552
G1 F1500 X111.812 Y104.99 E228.56733
G1 X111.927 Y104.847 E228.57099
G1 X114.195 Y104.844 E228.61625
G1 X114.262 Y104.879 E228.61776
G1 F1558.4 X114.333 Y105.044 E228.62121
G1 F1617.3 X114.332 Y105.54 E228.63039
G1 F1554.4 X114.148 Y105.708 E228.63519
G1 F1500 X112.813 Y105.709 E228.66183
G1 X112.812 Y107.93 E228.70615
G1 X112.722 Y108.08 E228.70964
G1 X112.612 Y108.112 E228.71193
G1 X111.942 Y108.108 E228.7253
G1 F1385.7 X111.78 Y107.932 E228.73047
G1 X111.615 Y108.111 E228.73573
G1 F1500 X110.896 Y108.106 E228.75008
G1 X110.791 Y108.037 E228.75258
G1 X110.748 Y107.93 E228.75488
G1 X110.744 Y106.114 E228.79112
G1 X110.704 Y105.93 E228.79488
G1 X110.592 Y105.769 E228.7988
G1 X110.409 Y105.688 E228.80279
G1 X110.154 Y105.688 E228.80788
G1 X109.982 Y105.764 E228.81163
G1 X109.911 Y105.852 E228.81389
G1 X109.848 Y106.098 E228.81895
G1 X109.844 Y107.93 E228.85551
G1 X109.801 Y108.037 E228.85782
G1 X109.68 Y108.113 E228.86067
G1 F2700 E223.86067
G0 F9000 X109.68 Y108.822
G0 X103.437 Y108.35
G0 X103.437 Y104.608
G0 X104.913 Y104.608
G0 X105.678 Y105.631
G1 F2700 E228.86067
G0 F9000 X106.129 Y106.061
G0 E223.86067
G1 F2700 E228.86067
G1 F1583.1 X106.119 Y106.03 E228.86128
G1 F2700 E223.86128
G0 F9000 X105.678 Y105.631
G0 X104.913 Y104.608
G0 X103.437 Y104.608
G0 X103.437 Y108.35
G0 X103.888 Y111.956
G0 X109.11 Y111.363
G0 X109.334 Y112.196
G0 X110.053 Y111.129
G1 F2700 E228.86128
G0 F9000 X110 Y110.872
G0 E223.86128
;TYPE:SKIN
G1 F2700 E228.86128
G1 F1500 X109.828 Y110.909 E228.86479
G1 X109.435 Y111.204 E228.8746
G1 X109.332 Y111.379 E228.87865
G1 X109.229 Y111.204 E228.88271
G1 X108.908 Y110.966 E228.89068
G1 X108.487 Y110.816 E228.8996
G1 X107.493 Y110.815 E228.91944
G1 X107.103 Y110.937 E228.92759
G1 X106.995 Y111.005 E228.93014
G1 X106.664 Y110.857 E228.93737
G1 X105.838 Y110.764 E228.95396
G1 X105.254 Y110.816 E228.96566
G1 X104.778 Y110.956 E228.97556
G1 X104.478 Y111.089 E228.98211
G1 X104.207 Y111.254 E228.98844
G1 X104.208 Y109.272 E229.028
G1 X106.06 Y109.268 E229.06495
G1 X106.31 Y109.229 E229.07
G1 X106.505 Y109.153 E229.07418
G1 X106.882 Y109.269 E229.08205
G1 X107.983 Y109.269 E229.10402
G1 X108.378 Y109.096 E229.11263
G1 X108.633 Y109.208 E229.11819
G1 X108.889 Y109.264 E229.12342
G1 X109.911 Y109.264 E229.14381
G1 X110.297 Y109.092 E229.15224
G1 X110.58 Y109.221 E229.15845
G1 X110.925 Y109.271 E229.16541
G1 X112.717 Y109.264 E229.20117
G1 X113.132 Y109.169 E229.20967
G1 X113.287 Y109.085 E229.21318
G1 X113.44 Y109.169 E229.21667
G1 X113.815 Y109.272 E229.22443
G1 X115.788 Y109.272 E229.2638
G1 X115.788 Y110.88 E229.29589
G1 X115.544 Y110.812 E229.30095
G1 X114.661 Y110.815 E229.31857
G1 X114.207 Y110.962 E229.32809
G1 X114.02 Y110.865 E229.33229
G1 X113.627 Y110.807 E229.34022
G1 X110.246 Y110.82 E229.40769
G1 X110 Y110.872 E229.41271
G0 F9000 X110.055 Y111.129
G0 X114.247 Y111.204
G0 X115.093 Y111.072
G0 X115.093 Y110.616
G1 F1500 X115.588 Y110.121 E229.42668
G0 F9000 X115.588 Y109.555
G1 F1500 X114.477 Y110.666 E229.45804
G0 F9000 X113.926 Y110.652
G1 F1500 X115.106 Y109.471 E229.49135
G0 F9000 X114.54 Y109.471
G1 F1500 X113.404 Y110.608 E229.52343
G0 F9000 X112.837 Y110.609
G1 F1500 X113.974 Y109.471 E229.55553
G0 F9000 X113.489 Y109.391
G1 F1500 X112.269 Y110.611 E229.58996
G0 F9000 X111.702 Y110.612
G1 F1500 X112.885 Y109.43 E229.62333
G0 F9000 X112.285 Y109.464
G1 F1500 X111.135 Y110.613 E229.65577
G0 F9000 X110.568 Y110.615
G1 F1500 X111.717 Y109.466 E229.6882
G0 F9000 X111.149 Y109.468
G1 F1500 X109.936 Y110.681 E229.72244
G0 F9000 X109.153 Y110.898
G1 F1500 X110.62 Y109.432 E229.76382
G0 F9000 X110.071 Y109.415
G1 F1500 X108.778 Y110.708 E229.80031
G0 F9000 X108.307 Y110.613
G1 F1500 X109.455 Y109.465 E229.83271
G0 F9000 X108.892 Y109.463
G1 F1500 X107.738 Y110.617 E229.86528
G0 F9000 X107.044 Y110.745
G1 F1500 X108.445 Y109.343 E229.90484
G0 F9000 X107.757 Y109.466
G1 F1500 X106.578 Y110.645 E229.93811
G0 F9000 X106.07 Y110.588
G1 F1500 X107.188 Y109.469 E229.96968
G0 F9000 X106.678 Y109.414
G1 F1500 X105.497 Y110.595 E230.00301
G0 F9000 X104.779 Y110.747
G1 F1500 X106.058 Y109.468 E230.0391
G0 F9000 X105.491 Y109.469
G1 F1500 X104.409 Y110.552 E230.06965
G0 F9000 X104.409 Y109.986
G1 F1500 X104.924 Y109.471 E230.08419
;TIME_ELAPSED:891.772371
G1 F2700 E225.08419
M140 S0
M107
G91 ;Relative positioning
G1 E-2 F2700 ;Retract a bit
G1 E-2 Z0.2 F2400 ;Retract and raise Z
G1 X5 Y5 F3000 ;Wipe out
G1 Z10 ;Raise Z more
G90 ;Absolute positioning

G1 X0 Y220.0 ;Present print
M106 S0 ;Turn-off fan
M104 S0 ;Turn-off hotend
M140 S0 ;Turn-off bed

M84 X Y E ;Disable all steppers but Z

M82 ;absolute extrusion mode
M104 S0
;End of Gcode
;SETTING_3 {"global_quality": "[general]\\nversion = 4\\nname = Super Quality #2
;SETTING_3 \\ndefinition = creality_ender3\\n\\n[metadata]\\ntype = quality_chan
;SETTING_3 ges\\nquality_type = super\\nsetting_version = 27\\n\\n[values]\\nadh
;SETTING_3 esion_type = brim\\nlayer_height_0 = 0.2\\nmaterial_bed_temperature =
;SETTING_3  60\\nmaterial_bed_temperature_layer_0 = 60\\nsupport_enable = True\\
;SETTING_3 n\\n", "extruder_quality": ["[general]\\nversion = 4\\nname = Super Q
;SETTING_3 uality #2\\ndefinition = creality_ender3\\n\\n[metadata]\\ntype = qua
;SETTING_3 lity_changes\\nquality_type = super\\nsetting_version = 27\\nposition
;SETTING_3  = 0\\n\\n[values]\\nbrim_line_count = 6\\ninfill_sparse_density = 30
;SETTING_3 \\n\\n"]}
